solid oleander_2
facet normal 0.9914448613738098 -0.13052619222005618 4.046058969160632e-15
  outer loop
    vertex 84.24770384319551 129.86234666314377 33.65000152587928
    vertex 84.2000000000002 129.50000000000023 39.65000152587928
    vertex 84.2000000000002 129.50000000000023 33.65000152587928
  endloop
endfacet
facet normal 0.9914448613738098 -0.13052619222005618 4.046058969160632e-15
  outer loop
    vertex 84.2000000000002 129.50000000000023 39.65000152587928
    vertex 84.24770384319551 129.86234666314377 33.65000152587928
    vertex 84.24770384319551 129.86234666314377 39.65000152587928
  endloop
endfacet
facet normal 0.608761429008741 -0.7933533402912196 2.4843385001833087e-15
  outer loop
    vertex 84.9000000000002 130.71243556529845 33.65000152587929
    vertex 84.61005050633904 130.48994949366138 39.65000152587928
    vertex 84.61005050633904 130.48994949366138 33.65000152587928
  endloop
endfacet
facet normal 0.608761429008741 -0.7933533402912196 2.4843385001833087e-15
  outer loop
    vertex 84.61005050633904 130.48994949366138 39.65000152587928
    vertex 84.9000000000002 130.71243556529845 33.65000152587929
    vertex 84.9000000000002 130.71243556529845 39.65000152587929
  endloop
endfacet
facet normal -0.9914448613738098 0.13052619222005618 -4.046058969160632e-15
  outer loop
    vertex 87.0000000000002 129.50000000000023 39.6500015258793
    vertex 86.95229615680489 129.13765333685672 33.6500015258793
    vertex 86.95229615680489 129.13765333685672 39.6500015258793
  endloop
endfacet
facet normal -0.9914448613738098 0.13052619222005618 -4.046058969160632e-15
  outer loop
    vertex 86.95229615680489 129.13765333685672 33.6500015258793
    vertex 87.0000000000002 129.50000000000023 39.6500015258793
    vertex 87.0000000000002 129.50000000000023 33.6500015258793
  endloop
endfacet
facet normal -0.9238795325112933 -0.38268343236507407 -3.770326736840956e-15
  outer loop
    vertex 86.81243556529841 130.20000000000024 39.6500015258793
    vertex 86.95229615680489 129.86234666314377 33.6500015258793
    vertex 86.95229615680489 129.86234666314377 39.6500015258793
  endloop
endfacet
facet normal -0.9238795325112933 -0.38268343236507407 -3.770326736840956e-15
  outer loop
    vertex 86.95229615680489 129.86234666314377 33.6500015258793
    vertex 86.81243556529841 130.20000000000024 39.6500015258793
    vertex 86.81243556529841 130.20000000000024 33.6500015258793
  endloop
endfacet
facet normal 0.9238795325112933 0.38268343236507407 3.770326736840956e-15
  outer loop
    vertex 84.24770384319551 129.13765333685672 33.65000152587928
    vertex 84.38756443470199 128.80000000000024 39.65000152587928
    vertex 84.38756443470199 128.80000000000024 33.65000152587928
  endloop
endfacet
facet normal 0.9238795325112933 0.38268343236507407 3.770326736840956e-15
  outer loop
    vertex 84.38756443470199 128.80000000000024 39.65000152587928
    vertex 84.24770384319551 129.13765333685672 33.65000152587928
    vertex 84.24770384319551 129.13765333685672 39.65000152587928
  endloop
endfacet
facet normal -0.13052619222002584 -0.9914448613738139 -5.326737686757767e-16
  outer loop
    vertex 85.96234666314373 130.85229615680493 39.65000152587929
    vertex 85.60000000000021 130.90000000000023 33.65000152587929
    vertex 85.96234666314373 130.85229615680493 33.65000152587929
  endloop
endfacet
facet normal -0.13052619222002584 -0.9914448613738139 -5.326737686757767e-16
  outer loop
    vertex 85.60000000000021 130.90000000000023 33.65000152587929
    vertex 85.96234666314373 130.85229615680493 39.65000152587929
    vertex 85.60000000000021 130.90000000000023 39.65000152587929
  endloop
endfacet
facet normal -0.7933533402912232 -0.6087614290087364 -3.237652968164998e-15
  outer loop
    vertex 86.58994949366136 130.48994949366138 39.6500015258793
    vertex 86.81243556529841 130.20000000000024 33.6500015258793
    vertex 86.81243556529841 130.20000000000024 39.6500015258793
  endloop
endfacet
facet normal -0.7933533402912232 -0.6087614290087364 -3.237652968164998e-15
  outer loop
    vertex 86.81243556529841 130.20000000000024 33.6500015258793
    vertex 86.58994949366136 130.48994949366138 39.6500015258793
    vertex 86.58994949366136 130.48994949366138 33.6500015258793
  endloop
endfacet
facet normal 0.38268343236510055 -0.9238795325112825 1.5617204689774518e-15
  outer loop
    vertex 85.23765333685668 130.85229615680493 39.65000152587929
    vertex 84.9000000000002 130.71243556529845 33.65000152587929
    vertex 85.23765333685668 130.85229615680493 33.65000152587929
  endloop
endfacet
facet normal 0.38268343236510055 -0.9238795325112825 1.5617204689774518e-15
  outer loop
    vertex 84.9000000000002 130.71243556529845 33.65000152587929
    vertex 85.23765333685668 130.85229615680493 39.65000152587929
    vertex 84.9000000000002 130.71243556529845 39.65000152587929
  endloop
endfacet
facet normal 0.7933533402912232 -0.6087614290087364 3.237652968164998e-15
  outer loop
    vertex 84.61005050633904 130.48994949366138 33.65000152587928
    vertex 84.38756443470199 130.20000000000024 39.65000152587928
    vertex 84.38756443470199 130.20000000000024 33.65000152587928
  endloop
endfacet
facet normal 0.7933533402912232 -0.6087614290087364 3.237652968164998e-15
  outer loop
    vertex 84.38756443470199 130.20000000000024 39.65000152587928
    vertex 84.61005050633904 130.48994949366138 33.65000152587928
    vertex 84.61005050633904 130.48994949366138 39.65000152587928
  endloop
endfacet
facet normal 0.38268343236510055 0.9238795325112825 1.5617204689774518e-15
  outer loop
    vertex 84.9000000000002 128.28756443470203 39.65000152587929
    vertex 85.23765333685668 128.14770384319553 33.65000152587929
    vertex 84.9000000000002 128.28756443470203 33.65000152587929
  endloop
endfacet
facet normal 0.38268343236510055 0.9238795325112825 1.5617204689774518e-15
  outer loop
    vertex 85.23765333685668 128.14770384319553 33.65000152587929
    vertex 84.9000000000002 128.28756443470203 39.65000152587929
    vertex 85.23765333685668 128.14770384319553 39.65000152587929
  endloop
endfacet
facet normal -0.7933533402912232 0.6087614290087364 -3.237652968164998e-15
  outer loop
    vertex 86.81243556529841 128.80000000000024 39.6500015258793
    vertex 86.58994949366136 128.51005050633907 33.6500015258793
    vertex 86.58994949366136 128.51005050633907 39.6500015258793
  endloop
endfacet
facet normal -0.7933533402912232 0.6087614290087364 -3.237652968164998e-15
  outer loop
    vertex 86.58994949366136 128.51005050633907 33.6500015258793
    vertex 86.81243556529841 128.80000000000024 39.6500015258793
    vertex 86.81243556529841 128.80000000000024 33.6500015258793
  endloop
endfacet
facet normal 0.9914448613738098 0.13052619222005618 4.046058969160632e-15
  outer loop
    vertex 84.2000000000002 129.50000000000023 33.65000152587928
    vertex 84.24770384319551 129.13765333685672 39.65000152587928
    vertex 84.24770384319551 129.13765333685672 33.65000152587928
  endloop
endfacet
facet normal 0.9914448613738098 0.13052619222005618 4.046058969160632e-15
  outer loop
    vertex 84.24770384319551 129.13765333685672 39.65000152587928
    vertex 84.2000000000002 129.50000000000023 33.65000152587928
    vertex 84.2000000000002 129.50000000000023 39.65000152587928
  endloop
endfacet
facet normal -0.38268343236510055 0.9238795325112825 -1.5617204689774518e-15
  outer loop
    vertex 85.96234666314373 128.14770384319553 39.65000152587929
    vertex 86.3000000000002 128.28756443470203 33.65000152587929
    vertex 85.96234666314373 128.14770384319553 33.65000152587929
  endloop
endfacet
facet normal -0.38268343236510055 0.9238795325112825 -1.5617204689774518e-15
  outer loop
    vertex 86.3000000000002 128.28756443470203 33.65000152587929
    vertex 85.96234666314373 128.14770384319553 39.65000152587929
    vertex 86.3000000000002 128.28756443470203 39.65000152587929
  endloop
endfacet
facet normal -0.9238795325112933 0.38268343236507407 -3.770326736840956e-15
  outer loop
    vertex 86.95229615680489 129.13765333685672 39.6500015258793
    vertex 86.81243556529841 128.80000000000024 33.6500015258793
    vertex 86.81243556529841 128.80000000000024 39.6500015258793
  endloop
endfacet
facet normal -0.9238795325112933 0.38268343236507407 -3.770326736840956e-15
  outer loop
    vertex 86.81243556529841 128.80000000000024 33.6500015258793
    vertex 86.95229615680489 129.13765333685672 39.6500015258793
    vertex 86.95229615680489 129.13765333685672 33.6500015258793
  endloop
endfacet
facet normal -0.9914448613738098 -0.13052619222005618 -4.046058969160632e-15
  outer loop
    vertex 86.95229615680489 129.86234666314377 39.6500015258793
    vertex 87.0000000000002 129.50000000000023 33.6500015258793
    vertex 87.0000000000002 129.50000000000023 39.6500015258793
  endloop
endfacet
facet normal -0.9914448613738098 -0.13052619222005618 -4.046058969160632e-15
  outer loop
    vertex 87.0000000000002 129.50000000000023 33.6500015258793
    vertex 86.95229615680489 129.86234666314377 39.6500015258793
    vertex 86.95229615680489 129.86234666314377 33.6500015258793
  endloop
endfacet
facet normal 0.608761429008741 0.7933533402912196 2.4843385001833087e-15
  outer loop
    vertex 84.61005050633904 128.51005050633907 39.65000152587928
    vertex 84.9000000000002 128.28756443470203 33.65000152587929
    vertex 84.61005050633904 128.51005050633907 33.65000152587928
  endloop
endfacet
facet normal 0.608761429008741 0.7933533402912196 2.4843385001833087e-15
  outer loop
    vertex 84.9000000000002 128.28756443470203 33.65000152587929
    vertex 84.61005050633904 128.51005050633907 39.65000152587928
    vertex 84.9000000000002 128.28756443470203 39.65000152587929
  endloop
endfacet
facet normal -0.13052619222002584 0.9914448613738139 -5.326737686757767e-16
  outer loop
    vertex 85.60000000000021 128.10000000000025 39.65000152587929
    vertex 85.96234666314373 128.14770384319553 33.65000152587929
    vertex 85.60000000000021 128.10000000000025 33.65000152587929
  endloop
endfacet
facet normal -0.13052619222002584 0.9914448613738139 -5.326737686757767e-16
  outer loop
    vertex 85.96234666314373 128.14770384319553 33.65000152587929
    vertex 85.60000000000021 128.10000000000025 39.65000152587929
    vertex 85.96234666314373 128.14770384319553 39.65000152587929
  endloop
endfacet
facet normal -0.608761429008741 0.7933533402912196 -2.4843385001833087e-15
  outer loop
    vertex 86.3000000000002 128.28756443470203 39.65000152587929
    vertex 86.58994949366136 128.51005050633907 33.6500015258793
    vertex 86.3000000000002 128.28756443470203 33.65000152587929
  endloop
endfacet
facet normal -0.608761429008741 0.7933533402912196 -2.4843385001833087e-15
  outer loop
    vertex 86.58994949366136 128.51005050633907 33.6500015258793
    vertex 86.3000000000002 128.28756443470203 39.65000152587929
    vertex 86.58994949366136 128.51005050633907 39.6500015258793
  endloop
endfacet
facet normal 0.13052619222002584 -0.9914448613738139 5.326737686757767e-16
  outer loop
    vertex 85.60000000000021 130.90000000000023 39.65000152587929
    vertex 85.23765333685668 130.85229615680493 33.65000152587929
    vertex 85.60000000000021 130.90000000000023 33.65000152587929
  endloop
endfacet
facet normal 0.13052619222002584 -0.9914448613738139 5.326737686757767e-16
  outer loop
    vertex 85.23765333685668 130.85229615680493 33.65000152587929
    vertex 85.60000000000021 130.90000000000023 39.65000152587929
    vertex 85.23765333685668 130.85229615680493 39.65000152587929
  endloop
endfacet
facet normal -0.608761429008741 -0.7933533402912196 -2.4843385001833087e-15
  outer loop
    vertex 86.58994949366136 130.48994949366138 33.6500015258793
    vertex 86.3000000000002 130.71243556529845 39.65000152587929
    vertex 86.3000000000002 130.71243556529845 33.65000152587929
  endloop
endfacet
facet normal -0.608761429008741 -0.7933533402912196 -2.4843385001833087e-15
  outer loop
    vertex 86.3000000000002 130.71243556529845 39.65000152587929
    vertex 86.58994949366136 130.48994949366138 33.6500015258793
    vertex 86.58994949366136 130.48994949366138 39.6500015258793
  endloop
endfacet
facet normal 0.13052619222002584 0.9914448613738139 5.326737686757767e-16
  outer loop
    vertex 85.23765333685668 128.14770384319553 39.65000152587929
    vertex 85.60000000000021 128.10000000000025 33.65000152587929
    vertex 85.23765333685668 128.14770384319553 33.65000152587929
  endloop
endfacet
facet normal 0.13052619222002584 0.9914448613738139 5.326737686757767e-16
  outer loop
    vertex 85.60000000000021 128.10000000000025 33.65000152587929
    vertex 85.23765333685668 128.14770384319553 39.65000152587929
    vertex 85.60000000000021 128.10000000000025 39.65000152587929
  endloop
endfacet
facet normal 0.7933533402912232 0.6087614290087364 3.237652968164998e-15
  outer loop
    vertex 84.38756443470199 128.80000000000024 33.65000152587928
    vertex 84.61005050633904 128.51005050633907 39.65000152587928
    vertex 84.61005050633904 128.51005050633907 33.65000152587928
  endloop
endfacet
facet normal 0.7933533402912232 0.6087614290087364 3.237652968164998e-15
  outer loop
    vertex 84.61005050633904 128.51005050633907 39.65000152587928
    vertex 84.38756443470199 128.80000000000024 33.65000152587928
    vertex 84.38756443470199 128.80000000000024 39.65000152587928
  endloop
endfacet
facet normal 0.9238795325112933 -0.38268343236507407 3.770326736840956e-15
  outer loop
    vertex 84.38756443470199 130.20000000000024 33.65000152587928
    vertex 84.24770384319551 129.86234666314377 39.65000152587928
    vertex 84.24770384319551 129.86234666314377 33.65000152587928
  endloop
endfacet
facet normal 0.9238795325112933 -0.38268343236507407 3.770326736840956e-15
  outer loop
    vertex 84.24770384319551 129.86234666314377 39.65000152587928
    vertex 84.38756443470199 130.20000000000024 33.65000152587928
    vertex 84.38756443470199 130.20000000000024 39.65000152587928
  endloop
endfacet
facet normal -0.7933533402912306 0.6087614290087268 -3.2376529681650294e-15
  outer loop
    vertex 28.612435565298455 128.8000000000003 39.65000152587901
    vertex 28.389949493661437 128.51005050633913 33.65000152587902
    vertex 28.38994949366141 128.51005050633913 39.65000152587901
  endloop
endfacet
facet normal -0.7933533402912306 0.6087614290087268 -3.2376529681650294e-15
  outer loop
    vertex 28.389949493661437 128.51005050633913 33.65000152587902
    vertex 28.612435565298455 128.8000000000003 39.65000152587901
    vertex 28.612435565298483 128.8000000000003 33.65000152587902
  endloop
endfacet
facet normal 0.3826834323651059 0.9238795325112801 1.561720468977476e-15
  outer loop
    vertex 26.700000000000244 128.28756443470206 39.650001525879006
    vertex 27.037653336856742 128.1477038431956 33.65000152587902
    vertex 26.700000000000273 128.28756443470206 33.65000152587902
  endloop
endfacet
facet normal 0.3826834323651059 0.9238795325112801 1.561720468977476e-15
  outer loop
    vertex 27.037653336856742 128.1477038431956 33.65000152587902
    vertex 26.700000000000244 128.28756443470206 39.650001525879006
    vertex 27.037653336856714 128.1477038431956 39.650001525879006
  endloop
endfacet
facet normal 0.9914448613738098 -0.13052619222005618 4.046058969160634e-15
  outer loop
    vertex 26.04770384319558 129.8623466631438 33.650001525879006
    vertex 26.000000000000245 129.50000000000028 39.650001525879006
    vertex 26.000000000000274 129.50000000000028 33.650001525879006
  endloop
endfacet
facet normal 0.9914448613738098 -0.13052619222005618 4.046058969160634e-15
  outer loop
    vertex 26.000000000000245 129.50000000000028 39.650001525879006
    vertex 26.04770384319558 129.8623466631438 33.650001525879006
    vertex 26.047703843195553 129.8623466631438 39.650001525879006
  endloop
endfacet
facet normal 0.608761429008741 0.7933533402912196 2.4843385001833115e-15
  outer loop
    vertex 26.410050506339076 128.51005050633913 39.650001525879006
    vertex 26.700000000000273 128.28756443470206 33.65000152587902
    vertex 26.410050506339104 128.51005050633913 33.650001525879006
  endloop
endfacet
facet normal 0.608761429008741 0.7933533402912196 2.4843385001833115e-15
  outer loop
    vertex 26.700000000000273 128.28756443470206 33.65000152587902
    vertex 26.410050506339076 128.51005050633913 39.650001525879006
    vertex 26.700000000000244 128.28756443470206 39.650001525879006
  endloop
endfacet
facet normal 0.7933533402912306 0.6087614290087268 3.2376529681650314e-15
  outer loop
    vertex 26.18756443470206 128.8000000000003 33.650001525879006
    vertex 26.410050506339076 128.51005050633913 39.650001525879006
    vertex 26.410050506339104 128.51005050633913 33.650001525879006
  endloop
endfacet
facet normal 0.7933533402912306 0.6087614290087268 3.2376529681650314e-15
  outer loop
    vertex 26.410050506339076 128.51005050633913 39.650001525879006
    vertex 26.18756443470206 128.8000000000003 33.650001525879006
    vertex 26.187564434702033 128.8000000000003 39.650001525879006
  endloop
endfacet
facet normal 0.13052619222002385 0.9914448613738142 5.326737686757701e-16
  outer loop
    vertex 27.037653336856714 128.1477038431956 39.650001525879006
    vertex 27.400000000000272 128.10000000000028 33.65000152587902
    vertex 27.037653336856742 128.1477038431956 33.65000152587902
  endloop
endfacet
facet normal 0.13052619222002385 0.9914448613738142 5.326737686757701e-16
  outer loop
    vertex 27.400000000000272 128.10000000000028 33.65000152587902
    vertex 27.037653336856714 128.1477038431956 39.650001525879006
    vertex 27.400000000000244 128.10000000000028 39.650001525879006
  endloop
endfacet
facet normal 0.9914448613738098 0.13052619222005618 4.046058969160634e-15
  outer loop
    vertex 26.000000000000274 129.50000000000028 33.650001525879006
    vertex 26.047703843195553 129.13765333685674 39.650001525879006
    vertex 26.04770384319558 129.13765333685674 33.650001525879006
  endloop
endfacet
facet normal 0.9914448613738098 0.13052619222005618 4.046058969160634e-15
  outer loop
    vertex 26.047703843195553 129.13765333685674 39.650001525879006
    vertex 26.000000000000274 129.50000000000028 33.650001525879006
    vertex 26.000000000000245 129.50000000000028 39.650001525879006
  endloop
endfacet
facet normal -0.13052619222002385 0.9914448613738142 -5.326737686757675e-16
  outer loop
    vertex 27.400000000000244 128.10000000000028 39.650001525879006
    vertex 27.762346663143802 128.1477038431956 33.65000152587902
    vertex 27.400000000000272 128.10000000000028 33.65000152587902
  endloop
endfacet
facet normal -0.13052619222002385 0.9914448613738142 -5.326737686757675e-16
  outer loop
    vertex 27.762346663143802 128.1477038431956 33.65000152587902
    vertex 27.400000000000244 128.10000000000028 39.650001525879006
    vertex 27.762346663143774 128.1477038431956 39.650001525879006
  endloop
endfacet
facet normal -0.3826834323651059 0.9238795325112801 -1.5617204689774733e-15
  outer loop
    vertex 27.762346663143774 128.1477038431956 39.650001525879006
    vertex 28.10000000000027 128.28756443470206 33.65000152587902
    vertex 27.762346663143802 128.1477038431956 33.65000152587902
  endloop
endfacet
facet normal -0.3826834323651059 0.9238795325112801 -1.5617204689774733e-15
  outer loop
    vertex 28.10000000000027 128.28756443470206 33.65000152587902
    vertex 27.762346663143774 128.1477038431956 39.650001525879006
    vertex 28.100000000000243 128.28756443470206 39.650001525879006
  endloop
endfacet
facet normal -0.608761429008741 0.7933533402912196 -2.48433850018331e-15
  outer loop
    vertex 28.100000000000243 128.28756443470206 39.650001525879006
    vertex 28.389949493661437 128.51005050633913 33.65000152587902
    vertex 28.10000000000027 128.28756443470206 33.65000152587902
  endloop
endfacet
facet normal -0.608761429008741 0.7933533402912196 -2.48433850018331e-15
  outer loop
    vertex 28.389949493661437 128.51005050633913 33.65000152587902
    vertex 28.100000000000243 128.28756443470206 39.650001525879006
    vertex 28.38994949366141 128.51005050633913 39.65000152587901
  endloop
endfacet
facet normal 0.9238795325112878 0.3826834323650873 3.770326736840936e-15
  outer loop
    vertex 26.04770384319558 129.13765333685674 33.650001525879006
    vertex 26.187564434702033 128.8000000000003 39.650001525879006
    vertex 26.18756443470206 128.8000000000003 33.650001525879006
  endloop
endfacet
facet normal 0.9238795325112878 0.3826834323650873 3.770326736840936e-15
  outer loop
    vertex 26.187564434702033 128.8000000000003 39.650001525879006
    vertex 26.04770384319558 129.13765333685674 33.650001525879006
    vertex 26.047703843195553 129.13765333685674 39.650001525879006
  endloop
endfacet
facet normal -0.38268343236510055 -0.9238795325112825 -1.5617204689774518e-15
  outer loop
    vertex 86.3000000000002 130.71243556529845 39.65000152587929
    vertex 85.96234666314373 130.85229615680493 33.65000152587929
    vertex 86.3000000000002 130.71243556529845 33.65000152587929
  endloop
endfacet
facet normal -0.38268343236510055 -0.9238795325112825 -1.5617204689774518e-15
  outer loop
    vertex 85.96234666314373 130.85229615680493 33.65000152587929
    vertex 86.3000000000002 130.71243556529845 39.65000152587929
    vertex 85.96234666314373 130.85229615680493 39.65000152587929
  endloop
endfacet
facet normal 0.9238795325112917 -0.3826834323650783 4.3906384786489654e-15
  outer loop
    vertex 84.38756443470197 6.700000000000005 33.65000152587932
    vertex 84.24770384319551 6.362346663143555 39.6500015258793
    vertex 84.2477038431955 6.362346663143535 33.65000152587932
  endloop
endfacet
facet normal 0.9238795325112917 -0.3826834323650783 4.3906384786489654e-15
  outer loop
    vertex 84.24770384319551 6.362346663143555 39.6500015258793
    vertex 84.38756443470197 6.700000000000005 33.65000152587932
    vertex 84.38756443470199 6.700000000000024 39.6500015258793
  endloop
endfacet
facet normal 0.923879532511292 0.38268343236507757 1.818662005333643e-15
  outer loop
    vertex 84.2477038431955 5.637653336856472 33.65000152587932
    vertex 84.38756443470199 5.3000000000000265 39.650001525879304
    vertex 84.38756443470197 5.300000000000002 33.65000152587932
  endloop
endfacet
facet normal 0.923879532511292 0.38268343236507757 1.818662005333643e-15
  outer loop
    vertex 84.38756443470199 5.3000000000000265 39.650001525879304
    vertex 84.2477038431955 5.637653336856472 33.65000152587932
    vertex 84.24770384319551 5.637653336856497 39.6500015258793
  endloop
endfacet
facet normal 0.1305261922200524 0.9914448613738105 -2.8930734586766867e-15
  outer loop
    vertex 85.23765333685668 4.647703843195331 39.650001525879304
    vertex 85.6000000000002 4.600000000000002 33.65000152587933
    vertex 85.23765333685667 4.647703843195306 33.65000152587933
  endloop
endfacet
facet normal 0.1305261922200524 0.9914448613738105 -2.8930734586766867e-15
  outer loop
    vertex 85.6000000000002 4.600000000000002 33.65000152587933
    vertex 85.23765333685668 4.647703843195331 39.650001525879304
    vertex 85.60000000000021 4.600000000000027 39.650001525879304
  endloop
endfacet
facet normal -0.6087614290087179 0.7933533402912373 -4.711735464010272e-15
  outer loop
    vertex 86.3000000000002 4.787564434701813 39.650001525879304
    vertex 86.58994949366136 5.010050506338835 33.65000152587933
    vertex 86.3000000000002 4.787564434701789 33.65000152587933
  endloop
endfacet
facet normal -0.6087614290087179 0.7933533402912373 -4.711735464010272e-15
  outer loop
    vertex 86.58994949366136 5.010050506338835 33.65000152587933
    vertex 86.3000000000002 4.787564434701813 39.650001525879304
    vertex 86.58994949366136 5.01005050633886 39.650001525879304
  endloop
endfacet
facet normal -0.7933533402912331 0.6087614290087234 -4.7117354640102765e-15
  outer loop
    vertex 86.58994949366136 5.01005050633886 39.650001525879304
    vertex 86.81243556529841 5.3000000000000025 33.65000152587933
    vertex 86.58994949366136 5.010050506338835 33.65000152587933
  endloop
endfacet
facet normal -0.7933533402912331 0.6087614290087234 -4.7117354640102765e-15
  outer loop
    vertex 86.81243556529841 5.3000000000000025 33.65000152587933
    vertex 86.58994949366136 5.01005050633886 39.650001525879304
    vertex 86.81243556529841 5.300000000000027 39.650001525879304
  endloop
endfacet
facet normal 0.3826834323650873 -0.9238795325112878 4.390638478648981e-15
  outer loop
    vertex 85.23765333685668 7.35229615680472 39.6500015258793
    vertex 84.90000000000019 7.212435565298219 33.65000152587932
    vertex 85.23765333685667 7.352296156804701 33.65000152587932
  endloop
endfacet
facet normal 0.3826834323650873 -0.9238795325112878 4.390638478648981e-15
  outer loop
    vertex 84.90000000000019 7.212435565298219 33.65000152587932
    vertex 85.23765333685668 7.35229615680472 39.6500015258793
    vertex 84.9000000000002 7.212435565298239 39.6500015258793
  endloop
endfacet
facet normal -0.9238795325112922 0.38268343236507685 -4.390638478648962e-15
  outer loop
    vertex 86.81243556529841 5.300000000000027 39.650001525879304
    vertex 86.95229615680489 5.637653336856473 33.65000152587933
    vertex 86.81243556529841 5.3000000000000025 33.65000152587933
  endloop
endfacet
facet normal -0.9238795325112922 0.38268343236507685 -4.390638478648962e-15
  outer loop
    vertex 86.95229615680489 5.637653336856473 33.65000152587933
    vertex 86.81243556529841 5.300000000000027 39.650001525879304
    vertex 86.95229615680489 5.637653336856498 39.650001525879304
  endloop
endfacet
facet normal -0.9238795325112922 -0.38268343236507685 -1.8186620053336462e-15
  outer loop
    vertex 86.95229615680489 6.362346663143555 39.650001525879304
    vertex 86.81243556529841 6.700000000000006 33.65000152587932
    vertex 86.95229615680489 6.362346663143535 33.65000152587933
  endloop
endfacet
facet normal -0.9238795325112922 -0.38268343236507685 -1.8186620053336462e-15
  outer loop
    vertex 86.81243556529841 6.700000000000006 33.65000152587932
    vertex 86.95229615680489 6.362346663143555 39.650001525879304
    vertex 86.81243556529841 6.700000000000026 39.650001525879304
  endloop
endfacet
facet normal 0.6087614290087167 -0.7933533402912383 4.71173546401027e-15
  outer loop
    vertex 84.9000000000002 7.212435565298239 39.6500015258793
    vertex 84.61005050633902 6.989949493661173 33.65000152587932
    vertex 84.90000000000019 7.212435565298219 33.65000152587932
  endloop
endfacet
facet normal 0.6087614290087167 -0.7933533402912383 4.71173546401027e-15
  outer loop
    vertex 84.61005050633902 6.989949493661173 33.65000152587932
    vertex 84.9000000000002 7.212435565298239 39.6500015258793
    vertex 84.61005050633904 6.989949493661192 39.6500015258793
  endloop
endfacet
facet normal 0.13052619222005618 -0.9914448613738098 3.770326736840939e-15
  outer loop
    vertex 85.60000000000021 7.400000000000026 39.6500015258793
    vertex 85.23765333685667 7.352296156804701 33.65000152587932
    vertex 85.6000000000002 7.400000000000007 33.65000152587932
  endloop
endfacet
facet normal 0.13052619222005618 -0.9914448613738098 3.770326736840939e-15
  outer loop
    vertex 85.23765333685667 7.352296156804701 33.65000152587932
    vertex 85.60000000000021 7.400000000000026 39.6500015258793
    vertex 85.23765333685668 7.35229615680472 39.6500015258793
  endloop
endfacet
facet normal -0.6087614290087191 -0.7933533402912365 6.203117418080677e-16
  outer loop
    vertex 86.58994949366136 6.989949493661192 39.650001525879304
    vertex 86.3000000000002 7.212435565298221 33.65000152587932
    vertex 86.58994949366136 6.989949493661173 33.65000152587932
  endloop
endfacet
facet normal -0.6087614290087191 -0.7933533402912365 6.203117418080677e-16
  outer loop
    vertex 86.3000000000002 7.212435565298221 33.65000152587932
    vertex 86.58994949366136 6.989949493661192 39.650001525879304
    vertex 86.3000000000002 7.21243556529824 39.650001525879304
  endloop
endfacet
facet normal -0.7933533402912331 -0.6087614290087234 -6.203117418080454e-16
  outer loop
    vertex 86.81243556529841 6.700000000000026 39.650001525879304
    vertex 86.58994949366136 6.989949493661173 33.65000152587932
    vertex 86.81243556529841 6.700000000000006 33.65000152587932
  endloop
endfacet
facet normal -0.7933533402912331 -0.6087614290087234 -6.203117418080454e-16
  outer loop
    vertex 86.58994949366136 6.989949493661173 33.65000152587932
    vertex 86.81243556529841 6.700000000000026 39.650001525879304
    vertex 86.58994949366136 6.989949493661192 39.650001525879304
  endloop
endfacet
facet normal 0.9914448613738102 -0.13052619222005496 3.770326736840938e-15
  outer loop
    vertex 84.2477038431955 6.362346663143535 33.65000152587932
    vertex 84.2000000000002 6.000000000000027 39.6500015258793
    vertex 84.2000000000002 6.000000000000002 33.65000152587932
  endloop
endfacet
facet normal 0.9914448613738102 -0.13052619222005496 3.770326736840938e-15
  outer loop
    vertex 84.2000000000002 6.000000000000027 39.6500015258793
    vertex 84.2477038431955 6.362346663143535 33.65000152587932
    vertex 84.24770384319551 6.362346663143555 39.6500015258793
  endloop
endfacet
facet normal 0.7933533402912331 0.6087614290087234 6.203117418080454e-16
  outer loop
    vertex 84.38756443470197 5.300000000000002 33.65000152587932
    vertex 84.61005050633904 5.010050506338859 39.650001525879304
    vertex 84.61005050633902 5.0100505063388345 33.65000152587932
  endloop
endfacet
facet normal 0.7933533402912331 0.6087614290087234 6.203117418080454e-16
  outer loop
    vertex 84.61005050633904 5.010050506338859 39.650001525879304
    vertex 84.38756443470197 5.300000000000002 33.65000152587932
    vertex 84.38756443470199 5.3000000000000265 39.650001525879304
  endloop
endfacet
facet normal 0.7933533402912345 -0.6087614290087215 4.711735464010274e-15
  outer loop
    vertex 84.61005050633902 6.989949493661173 33.65000152587932
    vertex 84.38756443470199 6.700000000000024 39.6500015258793
    vertex 84.38756443470197 6.700000000000005 33.65000152587932
  endloop
endfacet
facet normal 0.7933533402912345 -0.6087614290087215 4.711735464010274e-15
  outer loop
    vertex 84.38756443470199 6.700000000000024 39.6500015258793
    vertex 84.61005050633902 6.989949493661173 33.65000152587932
    vertex 84.61005050633904 6.989949493661192 39.6500015258793
  endloop
endfacet
facet normal -0.3826834323650873 0.9238795325112878 -4.390638478648981e-15
  outer loop
    vertex 85.96234666314373 4.647703843195332 39.650001525879304
    vertex 86.3000000000002 4.787564434701789 33.65000152587933
    vertex 85.96234666314372 4.647703843195307 33.65000152587933
  endloop
endfacet
facet normal -0.3826834323650873 0.9238795325112878 -4.390638478648981e-15
  outer loop
    vertex 86.3000000000002 4.787564434701789 33.65000152587933
    vertex 85.96234666314373 4.647703843195332 39.650001525879304
    vertex 86.3000000000002 4.787564434701813 39.650001525879304
  endloop
endfacet
facet normal -0.9914448613738102 0.13052619222005496 -3.770326736840938e-15
  outer loop
    vertex 86.95229615680489 5.637653336856498 39.650001525879304
    vertex 87.00000000000018 6.000000000000002 33.65000152587933
    vertex 86.95229615680489 5.637653336856473 33.65000152587933
  endloop
endfacet
facet normal -0.9914448613738102 0.13052619222005496 -3.770326736840938e-15
  outer loop
    vertex 87.00000000000018 6.000000000000002 33.65000152587933
    vertex 86.95229615680489 5.637653336856498 39.650001525879304
    vertex 87.0000000000002 6.000000000000027 39.650001525879304
  endloop
endfacet
facet normal 0.3826834323650873 0.9238795325112878 -1.8186620053335934e-15
  outer loop
    vertex 84.9000000000002 4.787564434701813 39.650001525879304
    vertex 85.23765333685667 4.647703843195306 33.65000152587933
    vertex 84.90000000000019 4.787564434701788 33.65000152587932
  endloop
endfacet
facet normal 0.3826834323650873 0.9238795325112878 -1.8186620053335934e-15
  outer loop
    vertex 85.23765333685667 4.647703843195306 33.65000152587933
    vertex 84.9000000000002 4.787564434701813 39.650001525879304
    vertex 85.23765333685668 4.647703843195331 39.650001525879304
  endloop
endfacet
facet normal 0.99144486137381 0.13052619222005443 2.8930734586766808e-15
  outer loop
    vertex 84.2000000000002 6.000000000000002 33.65000152587932
    vertex 84.24770384319551 5.637653336856497 39.6500015258793
    vertex 84.2477038431955 5.637653336856472 33.65000152587932
  endloop
endfacet
facet normal 0.99144486137381 0.13052619222005443 2.8930734586766808e-15
  outer loop
    vertex 84.24770384319551 5.637653336856497 39.6500015258793
    vertex 84.2000000000002 6.000000000000002 33.65000152587932
    vertex 84.2000000000002 6.000000000000027 39.6500015258793
  endloop
endfacet
facet normal -0.1305261922200543 0.99144486137381 -3.770326736840933e-15
  outer loop
    vertex 85.60000000000021 4.600000000000027 39.650001525879304
    vertex 85.96234666314372 4.647703843195307 33.65000152587933
    vertex 85.6000000000002 4.600000000000002 33.65000152587933
  endloop
endfacet
facet normal -0.1305261922200543 0.99144486137381 -3.770326736840933e-15
  outer loop
    vertex 85.96234666314372 4.647703843195307 33.65000152587933
    vertex 85.60000000000021 4.600000000000027 39.650001525879304
    vertex 85.96234666314373 4.647703843195332 39.650001525879304
  endloop
endfacet
facet normal -0.3826834323650873 -0.9238795325112878 1.8186620053335934e-15
  outer loop
    vertex 86.3000000000002 7.21243556529824 39.650001525879304
    vertex 85.96234666314372 7.352296156804702 33.65000152587932
    vertex 86.3000000000002 7.212435565298221 33.65000152587932
  endloop
endfacet
facet normal -0.3826834323650873 -0.9238795325112878 1.8186620053335934e-15
  outer loop
    vertex 85.96234666314372 7.352296156804702 33.65000152587932
    vertex 86.3000000000002 7.21243556529824 39.650001525879304
    vertex 85.96234666314373 7.352296156804722 39.6500015258793
  endloop
endfacet
facet normal 0.6087614290087179 0.7933533402912373 -6.203117418080748e-16
  outer loop
    vertex 84.61005050633904 5.010050506338859 39.650001525879304
    vertex 84.90000000000019 4.787564434701788 33.65000152587932
    vertex 84.61005050633902 5.0100505063388345 33.65000152587932
  endloop
endfacet
facet normal 0.6087614290087179 0.7933533402912373 -6.203117418080748e-16
  outer loop
    vertex 84.90000000000019 4.787564434701788 33.65000152587932
    vertex 84.61005050633904 5.010050506338859 39.650001525879304
    vertex 84.9000000000002 4.787564434701813 39.650001525879304
  endloop
endfacet
facet normal -0.9914448613738102 -0.13052619222005496 -2.8930734586766796e-15
  outer loop
    vertex 87.0000000000002 6.000000000000027 39.650001525879304
    vertex 86.95229615680489 6.362346663143535 33.65000152587933
    vertex 87.00000000000018 6.000000000000002 33.65000152587933
  endloop
endfacet
facet normal -0.9914448613738102 -0.13052619222005496 -2.8930734586766796e-15
  outer loop
    vertex 86.95229615680489 6.362346663143535 33.65000152587933
    vertex 87.0000000000002 6.000000000000027 39.650001525879304
    vertex 86.95229615680489 6.362346663143555 39.650001525879304
  endloop
endfacet
facet normal -0.9238795325112878 0.3826834323650873 -3.770326736840934e-15
  outer loop
    vertex 28.752296156804935 129.13765333685674 39.65000152587901
    vertex 28.612435565298483 128.8000000000003 33.65000152587902
    vertex 28.612435565298455 128.8000000000003 39.65000152587901
  endloop
endfacet
facet normal -0.9238795325112878 0.3826834323650873 -3.770326736840934e-15
  outer loop
    vertex 28.612435565298483 128.8000000000003 33.65000152587902
    vertex 28.752296156804935 129.13765333685674 39.65000152587901
    vertex 28.752296156804963 129.13765333685674 33.65000152587902
  endloop
endfacet
facet normal -0.9914448613738098 -0.13052619222005618 -4.046058969160634e-15
  outer loop
    vertex 28.752296156804935 129.8623466631438 39.65000152587901
    vertex 28.800000000000267 129.50000000000028 33.65000152587902
    vertex 28.80000000000024 129.50000000000028 39.65000152587901
  endloop
endfacet
facet normal -0.9914448613738098 -0.13052619222005618 -4.046058969160634e-15
  outer loop
    vertex 28.800000000000267 129.50000000000028 33.65000152587902
    vertex 28.752296156804935 129.8623466631438 39.65000152587901
    vertex 28.752296156804963 129.8623466631438 33.65000152587902
  endloop
endfacet
facet normal -0.9238795325112878 -0.3826834323650873 -3.770326736840936e-15
  outer loop
    vertex 28.612435565298455 130.20000000000027 39.65000152587901
    vertex 28.752296156804963 129.8623466631438 33.65000152587902
    vertex 28.752296156804935 129.8623466631438 39.65000152587901
  endloop
endfacet
facet normal -0.9238795325112878 -0.3826834323650873 -3.770326736840936e-15
  outer loop
    vertex 28.752296156804963 129.8623466631438 33.65000152587902
    vertex 28.612435565298455 130.20000000000027 39.65000152587901
    vertex 28.612435565298483 130.20000000000027 33.65000152587902
  endloop
endfacet
facet normal -0.7933533402912306 -0.6087614290087268 -3.2376529681650314e-15
  outer loop
    vertex 28.38994949366141 130.48994949366144 39.65000152587901
    vertex 28.612435565298483 130.20000000000027 33.65000152587902
    vertex 28.612435565298455 130.20000000000027 39.65000152587901
  endloop
endfacet
facet normal -0.7933533402912306 -0.6087614290087268 -3.2376529681650314e-15
  outer loop
    vertex 28.612435565298483 130.20000000000027 33.65000152587902
    vertex 28.38994949366141 130.48994949366144 39.65000152587901
    vertex 28.389949493661437 130.48994949366144 33.65000152587902
  endloop
endfacet
facet normal -0.608761429008741 -0.7933533402912196 -2.4843385001833115e-15
  outer loop
    vertex 28.38994949366141 130.48994949366144 39.65000152587901
    vertex 28.10000000000027 130.7124355652985 33.65000152587902
    vertex 28.389949493661437 130.48994949366144 33.65000152587902
  endloop
endfacet
facet normal -0.608761429008741 -0.7933533402912196 -2.4843385001833115e-15
  outer loop
    vertex 28.10000000000027 130.7124355652985 33.65000152587902
    vertex 28.38994949366141 130.48994949366144 39.65000152587901
    vertex 28.100000000000243 130.7124355652985 39.650001525879006
  endloop
endfacet
facet normal -0.9914448613738098 0.13052619222005618 -4.046058969160634e-15
  outer loop
    vertex 28.80000000000024 129.50000000000028 39.65000152587901
    vertex 28.752296156804963 129.13765333685674 33.65000152587902
    vertex 28.752296156804935 129.13765333685674 39.65000152587901
  endloop
endfacet
facet normal -0.9914448613738098 0.13052619222005618 -4.046058969160634e-15
  outer loop
    vertex 28.752296156804963 129.13765333685674 33.65000152587902
    vertex 28.80000000000024 129.50000000000028 39.65000152587901
    vertex 28.800000000000267 129.50000000000028 33.65000152587902
  endloop
endfacet
facet normal -0.13052619222002584 -0.9914448613738139 -5.326737686757783e-16
  outer loop
    vertex 27.762346663143767 130.85229615680498 39.650001525879006
    vertex 27.400000000000272 130.9000000000003 33.65000152587902
    vertex 27.762346663143795 130.85229615680498 33.65000152587902
  endloop
endfacet
facet normal -0.13052619222002584 -0.9914448613738139 -5.326737686757783e-16
  outer loop
    vertex 27.400000000000272 130.9000000000003 33.65000152587902
    vertex 27.762346663143767 130.85229615680498 39.650001525879006
    vertex 27.400000000000244 130.9000000000003 39.650001525879006
  endloop
endfacet
facet normal 0.9238795325112878 -0.3826834323650873 3.770326736840934e-15
  outer loop
    vertex 26.18756443470206 130.20000000000027 33.650001525879006
    vertex 26.047703843195553 129.8623466631438 39.650001525879006
    vertex 26.04770384319558 129.8623466631438 33.650001525879006
  endloop
endfacet
facet normal 0.9238795325112878 -0.3826834323650873 3.770326736840934e-15
  outer loop
    vertex 26.047703843195553 129.8623466631438 39.650001525879006
    vertex 26.18756443470206 130.20000000000027 33.650001525879006
    vertex 26.187564434702033 130.20000000000027 39.650001525879006
  endloop
endfacet
facet normal 0.13052619222002385 -0.9914448613738142 5.326737686757675e-16
  outer loop
    vertex 27.400000000000244 130.9000000000003 39.650001525879006
    vertex 27.037653336856742 130.85229615680498 33.65000152587902
    vertex 27.400000000000272 130.9000000000003 33.65000152587902
  endloop
endfacet
facet normal 0.13052619222002385 -0.9914448613738142 5.326737686757675e-16
  outer loop
    vertex 27.037653336856742 130.85229615680498 33.65000152587902
    vertex 27.400000000000244 130.9000000000003 39.650001525879006
    vertex 27.037653336856714 130.85229615680498 39.650001525879006
  endloop
endfacet
facet normal 0.3826834323651059 -0.9238795325112801 1.5617204689774733e-15
  outer loop
    vertex 27.037653336856714 130.85229615680498 39.650001525879006
    vertex 26.700000000000273 130.7124355652985 33.65000152587902
    vertex 27.037653336856742 130.85229615680498 33.65000152587902
  endloop
endfacet
facet normal 0.3826834323651059 -0.9238795325112801 1.5617204689774733e-15
  outer loop
    vertex 26.700000000000273 130.7124355652985 33.65000152587902
    vertex 27.037653336856714 130.85229615680498 39.650001525879006
    vertex 26.700000000000244 130.7124355652985 39.650001525879006
  endloop
endfacet
facet normal 0.7933533402912306 -0.6087614290087268 3.2376529681650294e-15
  outer loop
    vertex 26.410050506339104 130.48994949366144 33.650001525879006
    vertex 26.187564434702033 130.20000000000027 39.650001525879006
    vertex 26.18756443470206 130.20000000000027 33.650001525879006
  endloop
endfacet
facet normal 0.7933533402912306 -0.6087614290087268 3.2376529681650294e-15
  outer loop
    vertex 26.187564434702033 130.20000000000027 39.650001525879006
    vertex 26.410050506339104 130.48994949366144 33.650001525879006
    vertex 26.410050506339076 130.48994949366144 39.650001525879006
  endloop
endfacet
facet normal 0.608761429008741 -0.7933533402912196 2.48433850018331e-15
  outer loop
    vertex 26.700000000000273 130.7124355652985 33.65000152587902
    vertex 26.410050506339076 130.48994949366144 39.650001525879006
    vertex 26.410050506339104 130.48994949366144 33.650001525879006
  endloop
endfacet
facet normal 0.608761429008741 -0.7933533402912196 2.48433850018331e-15
  outer loop
    vertex 26.410050506339076 130.48994949366144 39.650001525879006
    vertex 26.700000000000273 130.7124355652985 33.65000152587902
    vertex 26.700000000000244 130.7124355652985 39.650001525879006
  endloop
endfacet
facet normal -0.1305261922200524 -0.9914448613738105 2.8930734586766867e-15
  outer loop
    vertex 85.96234666314373 7.352296156804722 39.6500015258793
    vertex 85.6000000000002 7.400000000000007 33.65000152587932
    vertex 85.96234666314372 7.352296156804702 33.65000152587932
  endloop
endfacet
facet normal -0.1305261922200524 -0.9914448613738105 2.8930734586766867e-15
  outer loop
    vertex 85.6000000000002 7.400000000000007 33.65000152587932
    vertex 85.96234666314373 7.352296156804722 39.6500015258793
    vertex 85.60000000000021 7.400000000000026 39.6500015258793
  endloop
endfacet
facet normal -0.38268343236510055 -0.9238795325112825 -1.561720468977454e-15
  outer loop
    vertex 28.100000000000243 130.7124355652985 39.650001525879006
    vertex 27.762346663143795 130.85229615680498 33.65000152587902
    vertex 28.10000000000027 130.7124355652985 33.65000152587902
  endloop
endfacet
facet normal -0.38268343236510055 -0.9238795325112825 -1.561720468977454e-15
  outer loop
    vertex 27.762346663143795 130.85229615680498 33.65000152587902
    vertex 28.100000000000243 130.7124355652985 39.650001525879006
    vertex 27.762346663143767 130.85229615680498 39.650001525879006
  endloop
endfacet
facet normal 0.0 0.9914448613738116 -0.13052619222004366
  outer loop
    vertex 105.00000000000017 109.60222252113286 26.601457898247475
    vertex 108.00000000000021 109.50000000000007 25.825000762939904
    vertex 105.00000000000017 109.50000000000007 25.825000762939904
  endloop
endfacet
facet normal 0.0 0.9914448613738116 -0.13052619222004366
  outer loop
    vertex 108.00000000000021 109.50000000000007 25.825000762939904
    vertex 105.00000000000017 109.60222252113286 26.601457898247475
    vertex 108.00000000000021 109.60222252113286 26.601457898247475
  endloop
endfacet
facet normal 0.0 0.6087616363157471 -0.793353181218916
  outer loop
    vertex 214.00000000000045 22.14999961853029 21.97224330902146
    vertex 209.0000000000005 21.79791831970215 21.70208168029831
    vertex 209.0000000000005 22.14999961853029 21.97224330902146
  endloop
endfacet
facet normal 0.0 0.6087616363157471 -0.793353181218916
  outer loop
    vertex 209.0000000000005 21.79791831970215 21.70208168029831
    vertex 214.00000000000045 22.14999961853029 21.97224330902146
    vertex 214.00000000000045 21.79791831970215 21.70208168029831
  endloop
endfacet
facet normal 0.0 -0.7933542190761481 -0.6087602837522132
  outer loop
    vertex 214.00000000000045 24.20208168029786 21.70208168029831
    vertex 209.0000000000005 24.472242355346694 21.350000381470192
    vertex 214.00000000000045 24.472242355346694 21.350000381470192
  endloop
endfacet
facet normal 0.0 -0.7933542190761481 -0.6087602837522132
  outer loop
    vertex 209.0000000000005 24.472242355346694 21.350000381470192
    vertex 214.00000000000045 24.20208168029786 21.70208168029831
    vertex 209.0000000000005 24.20208168029786 21.70208168029831
  endloop
endfacet
facet normal 2.7457073002687995e-15 -0.7933486341525379 0.6087675621189935
  outer loop
    vertex 110.00000000000011 0.26794433593755257 41.650001525879375
    vertex 0.0 0.5857849121094266 42.064212799072294
    vertex 0.0 0.26794433593766537 41.650001525878935
  endloop
endfacet
facet normal 2.7457073002687995e-15 -0.7933486341525379 0.6087675621189935
  outer loop
    vertex 0.0 0.5857849121094266 42.064212799072294
    vertex 110.00000000000011 0.26794433593755257 41.650001525879375
    vertex 110.00000000000011 0.5857849121093138 42.06421279907273
  endloop
endfacet
facet normal 0.0 -0.6494478664662362 0.7604061209264782
  outer loop
    vertex 217.0000000000005 2.0502524375915447 29.949747085571747
    vertex 209.0000000000005 2.8855032920837087 30.663118362427216
    vertex 209.0000000000005 2.0502524375915447 29.949747085571747
  endloop
endfacet
facet normal 0.0 -0.6494478664662362 0.7604061209264782
  outer loop
    vertex 209.0000000000005 2.8855032920837087 30.663118362427216
    vertex 217.0000000000005 2.0502524375915447 29.949747085571747
    vertex 217.0000000000005 2.8855032920837087 30.663118362427216
  endloop
endfacet
facet normal 1.0 0.0 0.0
  outer loop
    vertex 217.0000000000005 0.0 4.590758683228416e-13
    vertex 217.0000000000005 22.223542864692448 17.602222521133264
    vertex 217.0000000000005 0.0 25.00000000000046
  endloop
endfacet
facet normal 1.0 0.0 0.0
  outer loop
    vertex 217.0000000000005 22.223542864692448 17.602222521133264
    vertex 217.0000000000005 0.0 4.590758683228416e-13
    vertex 217.0000000000005 135.49626551448878 4.590758683228416e-13
  endloop
endfacet
facet normal 1.0 0.0 0.0
  outer loop
    vertex 217.0000000000005 0.0 25.00000000000046
    vertex 217.0000000000005 22.223542864692448 17.602222521133264
    vertex 217.0000000000005 0.08618161827328734 26.09504127502487
  endloop
endfacet
facet normal 1.0 0.0 0.0
  outer loop
    vertex 217.0000000000005 0.08618161827328734 26.09504127502487
    vertex 217.0000000000005 22.223542864692448 17.602222521133264
    vertex 217.0000000000005 21.500000000000007 17.901923788647142
  endloop
endfacet
facet normal 1.0 0.0 0.0
  outer loop
    vertex 217.0000000000005 0.08618161827328734 26.09504127502487
    vertex 217.0000000000005 21.500000000000007 17.901923788647142
    vertex 217.0000000000005 0.34260439872738785 27.163118362427223
  endloop
endfacet
facet normal 1.0 0.0 0.0
  outer loop
    vertex 217.0000000000005 0.34260439872738785 27.163118362427223
    vertex 217.0000000000005 21.500000000000007 17.901923788647142
    vertex 217.0000000000005 0.7629543542862116 28.177932739258267
  endloop
endfacet
facet normal 1.0 0.0 0.0
  outer loop
    vertex 217.0000000000005 0.7629543542862116 28.177932739258267
    vertex 217.0000000000005 21.500000000000007 17.901923788647142
    vertex 217.0000000000005 1.336881041526822 29.11449623107956
  endloop
endfacet
facet normal 1.0 0.0 0.0
  outer loop
    vertex 217.0000000000005 1.336881041526822 29.11449623107956
    vertex 217.0000000000005 21.500000000000007 17.901923788647142
    vertex 217.0000000000005 2.0502524375915447 29.949747085571747
  endloop
endfacet
facet normal 1.0 0.0 0.0
  outer loop
    vertex 217.0000000000005 2.0502524375915447 29.949747085571747
    vertex 217.0000000000005 21.500000000000007 17.901923788647142
    vertex 217.0000000000005 2.8855032920837087 30.663118362427216
  endloop
endfacet
facet normal 1.0 0.0 0.0
  outer loop
    vertex 217.0000000000005 2.8855032920837087 30.663118362427216
    vertex 217.0000000000005 21.500000000000007 17.901923788647142
    vertex 217.0000000000005 3.8220665454864693 31.237045288086403
  endloop
endfacet
facet normal 1.0 0.0 0.0
  outer loop
    vertex 217.0000000000005 3.8220665454864693 31.237045288086403
    vertex 217.0000000000005 21.500000000000007 17.901923788647142
    vertex 217.0000000000005 20.878679656440355 18.37867965644082
  endloop
endfacet
facet normal 1.0 0.0 0.0
  outer loop
    vertex 217.0000000000005 3.8220665454864693 31.237045288086403
    vertex 217.0000000000005 20.878679656440355 18.37867965644082
    vertex 217.0000000000005 4.836881160736071 31.657396316528786
  endloop
endfacet
facet normal 1.0 0.0 0.0
  outer loop
    vertex 217.0000000000005 4.836881160736071 31.657396316528786
    vertex 217.0000000000005 20.878679656440355 18.37867965644082
    vertex 217.0000000000005 5.904958724975624 31.913818359375465
  endloop
endfacet
facet normal 1.0 0.0 0.0
  outer loop
    vertex 217.0000000000005 5.904958724975624 31.913818359375465
    vertex 217.0000000000005 20.878679656440355 18.37867965644082
    vertex 217.0000000000005 7.000000000000032 32.00000000000046
  endloop
endfacet
facet normal 1.0 0.0 0.0
  outer loop
    vertex 217.0000000000005 7.000000000000032 32.00000000000046
    vertex 217.0000000000005 20.878679656440355 18.37867965644082
    vertex 217.0000000000005 20.40192378864668 19.00000000000047
  endloop
endfacet
facet normal 1.0 0.0 0.0
  outer loop
    vertex 217.0000000000005 7.000000000000032 32.00000000000046
    vertex 217.0000000000005 20.40192378864668 19.00000000000047
    vertex 217.0000000000005 20.1022225211328 19.72354286469291
  endloop
endfacet
facet normal 1.0 0.0 0.0
  outer loop
    vertex 217.0000000000005 7.000000000000032 32.00000000000046
    vertex 217.0000000000005 20.1022225211328 19.72354286469291
    vertex 217.0000000000005 20.000000000000007 20.50000000000047
  endloop
endfacet
facet normal 1.0 0.0 0.0
  outer loop
    vertex 217.0000000000005 22.223542864692448 17.602222521133264
    vertex 217.0000000000005 135.49626551448878 4.590758683228416e-13
    vertex 217.0000000000005 23.000000000000004 17.500000000000473
  endloop
endfacet
facet normal 1.0 0.0 0.0
  outer loop
    vertex 217.0000000000005 23.000000000000004 17.500000000000473
    vertex 217.0000000000005 135.49626551448878 4.590758683228416e-13
    vertex 217.0000000000005 23.77645713530756 17.602222521133264
  endloop
endfacet
facet normal 1.0 0.0 0.0
  outer loop
    vertex 217.0000000000005 23.77645713530756 17.602222521133264
    vertex 217.0000000000005 135.49626551448878 4.590758683228416e-13
    vertex 217.0000000000005 24.5 17.901923788647156
  endloop
endfacet
facet normal 1.0 0.0 0.0
  outer loop
    vertex 217.0000000000005 24.5 17.901923788647156
    vertex 217.0000000000005 135.49626551448878 4.590758683228416e-13
    vertex 217.0000000000005 25.121320343559653 18.37867965644082
  endloop
endfacet
facet normal 1.0 0.0 0.0
  outer loop
    vertex 217.0000000000005 25.121320343559653 18.37867965644082
    vertex 217.0000000000005 135.49626551448878 4.590758683228416e-13
    vertex 217.0000000000005 25.598076211353327 19.00000000000047
  endloop
endfacet
facet normal 1.0 0.0 0.0
  outer loop
    vertex 217.0000000000005 25.598076211353327 19.00000000000047
    vertex 217.0000000000005 135.49626551448878 4.590758683228416e-13
    vertex 217.0000000000005 25.89777747886721 19.72354286469291
  endloop
endfacet
facet normal 1.0 0.0 0.0
  outer loop
    vertex 217.0000000000005 25.89777747886721 19.72354286469291
    vertex 217.0000000000005 135.49626551448878 4.590758683228416e-13
    vertex 217.0000000000005 25.999999999999996 20.50000000000047
  endloop
endfacet
facet normal 1.0 0.0 0.0
  outer loop
    vertex 217.0000000000005 25.999999999999996 20.50000000000047
    vertex 217.0000000000005 135.49626551448878 4.590758683228416e-13
    vertex 217.0000000000005 87.65098571777357 32.00000000000046
  endloop
endfacet
facet normal 1.0 0.0 0.0
  outer loop
    vertex 217.0000000000005 87.65098571777357 32.00000000000046
    vertex 217.0000000000005 135.49626551448878 4.590758683228416e-13
    vertex 217.0000000000005 88.1212692260743 32.05607795715379
  endloop
endfacet
facet normal 1.0 0.0 0.0
  outer loop
    vertex 217.0000000000005 88.1212692260743 32.05607795715379
    vertex 217.0000000000005 135.49626551448878 4.590758683228416e-13
    vertex 217.0000000000005 88.56517791748058 32.22116661071824
  endloop
endfacet
facet normal 1.0 0.0 0.0
  outer loop
    vertex 217.0000000000005 88.56517791748058 32.22116661071824
    vertex 217.0000000000005 135.49626551448878 4.590758683228416e-13
    vertex 217.0000000000005 88.95782470703132 32.48600959777878
  endloop
endfacet
facet normal 1.0 0.0 0.0
  outer loop
    vertex 217.0000000000005 88.95782470703132 32.48600959777878
    vertex 217.0000000000005 135.49626551448878 4.590758683228416e-13
    vertex 217.0000000000005 89.27718353271487 32.83575439453172
  endloop
endfacet
facet normal 1.0 0.0 0.0
  outer loop
    vertex 217.0000000000005 89.27718353271487 32.83575439453172
    vertex 217.0000000000005 135.49626551448878 4.590758683228416e-13
    vertex 217.0000000000005 89.50534820556642 33.25078773498582
  endloop
endfacet
facet normal 1.0 0.0 0.0
  outer loop
    vertex 217.0000000000005 89.50534820556642 33.25078773498582
    vertex 217.0000000000005 135.49626551448878 4.590758683228416e-13
    vertex 217.0000000000005 92.29217529296885 40.14842605590867
  endloop
endfacet
facet normal 1.0 0.0 0.0
  outer loop
    vertex 217.0000000000005 92.29217529296885 40.14842605590867
    vertex 217.0000000000005 135.49626551448878 4.590758683228416e-13
    vertex 217.0000000000005 110.37867965644047 23.703680419380266
  endloop
endfacet
facet normal 1.0 0.0 0.0
  outer loop
    vertex 217.0000000000005 92.29217529296885 40.14842605590867
    vertex 217.0000000000005 110.37867965644047 23.703680419380266
    vertex 217.0000000000005 92.65895843505864 40.84803581237839
  endloop
endfacet
facet normal 1.0 0.0 0.0
  outer loop
    vertex 217.0000000000005 92.65895843505864 40.84803581237839
    vertex 217.0000000000005 110.37867965644047 23.703680419380266
    vertex 217.0000000000005 93.1560821533204 41.461925506592266
  endloop
endfacet
facet normal 1.0 0.0 0.0
  outer loop
    vertex 217.0000000000005 93.1560821533204 41.461925506592266
    vertex 217.0000000000005 110.37867965644047 23.703680419380266
    vertex 217.0000000000005 93.76414489746094 41.96615219116258
  endloop
endfacet
facet normal 1.0 0.0 0.0
  outer loop
    vertex 217.0000000000005 93.76414489746094 41.96615219116258
    vertex 217.0000000000005 110.37867965644047 23.703680419380266
    vertex 217.0000000000005 94.45943450927741 42.3410491943364
  endloop
endfacet
facet normal 1.0 0.0 0.0
  outer loop
    vertex 217.0000000000005 94.45943450927741 42.3410491943364
    vertex 217.0000000000005 110.37867965644047 23.703680419380266
    vertex 217.0000000000005 95.21484375000004 42.57200241088914
  endloop
endfacet
facet normal 1.0 0.0 0.0
  outer loop
    vertex 217.0000000000005 95.21484375000004 42.57200241088914
    vertex 217.0000000000005 110.37867965644047 23.703680419380266
    vertex 217.0000000000005 109.90192378864681 24.325000762939904
  endloop
endfacet
facet normal 1.0 0.0 0.0
  outer loop
    vertex 217.0000000000005 95.21484375000004 42.57200241088914
    vertex 217.0000000000005 109.90192378864681 24.325000762939904
    vertex 217.0000000000005 96.00091552734379 42.650001525879375
  endloop
endfacet
facet normal 1.0 0.0 0.0
  outer loop
    vertex 217.0000000000005 96.00091552734379 42.650001525879375
    vertex 217.0000000000005 109.90192378864681 24.325000762939904
    vertex 217.0000000000005 109.60222252113286 25.048543627632345
  endloop
endfacet
facet normal 1.0 0.0 0.0
  outer loop
    vertex 217.0000000000005 96.00091552734379 42.650001525879375
    vertex 217.0000000000005 109.60222252113286 25.048543627632345
    vertex 217.0000000000005 109.50000000000007 25.825000762939904
  endloop
endfacet
facet normal 1.0 0.0 0.0
  outer loop
    vertex 217.0000000000005 110.37867965644047 23.703680419380266
    vertex 217.0000000000005 135.49626551448878 4.590758683228416e-13
    vertex 217.0000000000005 111.00000000000009 23.226924551586603
  endloop
endfacet
facet normal 1.0 0.0 0.0
  outer loop
    vertex 217.0000000000005 111.00000000000009 23.226924551586603
    vertex 217.0000000000005 135.49626551448878 4.590758683228416e-13
    vertex 217.0000000000005 111.72354286469255 22.92722328407271
  endloop
endfacet
facet normal 1.0 0.0 0.0
  outer loop
    vertex 217.0000000000005 111.72354286469255 22.92722328407271
    vertex 217.0000000000005 135.49626551448878 4.590758683228416e-13
    vertex 217.0000000000005 112.50000000000011 22.825000762939908
  endloop
endfacet
facet normal 1.0 0.0 0.0
  outer loop
    vertex 217.0000000000005 112.50000000000011 22.825000762939908
    vertex 217.0000000000005 135.49626551448878 4.590758683228416e-13
    vertex 217.0000000000005 113.27645713530762 22.92722328407271
  endloop
endfacet
facet normal 1.0 0.0 0.0
  outer loop
    vertex 217.0000000000005 113.27645713530762 22.92722328407271
    vertex 217.0000000000005 135.49626551448878 4.590758683228416e-13
    vertex 217.0000000000005 114.00000000000004 23.226924551586603
  endloop
endfacet
facet normal 1.0 0.0 0.0
  outer loop
    vertex 217.0000000000005 114.00000000000004 23.226924551586603
    vertex 217.0000000000005 135.49626551448878 4.590758683228416e-13
    vertex 217.0000000000005 114.62132034355972 23.703680419380266
  endloop
endfacet
facet normal 1.0 0.0 0.0
  outer loop
    vertex 217.0000000000005 114.62132034355972 23.703680419380266
    vertex 217.0000000000005 135.49626551448878 4.590758683228416e-13
    vertex 217.0000000000005 115.09807621135336 24.325000762939904
  endloop
endfacet
facet normal 1.0 0.0 0.0
  outer loop
    vertex 217.0000000000005 115.09807621135336 24.325000762939904
    vertex 217.0000000000005 135.49626551448878 4.590758683228416e-13
    vertex 217.0000000000005 115.39777747886727 25.048543627632345
  endloop
endfacet
facet normal 1.0 0.0 0.0
  outer loop
    vertex 217.0000000000005 115.39777747886727 25.048543627632345
    vertex 217.0000000000005 135.49626551448878 4.590758683228416e-13
    vertex 217.0000000000005 115.50000000000006 25.825000762939904
  endloop
endfacet
facet normal 1.0 0.0 0.0
  outer loop
    vertex 217.0000000000005 115.50000000000006 25.825000762939904
    vertex 217.0000000000005 135.49626551448878 4.590758683228416e-13
    vertex 217.0000000000005 133.50000000000006 42.650001525879375
  endloop
endfacet
facet normal 1.0 0.0 0.0
  outer loop
    vertex 217.0000000000005 133.50000000000006 42.650001525879375
    vertex 217.0000000000005 135.49626551448878 4.590758683228416e-13
    vertex 217.0000000000005 134.01763916015634 42.58185195922898
  endloop
endfacet
facet normal 1.0 0.0 0.0
  outer loop
    vertex 217.0000000000005 134.01763916015634 42.58185195922898
    vertex 217.0000000000005 135.49626551448878 4.590758683228416e-13
    vertex 217.0000000000005 134.50000000000017 42.382049560547344
  endloop
endfacet
facet normal 1.0 0.0 0.0
  outer loop
    vertex 217.0000000000005 134.50000000000017 42.382049560547344
    vertex 217.0000000000005 135.49626551448878 4.590758683228416e-13
    vertex 217.0000000000005 134.91421508789065 42.06421279907273
  endloop
endfacet
facet normal 1.0 0.0 0.0
  outer loop
    vertex 217.0000000000005 134.91421508789065 42.06421279907273
    vertex 217.0000000000005 135.49626551448878 4.590758683228416e-13
    vertex 217.0000000000005 135.23205566406259 41.650001525879375
  endloop
endfacet
facet normal 1.0 0.0 0.0
  outer loop
    vertex 217.0000000000005 135.23205566406259 41.650001525879375
    vertex 217.0000000000005 135.49626551448878 4.590758683228416e-13
    vertex 217.0000000000005 135.43185424804693 41.16763687133836
  endloop
endfacet
facet normal 1.0 0.0 0.0
  outer loop
    vertex 217.0000000000005 135.43185424804693 41.16763687133836
    vertex 217.0000000000005 135.49626551448878 4.590758683228416e-13
    vertex 217.0000000000005 135.50000000000014 40.64999961853074
  endloop
endfacet
facet normal 1.0 0.0 0.0
  outer loop
    vertex 217.0000000000005 96.00091552734379 42.650001525879375
    vertex 217.0000000000005 111.00000000000009 28.423076974293227
    vertex 217.0000000000005 133.50000000000006 42.650001525879375
  endloop
endfacet
facet normal 1.0 0.0 0.0
  outer loop
    vertex 217.0000000000005 111.00000000000009 28.423076974293227
    vertex 217.0000000000005 96.00091552734379 42.650001525879375
    vertex 217.0000000000005 110.37867965644047 27.946321106499553
  endloop
endfacet
facet normal 1.0 0.0 0.0
  outer loop
    vertex 217.0000000000005 110.37867965644047 27.946321106499553
    vertex 217.0000000000005 96.00091552734379 42.650001525879375
    vertex 217.0000000000005 109.90192378864681 27.3250007629399
  endloop
endfacet
facet normal 1.0 0.0 0.0
  outer loop
    vertex 217.0000000000005 109.90192378864681 27.3250007629399
    vertex 217.0000000000005 96.00091552734379 42.650001525879375
    vertex 217.0000000000005 109.60222252113286 26.60145789824746
  endloop
endfacet
facet normal 1.0 0.0 0.0
  outer loop
    vertex 217.0000000000005 109.60222252113286 26.60145789824746
    vertex 217.0000000000005 96.00091552734379 42.650001525879375
    vertex 217.0000000000005 109.50000000000007 25.825000762939904
  endloop
endfacet
facet normal 1.0 0.0 0.0
  outer loop
    vertex 217.0000000000005 133.50000000000006 42.650001525879375
    vertex 217.0000000000005 111.00000000000009 28.423076974293227
    vertex 217.0000000000005 111.72354286469255 28.72277824180711
  endloop
endfacet
facet normal 1.0 0.0 0.0
  outer loop
    vertex 217.0000000000005 133.50000000000006 42.650001525879375
    vertex 217.0000000000005 111.72354286469255 28.72277824180711
    vertex 217.0000000000005 112.50000000000011 28.8250007629399
  endloop
endfacet
facet normal 1.0 0.0 0.0
  outer loop
    vertex 217.0000000000005 133.50000000000006 42.650001525879375
    vertex 217.0000000000005 112.50000000000011 28.8250007629399
    vertex 217.0000000000005 113.27645713530762 28.72277824180711
  endloop
endfacet
facet normal 1.0 0.0 0.0
  outer loop
    vertex 217.0000000000005 133.50000000000006 42.650001525879375
    vertex 217.0000000000005 113.27645713530762 28.72277824180711
    vertex 217.0000000000005 114.00000000000004 28.423076974293227
  endloop
endfacet
facet normal 1.0 0.0 0.0
  outer loop
    vertex 217.0000000000005 133.50000000000006 42.650001525879375
    vertex 217.0000000000005 114.00000000000004 28.423076974293227
    vertex 217.0000000000005 114.62132034355972 27.946321106499553
  endloop
endfacet
facet normal 1.0 0.0 0.0
  outer loop
    vertex 217.0000000000005 133.50000000000006 42.650001525879375
    vertex 217.0000000000005 114.62132034355972 27.946321106499553
    vertex 217.0000000000005 115.09807621135336 27.3250007629399
  endloop
endfacet
facet normal 1.0 0.0 0.0
  outer loop
    vertex 217.0000000000005 133.50000000000006 42.650001525879375
    vertex 217.0000000000005 115.09807621135336 27.3250007629399
    vertex 217.0000000000005 115.39777747886727 26.601457898247475
  endloop
endfacet
facet normal 1.0 0.0 0.0
  outer loop
    vertex 217.0000000000005 133.50000000000006 42.650001525879375
    vertex 217.0000000000005 115.39777747886727 26.601457898247475
    vertex 217.0000000000005 115.50000000000006 25.825000762939904
  endloop
endfacet
facet normal 1.0 0.0 0.0
  outer loop
    vertex 217.0000000000005 7.000000000000032 32.00000000000046
    vertex 217.0000000000005 23.000000000000004 23.500000000000462
    vertex 217.0000000000005 87.65098571777357 32.00000000000046
  endloop
endfacet
facet normal 1.0 0.0 0.0
  outer loop
    vertex 217.0000000000005 23.000000000000004 23.500000000000462
    vertex 217.0000000000005 7.000000000000032 32.00000000000046
    vertex 217.0000000000005 22.223542864692423 23.39777747886767
  endloop
endfacet
facet normal 1.0 0.0 0.0
  outer loop
    vertex 217.0000000000005 22.223542864692423 23.39777747886767
    vertex 217.0000000000005 7.000000000000032 32.00000000000046
    vertex 217.0000000000005 21.500000000000007 23.098076211353778
  endloop
endfacet
facet normal 1.0 0.0 0.0
  outer loop
    vertex 217.0000000000005 21.500000000000007 23.098076211353778
    vertex 217.0000000000005 7.000000000000032 32.00000000000046
    vertex 217.0000000000005 20.878679656440355 22.621320343560114
  endloop
endfacet
facet normal 1.0 0.0 0.0
  outer loop
    vertex 217.0000000000005 20.878679656440355 22.621320343560114
    vertex 217.0000000000005 7.000000000000032 32.00000000000046
    vertex 217.0000000000005 20.40192378864668 22.000000000000465
  endloop
endfacet
facet normal 1.0 0.0 0.0
  outer loop
    vertex 217.0000000000005 20.40192378864668 22.000000000000465
    vertex 217.0000000000005 7.000000000000032 32.00000000000046
    vertex 217.0000000000005 20.1022225211328 21.276457135308025
  endloop
endfacet
facet normal 1.0 0.0 0.0
  outer loop
    vertex 217.0000000000005 20.1022225211328 21.276457135308025
    vertex 217.0000000000005 7.000000000000032 32.00000000000046
    vertex 217.0000000000005 20.000000000000007 20.50000000000047
  endloop
endfacet
facet normal 1.0 0.0 0.0
  outer loop
    vertex 217.0000000000005 87.65098571777357 32.00000000000046
    vertex 217.0000000000005 23.000000000000004 23.500000000000462
    vertex 217.0000000000005 23.77645713530756 23.39777747886767
  endloop
endfacet
facet normal 1.0 0.0 0.0
  outer loop
    vertex 217.0000000000005 87.65098571777357 32.00000000000046
    vertex 217.0000000000005 23.77645713530756 23.39777747886767
    vertex 217.0000000000005 24.5 23.098076211353792
  endloop
endfacet
facet normal 1.0 0.0 0.0
  outer loop
    vertex 217.0000000000005 87.65098571777357 32.00000000000046
    vertex 217.0000000000005 24.5 23.098076211353792
    vertex 217.0000000000005 25.121320343559653 22.621320343560114
  endloop
endfacet
facet normal 1.0 0.0 0.0
  outer loop
    vertex 217.0000000000005 87.65098571777357 32.00000000000046
    vertex 217.0000000000005 25.121320343559653 22.621320343560114
    vertex 217.0000000000005 25.598076211353327 22.000000000000465
  endloop
endfacet
facet normal 1.0 0.0 0.0
  outer loop
    vertex 217.0000000000005 87.65098571777357 32.00000000000046
    vertex 217.0000000000005 25.598076211353327 22.000000000000465
    vertex 217.0000000000005 25.89777747886721 21.276457135308036
  endloop
endfacet
facet normal 1.0 0.0 0.0
  outer loop
    vertex 217.0000000000005 87.65098571777357 32.00000000000046
    vertex 217.0000000000005 25.89777747886721 21.276457135308036
    vertex 217.0000000000005 25.999999999999996 20.50000000000047
  endloop
endfacet
facet normal 4.169526855217886e-15 -0.3826866968960914 0.9238781802915139
  outer loop
    vertex 110.00000000000011 0.999999999999953 42.382049560547344
    vertex 0.0 1.482360839843911 42.58185195922854
    vertex 0.0 1.000000000000066 42.3820495605469
  endloop
endfacet
facet normal 4.169526855217886e-15 -0.3826866968960914 0.9238781802915139
  outer loop
    vertex 0.0 1.482360839843911 42.58185195922854
    vertex 110.00000000000011 0.999999999999953 42.382049560547344
    vertex 110.00000000000011 1.4823608398437982 42.58185195922898
  endloop
endfacet
facet normal 0.0 -0.47460054457203504 0.8802012969156134
  outer loop
    vertex 217.0000000000005 93.76414489746094 41.96615219116258
    vertex 209.0000000000005 94.45943450927741 42.3410491943364
    vertex 209.0000000000005 93.76414489746094 41.96615219116258
  endloop
endfacet
facet normal 0.0 -0.47460054457203504 0.8802012969156134
  outer loop
    vertex 209.0000000000005 94.45943450927741 42.3410491943364
    vertex 217.0000000000005 93.76414489746094 41.96615219116258
    vertex 217.0000000000005 94.45943450927741 42.3410491943364
  endloop
endfacet
facet normal -2.255973186038326e-15 0.0 1.0
  outer loop
    vertex 113.00000000000016 131.00000000000009 16.500000000000462
    vertex 108.00000000000021 135.4971827756326 16.50000000000045
    vertex 108.00000000000021 131.00000000000009 16.50000000000045
  endloop
endfacet
facet normal -2.255973186038326e-15 0.0 1.0
  outer loop
    vertex 108.00000000000021 135.4971827756326 16.50000000000045
    vertex 113.00000000000016 131.00000000000009 16.500000000000462
    vertex 113.00000000000016 135.4971827756326 16.500000000000462
  endloop
endfacet
facet normal 4.4744588071148146e-15 -0.13052822244845994 0.9914445940870552
  outer loop
    vertex 110.00000000000011 1.4823608398437982 42.58185195922898
    vertex 0.0 2.0000000000002105 42.650001525878935
    vertex 0.0 1.482360839843911 42.58185195922854
  endloop
endfacet
facet normal 4.4744588071148146e-15 -0.13052822244845994 0.9914445940870552
  outer loop
    vertex 0.0 2.0000000000002105 42.650001525878935
    vertex 110.00000000000011 1.4823608398437982 42.58185195922898
    vertex 110.00000000000011 2.0000000000000977 42.650001525879375
  endloop
endfacet
facet normal 0.0 -0.7933516604086428 -0.6087636182680842
  outer loop
    vertex 113.00000000000016 113.7020797729492 27.02708244323776
    vertex 108.00000000000021 113.97224426269538 26.674999237061016
    vertex 113.00000000000016 113.97224426269538 26.674999237061016
  endloop
endfacet
facet normal 0.0 -0.7933516604086428 -0.6087636182680842
  outer loop
    vertex 108.00000000000021 113.97224426269538 26.674999237061016
    vertex 113.00000000000016 113.7020797729492 27.02708244323776
    vertex 108.00000000000021 113.7020797729492 27.02708244323776
  endloop
endfacet
facet normal 0.0 -0.9238797996363753 -0.3826827874674415
  outer loop
    vertex 214.00000000000045 113.97224426269538 26.674999237061016
    vertex 209.0000000000005 114.14207458496091 26.264991760254365
    vertex 214.00000000000045 114.14207458496091 26.264991760254365
  endloop
endfacet
facet normal 0.0 -0.9238797996363753 -0.3826827874674415
  outer loop
    vertex 209.0000000000005 114.14207458496091 26.264991760254365
    vertex 214.00000000000045 113.97224426269538 26.674999237061016
    vertex 209.0000000000005 113.97224426269538 26.674999237061016
  endloop
endfacet
facet normal 0.0 -0.9914458966577325 -0.13051832821693954
  outer loop
    vertex 113.00000000000016 114.14207458496091 26.264991760254365
    vertex 108.00000000000021 114.19999694824224 25.825000762939904
    vertex 113.00000000000016 114.19999694824224 25.825000762939904
  endloop
endfacet
facet normal 0.0 -0.9914458966577325 -0.13051832821693954
  outer loop
    vertex 108.00000000000021 114.19999694824224 25.825000762939904
    vertex 113.00000000000016 114.14207458496091 26.264991760254365
    vertex 108.00000000000021 114.14207458496091 26.264991760254365
  endloop
endfacet
facet normal 0.0 0.7933542190761481 0.6087602837522132
  outer loop
    vertex 209.0000000000005 21.527757644653313 19.64999961853073
    vertex 214.00000000000045 21.79791831970215 19.297918319702614
    vertex 209.0000000000005 21.79791831970215 19.297918319702614
  endloop
endfacet
facet normal 0.0 0.7933542190761481 0.6087602837522132
  outer loop
    vertex 214.00000000000045 21.79791831970215 19.297918319702614
    vertex 209.0000000000005 21.527757644653313 19.64999961853073
    vertex 214.00000000000045 21.527757644653313 19.64999961853073
  endloop
endfacet
facet normal 0.0 -0.38268582654198025 -0.9238785408071135
  outer loop
    vertex 214.00000000000045 113.34999847412115 27.297243118286595
    vertex 209.0000000000005 112.93999481201178 27.46707344055222
    vertex 209.0000000000005 113.34999847412115 27.297243118286595
  endloop
endfacet
facet normal 0.0 -0.38268582654198025 -0.9238785408071135
  outer loop
    vertex 209.0000000000005 112.93999481201178 27.46707344055222
    vertex 214.00000000000045 113.34999847412115 27.297243118286595
    vertex 214.00000000000045 112.93999481201178 27.46707344055222
  endloop
endfacet
facet normal 0.0 -0.6087614290086942 0.7933533402912554
  outer loop
    vertex 108.00000000000021 114.00000000000004 23.226924551586603
    vertex 105.00000000000017 114.62132034355972 23.703680419380266
    vertex 105.00000000000017 114.00000000000004 23.226924551586603
  endloop
endfacet
facet normal 0.0 -0.6087614290086942 0.7933533402912554
  outer loop
    vertex 105.00000000000017 114.62132034355972 23.703680419380266
    vertex 108.00000000000021 114.00000000000004 23.226924551586603
    vertex 108.00000000000021 114.62132034355972 23.703680419380266
  endloop
endfacet
facet normal 0.0 1.0 0.0
  outer loop
    vertex 108.00000000000021 131.00000000000009 26.50000000000046
    vertex 113.00000000000016 131.00000000000009 16.500000000000462
    vertex 108.00000000000021 131.00000000000009 16.50000000000045
  endloop
endfacet
facet normal 0.0 1.0 0.0
  outer loop
    vertex 113.00000000000016 131.00000000000009 16.500000000000462
    vertex 108.00000000000021 131.00000000000009 26.50000000000046
    vertex 113.00000000000016 131.00000000000009 26.50000000000046
  endloop
endfacet
facet normal 0.0 -0.7933542190761481 -0.6087602837522132
  outer loop
    vertex 113.00000000000016 24.20208168029786 21.70208168029831
    vertex 108.00000000000021 24.472242355346694 21.350000381470192
    vertex 113.00000000000016 24.472242355346694 21.350000381470192
  endloop
endfacet
facet normal 0.0 -0.7933542190761481 -0.6087602837522132
  outer loop
    vertex 108.00000000000021 24.472242355346694 21.350000381470192
    vertex 113.00000000000016 24.20208168029786 21.70208168029831
    vertex 108.00000000000021 24.20208168029786 21.70208168029831
  endloop
endfacet
facet normal 0.0 -0.9238797996363716 0.38268278746745044
  outer loop
    vertex 214.00000000000045 114.14207458496091 25.38500785827683
    vertex 209.0000000000005 113.97224426269538 24.97500038147019
    vertex 214.00000000000045 113.97224426269538 24.97500038147019
  endloop
endfacet
facet normal 0.0 -0.9238797996363716 0.38268278746745044
  outer loop
    vertex 209.0000000000005 113.97224426269538 24.97500038147019
    vertex 214.00000000000045 114.14207458496091 25.38500785827683
    vertex 209.0000000000005 114.14207458496091 25.38500785827683
  endloop
endfacet
facet normal 0.0 -0.6087616363157471 0.793353181218916
  outer loop
    vertex 214.00000000000045 23.850000381469716 19.027756690979462
    vertex 209.0000000000005 24.20208168029786 19.297918319702614
    vertex 209.0000000000005 23.850000381469716 19.027756690979462
  endloop
endfacet
facet normal 0.0 -0.6087616363157471 0.793353181218916
  outer loop
    vertex 209.0000000000005 24.20208168029786 19.297918319702614
    vertex 214.00000000000045 23.850000381469716 19.027756690979462
    vertex 214.00000000000045 24.20208168029786 19.297918319702614
  endloop
endfacet
facet normal 0.0 -0.9914458966577325 -0.13051832821693954
  outer loop
    vertex 214.00000000000045 114.14207458496091 26.264991760254365
    vertex 209.0000000000005 114.19999694824224 25.825000762939904
    vertex 214.00000000000045 114.19999694824224 25.825000762939904
  endloop
endfacet
facet normal 0.0 -0.9914458966577325 -0.13051832821693954
  outer loop
    vertex 209.0000000000005 114.19999694824224 25.825000762939904
    vertex 214.00000000000045 114.14207458496091 26.264991760254365
    vertex 209.0000000000005 114.14207458496091 26.264991760254365
  endloop
endfacet
facet normal 0.0 -0.9238785948135034 0.38268569615995085
  outer loop
    vertex 214.00000000000045 24.64207458496094 20.060008049011696
    vertex 209.0000000000005 24.472242355346694 19.64999961853073
    vertex 214.00000000000045 24.472242355346694 19.64999961853073
  endloop
endfacet
facet normal 0.0 -0.9238785948135034 0.38268569615995085
  outer loop
    vertex 209.0000000000005 24.472242355346694 19.64999961853073
    vertex 214.00000000000045 24.64207458496094 20.060008049011696
    vertex 209.0000000000005 24.64207458496094 20.060008049011696
  endloop
endfacet
facet normal 0.0 -0.7933533402912517 -0.6087614290086992
  outer loop
    vertex 108.00000000000021 114.62132034355972 27.946321106499553
    vertex 105.00000000000017 115.09807621135336 27.3250007629399
    vertex 108.00000000000021 115.09807621135336 27.3250007629399
  endloop
endfacet
facet normal 0.0 -0.7933533402912517 -0.6087614290086992
  outer loop
    vertex 105.00000000000017 115.09807621135336 27.3250007629399
    vertex 108.00000000000021 114.62132034355972 27.946321106499553
    vertex 105.00000000000017 114.62132034355972 27.946321106499553
  endloop
endfacet
facet normal 0.0 -0.7933508640311188 0.6087646561201443
  outer loop
    vertex 214.00000000000045 113.97224426269538 24.97500038147019
    vertex 209.0000000000005 113.7020797729492 24.622918128967747
    vertex 214.00000000000045 113.7020797729492 24.622918128967747
  endloop
endfacet
facet normal 0.0 -0.7933508640311188 0.6087646561201443
  outer loop
    vertex 209.0000000000005 113.7020797729492 24.622918128967747
    vertex 214.00000000000045 113.97224426269538 24.97500038147019
    vertex 209.0000000000005 113.97224426269538 24.97500038147019
  endloop
endfacet
facet normal 0.0 -0.9914448209249727 -0.13052649945911013
  outer loop
    vertex 113.00000000000016 24.64207458496094 20.939991950989228
    vertex 108.00000000000021 24.70000076293943 20.50000000000047
    vertex 113.00000000000016 24.70000076293943 20.50000000000047
  endloop
endfacet
facet normal 0.0 -0.9914448209249727 -0.13052649945911013
  outer loop
    vertex 108.00000000000021 24.70000076293943 20.50000000000047
    vertex 113.00000000000016 24.64207458496094 20.939991950989228
    vertex 108.00000000000021 24.64207458496094 20.939991950989228
  endloop
endfacet
facet normal 0.0 0.793350864031315 0.6087646561198882
  outer loop
    vertex 108.00000000000021 111.02775573730479 24.97500038147019
    vertex 113.00000000000016 111.2979202270508 24.622918128967747
    vertex 108.00000000000021 111.2979202270508 24.622918128967747
  endloop
endfacet
facet normal 0.0 0.793350864031315 0.6087646561198882
  outer loop
    vertex 113.00000000000016 111.2979202270508 24.622918128967747
    vertex 108.00000000000021 111.02775573730479 24.97500038147019
    vertex 113.00000000000016 111.02775573730479 24.97500038147019
  endloop
endfacet
facet normal 0.0 0.7933533402912517 -0.6087614290086992
  outer loop
    vertex 105.00000000000017 110.37867965644047 27.946321106499553
    vertex 108.00000000000021 109.90192378864681 27.3250007629399
    vertex 105.00000000000017 109.90192378864681 27.3250007629399
  endloop
endfacet
facet normal 0.0 0.7933533402912517 -0.6087614290086992
  outer loop
    vertex 108.00000000000021 109.90192378864681 27.3250007629399
    vertex 105.00000000000017 110.37867965644047 27.946321106499553
    vertex 108.00000000000021 110.37867965644047 27.946321106499553
  endloop
endfacet
facet normal -9.186830429431745e-17 0.9914454773545932 0.13052151329617218
  outer loop
    vertex 1.8047785488306544e-13 135.43185424804707 41.16763687133788
    vertex 113.00000000000016 135.50000000000014 40.64999961853074
    vertex 1.8047785488306544e-13 135.50000000000028 40.64999961853028
  endloop
endfacet
facet normal -9.186830429431745e-17 0.9914454773545932 0.13052151329617218
  outer loop
    vertex 113.00000000000016 135.50000000000014 40.64999961853074
    vertex 1.8047785488306544e-13 135.43185424804707 41.16763687133788
    vertex 113.00000000000016 135.43185424804693 41.16763687133836
  endloop
endfacet
facet normal 0.0 -0.13052622136607495 -0.9914448575366633
  outer loop
    vertex 214.00000000000045 23.439992904663086 22.142073631287083
    vertex 209.0000000000005 23.000000000000004 22.199999809265602
    vertex 209.0000000000005 23.439992904663086 22.142073631287083
  endloop
endfacet
facet normal 0.0 -0.13052622136607495 -0.9914448575366633
  outer loop
    vertex 209.0000000000005 23.000000000000004 22.199999809265602
    vertex 214.00000000000045 23.439992904663086 22.142073631287083
    vertex 214.00000000000045 23.000000000000004 22.199999809265602
  endloop
endfacet
facet normal 5.886875290332524e-16 -0.9914454773545934 0.1305215132961708
  outer loop
    vertex 110.00000000000011 0.0 40.64999961853074
    vertex 0.0 0.06814575195330742 41.16763687133792
    vertex 0.0 1.127986593019159e-13 40.6499996185303
  endloop
endfacet
facet normal 5.886875290332524e-16 -0.9914454773545934 0.1305215132961708
  outer loop
    vertex 0.0 0.06814575195330742 41.16763687133792
    vertex 110.00000000000011 0.0 40.64999961853074
    vertex 110.00000000000011 0.06814575195319462 41.16763687133836
  endloop
endfacet
facet normal 0.0 -0.6087616363157471 -0.793353181218916
  outer loop
    vertex 113.00000000000016 24.20208168029786 21.70208168029831
    vertex 108.00000000000021 23.850000381469716 21.97224330902146
    vertex 108.00000000000021 24.20208168029786 21.70208168029831
  endloop
endfacet
facet normal 0.0 -0.6087616363157471 -0.793353181218916
  outer loop
    vertex 108.00000000000021 23.850000381469716 21.97224330902146
    vertex 113.00000000000016 24.20208168029786 21.70208168029831
    vertex 113.00000000000016 23.850000381469716 21.97224330902146
  endloop
endfacet
facet normal 0.0 -1.0 0.0
  outer loop
    vertex 217.0000000000005 0.0 25.00000000000046
    vertex 209.0000000000005 0.0 4.000000000000463
    vertex 217.0000000000005 0.0 4.590758683228416e-13
  endloop
endfacet
facet normal 0.0 -1.0 0.0
  outer loop
    vertex 209.0000000000005 0.0 4.000000000000463
    vertex 217.0000000000005 0.0 25.00000000000046
    vertex 209.0000000000005 0.0 25.00000000000046
  endloop
endfacet
facet normal 0.0 -1.0 0.0
  outer loop
    vertex 2.7071678232459813e-13 1.127986593019159e-13 0.0
    vertex 113.00000000000016 0.0 4.000000000000463
    vertex 0.0 1.127986593019159e-13 40.6499996185303
  endloop
endfacet
facet normal 0.0 -1.0 0.0
  outer loop
    vertex 113.00000000000016 0.0 4.000000000000463
    vertex 2.7071678232459813e-13 1.127986593019159e-13 0.0
    vertex 217.0000000000005 0.0 4.590758683228416e-13
  endloop
endfacet
facet normal 0.0 -1.0 0.0
  outer loop
    vertex 113.00000000000016 0.0 4.000000000000463
    vertex 217.0000000000005 0.0 4.590758683228416e-13
    vertex 209.0000000000005 0.0 4.000000000000463
  endloop
endfacet
facet normal 0.0 -1.0 0.0
  outer loop
    vertex 0.0 1.127986593019159e-13 40.6499996185303
    vertex 113.00000000000016 0.0 4.000000000000463
    vertex 110.0000000000002 0.0 25.00000000000046
  endloop
endfacet
facet normal 0.0 -1.0 0.0
  outer loop
    vertex 110.0000000000002 0.0 25.00000000000046
    vertex 113.00000000000016 0.0 4.000000000000463
    vertex 113.00000000000016 0.0 25.00000000000046
  endloop
endfacet
facet normal 0.0 -1.0 0.0
  outer loop
    vertex 0.0 1.127986593019159e-13 40.6499996185303
    vertex 110.0000000000002 0.0 25.00000000000046
    vertex 110.00000000000011 0.0 40.64999961853074
  endloop
endfacet
facet normal 3.578246272205023e-15 -0.6087594347226125 0.7933548705568052
  outer loop
    vertex 110.00000000000011 0.5857849121093138 42.06421279907273
    vertex 0.0 1.000000000000066 42.3820495605469
    vertex 0.0 0.5857849121094266 42.064212799072294
  endloop
endfacet
facet normal 3.578246272205023e-15 -0.6087594347226125 0.7933548705568052
  outer loop
    vertex 0.0 1.000000000000066 42.3820495605469
    vertex 110.00000000000011 0.5857849121093138 42.06421279907273
    vertex 110.00000000000011 0.999999999999953 42.382049560547344
  endloop
endfacet
facet normal 0.0 0.38268582654200195 0.9238785408071046
  outer loop
    vertex 113.00000000000016 111.65000152587902 24.35275650024461
    vertex 108.00000000000021 112.0600051879884 24.182926177978974
    vertex 108.00000000000021 111.65000152587902 24.35275650024461
  endloop
endfacet
facet normal 0.0 0.38268582654200195 0.9238785408071046
  outer loop
    vertex 108.00000000000021 112.0600051879884 24.182926177978974
    vertex 113.00000000000016 111.65000152587902 24.35275650024461
    vertex 113.00000000000016 112.0600051879884 24.182926177978974
  endloop
endfacet
facet normal 0.0 0.3826834323650931 -0.9238795325112854
  outer loop
    vertex 108.00000000000021 22.223542864692448 23.39777747886767
    vertex 105.00000000000017 21.500000000000007 23.098076211353778
    vertex 105.00000000000017 22.223542864692448 23.39777747886767
  endloop
endfacet
facet normal 0.0 0.3826834323650931 -0.9238795325112854
  outer loop
    vertex 105.00000000000017 21.500000000000007 23.098076211353778
    vertex 108.00000000000021 22.223542864692448 23.39777747886767
    vertex 108.00000000000021 21.500000000000007 23.098076211353778
  endloop
endfacet
facet normal 0.0 -0.9238797996363716 0.38268278746745044
  outer loop
    vertex 113.00000000000016 114.14207458496091 25.38500785827683
    vertex 108.00000000000021 113.97224426269538 24.97500038147019
    vertex 113.00000000000016 113.97224426269538 24.97500038147019
  endloop
endfacet
facet normal 0.0 -0.9238797996363716 0.38268278746745044
  outer loop
    vertex 108.00000000000021 113.97224426269538 24.97500038147019
    vertex 113.00000000000016 114.14207458496091 25.38500785827683
    vertex 108.00000000000021 114.14207458496091 25.38500785827683
  endloop
endfacet
facet normal 0.0 0.9914459698720214 0.13051777206391024
  outer loop
    vertex 108.00000000000021 110.80000305175794 25.825000762939904
    vertex 113.00000000000016 110.85792541503908 25.38500785827683
    vertex 108.00000000000021 110.85792541503908 25.38500785827683
  endloop
endfacet
facet normal 0.0 0.9914459698720214 0.13051777206391024
  outer loop
    vertex 113.00000000000016 110.85792541503908 25.38500785827683
    vertex 108.00000000000021 110.80000305175794 25.825000762939904
    vertex 113.00000000000016 110.80000305175794 25.825000762939904
  endloop
endfacet
facet normal 0.0 0.7933516604088391 -0.6087636182678282
  outer loop
    vertex 108.00000000000021 111.2979202270508 27.02708244323776
    vertex 113.00000000000016 111.02775573730479 26.674999237061016
    vertex 108.00000000000021 111.02775573730479 26.674999237061016
  endloop
endfacet
facet normal 0.0 0.7933516604088391 -0.6087636182678282
  outer loop
    vertex 113.00000000000016 111.02775573730479 26.674999237061016
    vertex 108.00000000000021 111.2979202270508 27.02708244323776
    vertex 113.00000000000016 111.2979202270508 27.02708244323776
  endloop
endfacet
facet normal 0.0 -0.13052622136607495 -0.9914448575366633
  outer loop
    vertex 113.00000000000016 23.439992904663086 22.142073631287083
    vertex 108.00000000000021 23.000000000000004 22.199999809265602
    vertex 108.00000000000021 23.439992904663086 22.142073631287083
  endloop
endfacet
facet normal 0.0 -0.13052622136607495 -0.9914448575366633
  outer loop
    vertex 108.00000000000021 23.000000000000004 22.199999809265602
    vertex 113.00000000000016 23.439992904663086 22.142073631287083
    vertex 113.00000000000016 23.000000000000004 22.199999809265602
  endloop
endfacet
facet normal 0.0 0.9238795325112905 -0.3826834323650808
  outer loop
    vertex 105.00000000000017 20.40192378864668 22.000000000000465
    vertex 108.00000000000021 20.1022225211328 21.276457135308025
    vertex 105.00000000000017 20.1022225211328 21.276457135308025
  endloop
endfacet
facet normal 0.0 0.9238795325112905 -0.3826834323650808
  outer loop
    vertex 108.00000000000021 20.1022225211328 21.276457135308025
    vertex 105.00000000000017 20.40192378864668 22.000000000000465
    vertex 108.00000000000021 20.40192378864668 22.000000000000465
  endloop
endfacet
facet normal 1.0 0.0 0.0
  outer loop
    vertex 8.000000000000256 76.10000000000029 3.000000000000035
    vertex 8.000000000000256 3.000000000000085 42.65000152587892
    vertex 8.000000000000256 3.000000000000085 3.0000000000000346
  endloop
endfacet
facet normal 1.0 0.0 0.0
  outer loop
    vertex 8.000000000000256 3.000000000000085 42.65000152587892
    vertex 8.000000000000256 76.10000000000029 3.000000000000035
    vertex 8.000000000000256 76.10000000000029 26.000000000000036
  endloop
endfacet
facet normal 1.0 0.0 0.0
  outer loop
    vertex 8.000000000000256 3.000000000000085 42.65000152587892
    vertex 8.000000000000256 76.10000000000029 26.000000000000036
    vertex 8.000000000000256 132.50000000000028 42.65000152587892
  endloop
endfacet
facet normal 1.0 0.0 0.0
  outer loop
    vertex 8.000000000000256 132.50000000000028 42.65000152587892
    vertex 8.000000000000256 76.10000000000029 26.000000000000036
    vertex 8.000000000000256 132.50000000000028 26.000000000000036
  endloop
endfacet
facet normal -0.0 -0.0 -1.0
  outer loop
    vertex 8.000000000000256 132.50000000000028 26.000000000000036
    vertex 1.8047785488306544e-13 76.10000000000029 26.000000000000014
    vertex 1.8047785488306544e-13 132.50000000000028 26.000000000000014
  endloop
endfacet
facet normal -0.0 -0.0 -1.0
  outer loop
    vertex 1.8047785488306544e-13 76.10000000000029 26.000000000000014
    vertex 8.000000000000256 132.50000000000028 26.000000000000036
    vertex 8.000000000000256 76.10000000000029 26.000000000000036
  endloop
endfacet
facet normal 0.0 1.0 0.0
  outer loop
    vertex 1.8047785488306544e-13 76.10000000000029 26.000000000000014
    vertex 8.000000000000256 76.10000000000029 3.000000000000035
    vertex 1.8047785488306544e-13 76.10000000000029 3.0000000000000133
  endloop
endfacet
facet normal 0.0 1.0 0.0
  outer loop
    vertex 8.000000000000256 76.10000000000029 3.000000000000035
    vertex 1.8047785488306544e-13 76.10000000000029 26.000000000000014
    vertex 8.000000000000256 76.10000000000029 26.000000000000036
  endloop
endfacet
facet normal -4.306557412115828e-15 -4.9777579068804074e-17 1.0
  outer loop
    vertex 86.69999980926505 79.80000076293989 3.000000000000035
    vertex 86.8022223303978 128.0235426739584 3.000000000000035
    vertex 86.69999980926495 128.79999980926593 3.000000000000035
  endloop
endfacet
facet normal -4.306557412115828e-15 -4.9777579068804074e-17 1.0
  outer loop
    vertex 86.8022223303978 128.0235426739584 3.000000000000035
    vertex 86.69999980926505 79.80000076293989 3.000000000000035
    vertex 86.80222233039788 80.57645789824747 3.000000000000035
  endloop
endfacet
facet normal -4.306557412115828e-15 -4.9777579068804074e-17 1.0
  outer loop
    vertex 86.8022223303978 128.0235426739584 3.000000000000035
    vertex 86.80222233039788 80.57645789824747 3.000000000000035
    vertex 87.10192359791165 127.29999980926591 3.000000000000035
  endloop
endfacet
facet normal -4.306557412115828e-15 -4.9777579068804074e-17 1.0
  outer loop
    vertex 87.10192359791165 127.29999980926591 3.000000000000035
    vertex 86.80222233039788 80.57645789824747 3.000000000000035
    vertex 87.10192359791174 81.30000076293992 3.000000000000035
  endloop
endfacet
facet normal -4.306557412115828e-15 -4.9777579068804074e-17 1.0
  outer loop
    vertex 87.10192359791165 127.29999980926591 3.000000000000035
    vertex 87.10192359791174 81.30000076293992 3.000000000000035
    vertex 87.5786794657053 126.67867946570625 3.000000000000035
  endloop
endfacet
facet normal -4.306557412115828e-15 -4.9777579068804074e-17 1.0
  outer loop
    vertex 87.5786794657053 126.67867946570625 3.000000000000035
    vertex 87.10192359791174 81.30000076293992 3.000000000000035
    vertex 87.57867946570539 81.92132110649956 3.000000000000035
  endloop
endfacet
facet normal -4.306557412115828e-15 -4.9777579068804074e-17 1.0
  outer loop
    vertex 87.5786794657053 126.67867946570625 3.000000000000035
    vertex 87.57867946570539 81.92132110649956 3.000000000000035
    vertex 88.19999980926498 126.2019235979126 3.000000000000035
  endloop
endfacet
facet normal -4.306557412115828e-15 -4.9777579068804074e-17 1.0
  outer loop
    vertex 88.19999980926498 126.2019235979126 3.000000000000035
    vertex 87.57867946570539 81.92132110649956 3.000000000000035
    vertex 88.19999980926507 82.39807697429323 3.000000000000035
  endloop
endfacet
facet normal -4.306557412115828e-15 -4.9777579068804074e-17 1.0
  outer loop
    vertex 88.19999980926498 126.2019235979126 3.000000000000035
    vertex 88.19999980926507 82.39807697429323 3.000000000000035
    vertex 88.9235426739574 125.90222233039869 3.000000000000035
  endloop
endfacet
facet normal -4.306557412115828e-15 -4.9777579068804074e-17 1.0
  outer loop
    vertex 88.9235426739574 125.90222233039869 3.000000000000035
    vertex 88.19999980926507 82.39807697429323 3.000000000000035
    vertex 88.92354267395748 82.69777824180714 3.000000000000035
  endloop
endfacet
facet normal -4.306557412115828e-15 -4.9777579068804074e-17 1.0
  outer loop
    vertex 88.9235426739574 125.90222233039869 3.000000000000035
    vertex 88.92354267395748 82.69777824180714 3.000000000000035
    vertex 89.699999809265 125.7999998092659 3.000000000000035
  endloop
endfacet
facet normal -4.306557412115828e-15 -4.9777579068804074e-17 1.0
  outer loop
    vertex 89.699999809265 125.7999998092659 3.000000000000035
    vertex 88.92354267395748 82.69777824180714 3.000000000000035
    vertex 89.69999980926508 82.80000076293993 3.000000000000035
  endloop
endfacet
facet normal -4.306557412115828e-15 -4.9777579068804074e-17 1.0
  outer loop
    vertex 89.699999809265 125.7999998092659 3.000000000000035
    vertex 89.69999980926508 82.80000076293993 3.000000000000035
    vertex 90.4764569445726 125.90222233039869 3.000000000000035
  endloop
endfacet
facet normal -4.306557412115828e-15 -4.9777579068804074e-17 1.0
  outer loop
    vertex 90.4764569445726 125.90222233039869 3.000000000000035
    vertex 89.69999980926508 82.80000076293993 3.000000000000035
    vertex 90.47645694457269 82.69777824180714 3.000000000000035
  endloop
endfacet
facet normal -4.306557412115828e-15 -4.9777579068804074e-17 1.0
  outer loop
    vertex 90.4764569445726 125.90222233039869 3.000000000000035
    vertex 90.47645694457269 82.69777824180714 3.000000000000035
    vertex 91.19999980926501 126.2019235979126 3.000000000000035
  endloop
endfacet
facet normal -4.306557412115828e-15 -4.9777579068804074e-17 1.0
  outer loop
    vertex 91.19999980926501 126.2019235979126 3.000000000000035
    vertex 90.47645694457269 82.69777824180714 3.000000000000035
    vertex 91.19999980926511 82.39807697429323 3.000000000000035
  endloop
endfacet
facet normal -4.306557412115828e-15 -4.9777579068804074e-17 1.0
  outer loop
    vertex 91.19999980926501 126.2019235979126 3.000000000000035
    vertex 91.19999980926511 82.39807697429323 3.000000000000035
    vertex 91.82132015282468 126.67867946570625 3.000000000000035
  endloop
endfacet
facet normal -4.306557412115828e-15 -4.9777579068804074e-17 1.0
  outer loop
    vertex 91.82132015282468 126.67867946570625 3.000000000000035
    vertex 91.19999980926511 82.39807697429323 3.000000000000035
    vertex 91.82132015282478 81.92132110649956 3.000000000000035
  endloop
endfacet
facet normal -4.306557412115828e-15 -4.9777579068804074e-17 1.0
  outer loop
    vertex 91.82132015282468 126.67867946570625 3.000000000000035
    vertex 91.82132015282478 81.92132110649956 3.000000000000035
    vertex 92.29807602061834 127.29999980926591 3.000000000000035
  endloop
endfacet
facet normal -4.306557412115828e-15 -4.9777579068804074e-17 1.0
  outer loop
    vertex 92.29807602061834 127.29999980926591 3.000000000000035
    vertex 91.82132015282478 81.92132110649956 3.000000000000035
    vertex 92.29807602061844 81.30000076293992 3.000000000000035
  endloop
endfacet
facet normal -4.306557412115828e-15 -4.9777579068804074e-17 1.0
  outer loop
    vertex 92.29807602061834 127.29999980926591 3.000000000000035
    vertex 92.29807602061844 81.30000076293992 3.000000000000035
    vertex 92.5977772881322 128.0235426739584 3.000000000000035
  endloop
endfacet
facet normal -4.306557412115828e-15 -4.9777579068804074e-17 1.0
  outer loop
    vertex 92.5977772881322 128.0235426739584 3.000000000000035
    vertex 92.29807602061844 81.30000076293992 3.000000000000035
    vertex 92.59777728813229 80.57645789824747 3.000000000000035
  endloop
endfacet
facet normal -4.306557412115828e-15 -4.9777579068804074e-17 1.0
  outer loop
    vertex 92.5977772881322 128.0235426739584 3.000000000000035
    vertex 92.59777728813229 80.57645789824747 3.000000000000035
    vertex 92.69999980926504 128.79999980926593 3.000000000000035
  endloop
endfacet
facet normal -4.306557412115828e-15 -4.9777579068804074e-17 1.0
  outer loop
    vertex 92.69999980926504 128.79999980926593 3.000000000000035
    vertex 92.59777728813229 80.57645789824747 3.000000000000035
    vertex 92.69999980926512 79.80000076293989 3.000000000000035
  endloop
endfacet
facet normal -4.306557412115828e-15 -4.9777579068804074e-17 1.0
  outer loop
    vertex 105.00000000000026 2.9999999999999947 3.0000000000004596
    vertex 8.000000000000256 76.10000000000029 3.000000000000035
    vertex 8.000000000000256 3.000000000000085 3.0000000000000346
  endloop
endfacet
facet normal -4.306557412115828e-15 -4.9777579068804074e-17 1.0
  outer loop
    vertex 8.000000000000256 76.10000000000029 3.000000000000035
    vertex 105.00000000000026 2.9999999999999947 3.0000000000004596
    vertex 29.553797149116072 77.75028610175323 3.000000000000035
  endloop
endfacet
facet normal -4.306557412115828e-15 -4.9777579068804074e-17 1.0
  outer loop
    vertex 8.000000000000256 76.10000000000029 3.000000000000035
    vertex 29.553797149116072 77.75028610175323 3.000000000000035
    vertex 29.07704128132242 78.37160644531289 3.000000000000035
  endloop
endfacet
facet normal -4.306557412115828e-15 -4.9777579068804074e-17 1.0
  outer loop
    vertex 8.000000000000256 76.10000000000029 3.000000000000035
    vertex 29.07704128132242 78.37160644531289 3.000000000000035
    vertex 28.77734001380856 79.09514931000533 3.000000000000035
  endloop
endfacet
facet normal -4.306557412115828e-15 -4.9777579068804074e-17 1.0
  outer loop
    vertex 8.000000000000256 76.10000000000029 3.000000000000035
    vertex 28.77734001380856 79.09514931000533 3.000000000000035
    vertex 28.675117492675724 79.8716064453129 3.000000000000035
  endloop
endfacet
facet normal -4.306557412115828e-15 -4.9777579068804074e-17 1.0
  outer loop
    vertex 29.553797149116072 77.75028610175323 3.000000000000035
    vertex 105.00000000000026 2.9999999999999947 3.0000000000004596
    vertex 30.175117492675746 77.27353023395956 3.000000000000035
  endloop
endfacet
facet normal -4.306557412115828e-15 -4.9777579068804074e-17 1.0
  outer loop
    vertex 30.175117492675746 77.27353023395956 3.000000000000035
    vertex 105.00000000000026 2.9999999999999947 3.0000000000004596
    vertex 30.89866035736816 76.97382896644567 3.000000000000035
  endloop
endfacet
facet normal -4.306557412115828e-15 -4.9777579068804074e-17 1.0
  outer loop
    vertex 30.89866035736816 76.97382896644567 3.000000000000035
    vertex 105.00000000000026 2.9999999999999947 3.0000000000004596
    vertex 31.675117492675763 76.87160644531286 3.000000000000035
  endloop
endfacet
facet normal -4.306557412115828e-15 -4.9777579068804074e-17 1.0
  outer loop
    vertex 31.675117492675763 76.87160644531286 3.000000000000035
    vertex 105.00000000000026 2.9999999999999947 3.0000000000004596
    vertex 32.45157462798337 76.97382896644567 3.000000000000035
  endloop
endfacet
facet normal -4.306557412115828e-15 -4.9777579068804074e-17 1.0
  outer loop
    vertex 32.45157462798337 76.97382896644567 3.000000000000035
    vertex 105.00000000000026 2.9999999999999947 3.0000000000004596
    vertex 33.17511749267578 77.27353023395956 3.000000000000035
  endloop
endfacet
facet normal -4.306557412115828e-15 -4.9777579068804074e-17 1.0
  outer loop
    vertex 33.17511749267578 77.27353023395956 3.000000000000035
    vertex 105.00000000000026 2.9999999999999947 3.0000000000004596
    vertex 33.796437836235455 77.75028610175323 3.000000000000035
  endloop
endfacet
facet normal -4.306557412115828e-15 -4.9777579068804074e-17 1.0
  outer loop
    vertex 33.796437836235455 77.75028610175323 3.000000000000035
    vertex 105.00000000000026 2.9999999999999947 3.0000000000004596
    vertex 34.27319370402911 78.37160644531289 3.000000000000035
  endloop
endfacet
facet normal -4.306557412115828e-15 -4.9777579068804074e-17 1.0
  outer loop
    vertex 34.27319370402911 78.37160644531289 3.000000000000035
    vertex 105.00000000000026 2.9999999999999947 3.0000000000004596
    vertex 34.57289497154297 79.09514931000533 3.000000000000035
  endloop
endfacet
facet normal -4.306557412115828e-15 -4.9777579068804074e-17 1.0
  outer loop
    vertex 34.57289497154297 79.09514931000533 3.000000000000035
    vertex 105.00000000000026 2.9999999999999947 3.0000000000004596
    vertex 34.6751174926758 79.8716064453129 3.000000000000035
  endloop
endfacet
facet normal -4.306557412115828e-15 -4.9777579068804074e-17 1.0
  outer loop
    vertex 34.6751174926758 79.8716064453129 3.000000000000035
    vertex 105.00000000000026 2.9999999999999947 3.0000000000004596
    vertex 34.6999969482422 128.79999980926567 3.000000000000035
  endloop
endfacet
facet normal -4.306557412115828e-15 -4.9777579068804074e-17 1.0
  outer loop
    vertex 34.6999969482422 128.79999980926567 3.000000000000035
    vertex 105.00000000000026 2.9999999999999947 3.0000000000004596
    vertex 86.80222233039788 79.02354362763231 3.000000000000035
  endloop
endfacet
facet normal -4.306557412115828e-15 -4.9777579068804074e-17 1.0
  outer loop
    vertex 34.6999969482422 128.79999980926567 3.000000000000035
    vertex 86.80222233039788 79.02354362763231 3.000000000000035
    vertex 86.69999980926505 79.80000076293989 3.000000000000035
  endloop
endfacet
facet normal -4.306557412115828e-15 -4.9777579068804074e-17 1.0
  outer loop
    vertex 34.6999969482422 128.79999980926567 3.000000000000035
    vertex 86.69999980926505 79.80000076293989 3.000000000000035
    vertex 86.69999980926495 128.79999980926593 3.000000000000035
  endloop
endfacet
facet normal -4.306557412115828e-15 -4.9777579068804074e-17 1.0
  outer loop
    vertex 86.80222233039788 79.02354362763231 3.000000000000035
    vertex 105.00000000000026 2.9999999999999947 3.0000000000004596
    vertex 87.10192359791174 78.30000076293987 3.000000000000035
  endloop
endfacet
facet normal -4.306557412115828e-15 -4.9777579068804074e-17 1.0
  outer loop
    vertex 87.10192359791174 78.30000076293987 3.000000000000035
    vertex 105.00000000000026 2.9999999999999947 3.0000000000004596
    vertex 87.57867946570539 77.67868041938021 3.000000000000035
  endloop
endfacet
facet normal -4.306557412115828e-15 -4.9777579068804074e-17 1.0
  outer loop
    vertex 87.57867946570539 77.67868041938021 3.000000000000035
    vertex 105.00000000000026 2.9999999999999947 3.0000000000004596
    vertex 88.19999980926507 77.20192455158654 3.000000000000035
  endloop
endfacet
facet normal -4.306557412115828e-15 -4.9777579068804074e-17 1.0
  outer loop
    vertex 88.19999980926507 77.20192455158654 3.000000000000035
    vertex 105.00000000000026 2.9999999999999947 3.0000000000004596
    vertex 88.92354267395748 76.90222328407265 3.000000000000035
  endloop
endfacet
facet normal -4.306557412115828e-15 -4.9777579068804074e-17 1.0
  outer loop
    vertex 88.92354267395748 76.90222328407265 3.000000000000035
    vertex 105.00000000000026 2.9999999999999947 3.0000000000004596
    vertex 89.69999980926508 76.80000076293985 3.000000000000035
  endloop
endfacet
facet normal -4.306557412115828e-15 -4.9777579068804074e-17 1.0
  outer loop
    vertex 89.69999980926508 76.80000076293985 3.000000000000035
    vertex 105.00000000000026 2.9999999999999947 3.0000000000004596
    vertex 90.47645694457269 76.90222328407265 3.000000000000035
  endloop
endfacet
facet normal -4.306557412115828e-15 -4.9777579068804074e-17 1.0
  outer loop
    vertex 90.47645694457269 76.90222328407265 3.000000000000035
    vertex 105.00000000000026 2.9999999999999947 3.0000000000004596
    vertex 91.19999980926511 77.20192455158654 3.000000000000035
  endloop
endfacet
facet normal -4.306557412115828e-15 -4.9777579068804074e-17 1.0
  outer loop
    vertex 91.19999980926511 77.20192455158654 3.000000000000035
    vertex 105.00000000000026 2.9999999999999947 3.0000000000004596
    vertex 91.82132015282478 77.67868041938021 3.000000000000035
  endloop
endfacet
facet normal -4.306557412115828e-15 -4.9777579068804074e-17 1.0
  outer loop
    vertex 91.82132015282478 77.67868041938021 3.000000000000035
    vertex 105.00000000000026 2.9999999999999947 3.0000000000004596
    vertex 92.29807602061844 78.30000076293987 3.000000000000035
  endloop
endfacet
facet normal -4.306557412115828e-15 -4.9777579068804074e-17 1.0
  outer loop
    vertex 92.29807602061844 78.30000076293987 3.000000000000035
    vertex 105.00000000000026 2.9999999999999947 3.0000000000004596
    vertex 92.59777728813229 79.02354362763231 3.000000000000035
  endloop
endfacet
facet normal -4.306557412115828e-15 -4.9777579068804074e-17 1.0
  outer loop
    vertex 92.59777728813229 79.02354362763231 3.000000000000035
    vertex 105.00000000000026 2.9999999999999947 3.0000000000004596
    vertex 92.69999980926512 79.80000076293989 3.000000000000035
  endloop
endfacet
facet normal -4.306557412115828e-15 -4.9777579068804074e-17 1.0
  outer loop
    vertex 8.000000000000256 76.10000000000029 3.000000000000035
    vertex 1.8047785488306544e-13 132.50000000000028 3.0000000000000133
    vertex 1.8047785488306544e-13 76.10000000000029 3.0000000000000133
  endloop
endfacet
facet normal -4.306557412115828e-15 -4.9777579068804074e-17 1.0
  outer loop
    vertex 1.8047785488306544e-13 132.50000000000028 3.0000000000000133
    vertex 8.000000000000256 76.10000000000029 3.000000000000035
    vertex 28.802219469374958 129.57645694457324 3.000000000000035
  endloop
endfacet
facet normal -4.306557412115828e-15 -4.9777579068804074e-17 1.0
  outer loop
    vertex 1.8047785488306544e-13 132.50000000000028 3.0000000000000133
    vertex 28.802219469374958 129.57645694457324 3.000000000000035
    vertex 29.101920736888818 130.2999998092657 3.000000000000035
  endloop
endfacet
facet normal -4.306557412115828e-15 -4.9777579068804074e-17 1.0
  outer loop
    vertex 1.8047785488306544e-13 132.50000000000028 3.0000000000000133
    vertex 29.101920736888818 130.2999998092657 3.000000000000035
    vertex 29.57867660468247 130.9213201528253 3.000000000000035
  endloop
endfacet
facet normal -4.306557412115828e-15 -4.9777579068804074e-17 1.0
  outer loop
    vertex 1.8047785488306544e-13 132.50000000000028 3.0000000000000133
    vertex 29.57867660468247 130.9213201528253 3.000000000000035
    vertex 30.199996948242145 131.39807602061902 3.000000000000035
  endloop
endfacet
facet normal -4.306557412115828e-15 -4.9777579068804074e-17 1.0
  outer loop
    vertex 1.8047785488306544e-13 132.50000000000028 3.0000000000000133
    vertex 30.199996948242145 131.39807602061902 3.000000000000035
    vertex 30.92353981293456 131.69777728813293 3.000000000000035
  endloop
endfacet
facet normal -4.306557412115828e-15 -4.9777579068804074e-17 1.0
  outer loop
    vertex 1.8047785488306544e-13 132.50000000000028 3.0000000000000133
    vertex 30.92353981293456 131.69777728813293 3.000000000000035
    vertex 31.699996948242163 131.7999998092657 3.000000000000035
  endloop
endfacet
facet normal -4.306557412115828e-15 -4.9777579068804074e-17 1.0
  outer loop
    vertex 1.8047785488306544e-13 132.50000000000028 3.0000000000000133
    vertex 31.699996948242163 131.7999998092657 3.000000000000035
    vertex 105.00000000000026 132.5000000000002 3.0000000000004596
  endloop
endfacet
facet normal -4.306557412115828e-15 -4.9777579068804074e-17 1.0
  outer loop
    vertex 28.802219469374958 129.57645694457324 3.000000000000035
    vertex 8.000000000000256 76.10000000000029 3.000000000000035
    vertex 28.699996948242124 128.79999980926567 3.000000000000035
  endloop
endfacet
facet normal -4.306557412115828e-15 -4.9777579068804074e-17 1.0
  outer loop
    vertex 28.699996948242124 128.79999980926567 3.000000000000035
    vertex 8.000000000000256 76.10000000000029 3.000000000000035
    vertex 28.675117492675724 79.8716064453129 3.000000000000035
  endloop
endfacet
facet normal -4.306557412115828e-15 -4.9777579068804074e-17 1.0
  outer loop
    vertex 105.00000000000026 132.5000000000002 3.0000000000004596
    vertex 31.699996948242163 131.7999998092657 3.000000000000035
    vertex 32.47645408354977 131.69777728813293 3.000000000000035
  endloop
endfacet
facet normal -4.306557412115828e-15 -4.9777579068804074e-17 1.0
  outer loop
    vertex 105.00000000000026 132.5000000000002 3.0000000000004596
    vertex 32.47645408354977 131.69777728813293 3.000000000000035
    vertex 33.19999694824218 131.39807602061902 3.000000000000035
  endloop
endfacet
facet normal -4.306557412115828e-15 -4.9777579068804074e-17 1.0
  outer loop
    vertex 105.00000000000026 132.5000000000002 3.0000000000004596
    vertex 33.19999694824218 131.39807602061902 3.000000000000035
    vertex 33.821317291801854 130.92132015282536 3.000000000000035
  endloop
endfacet
facet normal -4.306557412115828e-15 -4.9777579068804074e-17 1.0
  outer loop
    vertex 105.00000000000026 132.5000000000002 3.0000000000004596
    vertex 33.821317291801854 130.92132015282536 3.000000000000035
    vertex 34.29807315959551 130.2999998092657 3.000000000000035
  endloop
endfacet
facet normal -4.306557412115828e-15 -4.9777579068804074e-17 1.0
  outer loop
    vertex 105.00000000000026 132.5000000000002 3.0000000000004596
    vertex 34.29807315959551 130.2999998092657 3.000000000000035
    vertex 34.59777442710937 129.57645694457324 3.000000000000035
  endloop
endfacet
facet normal -4.306557412115828e-15 -4.9777579068804074e-17 1.0
  outer loop
    vertex 105.00000000000026 132.5000000000002 3.0000000000004596
    vertex 34.59777442710937 129.57645694457324 3.000000000000035
    vertex 89.699999809265 131.79999980926598 3.000000000000035
  endloop
endfacet
facet normal -4.306557412115828e-15 -4.9777579068804074e-17 1.0
  outer loop
    vertex 89.699999809265 131.79999980926598 3.000000000000035
    vertex 34.59777442710937 129.57645694457324 3.000000000000035
    vertex 34.6999969482422 128.79999980926567 3.000000000000035
  endloop
endfacet
facet normal -4.306557412115828e-15 -4.9777579068804074e-17 1.0
  outer loop
    vertex 89.699999809265 131.79999980926598 3.000000000000035
    vertex 34.6999969482422 128.79999980926567 3.000000000000035
    vertex 88.9235426739574 131.69777728813318 3.000000000000035
  endloop
endfacet
facet normal -4.306557412115828e-15 -4.9777579068804074e-17 1.0
  outer loop
    vertex 88.9235426739574 131.69777728813318 3.000000000000035
    vertex 34.6999969482422 128.79999980926567 3.000000000000035
    vertex 88.19999980926498 131.39807602061927 3.000000000000035
  endloop
endfacet
facet normal -4.306557412115828e-15 -4.9777579068804074e-17 1.0
  outer loop
    vertex 88.19999980926498 131.39807602061927 3.000000000000035
    vertex 34.6999969482422 128.79999980926567 3.000000000000035
    vertex 87.5786794657053 130.9213201528256 3.000000000000035
  endloop
endfacet
facet normal -4.306557412115828e-15 -4.9777579068804074e-17 1.0
  outer loop
    vertex 87.5786794657053 130.9213201528256 3.000000000000035
    vertex 34.6999969482422 128.79999980926567 3.000000000000035
    vertex 87.10192359791165 130.29999980926596 3.000000000000035
  endloop
endfacet
facet normal -4.306557412115828e-15 -4.9777579068804074e-17 1.0
  outer loop
    vertex 87.10192359791165 130.29999980926596 3.000000000000035
    vertex 34.6999969482422 128.79999980926567 3.000000000000035
    vertex 86.8022223303978 129.5764569445735 3.000000000000035
  endloop
endfacet
facet normal -4.306557412115828e-15 -4.9777579068804074e-17 1.0
  outer loop
    vertex 86.8022223303978 129.5764569445735 3.000000000000035
    vertex 34.6999969482422 128.79999980926567 3.000000000000035
    vertex 86.69999980926495 128.79999980926593 3.000000000000035
  endloop
endfacet
facet normal -4.306557412115828e-15 -4.9777579068804074e-17 1.0
  outer loop
    vertex 105.00000000000026 132.5000000000002 3.0000000000004596
    vertex 89.699999809265 131.79999980926598 3.000000000000035
    vertex 90.4764569445726 131.69777728813318 3.000000000000035
  endloop
endfacet
facet normal -4.306557412115828e-15 -4.9777579068804074e-17 1.0
  outer loop
    vertex 105.00000000000026 132.5000000000002 3.0000000000004596
    vertex 90.4764569445726 131.69777728813318 3.000000000000035
    vertex 91.19999980926501 131.39807602061927 3.000000000000035
  endloop
endfacet
facet normal -4.306557412115828e-15 -4.9777579068804074e-17 1.0
  outer loop
    vertex 105.00000000000026 132.5000000000002 3.0000000000004596
    vertex 91.19999980926501 131.39807602061927 3.000000000000035
    vertex 91.82132015282468 130.92132015282564 3.000000000000035
  endloop
endfacet
facet normal -4.306557412115828e-15 -4.9777579068804074e-17 1.0
  outer loop
    vertex 105.00000000000026 132.5000000000002 3.0000000000004596
    vertex 91.82132015282468 130.92132015282564 3.000000000000035
    vertex 92.29807602061834 130.29999980926596 3.000000000000035
  endloop
endfacet
facet normal -4.306557412115828e-15 -4.9777579068804074e-17 1.0
  outer loop
    vertex 105.00000000000026 132.5000000000002 3.0000000000004596
    vertex 92.29807602061834 130.29999980926596 3.000000000000035
    vertex 92.5977772881322 129.5764569445735 3.000000000000035
  endloop
endfacet
facet normal -4.306557412115828e-15 -4.9777579068804074e-17 1.0
  outer loop
    vertex 105.00000000000026 132.5000000000002 3.0000000000004596
    vertex 92.5977772881322 129.5764569445735 3.000000000000035
    vertex 92.69999980926504 128.79999980926593 3.000000000000035
  endloop
endfacet
facet normal -4.306557412115828e-15 -4.9777579068804074e-17 1.0
  outer loop
    vertex 105.00000000000026 132.5000000000002 3.0000000000004596
    vertex 92.69999980926504 128.79999980926593 3.000000000000035
    vertex 92.69999980926512 79.80000076293989 3.000000000000035
  endloop
endfacet
facet normal -4.306557412115828e-15 -4.9777579068804074e-17 1.0
  outer loop
    vertex 105.00000000000026 132.5000000000002 3.0000000000004596
    vertex 92.69999980926512 79.80000076293989 3.000000000000035
    vertex 105.00000000000026 2.9999999999999947 3.0000000000004596
  endloop
endfacet
facet normal -4.306557412115828e-15 -4.9777579068804074e-17 1.0
  outer loop
    vertex 28.77734001380856 80.64806358062049 3.000000000000035
    vertex 28.699996948242124 128.79999980926567 3.000000000000035
    vertex 28.675117492675724 79.8716064453129 3.000000000000035
  endloop
endfacet
facet normal -4.306557412115828e-15 -4.9777579068804074e-17 1.0
  outer loop
    vertex 28.699996948242124 128.79999980926567 3.000000000000035
    vertex 28.77734001380856 80.64806358062049 3.000000000000035
    vertex 28.802219469374958 128.0235426739581 3.000000000000035
  endloop
endfacet
facet normal -4.306557412115828e-15 -4.9777579068804074e-17 1.0
  outer loop
    vertex 28.802219469374958 128.0235426739581 3.000000000000035
    vertex 28.77734001380856 80.64806358062049 3.000000000000035
    vertex 29.07704128132242 81.37160644531293 3.000000000000035
  endloop
endfacet
facet normal -4.306557412115828e-15 -4.9777579068804074e-17 1.0
  outer loop
    vertex 28.802219469374958 128.0235426739581 3.000000000000035
    vertex 29.07704128132242 81.37160644531293 3.000000000000035
    vertex 29.101920736888818 127.29999980926564 3.000000000000035
  endloop
endfacet
facet normal -4.306557412115828e-15 -4.9777579068804074e-17 1.0
  outer loop
    vertex 29.101920736888818 127.29999980926564 3.000000000000035
    vertex 29.07704128132242 81.37160644531293 3.000000000000035
    vertex 29.553797149116072 81.99292678887258 3.000000000000035
  endloop
endfacet
facet normal -4.306557412115828e-15 -4.9777579068804074e-17 1.0
  outer loop
    vertex 29.101920736888818 127.29999980926564 3.000000000000035
    vertex 29.553797149116072 81.99292678887258 3.000000000000035
    vertex 29.57867660468247 126.67867946570597 3.000000000000035
  endloop
endfacet
facet normal -4.306557412115828e-15 -4.9777579068804074e-17 1.0
  outer loop
    vertex 29.57867660468247 126.67867946570597 3.000000000000035
    vertex 29.553797149116072 81.99292678887258 3.000000000000035
    vertex 30.175117492675746 82.46968265666625 3.000000000000035
  endloop
endfacet
facet normal -4.306557412115828e-15 -4.9777579068804074e-17 1.0
  outer loop
    vertex 29.57867660468247 126.67867946570597 3.000000000000035
    vertex 30.175117492675746 82.46968265666625 3.000000000000035
    vertex 30.199996948242145 126.20192359791233 3.000000000000035
  endloop
endfacet
facet normal -4.306557412115828e-15 -4.9777579068804074e-17 1.0
  outer loop
    vertex 30.199996948242145 126.20192359791233 3.000000000000035
    vertex 30.175117492675746 82.46968265666625 3.000000000000035
    vertex 30.89866035736816 82.76938392418016 3.000000000000035
  endloop
endfacet
facet normal -4.306557412115828e-15 -4.9777579068804074e-17 1.0
  outer loop
    vertex 30.199996948242145 126.20192359791233 3.000000000000035
    vertex 30.89866035736816 82.76938392418016 3.000000000000035
    vertex 30.92353981293456 125.90222233039842 3.000000000000035
  endloop
endfacet
facet normal -4.306557412115828e-15 -4.9777579068804074e-17 1.0
  outer loop
    vertex 30.92353981293456 125.90222233039842 3.000000000000035
    vertex 30.89866035736816 82.76938392418016 3.000000000000035
    vertex 31.675117492675763 82.87160644531295 3.000000000000035
  endloop
endfacet
facet normal -4.306557412115828e-15 -4.9777579068804074e-17 1.0
  outer loop
    vertex 30.92353981293456 125.90222233039842 3.000000000000035
    vertex 31.675117492675763 82.87160644531295 3.000000000000035
    vertex 31.699996948242163 125.79999980926563 3.000000000000035
  endloop
endfacet
facet normal -4.306557412115828e-15 -4.9777579068804074e-17 1.0
  outer loop
    vertex 31.699996948242163 125.79999980926563 3.000000000000035
    vertex 31.675117492675763 82.87160644531295 3.000000000000035
    vertex 32.45157462798337 82.76938392418016 3.000000000000035
  endloop
endfacet
facet normal -4.306557412115828e-15 -4.9777579068804074e-17 1.0
  outer loop
    vertex 31.699996948242163 125.79999980926563 3.000000000000035
    vertex 32.45157462798337 82.76938392418016 3.000000000000035
    vertex 32.47645408354977 125.90222233039842 3.000000000000035
  endloop
endfacet
facet normal -4.306557412115828e-15 -4.9777579068804074e-17 1.0
  outer loop
    vertex 32.47645408354977 125.90222233039842 3.000000000000035
    vertex 32.45157462798337 82.76938392418016 3.000000000000035
    vertex 33.17511749267578 82.46968265666625 3.000000000000035
  endloop
endfacet
facet normal -4.306557412115828e-15 -4.9777579068804074e-17 1.0
  outer loop
    vertex 32.47645408354977 125.90222233039842 3.000000000000035
    vertex 33.17511749267578 82.46968265666625 3.000000000000035
    vertex 33.19999694824218 126.20192359791233 3.000000000000035
  endloop
endfacet
facet normal -4.306557412115828e-15 -4.9777579068804074e-17 1.0
  outer loop
    vertex 33.19999694824218 126.20192359791233 3.000000000000035
    vertex 33.17511749267578 82.46968265666625 3.000000000000035
    vertex 33.796437836235455 81.99292678887258 3.000000000000035
  endloop
endfacet
facet normal -4.306557412115828e-15 -4.9777579068804074e-17 1.0
  outer loop
    vertex 33.19999694824218 126.20192359791233 3.000000000000035
    vertex 33.796437836235455 81.99292678887258 3.000000000000035
    vertex 33.821317291801854 126.67867946570597 3.000000000000035
  endloop
endfacet
facet normal -4.306557412115828e-15 -4.9777579068804074e-17 1.0
  outer loop
    vertex 33.821317291801854 126.67867946570597 3.000000000000035
    vertex 33.796437836235455 81.99292678887258 3.000000000000035
    vertex 34.27319370402911 81.37160644531293 3.000000000000035
  endloop
endfacet
facet normal -4.306557412115828e-15 -4.9777579068804074e-17 1.0
  outer loop
    vertex 33.821317291801854 126.67867946570597 3.000000000000035
    vertex 34.27319370402911 81.37160644531293 3.000000000000035
    vertex 34.29807315959551 127.29999980926564 3.000000000000035
  endloop
endfacet
facet normal -4.306557412115828e-15 -4.9777579068804074e-17 1.0
  outer loop
    vertex 34.29807315959551 127.29999980926564 3.000000000000035
    vertex 34.27319370402911 81.37160644531293 3.000000000000035
    vertex 34.57289497154297 80.64806358062049 3.000000000000035
  endloop
endfacet
facet normal -4.306557412115828e-15 -4.9777579068804074e-17 1.0
  outer loop
    vertex 34.29807315959551 127.29999980926564 3.000000000000035
    vertex 34.57289497154297 80.64806358062049 3.000000000000035
    vertex 34.59777442710937 128.0235426739581 3.000000000000035
  endloop
endfacet
facet normal -4.306557412115828e-15 -4.9777579068804074e-17 1.0
  outer loop
    vertex 34.59777442710937 128.0235426739581 3.000000000000035
    vertex 34.57289497154297 80.64806358062049 3.000000000000035
    vertex 34.6751174926758 79.8716064453129 3.000000000000035
  endloop
endfacet
facet normal -4.306557412115828e-15 -4.9777579068804074e-17 1.0
  outer loop
    vertex 34.59777442710937 128.0235426739581 3.000000000000035
    vertex 34.6751174926758 79.8716064453129 3.000000000000035
    vertex 34.6999969482422 128.79999980926567 3.000000000000035
  endloop
endfacet
facet normal 0.793353340291212 0.608761429008751 0.0
  outer loop
    vertex 30.59258573794519 79.24660644531298 1.000000000000035
    vertex 30.79123401619257 78.9877229688298 6.000000000000035
    vertex 30.79123401619257 78.9877229688298 1.000000000000035
  endloop
endfacet
facet normal 0.793353340291212 0.608761429008751 0.0
  outer loop
    vertex 30.79123401619257 78.9877229688298 6.000000000000035
    vertex 30.59258573794519 79.24660644531298 1.000000000000035
    vertex 30.59258573794519 79.24660644531298 6.000000000000035
  endloop
endfacet
facet normal 0.9914448613738096 -0.13052619222005837 0.0
  outer loop
    vertex 30.467710209814445 80.19513025169114 1.000000000000035
    vertex 30.425117492675778 79.871606445313 6.000000000000035
    vertex 30.425117492675778 79.871606445313 1.000000000000035
  endloop
endfacet
facet normal 0.9914448613738096 -0.13052619222005837 0.0
  outer loop
    vertex 30.425117492675778 79.871606445313 6.000000000000035
    vertex 30.467710209814445 80.19513025169114 1.000000000000035
    vertex 30.467710209814445 80.19513025169114 6.000000000000035
  endloop
endfacet
facet normal 0.38268343236518104 0.9238795325112489 0.0
  outer loop
    vertex 31.050117492675728 78.78907469058242 6.000000000000035
    vertex 31.35159368629755 78.66419916245161 1.000000000000035
    vertex 31.050117492675728 78.78907469058242 1.000000000000035
  endloop
endfacet
facet normal 0.38268343236518104 0.9238795325112489 0.0
  outer loop
    vertex 31.35159368629755 78.66419916245161 1.000000000000035
    vertex 31.050117492675728 78.78907469058242 6.000000000000035
    vertex 31.35159368629755 78.66419916245161 6.000000000000035
  endloop
endfacet
facet normal -0.13052619221999934 0.9914448613738173 0.0
  outer loop
    vertex 31.675117492675675 78.62160644531292 6.000000000000035
    vertex 31.998641299053798 78.66419916245157 1.000000000000035
    vertex 31.675117492675675 78.62160644531292 1.000000000000035
  endloop
endfacet
facet normal -0.13052619221999934 0.9914448613738173 0.0
  outer loop
    vertex 31.998641299053798 78.66419916245157 1.000000000000035
    vertex 31.675117492675675 78.62160644531292 6.000000000000035
    vertex 31.998641299053798 78.66419916245157 6.000000000000035
  endloop
endfacet
facet normal 0.9238795325113426 0.38268343236495517 0.0
  outer loop
    vertex 30.467710209814445 79.54808263893486 1.000000000000035
    vertex 30.59258573794519 79.24660644531298 6.000000000000035
    vertex 30.59258573794519 79.24660644531298 1.000000000000035
  endloop
endfacet
facet normal 0.9238795325113426 0.38268343236495517 0.0
  outer loop
    vertex 30.59258573794519 79.24660644531298 6.000000000000035
    vertex 30.467710209814445 79.54808263893486 1.000000000000035
    vertex 30.467710209814445 79.54808263893486 6.000000000000035
  endloop
endfacet
facet normal 0.9914448613738096 0.13052619222005837 0.0
  outer loop
    vertex 88.4499998092651 79.80000076293989 1.000000000000035
    vertex 88.49259252640377 79.47647695656174 6.000000000000035
    vertex 88.49259252640377 79.47647695656174 1.000000000000035
  endloop
endfacet
facet normal 0.9914448613738096 0.13052619222005837 0.0
  outer loop
    vertex 88.49259252640377 79.47647695656174 6.000000000000035
    vertex 88.4499998092651 79.80000076293989 1.000000000000035
    vertex 88.4499998092651 79.80000076293989 6.000000000000035
  endloop
endfacet
facet normal -0.9238795325113325 -0.38268343236497965 -0.0
  outer loop
    vertex 90.78253156399566 80.42500076293989 6.000000000000035
    vertex 90.9074070921264 80.12352456931804 1.000000000000035
    vertex 90.9074070921264 80.12352456931804 6.000000000000035
  endloop
endfacet
facet normal -0.9238795325113325 -0.38268343236497965 -0.0
  outer loop
    vertex 90.9074070921264 80.12352456931804 1.000000000000035
    vertex 90.78253156399566 80.42500076293989 6.000000000000035
    vertex 90.78253156399566 80.42500076293989 1.000000000000035
  endloop
endfacet
facet normal -0.6087614290086973 0.793353340291253 0.0
  outer loop
    vertex 32.30011749267571 78.78907469058234 6.000000000000035
    vertex 32.55900096915887 78.98772296882967 1.000000000000035
    vertex 32.30011749267571 78.78907469058234 1.000000000000035
  endloop
endfacet
facet normal -0.6087614290086973 0.793353340291253 0.0
  outer loop
    vertex 32.55900096915887 78.98772296882967 1.000000000000035
    vertex 32.30011749267571 78.78907469058234 6.000000000000035
    vertex 32.55900096915887 78.98772296882967 6.000000000000035
  endloop
endfacet
facet normal -0.9238795325113426 -0.38268343236495517 -0.0
  outer loop
    vertex 32.75764924740634 80.49660644531284 6.000000000000035
    vertex 32.882524775537085 80.19513025169097 1.000000000000035
    vertex 32.882524775537085 80.19513025169097 6.000000000000035
  endloop
endfacet
facet normal -0.9238795325113426 -0.38268343236495517 -0.0
  outer loop
    vertex 32.882524775537085 80.19513025169097 1.000000000000035
    vertex 32.75764924740634 80.49660644531284 6.000000000000035
    vertex 32.75764924740634 80.49660644531284 1.000000000000035
  endloop
endfacet
facet normal 0.13052619221999934 -0.9914448613738173 0.0
  outer loop
    vertex 31.675117492675856 81.12160644531289 6.000000000000035
    vertex 31.351593686297733 81.07901372817425 1.000000000000035
    vertex 31.675117492675856 81.12160644531289 1.000000000000035
  endloop
endfacet
facet normal 0.13052619221999934 -0.9914448613738173 0.0
  outer loop
    vertex 31.351593686297733 81.07901372817425 1.000000000000035
    vertex 31.675117492675856 81.12160644531289 6.000000000000035
    vertex 31.351593686297733 81.07901372817425 6.000000000000035
  endloop
endfacet
facet normal 0.793353340291212 -0.608761429008751 0.0
  outer loop
    vertex 30.791234016192657 80.75548992179615 1.000000000000035
    vertex 30.592585737945278 80.49660644531296 6.000000000000035
    vertex 30.592585737945278 80.49660644531296 1.000000000000035
  endloop
endfacet
facet normal 0.793353340291212 -0.608761429008751 0.0
  outer loop
    vertex 30.592585737945278 80.49660644531296 6.000000000000035
    vertex 30.791234016192657 80.75548992179615 1.000000000000035
    vertex 30.791234016192657 80.75548992179615 6.000000000000035
  endloop
endfacet
facet normal -0.793353340291212 -0.608761429008751 -0.0
  outer loop
    vertex 32.559000969158966 80.75548992179601 6.000000000000035
    vertex 32.75764924740634 80.49660644531284 1.000000000000035
    vertex 32.75764924740634 80.49660644531284 6.000000000000035
  endloop
endfacet
facet normal -0.793353340291212 -0.608761429008751 -0.0
  outer loop
    vertex 32.75764924740634 80.49660644531284 1.000000000000035
    vertex 32.559000969158966 80.75548992179601 6.000000000000035
    vertex 32.559000969158966 80.75548992179601 1.000000000000035
  endloop
endfacet
facet normal -0.6087614290087844 -0.7933533402911863 -0.0
  outer loop
    vertex 32.559000969158966 80.75548992179601 6.000000000000035
    vertex 32.3001174926758 80.95413820004339 1.000000000000035
    vertex 32.559000969158966 80.75548992179601 1.000000000000035
  endloop
endfacet
facet normal -0.6087614290087844 -0.7933533402911863 -0.0
  outer loop
    vertex 32.3001174926758 80.95413820004339 1.000000000000035
    vertex 32.559000969158966 80.75548992179601 6.000000000000035
    vertex 32.3001174926758 80.95413820004339 6.000000000000035
  endloop
endfacet
facet normal -0.793353340291212 0.608761429008751 0.0
  outer loop
    vertex 32.75764924740625 79.24660644531285 6.000000000000035
    vertex 32.55900096915887 78.98772296882967 1.000000000000035
    vertex 32.55900096915887 78.98772296882967 6.000000000000035
  endloop
endfacet
facet normal -0.793353340291212 0.608761429008751 0.0
  outer loop
    vertex 32.55900096915887 78.98772296882967 1.000000000000035
    vertex 32.75764924740625 79.24660644531285 6.000000000000035
    vertex 32.75764924740625 79.24660644531285 1.000000000000035
  endloop
endfacet
facet normal 0.6087614290087844 0.7933533402911863 0.0
  outer loop
    vertex 30.79123401619257 78.9877229688298 6.000000000000035
    vertex 31.050117492675728 78.78907469058242 1.000000000000035
    vertex 30.79123401619257 78.9877229688298 1.000000000000035
  endloop
endfacet
facet normal 0.6087614290087844 0.7933533402911863 0.0
  outer loop
    vertex 31.050117492675728 78.78907469058242 1.000000000000035
    vertex 30.79123401619257 78.9877229688298 6.000000000000035
    vertex 31.050117492675728 78.78907469058242 6.000000000000035
  endloop
endfacet
facet normal 0.0 0.0 1.0
  outer loop
    vertex 30.467710209814445 79.54808263893486 1.000000000000035
    vertex 30.467710209814445 80.19513025169114 1.000000000000035
    vertex 30.425117492675778 79.871606445313 1.000000000000035
  endloop
endfacet
facet normal 0.0 0.0 1.0
  outer loop
    vertex 30.467710209814445 80.19513025169114 1.000000000000035
    vertex 30.467710209814445 79.54808263893486 1.000000000000035
    vertex 30.59258573794519 79.24660644531298 1.000000000000035
  endloop
endfacet
facet normal 0.0 0.0 1.0
  outer loop
    vertex 30.467710209814445 80.19513025169114 1.000000000000035
    vertex 30.59258573794519 79.24660644531298 1.000000000000035
    vertex 30.592585737945278 80.49660644531296 1.000000000000035
  endloop
endfacet
facet normal 0.0 0.0 1.0
  outer loop
    vertex 30.592585737945278 80.49660644531296 1.000000000000035
    vertex 30.59258573794519 79.24660644531298 1.000000000000035
    vertex 30.79123401619257 78.9877229688298 1.000000000000035
  endloop
endfacet
facet normal 0.0 0.0 1.0
  outer loop
    vertex 30.592585737945278 80.49660644531296 1.000000000000035
    vertex 30.79123401619257 78.9877229688298 1.000000000000035
    vertex 30.791234016192657 80.75548992179615 1.000000000000035
  endloop
endfacet
facet normal 0.0 0.0 1.0
  outer loop
    vertex 30.791234016192657 80.75548992179615 1.000000000000035
    vertex 30.79123401619257 78.9877229688298 1.000000000000035
    vertex 31.050117492675728 78.78907469058242 1.000000000000035
  endloop
endfacet
facet normal 0.0 0.0 1.0
  outer loop
    vertex 30.791234016192657 80.75548992179615 1.000000000000035
    vertex 31.050117492675728 78.78907469058242 1.000000000000035
    vertex 31.050117492675817 80.95413820004349 1.000000000000035
  endloop
endfacet
facet normal 0.0 0.0 1.0
  outer loop
    vertex 31.050117492675817 80.95413820004349 1.000000000000035
    vertex 31.050117492675728 78.78907469058242 1.000000000000035
    vertex 31.35159368629755 78.66419916245161 1.000000000000035
  endloop
endfacet
facet normal 0.0 0.0 1.0
  outer loop
    vertex 31.050117492675817 80.95413820004349 1.000000000000035
    vertex 31.35159368629755 78.66419916245161 1.000000000000035
    vertex 31.351593686297733 81.07901372817425 1.000000000000035
  endloop
endfacet
facet normal 0.0 0.0 1.0
  outer loop
    vertex 31.351593686297733 81.07901372817425 1.000000000000035
    vertex 31.35159368629755 78.66419916245161 1.000000000000035
    vertex 31.675117492675675 78.62160644531292 1.000000000000035
  endloop
endfacet
facet normal 0.0 0.0 1.0
  outer loop
    vertex 31.351593686297733 81.07901372817425 1.000000000000035
    vertex 31.675117492675675 78.62160644531292 1.000000000000035
    vertex 31.675117492675856 81.12160644531289 1.000000000000035
  endloop
endfacet
facet normal 0.0 0.0 1.0
  outer loop
    vertex 31.675117492675856 81.12160644531289 1.000000000000035
    vertex 31.675117492675675 78.62160644531292 1.000000000000035
    vertex 31.998641299053798 78.66419916245157 1.000000000000035
  endloop
endfacet
facet normal 0.0 0.0 1.0
  outer loop
    vertex 31.675117492675856 81.12160644531289 1.000000000000035
    vertex 31.998641299053798 78.66419916245157 1.000000000000035
    vertex 31.99864129905398 81.0790137281742 1.000000000000035
  endloop
endfacet
facet normal 0.0 0.0 1.0
  outer loop
    vertex 31.99864129905398 81.0790137281742 1.000000000000035
    vertex 31.998641299053798 78.66419916245157 1.000000000000035
    vertex 32.30011749267571 78.78907469058234 1.000000000000035
  endloop
endfacet
facet normal 0.0 0.0 1.0
  outer loop
    vertex 31.99864129905398 81.0790137281742 1.000000000000035
    vertex 32.30011749267571 78.78907469058234 1.000000000000035
    vertex 32.3001174926758 80.95413820004339 1.000000000000035
  endloop
endfacet
facet normal 0.0 0.0 1.0
  outer loop
    vertex 32.3001174926758 80.95413820004339 1.000000000000035
    vertex 32.30011749267571 78.78907469058234 1.000000000000035
    vertex 32.55900096915887 78.98772296882967 1.000000000000035
  endloop
endfacet
facet normal 0.0 0.0 1.0
  outer loop
    vertex 32.3001174926758 80.95413820004339 1.000000000000035
    vertex 32.55900096915887 78.98772296882967 1.000000000000035
    vertex 32.559000969158966 80.75548992179601 1.000000000000035
  endloop
endfacet
facet normal 0.0 0.0 1.0
  outer loop
    vertex 32.559000969158966 80.75548992179601 1.000000000000035
    vertex 32.55900096915887 78.98772296882967 1.000000000000035
    vertex 32.75764924740625 79.24660644531285 1.000000000000035
  endloop
endfacet
facet normal 0.0 0.0 1.0
  outer loop
    vertex 32.559000969158966 80.75548992179601 1.000000000000035
    vertex 32.75764924740625 79.24660644531285 1.000000000000035
    vertex 32.75764924740634 80.49660644531284 1.000000000000035
  endloop
endfacet
facet normal 0.0 0.0 1.0
  outer loop
    vertex 32.75764924740634 80.49660644531284 1.000000000000035
    vertex 32.75764924740625 79.24660644531285 1.000000000000035
    vertex 32.882524775537085 79.54808263893467 1.000000000000035
  endloop
endfacet
facet normal 0.0 0.0 1.0
  outer loop
    vertex 32.75764924740634 80.49660644531284 1.000000000000035
    vertex 32.882524775537085 79.54808263893467 1.000000000000035
    vertex 32.882524775537085 80.19513025169097 1.000000000000035
  endloop
endfacet
facet normal 0.0 0.0 1.0
  outer loop
    vertex 32.882524775537085 80.19513025169097 1.000000000000035
    vertex 32.882524775537085 79.54808263893467 1.000000000000035
    vertex 32.92511749267575 79.87160644531282 1.000000000000035
  endloop
endfacet
facet normal 0.9914448613738096 0.13052619222005837 0.0
  outer loop
    vertex 30.425117492675778 79.871606445313 1.000000000000035
    vertex 30.467710209814445 79.54808263893486 6.000000000000035
    vertex 30.467710209814445 79.54808263893486 1.000000000000035
  endloop
endfacet
facet normal 0.9914448613738096 0.13052619222005837 0.0
  outer loop
    vertex 30.467710209814445 79.54808263893486 6.000000000000035
    vertex 30.425117492675778 79.871606445313 1.000000000000035
    vertex 30.425117492675778 79.871606445313 6.000000000000035
  endloop
endfacet
facet normal -0.9238795325112246 0.3826834323652401 0.0
  outer loop
    vertex 32.882524775537085 79.54808263893467 6.000000000000035
    vertex 32.75764924740625 79.24660644531285 1.000000000000035
    vertex 32.75764924740625 79.24660644531285 6.000000000000035
  endloop
endfacet
facet normal -0.9238795325112246 0.3826834323652401 0.0
  outer loop
    vertex 32.75764924740625 79.24660644531285 1.000000000000035
    vertex 32.882524775537085 79.54808263893467 6.000000000000035
    vertex 32.882524775537085 79.54808263893467 1.000000000000035
  endloop
endfacet
facet normal -0.9914448613738096 -0.13052619222005837 -0.0
  outer loop
    vertex 32.882524775537085 80.19513025169097 6.000000000000035
    vertex 32.92511749267575 79.87160644531282 1.000000000000035
    vertex 32.92511749267575 79.87160644531282 6.000000000000035
  endloop
endfacet
facet normal -0.9914448613738096 -0.13052619222005837 -0.0
  outer loop
    vertex 32.92511749267575 79.87160644531282 1.000000000000035
    vertex 32.882524775537085 80.19513025169097 6.000000000000035
    vertex 32.882524775537085 80.19513025169097 1.000000000000035
  endloop
endfacet
facet normal -0.9914448613738096 0.13052619222005837 0.0
  outer loop
    vertex 32.92511749267575 79.87160644531282 6.000000000000035
    vertex 32.882524775537085 79.54808263893467 1.000000000000035
    vertex 32.882524775537085 79.54808263893467 6.000000000000035
  endloop
endfacet
facet normal -0.9914448613738096 0.13052619222005837 0.0
  outer loop
    vertex 32.882524775537085 79.54808263893467 1.000000000000035
    vertex 32.92511749267575 79.87160644531282 6.000000000000035
    vertex 32.92511749267575 79.87160644531282 1.000000000000035
  endloop
endfacet
facet normal -0.13052619222013526 -0.9914448613737995 -0.0
  outer loop
    vertex 31.99864129905398 81.0790137281742 6.000000000000035
    vertex 31.675117492675856 81.12160644531289 1.000000000000035
    vertex 31.99864129905398 81.0790137281742 1.000000000000035
  endloop
endfacet
facet normal -0.13052619222013526 -0.9914448613737995 -0.0
  outer loop
    vertex 31.675117492675856 81.12160644531289 1.000000000000035
    vertex 31.99864129905398 81.0790137281742 6.000000000000035
    vertex 31.675117492675856 81.12160644531289 6.000000000000035
  endloop
endfacet
facet normal 0.13052619222013526 0.9914448613737995 0.0
  outer loop
    vertex 31.35159368629755 78.66419916245161 6.000000000000035
    vertex 31.675117492675675 78.62160644531292 1.000000000000035
    vertex 31.35159368629755 78.66419916245161 1.000000000000035
  endloop
endfacet
facet normal 0.13052619222013526 0.9914448613737995 0.0
  outer loop
    vertex 31.675117492675675 78.62160644531292 1.000000000000035
    vertex 31.35159368629755 78.66419916245161 6.000000000000035
    vertex 31.675117492675675 78.62160644531292 6.000000000000035
  endloop
endfacet
facet normal -0.38268343236496527 0.9238795325113384 0.0
  outer loop
    vertex 31.998641299053798 78.66419916245157 6.000000000000035
    vertex 32.30011749267571 78.78907469058234 1.000000000000035
    vertex 31.998641299053798 78.66419916245157 1.000000000000035
  endloop
endfacet
facet normal -0.38268343236496527 0.9238795325113384 0.0
  outer loop
    vertex 32.30011749267571 78.78907469058234 1.000000000000035
    vertex 31.998641299053798 78.66419916245157 6.000000000000035
    vertex 32.30011749267571 78.78907469058234 6.000000000000035
  endloop
endfacet
facet normal -0.38268343236518104 -0.9238795325112489 -0.0
  outer loop
    vertex 32.3001174926758 80.95413820004339 6.000000000000035
    vertex 31.99864129905398 81.0790137281742 1.000000000000035
    vertex 32.3001174926758 80.95413820004339 1.000000000000035
  endloop
endfacet
facet normal -0.38268343236518104 -0.9238795325112489 -0.0
  outer loop
    vertex 31.99864129905398 81.0790137281742 1.000000000000035
    vertex 32.3001174926758 80.95413820004339 6.000000000000035
    vertex 31.99864129905398 81.0790137281742 6.000000000000035
  endloop
endfacet
facet normal -0.13052619222006728 -0.9914448613738084 -0.0
  outer loop
    vertex 90.02352361564321 81.00740804580121 6.000000000000035
    vertex 89.69999980926508 81.05000076293987 1.000000000000035
    vertex 90.02352361564321 81.00740804580121 1.000000000000035
  endloop
endfacet
facet normal -0.13052619222006728 -0.9914448613738084 -0.0
  outer loop
    vertex 89.69999980926508 81.05000076293987 1.000000000000035
    vertex 90.02352361564321 81.00740804580121 6.000000000000035
    vertex 89.69999980926508 81.05000076293987 6.000000000000035
  endloop
endfacet
facet normal 0.9914448613738096 -0.13052619222005837 0.0
  outer loop
    vertex 88.49259252640377 80.12352456931804 1.000000000000035
    vertex 88.4499998092651 79.80000076293989 6.000000000000035
    vertex 88.4499998092651 79.80000076293989 1.000000000000035
  endloop
endfacet
facet normal 0.9914448613738096 -0.13052619222005837 0.0
  outer loop
    vertex 88.4499998092651 79.80000076293989 6.000000000000035
    vertex 88.49259252640377 80.12352456931804 1.000000000000035
    vertex 88.49259252640377 80.12352456931804 6.000000000000035
  endloop
endfacet
facet normal -0.793353340291212 -0.608761429008751 -0.0
  outer loop
    vertex 90.58388328574829 80.68388423942307 6.000000000000035
    vertex 90.78253156399566 80.42500076293989 1.000000000000035
    vertex 90.78253156399566 80.42500076293989 6.000000000000035
  endloop
endfacet
facet normal -0.793353340291212 -0.608761429008751 -0.0
  outer loop
    vertex 90.78253156399566 80.42500076293989 1.000000000000035
    vertex 90.58388328574829 80.68388423942307 6.000000000000035
    vertex 90.58388328574829 80.68388423942307 1.000000000000035
  endloop
endfacet
facet normal 0.793353340291212 -0.608761429008751 0.0
  outer loop
    vertex 88.81611633278189 80.68388423942307 1.000000000000035
    vertex 88.61746805453451 80.42500076293989 6.000000000000035
    vertex 88.61746805453451 80.42500076293989 1.000000000000035
  endloop
endfacet
facet normal 0.793353340291212 -0.608761429008751 0.0
  outer loop
    vertex 88.61746805453451 80.42500076293989 6.000000000000035
    vertex 88.81611633278189 80.68388423942307 1.000000000000035
    vertex 88.81611633278189 80.68388423942307 6.000000000000035
  endloop
endfacet
facet normal 0.9238795325113325 -0.38268343236497965 0.0
  outer loop
    vertex 88.61746805453451 80.42500076293989 1.000000000000035
    vertex 88.49259252640377 80.12352456931804 6.000000000000035
    vertex 88.49259252640377 80.12352456931804 1.000000000000035
  endloop
endfacet
facet normal 0.9238795325113325 -0.38268343236497965 0.0
  outer loop
    vertex 88.49259252640377 80.12352456931804 6.000000000000035
    vertex 88.61746805453451 80.42500076293989 1.000000000000035
    vertex 88.61746805453451 80.42500076293989 6.000000000000035
  endloop
endfacet
facet normal 0.38268343236496527 -0.9238795325113384 0.0
  outer loop
    vertex 31.351593686297733 81.07901372817425 6.000000000000035
    vertex 31.050117492675817 80.95413820004349 1.000000000000035
    vertex 31.351593686297733 81.07901372817425 1.000000000000035
  endloop
endfacet
facet normal 0.38268343236496527 -0.9238795325113384 0.0
  outer loop
    vertex 31.050117492675817 80.95413820004349 1.000000000000035
    vertex 31.351593686297733 81.07901372817425 6.000000000000035
    vertex 31.050117492675817 80.95413820004349 6.000000000000035
  endloop
endfacet
facet normal 0.6087614290087409 -0.7933533402912197 0.0
  outer loop
    vertex 89.07499980926505 80.88253251767043 6.000000000000035
    vertex 88.81611633278189 80.68388423942307 1.000000000000035
    vertex 89.07499980926505 80.88253251767043 1.000000000000035
  endloop
endfacet
facet normal 0.6087614290087409 -0.7933533402912197 0.0
  outer loop
    vertex 88.81611633278189 80.68388423942307 1.000000000000035
    vertex 89.07499980926505 80.88253251767043 6.000000000000035
    vertex 88.81611633278189 80.68388423942307 6.000000000000035
  endloop
endfacet
facet normal -0.9914448613738096 0.13052619222005837 0.0
  outer loop
    vertex 90.94999980926507 79.80000076293989 6.000000000000035
    vertex 90.9074070921264 79.47647695656174 1.000000000000035
    vertex 90.9074070921264 79.47647695656174 6.000000000000035
  endloop
endfacet
facet normal -0.9914448613738096 0.13052619222005837 0.0
  outer loop
    vertex 90.9074070921264 79.47647695656174 1.000000000000035
    vertex 90.94999980926507 79.80000076293989 6.000000000000035
    vertex 90.94999980926507 79.80000076293989 1.000000000000035
  endloop
endfacet
facet normal 0.0 0.0 1.0
  outer loop
    vertex 88.49259252640377 79.47647695656174 1.000000000000035
    vertex 88.49259252640377 80.12352456931804 1.000000000000035
    vertex 88.4499998092651 79.80000076293989 1.000000000000035
  endloop
endfacet
facet normal 0.0 0.0 1.0
  outer loop
    vertex 88.49259252640377 80.12352456931804 1.000000000000035
    vertex 88.49259252640377 79.47647695656174 1.000000000000035
    vertex 88.61746805453451 79.1750007629399 1.000000000000035
  endloop
endfacet
facet normal 0.0 0.0 1.0
  outer loop
    vertex 88.49259252640377 80.12352456931804 1.000000000000035
    vertex 88.61746805453451 79.1750007629399 1.000000000000035
    vertex 88.61746805453451 80.42500076293989 1.000000000000035
  endloop
endfacet
facet normal 0.0 0.0 1.0
  outer loop
    vertex 88.61746805453451 80.42500076293989 1.000000000000035
    vertex 88.61746805453451 79.1750007629399 1.000000000000035
    vertex 88.81611633278189 78.91611728645671 1.000000000000035
  endloop
endfacet
facet normal 0.0 0.0 1.0
  outer loop
    vertex 88.61746805453451 80.42500076293989 1.000000000000035
    vertex 88.81611633278189 78.91611728645671 1.000000000000035
    vertex 88.81611633278189 80.68388423942307 1.000000000000035
  endloop
endfacet
facet normal 0.0 0.0 1.0
  outer loop
    vertex 88.81611633278189 80.68388423942307 1.000000000000035
    vertex 88.81611633278189 78.91611728645671 1.000000000000035
    vertex 89.07499980926514 78.71746900820936 1.000000000000035
  endloop
endfacet
facet normal 0.0 0.0 1.0
  outer loop
    vertex 88.81611633278189 80.68388423942307 1.000000000000035
    vertex 89.07499980926514 78.71746900820936 1.000000000000035
    vertex 89.07499980926505 80.88253251767043 1.000000000000035
  endloop
endfacet
facet normal 0.0 0.0 1.0
  outer loop
    vertex 89.07499980926505 80.88253251767043 1.000000000000035
    vertex 89.07499980926514 78.71746900820936 1.000000000000035
    vertex 89.37647600288696 81.00740804580121 1.000000000000035
  endloop
endfacet
facet normal 0.0 0.0 1.0
  outer loop
    vertex 89.37647600288696 81.00740804580121 1.000000000000035
    vertex 89.07499980926514 78.71746900820936 1.000000000000035
    vertex 89.37647600288696 78.59259348007858 1.000000000000035
  endloop
endfacet
facet normal 0.0 0.0 1.0
  outer loop
    vertex 89.37647600288696 81.00740804580121 1.000000000000035
    vertex 89.37647600288696 78.59259348007858 1.000000000000035
    vertex 89.69999980926508 78.5500007629399 1.000000000000035
  endloop
endfacet
facet normal 0.0 0.0 1.0
  outer loop
    vertex 89.37647600288696 81.00740804580121 1.000000000000035
    vertex 89.69999980926508 78.5500007629399 1.000000000000035
    vertex 89.69999980926508 81.05000076293987 1.000000000000035
  endloop
endfacet
facet normal 0.0 0.0 1.0
  outer loop
    vertex 89.69999980926508 81.05000076293987 1.000000000000035
    vertex 89.69999980926508 78.5500007629399 1.000000000000035
    vertex 90.02352361564321 78.59259348007858 1.000000000000035
  endloop
endfacet
facet normal 0.0 0.0 1.0
  outer loop
    vertex 89.69999980926508 81.05000076293987 1.000000000000035
    vertex 90.02352361564321 78.59259348007858 1.000000000000035
    vertex 90.02352361564321 81.00740804580121 1.000000000000035
  endloop
endfacet
facet normal 0.0 0.0 1.0
  outer loop
    vertex 90.02352361564321 81.00740804580121 1.000000000000035
    vertex 90.02352361564321 78.59259348007858 1.000000000000035
    vertex 90.32499980926512 78.71746900820936 1.000000000000035
  endloop
endfacet
facet normal 0.0 0.0 1.0
  outer loop
    vertex 90.02352361564321 81.00740804580121 1.000000000000035
    vertex 90.32499980926512 78.71746900820936 1.000000000000035
    vertex 90.32499980926504 80.88253251767043 1.000000000000035
  endloop
endfacet
facet normal 0.0 0.0 1.0
  outer loop
    vertex 90.32499980926504 80.88253251767043 1.000000000000035
    vertex 90.32499980926512 78.71746900820936 1.000000000000035
    vertex 90.58388328574829 80.68388423942307 1.000000000000035
  endloop
endfacet
facet normal 0.0 0.0 1.0
  outer loop
    vertex 90.58388328574829 80.68388423942307 1.000000000000035
    vertex 90.32499980926512 78.71746900820936 1.000000000000035
    vertex 90.58388328574829 78.91611728645671 1.000000000000035
  endloop
endfacet
facet normal 0.0 0.0 1.0
  outer loop
    vertex 90.58388328574829 80.68388423942307 1.000000000000035
    vertex 90.58388328574829 78.91611728645671 1.000000000000035
    vertex 90.78253156399566 79.1750007629399 1.000000000000035
  endloop
endfacet
facet normal 0.0 0.0 1.0
  outer loop
    vertex 90.58388328574829 80.68388423942307 1.000000000000035
    vertex 90.78253156399566 79.1750007629399 1.000000000000035
    vertex 90.78253156399566 80.42500076293989 1.000000000000035
  endloop
endfacet
facet normal 0.0 0.0 1.0
  outer loop
    vertex 90.78253156399566 80.42500076293989 1.000000000000035
    vertex 90.78253156399566 79.1750007629399 1.000000000000035
    vertex 90.9074070921264 79.47647695656174 1.000000000000035
  endloop
endfacet
facet normal 0.0 0.0 1.0
  outer loop
    vertex 90.78253156399566 80.42500076293989 1.000000000000035
    vertex 90.9074070921264 79.47647695656174 1.000000000000035
    vertex 90.9074070921264 80.12352456931804 1.000000000000035
  endloop
endfacet
facet normal 0.0 0.0 1.0
  outer loop
    vertex 90.9074070921264 80.12352456931804 1.000000000000035
    vertex 90.9074070921264 79.47647695656174 1.000000000000035
    vertex 90.94999980926507 79.80000076293989 1.000000000000035
  endloop
endfacet
facet normal 0.13052619222006728 -0.9914448613738084 0.0
  outer loop
    vertex 89.69999980926508 81.05000076293987 6.000000000000035
    vertex 89.37647600288696 81.00740804580121 1.000000000000035
    vertex 89.69999980926508 81.05000076293987 1.000000000000035
  endloop
endfacet
facet normal 0.13052619222006728 -0.9914448613738084 0.0
  outer loop
    vertex 89.37647600288696 81.00740804580121 1.000000000000035
    vertex 89.69999980926508 81.05000076293987 6.000000000000035
    vertex 89.37647600288696 81.00740804580121 6.000000000000035
  endloop
endfacet
facet normal 0.9238795325112246 -0.3826834323652401 0.0
  outer loop
    vertex 30.592585737945278 80.49660644531296 1.000000000000035
    vertex 30.467710209814445 80.19513025169114 6.000000000000035
    vertex 30.467710209814445 80.19513025169114 1.000000000000035
  endloop
endfacet
facet normal 0.9238795325112246 -0.3826834323652401 0.0
  outer loop
    vertex 30.467710209814445 80.19513025169114 6.000000000000035
    vertex 30.592585737945278 80.49660644531296 1.000000000000035
    vertex 30.592585737945278 80.49660644531296 6.000000000000035
  endloop
endfacet
facet normal -0.38268343236512203 -0.9238795325112733 -0.0
  outer loop
    vertex 90.32499980926504 80.88253251767043 6.000000000000035
    vertex 90.02352361564321 81.00740804580121 1.000000000000035
    vertex 90.32499980926504 80.88253251767043 1.000000000000035
  endloop
endfacet
facet normal -0.38268343236512203 -0.9238795325112733 -0.0
  outer loop
    vertex 90.02352361564321 81.00740804580121 1.000000000000035
    vertex 90.32499980926504 80.88253251767043 6.000000000000035
    vertex 90.02352361564321 81.00740804580121 6.000000000000035
  endloop
endfacet
facet normal 0.3826834323650243 -0.9238795325113139 0.0
  outer loop
    vertex 89.37647600288696 81.00740804580121 6.000000000000035
    vertex 89.07499980926505 80.88253251767043 1.000000000000035
    vertex 89.37647600288696 81.00740804580121 1.000000000000035
  endloop
endfacet
facet normal 0.3826834323650243 -0.9238795325113139 0.0
  outer loop
    vertex 89.07499980926505 80.88253251767043 1.000000000000035
    vertex 89.37647600288696 81.00740804580121 6.000000000000035
    vertex 89.07499980926505 80.88253251767043 6.000000000000035
  endloop
endfacet
facet normal 0.6087614290086973 -0.793353340291253 0.0
  outer loop
    vertex 31.050117492675817 80.95413820004349 6.000000000000035
    vertex 30.791234016192657 80.75548992179615 1.000000000000035
    vertex 31.050117492675817 80.95413820004349 1.000000000000035
  endloop
endfacet
facet normal 0.6087614290086973 -0.793353340291253 0.0
  outer loop
    vertex 30.791234016192657 80.75548992179615 1.000000000000035
    vertex 31.050117492675817 80.95413820004349 6.000000000000035
    vertex 30.791234016192657 80.75548992179615 6.000000000000035
  endloop
endfacet
facet normal -0.6087614290086073 -0.7933533402913222 -0.0
  outer loop
    vertex 90.58388328574829 80.68388423942307 6.000000000000035
    vertex 90.32499980926504 80.88253251767043 1.000000000000035
    vertex 90.58388328574829 80.68388423942307 1.000000000000035
  endloop
endfacet
facet normal -0.6087614290086073 -0.7933533402913222 -0.0
  outer loop
    vertex 90.32499980926504 80.88253251767043 1.000000000000035
    vertex 90.58388328574829 80.68388423942307 6.000000000000035
    vertex 90.32499980926504 80.88253251767043 6.000000000000035
  endloop
endfacet
facet normal -0.9914448613738096 -0.13052619222005837 -0.0
  outer loop
    vertex 90.9074070921264 80.12352456931804 6.000000000000035
    vertex 90.94999980926507 79.80000076293989 1.000000000000035
    vertex 90.94999980926507 79.80000076293989 6.000000000000035
  endloop
endfacet
facet normal -0.9914448613738096 -0.13052619222005837 -0.0
  outer loop
    vertex 90.94999980926507 79.80000076293989 1.000000000000035
    vertex 90.9074070921264 80.12352456931804 6.000000000000035
    vertex 90.9074070921264 80.12352456931804 1.000000000000035
  endloop
endfacet
facet normal -0.9914448613738043 0.13052619222009842 0.0
  outer loop
    vertex 28.77734001380856 80.64806358062049 6.000000000000035
    vertex 28.675117492675724 79.8716064453129 3.000000000000035
    vertex 28.675117492675724 79.8716064453129 6.000000000000035
  endloop
endfacet
facet normal -0.9914448613738043 0.13052619222009842 0.0
  outer loop
    vertex 28.675117492675724 79.8716064453129 3.000000000000035
    vertex 28.77734001380856 80.64806358062049 6.000000000000035
    vertex 28.77734001380856 80.64806358062049 3.000000000000035
  endloop
endfacet
facet normal -0.6087614290087033 0.7933533402912485 0.0
  outer loop
    vertex 29.553797149116072 81.99292678887258 6.000000000000035
    vertex 30.175117492675746 82.46968265666625 3.000000000000035
    vertex 29.553797149116072 81.99292678887258 3.000000000000035
  endloop
endfacet
facet normal -0.6087614290087033 0.7933533402912485 0.0
  outer loop
    vertex 30.175117492675746 82.46968265666625 3.000000000000035
    vertex 29.553797149116072 81.99292678887258 6.000000000000035
    vertex 30.175117492675746 82.46968265666625 6.000000000000035
  endloop
endfacet
facet normal -0.9238795325113007 0.38268343236505625 0.0
  outer loop
    vertex 29.07704128132242 81.37160644531293 6.000000000000035
    vertex 28.77734001380856 80.64806358062049 3.000000000000035
    vertex 28.77734001380856 80.64806358062049 6.000000000000035
  endloop
endfacet
facet normal -0.9238795325113007 0.38268343236505625 0.0
  outer loop
    vertex 28.77734001380856 80.64806358062049 3.000000000000035
    vertex 29.07704128132242 81.37160644531293 6.000000000000035
    vertex 29.07704128132242 81.37160644531293 3.000000000000035
  endloop
endfacet
facet normal 0.6087614290087033 -0.7933533402912485 0.0
  outer loop
    vertex 33.796437836235455 77.75028610175323 6.000000000000035
    vertex 33.17511749267578 77.27353023395956 3.000000000000035
    vertex 33.796437836235455 77.75028610175323 3.000000000000035
  endloop
endfacet
facet normal 0.6087614290087033 -0.7933533402912485 0.0
  outer loop
    vertex 33.17511749267578 77.27353023395956 3.000000000000035
    vertex 33.796437836235455 77.75028610175323 6.000000000000035
    vertex 33.17511749267578 77.27353023395956 6.000000000000035
  endloop
endfacet
facet normal 0.9238795325113007 -0.38268343236505625 0.0
  outer loop
    vertex 34.57289497154297 79.09514931000533 3.000000000000035
    vertex 34.27319370402911 78.37160644531289 6.000000000000035
    vertex 34.27319370402911 78.37160644531289 3.000000000000035
  endloop
endfacet
facet normal 0.9238795325113007 -0.38268343236505625 0.0
  outer loop
    vertex 34.27319370402911 78.37160644531289 6.000000000000035
    vertex 34.57289497154297 79.09514931000533 3.000000000000035
    vertex 34.57289497154297 79.09514931000533 6.000000000000035
  endloop
endfacet
facet normal -0.9238795325113007 -0.38268343236505625 -0.0
  outer loop
    vertex 28.77734001380856 79.09514931000533 6.000000000000035
    vertex 29.07704128132242 78.37160644531289 3.000000000000035
    vertex 29.07704128132242 78.37160644531289 6.000000000000035
  endloop
endfacet
facet normal -0.9238795325113007 -0.38268343236505625 -0.0
  outer loop
    vertex 29.07704128132242 78.37160644531289 3.000000000000035
    vertex 28.77734001380856 79.09514931000533 6.000000000000035
    vertex 28.77734001380856 79.09514931000533 3.000000000000035
  endloop
endfacet
facet normal -0.7933533402912517 -0.6087614290086991 -0.0
  outer loop
    vertex 29.07704128132242 78.37160644531289 6.000000000000035
    vertex 29.553797149116072 77.75028610175323 3.000000000000035
    vertex 29.553797149116072 77.75028610175323 6.000000000000035
  endloop
endfacet
facet normal -0.7933533402912517 -0.6087614290086991 -0.0
  outer loop
    vertex 29.553797149116072 77.75028610175323 3.000000000000035
    vertex 29.07704128132242 78.37160644531289 6.000000000000035
    vertex 29.07704128132242 78.37160644531289 3.000000000000035
  endloop
endfacet
facet normal 0.7933533402912517 0.6087614290086991 0.0
  outer loop
    vertex 33.796437836235455 81.99292678887258 3.000000000000035
    vertex 34.27319370402911 81.37160644531293 6.000000000000035
    vertex 34.27319370402911 81.37160644531293 3.000000000000035
  endloop
endfacet
facet normal 0.7933533402912517 0.6087614290086991 0.0
  outer loop
    vertex 34.27319370402911 81.37160644531293 6.000000000000035
    vertex 33.796437836235455 81.99292678887258 3.000000000000035
    vertex 33.796437836235455 81.99292678887258 6.000000000000035
  endloop
endfacet
facet normal -0.3826834323651156 0.9238795325112762 0.0
  outer loop
    vertex 30.175117492675746 82.46968265666625 6.000000000000035
    vertex 30.89866035736816 82.76938392418016 3.000000000000035
    vertex 30.175117492675746 82.46968265666625 3.000000000000035
  endloop
endfacet
facet normal -0.3826834323651156 0.9238795325112762 0.0
  outer loop
    vertex 30.89866035736816 82.76938392418016 3.000000000000035
    vertex 30.175117492675746 82.46968265666625 6.000000000000035
    vertex 30.89866035736816 82.76938392418016 6.000000000000035
  endloop
endfacet
facet normal -0.3826834323651156 -0.9238795325112762 -0.0
  outer loop
    vertex 30.89866035736816 76.97382896644567 6.000000000000035
    vertex 30.175117492675746 77.27353023395956 3.000000000000035
    vertex 30.89866035736816 76.97382896644567 3.000000000000035
  endloop
endfacet
facet normal -0.3826834323651156 -0.9238795325112762 -0.0
  outer loop
    vertex 30.175117492675746 77.27353023395956 3.000000000000035
    vertex 30.89866035736816 76.97382896644567 6.000000000000035
    vertex 30.175117492675746 77.27353023395956 6.000000000000035
  endloop
endfacet
facet normal 0.9238795325113007 0.38268343236505625 0.0
  outer loop
    vertex 34.27319370402911 81.37160644531293 3.000000000000035
    vertex 34.57289497154297 80.64806358062049 6.000000000000035
    vertex 34.57289497154297 80.64806358062049 3.000000000000035
  endloop
endfacet
facet normal 0.9238795325113007 0.38268343236505625 0.0
  outer loop
    vertex 34.57289497154297 80.64806358062049 6.000000000000035
    vertex 34.27319370402911 81.37160644531293 3.000000000000035
    vertex 34.27319370402911 81.37160644531293 6.000000000000035
  endloop
endfacet
facet normal -0.7933533402912517 0.6087614290086991 0.0
  outer loop
    vertex 29.553797149116072 81.99292678887258 6.000000000000035
    vertex 29.07704128132242 81.37160644531293 3.000000000000035
    vertex 29.07704128132242 81.37160644531293 6.000000000000035
  endloop
endfacet
facet normal -0.7933533402912517 0.6087614290086991 0.0
  outer loop
    vertex 29.07704128132242 81.37160644531293 3.000000000000035
    vertex 29.553797149116072 81.99292678887258 6.000000000000035
    vertex 29.553797149116072 81.99292678887258 3.000000000000035
  endloop
endfacet
facet normal -0.6087614290087033 -0.7933533402912485 -0.0
  outer loop
    vertex 30.175117492675746 77.27353023395956 6.000000000000035
    vertex 29.553797149116072 77.75028610175323 3.000000000000035
    vertex 30.175117492675746 77.27353023395956 3.000000000000035
  endloop
endfacet
facet normal -0.6087614290087033 -0.7933533402912485 -0.0
  outer loop
    vertex 29.553797149116072 77.75028610175323 3.000000000000035
    vertex 30.175117492675746 77.27353023395956 6.000000000000035
    vertex 29.553797149116072 77.75028610175323 6.000000000000035
  endloop
endfacet
facet normal 0.6087614290087033 0.7933533402912485 0.0
  outer loop
    vertex 33.17511749267578 82.46968265666625 6.000000000000035
    vertex 33.796437836235455 81.99292678887258 3.000000000000035
    vertex 33.17511749267578 82.46968265666625 3.000000000000035
  endloop
endfacet
facet normal 0.6087614290087033 0.7933533402912485 0.0
  outer loop
    vertex 33.796437836235455 81.99292678887258 3.000000000000035
    vertex 33.17511749267578 82.46968265666625 6.000000000000035
    vertex 33.796437836235455 81.99292678887258 6.000000000000035
  endloop
endfacet
facet normal 0.3826834323651156 0.9238795325112762 0.0
  outer loop
    vertex 32.45157462798337 82.76938392418016 6.000000000000035
    vertex 33.17511749267578 82.46968265666625 3.000000000000035
    vertex 32.45157462798337 82.76938392418016 3.000000000000035
  endloop
endfacet
facet normal 0.3826834323651156 0.9238795325112762 0.0
  outer loop
    vertex 33.17511749267578 82.46968265666625 3.000000000000035
    vertex 32.45157462798337 82.76938392418016 6.000000000000035
    vertex 33.17511749267578 82.46968265666625 6.000000000000035
  endloop
endfacet
facet normal -0.793353340291212 0.608761429008751 0.0
  outer loop
    vertex 90.78253156399566 79.1750007629399 6.000000000000035
    vertex 90.58388328574829 78.91611728645671 1.000000000000035
    vertex 90.58388328574829 78.91611728645671 6.000000000000035
  endloop
endfacet
facet normal -0.793353340291212 0.608761429008751 0.0
  outer loop
    vertex 90.58388328574829 78.91611728645671 1.000000000000035
    vertex 90.78253156399566 79.1750007629399 6.000000000000035
    vertex 90.78253156399566 79.1750007629399 1.000000000000035
  endloop
endfacet
facet normal 0.9914448613738043 -0.13052619222009842 0.0
  outer loop
    vertex 34.6751174926758 79.8716064453129 3.000000000000035
    vertex 34.57289497154297 79.09514931000533 6.000000000000035
    vertex 34.57289497154297 79.09514931000533 3.000000000000035
  endloop
endfacet
facet normal 0.9914448613738043 -0.13052619222009842 0.0
  outer loop
    vertex 34.57289497154297 79.09514931000533 6.000000000000035
    vertex 34.6751174926758 79.8716064453129 3.000000000000035
    vertex 34.6751174926758 79.8716064453129 6.000000000000035
  endloop
endfacet
facet normal -0.9914448613738043 -0.13052619222009842 -0.0
  outer loop
    vertex 28.675117492675724 79.8716064453129 6.000000000000035
    vertex 28.77734001380856 79.09514931000533 3.000000000000035
    vertex 28.77734001380856 79.09514931000533 6.000000000000035
  endloop
endfacet
facet normal -0.9914448613738043 -0.13052619222009842 -0.0
  outer loop
    vertex 28.77734001380856 79.09514931000533 3.000000000000035
    vertex 28.675117492675724 79.8716064453129 6.000000000000035
    vertex 28.675117492675724 79.8716064453129 3.000000000000035
  endloop
endfacet
facet normal -0.13052619222003808 0.9914448613738123 0.0
  outer loop
    vertex 30.89866035736816 82.76938392418016 6.000000000000035
    vertex 31.675117492675763 82.87160644531295 3.000000000000035
    vertex 30.89866035736816 82.76938392418016 3.000000000000035
  endloop
endfacet
facet normal -0.13052619222003808 0.9914448613738123 0.0
  outer loop
    vertex 31.675117492675763 82.87160644531295 3.000000000000035
    vertex 30.89866035736816 82.76938392418016 6.000000000000035
    vertex 31.675117492675763 82.87160644531295 6.000000000000035
  endloop
endfacet
facet normal 0.0 0.0 1.0
  outer loop
    vertex 28.77734001380856 79.09514931000533 6.000000000000035
    vertex 28.77734001380856 80.64806358062049 6.000000000000035
    vertex 28.675117492675724 79.8716064453129 6.000000000000035
  endloop
endfacet
facet normal 0.0 0.0 1.0
  outer loop
    vertex 28.77734001380856 80.64806358062049 6.000000000000035
    vertex 28.77734001380856 79.09514931000533 6.000000000000035
    vertex 29.07704128132242 78.37160644531289 6.000000000000035
  endloop
endfacet
facet normal 0.0 0.0 1.0
  outer loop
    vertex 28.77734001380856 80.64806358062049 6.000000000000035
    vertex 29.07704128132242 78.37160644531289 6.000000000000035
    vertex 29.07704128132242 81.37160644531293 6.000000000000035
  endloop
endfacet
facet normal 0.0 0.0 1.0
  outer loop
    vertex 29.07704128132242 81.37160644531293 6.000000000000035
    vertex 29.07704128132242 78.37160644531289 6.000000000000035
    vertex 29.553797149116072 77.75028610175323 6.000000000000035
  endloop
endfacet
facet normal 0.0 0.0 1.0
  outer loop
    vertex 29.07704128132242 81.37160644531293 6.000000000000035
    vertex 29.553797149116072 77.75028610175323 6.000000000000035
    vertex 29.553797149116072 81.99292678887258 6.000000000000035
  endloop
endfacet
facet normal 0.0 0.0 1.0
  outer loop
    vertex 29.553797149116072 81.99292678887258 6.000000000000035
    vertex 29.553797149116072 77.75028610175323 6.000000000000035
    vertex 30.175117492675746 77.27353023395956 6.000000000000035
  endloop
endfacet
facet normal 0.0 0.0 1.0
  outer loop
    vertex 29.553797149116072 81.99292678887258 6.000000000000035
    vertex 30.175117492675746 77.27353023395956 6.000000000000035
    vertex 30.175117492675746 82.46968265666625 6.000000000000035
  endloop
endfacet
facet normal 0.0 0.0 1.0
  outer loop
    vertex 30.175117492675746 82.46968265666625 6.000000000000035
    vertex 30.175117492675746 77.27353023395956 6.000000000000035
    vertex 30.425117492675778 79.871606445313 6.000000000000035
  endloop
endfacet
facet normal 0.0 0.0 1.0
  outer loop
    vertex 30.425117492675778 79.871606445313 6.000000000000035
    vertex 30.175117492675746 77.27353023395956 6.000000000000035
    vertex 30.467710209814445 79.54808263893486 6.000000000000035
  endloop
endfacet
facet normal 0.0 0.0 1.0
  outer loop
    vertex 30.467710209814445 79.54808263893486 6.000000000000035
    vertex 30.175117492675746 77.27353023395956 6.000000000000035
    vertex 30.89866035736816 76.97382896644567 6.000000000000035
  endloop
endfacet
facet normal 0.0 0.0 1.0
  outer loop
    vertex 30.467710209814445 79.54808263893486 6.000000000000035
    vertex 30.89866035736816 76.97382896644567 6.000000000000035
    vertex 30.59258573794519 79.24660644531298 6.000000000000035
  endloop
endfacet
facet normal 0.0 0.0 1.0
  outer loop
    vertex 30.59258573794519 79.24660644531298 6.000000000000035
    vertex 30.89866035736816 76.97382896644567 6.000000000000035
    vertex 30.79123401619257 78.9877229688298 6.000000000000035
  endloop
endfacet
facet normal 0.0 0.0 1.0
  outer loop
    vertex 30.79123401619257 78.9877229688298 6.000000000000035
    vertex 30.89866035736816 76.97382896644567 6.000000000000035
    vertex 31.050117492675728 78.78907469058242 6.000000000000035
  endloop
endfacet
facet normal 0.0 0.0 1.0
  outer loop
    vertex 31.050117492675728 78.78907469058242 6.000000000000035
    vertex 30.89866035736816 76.97382896644567 6.000000000000035
    vertex 31.675117492675763 76.87160644531286 6.000000000000035
  endloop
endfacet
facet normal 0.0 0.0 1.0
  outer loop
    vertex 31.050117492675728 78.78907469058242 6.000000000000035
    vertex 31.675117492675763 76.87160644531286 6.000000000000035
    vertex 31.35159368629755 78.66419916245161 6.000000000000035
  endloop
endfacet
facet normal 0.0 0.0 1.0
  outer loop
    vertex 31.35159368629755 78.66419916245161 6.000000000000035
    vertex 31.675117492675763 76.87160644531286 6.000000000000035
    vertex 31.675117492675675 78.62160644531292 6.000000000000035
  endloop
endfacet
facet normal 0.0 0.0 1.0
  outer loop
    vertex 31.675117492675675 78.62160644531292 6.000000000000035
    vertex 31.675117492675763 76.87160644531286 6.000000000000035
    vertex 31.998641299053798 78.66419916245157 6.000000000000035
  endloop
endfacet
facet normal 0.0 0.0 1.0
  outer loop
    vertex 31.998641299053798 78.66419916245157 6.000000000000035
    vertex 31.675117492675763 76.87160644531286 6.000000000000035
    vertex 32.45157462798337 76.97382896644567 6.000000000000035
  endloop
endfacet
facet normal 0.0 0.0 1.0
  outer loop
    vertex 31.998641299053798 78.66419916245157 6.000000000000035
    vertex 32.45157462798337 76.97382896644567 6.000000000000035
    vertex 32.30011749267571 78.78907469058234 6.000000000000035
  endloop
endfacet
facet normal 0.0 0.0 1.0
  outer loop
    vertex 32.30011749267571 78.78907469058234 6.000000000000035
    vertex 32.45157462798337 76.97382896644567 6.000000000000035
    vertex 32.55900096915887 78.98772296882967 6.000000000000035
  endloop
endfacet
facet normal 0.0 0.0 1.0
  outer loop
    vertex 32.55900096915887 78.98772296882967 6.000000000000035
    vertex 32.45157462798337 76.97382896644567 6.000000000000035
    vertex 33.17511749267578 77.27353023395956 6.000000000000035
  endloop
endfacet
facet normal 0.0 0.0 1.0
  outer loop
    vertex 32.55900096915887 78.98772296882967 6.000000000000035
    vertex 33.17511749267578 77.27353023395956 6.000000000000035
    vertex 32.75764924740625 79.24660644531285 6.000000000000035
  endloop
endfacet
facet normal 0.0 0.0 1.0
  outer loop
    vertex 32.75764924740625 79.24660644531285 6.000000000000035
    vertex 33.17511749267578 77.27353023395956 6.000000000000035
    vertex 32.882524775537085 79.54808263893467 6.000000000000035
  endloop
endfacet
facet normal 0.0 0.0 1.0
  outer loop
    vertex 32.882524775537085 79.54808263893467 6.000000000000035
    vertex 33.17511749267578 77.27353023395956 6.000000000000035
    vertex 32.92511749267575 79.87160644531282 6.000000000000035
  endloop
endfacet
facet normal 0.0 0.0 1.0
  outer loop
    vertex 30.175117492675746 82.46968265666625 6.000000000000035
    vertex 30.467710209814445 80.19513025169114 6.000000000000035
    vertex 30.89866035736816 82.76938392418016 6.000000000000035
  endloop
endfacet
facet normal 0.0 0.0 1.0
  outer loop
    vertex 30.467710209814445 80.19513025169114 6.000000000000035
    vertex 30.175117492675746 82.46968265666625 6.000000000000035
    vertex 30.425117492675778 79.871606445313 6.000000000000035
  endloop
endfacet
facet normal 0.0 0.0 1.0
  outer loop
    vertex 30.89866035736816 82.76938392418016 6.000000000000035
    vertex 30.467710209814445 80.19513025169114 6.000000000000035
    vertex 30.592585737945278 80.49660644531296 6.000000000000035
  endloop
endfacet
facet normal 0.0 0.0 1.0
  outer loop
    vertex 30.89866035736816 82.76938392418016 6.000000000000035
    vertex 30.592585737945278 80.49660644531296 6.000000000000035
    vertex 30.791234016192657 80.75548992179615 6.000000000000035
  endloop
endfacet
facet normal 0.0 0.0 1.0
  outer loop
    vertex 30.89866035736816 82.76938392418016 6.000000000000035
    vertex 30.791234016192657 80.75548992179615 6.000000000000035
    vertex 31.050117492675817 80.95413820004349 6.000000000000035
  endloop
endfacet
facet normal 0.0 0.0 1.0
  outer loop
    vertex 30.89866035736816 82.76938392418016 6.000000000000035
    vertex 31.050117492675817 80.95413820004349 6.000000000000035
    vertex 31.675117492675763 82.87160644531295 6.000000000000035
  endloop
endfacet
facet normal 0.0 0.0 1.0
  outer loop
    vertex 31.675117492675763 82.87160644531295 6.000000000000035
    vertex 31.050117492675817 80.95413820004349 6.000000000000035
    vertex 31.351593686297733 81.07901372817425 6.000000000000035
  endloop
endfacet
facet normal 0.0 0.0 1.0
  outer loop
    vertex 31.675117492675763 82.87160644531295 6.000000000000035
    vertex 31.351593686297733 81.07901372817425 6.000000000000035
    vertex 31.675117492675856 81.12160644531289 6.000000000000035
  endloop
endfacet
facet normal 0.0 0.0 1.0
  outer loop
    vertex 31.675117492675763 82.87160644531295 6.000000000000035
    vertex 31.675117492675856 81.12160644531289 6.000000000000035
    vertex 32.45157462798337 82.76938392418016 6.000000000000035
  endloop
endfacet
facet normal 0.0 0.0 1.0
  outer loop
    vertex 32.45157462798337 82.76938392418016 6.000000000000035
    vertex 31.675117492675856 81.12160644531289 6.000000000000035
    vertex 31.99864129905398 81.0790137281742 6.000000000000035
  endloop
endfacet
facet normal 0.0 0.0 1.0
  outer loop
    vertex 32.45157462798337 82.76938392418016 6.000000000000035
    vertex 31.99864129905398 81.0790137281742 6.000000000000035
    vertex 32.3001174926758 80.95413820004339 6.000000000000035
  endloop
endfacet
facet normal 0.0 0.0 1.0
  outer loop
    vertex 32.45157462798337 82.76938392418016 6.000000000000035
    vertex 32.3001174926758 80.95413820004339 6.000000000000035
    vertex 32.559000969158966 80.75548992179601 6.000000000000035
  endloop
endfacet
facet normal 0.0 0.0 1.0
  outer loop
    vertex 32.45157462798337 82.76938392418016 6.000000000000035
    vertex 32.559000969158966 80.75548992179601 6.000000000000035
    vertex 33.17511749267578 82.46968265666625 6.000000000000035
  endloop
endfacet
facet normal 0.0 0.0 1.0
  outer loop
    vertex 33.17511749267578 82.46968265666625 6.000000000000035
    vertex 32.559000969158966 80.75548992179601 6.000000000000035
    vertex 32.75764924740634 80.49660644531284 6.000000000000035
  endloop
endfacet
facet normal 0.0 0.0 1.0
  outer loop
    vertex 33.17511749267578 82.46968265666625 6.000000000000035
    vertex 32.75764924740634 80.49660644531284 6.000000000000035
    vertex 32.882524775537085 80.19513025169097 6.000000000000035
  endloop
endfacet
facet normal 0.0 0.0 1.0
  outer loop
    vertex 33.17511749267578 82.46968265666625 6.000000000000035
    vertex 32.882524775537085 80.19513025169097 6.000000000000035
    vertex 32.92511749267575 79.87160644531282 6.000000000000035
  endloop
endfacet
facet normal 0.0 0.0 1.0
  outer loop
    vertex 33.17511749267578 82.46968265666625 6.000000000000035
    vertex 32.92511749267575 79.87160644531282 6.000000000000035
    vertex 33.17511749267578 77.27353023395956 6.000000000000035
  endloop
endfacet
facet normal 0.0 0.0 1.0
  outer loop
    vertex 33.17511749267578 82.46968265666625 6.000000000000035
    vertex 33.17511749267578 77.27353023395956 6.000000000000035
    vertex 33.796437836235455 77.75028610175323 6.000000000000035
  endloop
endfacet
facet normal 0.0 0.0 1.0
  outer loop
    vertex 33.17511749267578 82.46968265666625 6.000000000000035
    vertex 33.796437836235455 77.75028610175323 6.000000000000035
    vertex 33.796437836235455 81.99292678887258 6.000000000000035
  endloop
endfacet
facet normal 0.0 0.0 1.0
  outer loop
    vertex 33.796437836235455 81.99292678887258 6.000000000000035
    vertex 33.796437836235455 77.75028610175323 6.000000000000035
    vertex 34.27319370402911 78.37160644531289 6.000000000000035
  endloop
endfacet
facet normal 0.0 0.0 1.0
  outer loop
    vertex 33.796437836235455 81.99292678887258 6.000000000000035
    vertex 34.27319370402911 78.37160644531289 6.000000000000035
    vertex 34.27319370402911 81.37160644531293 6.000000000000035
  endloop
endfacet
facet normal 0.0 0.0 1.0
  outer loop
    vertex 34.27319370402911 81.37160644531293 6.000000000000035
    vertex 34.27319370402911 78.37160644531289 6.000000000000035
    vertex 34.57289497154297 79.09514931000533 6.000000000000035
  endloop
endfacet
facet normal 0.0 0.0 1.0
  outer loop
    vertex 34.27319370402911 81.37160644531293 6.000000000000035
    vertex 34.57289497154297 79.09514931000533 6.000000000000035
    vertex 34.57289497154297 80.64806358062049 6.000000000000035
  endloop
endfacet
facet normal 0.0 0.0 1.0
  outer loop
    vertex 34.57289497154297 80.64806358062049 6.000000000000035
    vertex 34.57289497154297 79.09514931000533 6.000000000000035
    vertex 34.6751174926758 79.8716064453129 6.000000000000035
  endloop
endfacet
facet normal 0.13052619222003808 -0.9914448613738123 0.0
  outer loop
    vertex 32.45157462798337 76.97382896644567 6.000000000000035
    vertex 31.675117492675763 76.87160644531286 3.000000000000035
    vertex 32.45157462798337 76.97382896644567 3.000000000000035
  endloop
endfacet
facet normal 0.13052619222003808 -0.9914448613738123 0.0
  outer loop
    vertex 31.675117492675763 76.87160644531286 3.000000000000035
    vertex 32.45157462798337 76.97382896644567 6.000000000000035
    vertex 31.675117492675763 76.87160644531286 6.000000000000035
  endloop
endfacet
facet normal 0.3826834323651156 -0.9238795325112762 0.0
  outer loop
    vertex 33.17511749267578 77.27353023395956 6.000000000000035
    vertex 32.45157462798337 76.97382896644567 3.000000000000035
    vertex 33.17511749267578 77.27353023395956 3.000000000000035
  endloop
endfacet
facet normal 0.3826834323651156 -0.9238795325112762 0.0
  outer loop
    vertex 32.45157462798337 76.97382896644567 3.000000000000035
    vertex 33.17511749267578 77.27353023395956 6.000000000000035
    vertex 32.45157462798337 76.97382896644567 6.000000000000035
  endloop
endfacet
facet normal 0.9914448613738043 0.13052619222009842 0.0
  outer loop
    vertex 34.57289497154297 80.64806358062049 3.000000000000035
    vertex 34.6751174926758 79.8716064453129 6.000000000000035
    vertex 34.6751174926758 79.8716064453129 3.000000000000035
  endloop
endfacet
facet normal 0.9914448613738043 0.13052619222009842 0.0
  outer loop
    vertex 34.6751174926758 79.8716064453129 6.000000000000035
    vertex 34.57289497154297 80.64806358062049 3.000000000000035
    vertex 34.57289497154297 80.64806358062049 6.000000000000035
  endloop
endfacet
facet normal -0.13052619222003808 -0.9914448613738123 -0.0
  outer loop
    vertex 31.675117492675763 76.87160644531286 6.000000000000035
    vertex 30.89866035736816 76.97382896644567 3.000000000000035
    vertex 31.675117492675763 76.87160644531286 3.000000000000035
  endloop
endfacet
facet normal -0.13052619222003808 -0.9914448613738123 -0.0
  outer loop
    vertex 30.89866035736816 76.97382896644567 3.000000000000035
    vertex 31.675117492675763 76.87160644531286 6.000000000000035
    vertex 30.89866035736816 76.97382896644567 6.000000000000035
  endloop
endfacet
facet normal 0.13052619222003808 0.9914448613738123 0.0
  outer loop
    vertex 31.675117492675763 82.87160644531295 6.000000000000035
    vertex 32.45157462798337 82.76938392418016 3.000000000000035
    vertex 31.675117492675763 82.87160644531295 3.000000000000035
  endloop
endfacet
facet normal 0.13052619222003808 0.9914448613738123 0.0
  outer loop
    vertex 32.45157462798337 82.76938392418016 3.000000000000035
    vertex 31.675117492675763 82.87160644531295 6.000000000000035
    vertex 32.45157462798337 82.76938392418016 6.000000000000035
  endloop
endfacet
facet normal 0.7933533402912517 -0.6087614290086991 0.0
  outer loop
    vertex 34.27319370402911 78.37160644531289 3.000000000000035
    vertex 33.796437836235455 77.75028610175323 6.000000000000035
    vertex 33.796437836235455 77.75028610175323 3.000000000000035
  endloop
endfacet
facet normal 0.7933533402912517 -0.6087614290086991 0.0
  outer loop
    vertex 33.796437836235455 77.75028610175323 6.000000000000035
    vertex 34.27319370402911 78.37160644531289 3.000000000000035
    vertex 34.27319370402911 78.37160644531289 6.000000000000035
  endloop
endfacet
facet normal -0.38268343236512203 -0.9238795325112733 -0.0
  outer loop
    vertex 32.3249969482422 129.8825315639962 6.000000000000035
    vertex 32.02352075462038 130.00740709212698 1.000000000000035
    vertex 32.3249969482422 129.8825315639962 1.000000000000035
  endloop
endfacet
facet normal -0.38268343236512203 -0.9238795325112733 -0.0
  outer loop
    vertex 32.02352075462038 130.00740709212698 1.000000000000035
    vertex 32.3249969482422 129.8825315639962 6.000000000000035
    vertex 32.02352075462038 130.00740709212698 6.000000000000035
  endloop
endfacet
facet normal 0.793353340291212 0.608761429008751 0.0
  outer loop
    vertex 88.61746805453451 79.1750007629399 1.000000000000035
    vertex 88.81611633278189 78.91611728645671 6.000000000000035
    vertex 88.81611633278189 78.91611728645671 1.000000000000035
  endloop
endfacet
facet normal 0.793353340291212 0.608761429008751 0.0
  outer loop
    vertex 88.81611633278189 78.91611728645671 6.000000000000035
    vertex 88.61746805453451 79.1750007629399 1.000000000000035
    vertex 88.61746805453451 79.1750007629399 6.000000000000035
  endloop
endfacet
facet normal -0.13052619222006728 0.9914448613738084 0.0
  outer loop
    vertex 89.69999980926508 78.5500007629399 6.000000000000035
    vertex 90.02352361564321 78.59259348007858 1.000000000000035
    vertex 89.69999980926508 78.5500007629399 1.000000000000035
  endloop
endfacet
facet normal -0.13052619222006728 0.9914448613738084 0.0
  outer loop
    vertex 90.02352361564321 78.59259348007858 1.000000000000035
    vertex 89.69999980926508 78.5500007629399 6.000000000000035
    vertex 90.02352361564321 78.59259348007858 6.000000000000035
  endloop
endfacet
facet normal 0.38268343236512203 0.9238795325112733 0.0
  outer loop
    vertex 89.07499980926514 78.71746900820936 6.000000000000035
    vertex 89.37647600288696 78.59259348007858 1.000000000000035
    vertex 89.07499980926514 78.71746900820936 1.000000000000035
  endloop
endfacet
facet normal 0.38268343236512203 0.9238795325112733 0.0
  outer loop
    vertex 89.37647600288696 78.59259348007858 1.000000000000035
    vertex 89.07499980926514 78.71746900820936 6.000000000000035
    vertex 89.37647600288696 78.59259348007858 6.000000000000035
  endloop
endfacet
facet normal 0.13052619222006728 0.9914448613738084 0.0
  outer loop
    vertex 89.37647600288696 78.59259348007858 6.000000000000035
    vertex 89.69999980926508 78.5500007629399 1.000000000000035
    vertex 89.37647600288696 78.59259348007858 1.000000000000035
  endloop
endfacet
facet normal 0.13052619222006728 0.9914448613738084 0.0
  outer loop
    vertex 89.69999980926508 78.5500007629399 1.000000000000035
    vertex 89.37647600288696 78.59259348007858 6.000000000000035
    vertex 89.69999980926508 78.5500007629399 6.000000000000035
  endloop
endfacet
facet normal 0.9238795325112246 -0.3826834323652401 0.0
  outer loop
    vertex 30.617465193511677 129.4249998092657 1.000000000000035
    vertex 30.492589665380844 129.12352361564388 6.000000000000035
    vertex 30.492589665380844 129.12352361564388 1.000000000000035
  endloop
endfacet
facet normal 0.9238795325112246 -0.3826834323652401 0.0
  outer loop
    vertex 30.492589665380844 129.12352361564388 6.000000000000035
    vertex 30.617465193511677 129.4249998092657 1.000000000000035
    vertex 30.617465193511677 129.4249998092657 6.000000000000035
  endloop
endfacet
facet normal 0.7933533402911863 -0.6087614290087844 0.0
  outer loop
    vertex 30.816113471759056 129.68388328574886 1.000000000000035
    vertex 30.617465193511677 129.4249998092657 6.000000000000035
    vertex 30.617465193511677 129.4249998092657 1.000000000000035
  endloop
endfacet
facet normal 0.7933533402911863 -0.6087614290087844 0.0
  outer loop
    vertex 30.617465193511677 129.4249998092657 6.000000000000035
    vertex 30.816113471759056 129.68388328574886 1.000000000000035
    vertex 30.816113471759056 129.68388328574886 6.000000000000035
  endloop
endfacet
facet normal -0.7933533402912375 -0.6087614290087175 -0.0
  outer loop
    vertex 32.58388042472536 129.68388328574883 6.000000000000035
    vertex 32.78252870297274 129.4249998092656 1.000000000000035
    vertex 32.78252870297274 129.4249998092656 6.000000000000035
  endloop
endfacet
facet normal -0.7933533402912375 -0.6087614290087175 -0.0
  outer loop
    vertex 32.78252870297274 129.4249998092656 1.000000000000035
    vertex 32.58388042472536 129.68388328574883 6.000000000000035
    vertex 32.58388042472536 129.68388328574883 1.000000000000035
  endloop
endfacet
facet normal 0.9238795325113325 0.38268343236497965 0.0
  outer loop
    vertex 88.49259252640377 79.47647695656174 1.000000000000035
    vertex 88.61746805453451 79.1750007629399 6.000000000000035
    vertex 88.61746805453451 79.1750007629399 1.000000000000035
  endloop
endfacet
facet normal 0.9238795325113325 0.38268343236497965 0.0
  outer loop
    vertex 88.61746805453451 79.1750007629399 6.000000000000035
    vertex 88.49259252640377 79.47647695656174 1.000000000000035
    vertex 88.49259252640377 79.47647695656174 6.000000000000035
  endloop
endfacet
facet normal -0.9238795325113325 0.38268343236497965 0.0
  outer loop
    vertex 90.9074070921264 79.47647695656174 6.000000000000035
    vertex 90.78253156399566 79.1750007629399 1.000000000000035
    vertex 90.78253156399566 79.1750007629399 6.000000000000035
  endloop
endfacet
facet normal -0.9238795325113325 0.38268343236497965 0.0
  outer loop
    vertex 90.78253156399566 79.1750007629399 1.000000000000035
    vertex 90.9074070921264 79.47647695656174 6.000000000000035
    vertex 90.9074070921264 79.47647695656174 1.000000000000035
  endloop
endfacet
facet normal -0.9238795325113223 -0.382683432365004 -0.0
  outer loop
    vertex 32.78252870297274 129.4249998092656 6.000000000000035
    vertex 32.907404231103484 129.1235236156438 1.000000000000035
    vertex 32.907404231103484 129.1235236156438 6.000000000000035
  endloop
endfacet
facet normal -0.9238795325113223 -0.382683432365004 -0.0
  outer loop
    vertex 32.907404231103484 129.1235236156438 1.000000000000035
    vertex 32.78252870297274 129.4249998092656 6.000000000000035
    vertex 32.78252870297274 129.4249998092656 1.000000000000035
  endloop
endfacet
facet normal -0.1305261922200315 -0.991444861373813 -0.0
  outer loop
    vertex 32.02352075462038 130.00740709212698 6.000000000000035
    vertex 31.699996948242163 130.04999980926564 1.000000000000035
    vertex 32.02352075462038 130.00740709212698 1.000000000000035
  endloop
endfacet
facet normal -0.1305261922200315 -0.991444861373813 -0.0
  outer loop
    vertex 31.699996948242163 130.04999980926564 1.000000000000035
    vertex 32.02352075462038 130.00740709212698 6.000000000000035
    vertex 31.699996948242163 130.04999980926564 6.000000000000035
  endloop
endfacet
facet normal 0.1305261922200315 0.991444861373813 0.0
  outer loop
    vertex 31.37647314186395 127.59259252640435 6.000000000000035
    vertex 31.699996948242163 127.54999980926569 1.000000000000035
    vertex 31.37647314186395 127.59259252640435 1.000000000000035
  endloop
endfacet
facet normal 0.1305261922200315 0.991444861373813 0.0
  outer loop
    vertex 31.699996948242163 127.54999980926569 1.000000000000035
    vertex 31.37647314186395 127.59259252640435 6.000000000000035
    vertex 31.699996948242163 127.54999980926569 6.000000000000035
  endloop
endfacet
facet normal -0.3826834323650243 0.9238795325113139 0.0
  outer loop
    vertex 90.02352361564321 78.59259348007858 6.000000000000035
    vertex 90.32499980926512 78.71746900820936 1.000000000000035
    vertex 90.02352361564321 78.59259348007858 1.000000000000035
  endloop
endfacet
facet normal -0.3826834323650243 0.9238795325113139 0.0
  outer loop
    vertex 90.32499980926512 78.71746900820936 1.000000000000035
    vertex 90.02352361564321 78.59259348007858 6.000000000000035
    vertex 90.32499980926512 78.71746900820936 6.000000000000035
  endloop
endfacet
facet normal 0.13052619222006728 -0.9914448613738084 0.0
  outer loop
    vertex 31.699996948242163 130.04999980926564 6.000000000000035
    vertex 31.37647314186404 130.00740709212698 1.000000000000035
    vertex 31.699996948242163 130.04999980926564 1.000000000000035
  endloop
endfacet
facet normal 0.13052619222006728 -0.9914448613738084 0.0
  outer loop
    vertex 31.37647314186404 130.00740709212698 1.000000000000035
    vertex 31.699996948242163 130.04999980926564 6.000000000000035
    vertex 31.37647314186404 130.00740709212698 6.000000000000035
  endloop
endfacet
facet normal -0.6087614290087409 0.7933533402912197 0.0
  outer loop
    vertex 90.32499980926512 78.71746900820936 6.000000000000035
    vertex 90.58388328574829 78.91611728645671 1.000000000000035
    vertex 90.32499980926512 78.71746900820936 1.000000000000035
  endloop
endfacet
facet normal -0.6087614290087409 0.7933533402912197 0.0
  outer loop
    vertex 90.58388328574829 78.91611728645671 1.000000000000035
    vertex 90.32499980926512 78.71746900820936 6.000000000000035
    vertex 90.58388328574829 78.91611728645671 6.000000000000035
  endloop
endfacet
facet normal 0.6087614290086073 0.7933533402913222 0.0
  outer loop
    vertex 88.81611633278189 78.91611728645671 6.000000000000035
    vertex 89.07499980926514 78.71746900820936 1.000000000000035
    vertex 88.81611633278189 78.91611728645671 1.000000000000035
  endloop
endfacet
facet normal 0.6087614290086073 0.7933533402913222 0.0
  outer loop
    vertex 89.07499980926514 78.71746900820936 1.000000000000035
    vertex 88.81611633278189 78.91611728645671 6.000000000000035
    vertex 89.07499980926514 78.71746900820936 6.000000000000035
  endloop
endfacet
facet normal -0.6087614290087844 -0.7933533402911863 -0.0
  outer loop
    vertex 32.58388042472536 129.68388328574883 6.000000000000035
    vertex 32.3249969482422 129.8825315639962 1.000000000000035
    vertex 32.58388042472536 129.68388328574883 1.000000000000035
  endloop
endfacet
facet normal -0.6087614290087844 -0.7933533402911863 -0.0
  outer loop
    vertex 32.3249969482422 129.8825315639962 1.000000000000035
    vertex 32.58388042472536 129.68388328574883 6.000000000000035
    vertex 32.3249969482422 129.8825315639962 6.000000000000035
  endloop
endfacet
facet normal 0.6087614290086852 -0.7933533402912625 0.0
  outer loop
    vertex 33.821317291801854 126.67867946570597 6.000000000000035
    vertex 33.19999694824218 126.20192359791233 3.000000000000035
    vertex 33.821317291801854 126.67867946570597 3.000000000000035
  endloop
endfacet
facet normal 0.6087614290086852 -0.7933533402912625 0.0
  outer loop
    vertex 33.19999694824218 126.20192359791233 3.000000000000035
    vertex 33.821317291801854 126.67867946570597 6.000000000000035
    vertex 33.19999694824218 126.20192359791233 6.000000000000035
  endloop
endfacet
facet normal 0.9914448613738107 -0.1305261922200494 0.0
  outer loop
    vertex 30.492589665380844 129.12352361564388 1.000000000000035
    vertex 30.449996948242177 128.7999998092657 6.000000000000035
    vertex 30.449996948242177 128.7999998092657 1.000000000000035
  endloop
endfacet
facet normal 0.9914448613738107 -0.1305261922200494 0.0
  outer loop
    vertex 30.449996948242177 128.7999998092657 6.000000000000035
    vertex 30.492589665380844 129.12352361564388 1.000000000000035
    vertex 30.492589665380844 129.12352361564388 6.000000000000035
  endloop
endfacet
facet normal 0.9238795325113223 0.382683432365004 0.0
  outer loop
    vertex 30.492589665380844 128.47647600288755 1.000000000000035
    vertex 30.61746519351159 128.17499980926573 6.000000000000035
    vertex 30.61746519351159 128.17499980926573 1.000000000000035
  endloop
endfacet
facet normal 0.9238795325113223 0.382683432365004 0.0
  outer loop
    vertex 30.61746519351159 128.17499980926573 6.000000000000035
    vertex 30.492589665380844 128.47647600288755 1.000000000000035
    vertex 30.492589665380844 128.47647600288755 6.000000000000035
  endloop
endfacet
facet normal 0.0 0.0 1.0
  outer loop
    vertex 30.492589665380844 128.47647600288755 1.000000000000035
    vertex 30.492589665380844 129.12352361564388 1.000000000000035
    vertex 30.449996948242177 128.7999998092657 1.000000000000035
  endloop
endfacet
facet normal 0.0 0.0 1.0
  outer loop
    vertex 30.492589665380844 129.12352361564388 1.000000000000035
    vertex 30.492589665380844 128.47647600288755 1.000000000000035
    vertex 30.61746519351159 128.17499980926573 1.000000000000035
  endloop
endfacet
facet normal 0.0 0.0 1.0
  outer loop
    vertex 30.492589665380844 129.12352361564388 1.000000000000035
    vertex 30.61746519351159 128.17499980926573 1.000000000000035
    vertex 30.617465193511677 129.4249998092657 1.000000000000035
  endloop
endfacet
facet normal 0.0 0.0 1.0
  outer loop
    vertex 30.617465193511677 129.4249998092657 1.000000000000035
    vertex 30.61746519351159 128.17499980926573 1.000000000000035
    vertex 30.816113471758964 127.91611633278252 1.000000000000035
  endloop
endfacet
facet normal 0.0 0.0 1.0
  outer loop
    vertex 30.617465193511677 129.4249998092657 1.000000000000035
    vertex 30.816113471758964 127.91611633278252 1.000000000000035
    vertex 30.816113471759056 129.68388328574886 1.000000000000035
  endloop
endfacet
facet normal 0.0 0.0 1.0
  outer loop
    vertex 30.816113471759056 129.68388328574886 1.000000000000035
    vertex 30.816113471758964 127.91611633278252 1.000000000000035
    vertex 31.074996948242124 127.71746805453513 1.000000000000035
  endloop
endfacet
facet normal 0.0 0.0 1.0
  outer loop
    vertex 30.816113471759056 129.68388328574886 1.000000000000035
    vertex 31.074996948242124 127.71746805453513 1.000000000000035
    vertex 31.074996948242216 129.88253156399625 1.000000000000035
  endloop
endfacet
facet normal 0.0 0.0 1.0
  outer loop
    vertex 31.074996948242216 129.88253156399625 1.000000000000035
    vertex 31.074996948242124 127.71746805453513 1.000000000000035
    vertex 31.37647314186395 127.59259252640435 1.000000000000035
  endloop
endfacet
facet normal 0.0 0.0 1.0
  outer loop
    vertex 31.074996948242216 129.88253156399625 1.000000000000035
    vertex 31.37647314186395 127.59259252640435 1.000000000000035
    vertex 31.37647314186404 130.00740709212698 1.000000000000035
  endloop
endfacet
facet normal 0.0 0.0 1.0
  outer loop
    vertex 31.37647314186404 130.00740709212698 1.000000000000035
    vertex 31.37647314186395 127.59259252640435 1.000000000000035
    vertex 31.699996948242163 127.54999980926569 1.000000000000035
  endloop
endfacet
facet normal 0.0 0.0 1.0
  outer loop
    vertex 31.37647314186404 130.00740709212698 1.000000000000035
    vertex 31.699996948242163 127.54999980926569 1.000000000000035
    vertex 31.699996948242163 130.04999980926564 1.000000000000035
  endloop
endfacet
facet normal 0.0 0.0 1.0
  outer loop
    vertex 31.699996948242163 130.04999980926564 1.000000000000035
    vertex 31.699996948242163 127.54999980926569 1.000000000000035
    vertex 32.023520754620286 127.59259252640435 1.000000000000035
  endloop
endfacet
facet normal 0.0 0.0 1.0
  outer loop
    vertex 31.699996948242163 130.04999980926564 1.000000000000035
    vertex 32.023520754620286 127.59259252640435 1.000000000000035
    vertex 32.02352075462038 130.00740709212698 1.000000000000035
  endloop
endfacet
facet normal 0.0 0.0 1.0
  outer loop
    vertex 32.02352075462038 130.00740709212698 1.000000000000035
    vertex 32.023520754620286 127.59259252640435 1.000000000000035
    vertex 32.32499694824211 127.71746805453509 1.000000000000035
  endloop
endfacet
facet normal 0.0 0.0 1.0
  outer loop
    vertex 32.02352075462038 130.00740709212698 1.000000000000035
    vertex 32.32499694824211 127.71746805453509 1.000000000000035
    vertex 32.3249969482422 129.8825315639962 1.000000000000035
  endloop
endfacet
facet normal 0.0 0.0 1.0
  outer loop
    vertex 32.3249969482422 129.8825315639962 1.000000000000035
    vertex 32.32499694824211 127.71746805453509 1.000000000000035
    vertex 32.58388042472527 127.91611633278247 1.000000000000035
  endloop
endfacet
facet normal 0.0 0.0 1.0
  outer loop
    vertex 32.3249969482422 129.8825315639962 1.000000000000035
    vertex 32.58388042472527 127.91611633278247 1.000000000000035
    vertex 32.58388042472536 129.68388328574883 1.000000000000035
  endloop
endfacet
facet normal 0.0 0.0 1.0
  outer loop
    vertex 32.58388042472536 129.68388328574883 1.000000000000035
    vertex 32.58388042472527 127.91611633278247 1.000000000000035
    vertex 32.78252870297265 128.17499980926564 1.000000000000035
  endloop
endfacet
facet normal 0.0 0.0 1.0
  outer loop
    vertex 32.58388042472536 129.68388328574883 1.000000000000035
    vertex 32.78252870297265 128.17499980926564 1.000000000000035
    vertex 32.78252870297274 129.4249998092656 1.000000000000035
  endloop
endfacet
facet normal 0.0 0.0 1.0
  outer loop
    vertex 32.78252870297274 129.4249998092656 1.000000000000035
    vertex 32.78252870297265 128.17499980926564 1.000000000000035
    vertex 32.907404231103484 128.47647600288747 1.000000000000035
  endloop
endfacet
facet normal 0.0 0.0 1.0
  outer loop
    vertex 32.78252870297274 129.4249998092656 1.000000000000035
    vertex 32.907404231103484 128.47647600288747 1.000000000000035
    vertex 32.907404231103484 129.1235236156438 1.000000000000035
  endloop
endfacet
facet normal 0.0 0.0 1.0
  outer loop
    vertex 32.907404231103484 129.1235236156438 1.000000000000035
    vertex 32.907404231103484 128.47647600288747 1.000000000000035
    vertex 32.94999694824215 128.7999998092656 1.000000000000035
  endloop
endfacet
facet normal -0.13052619222006728 0.9914448613738084 0.0
  outer loop
    vertex 31.699996948242163 127.54999980926569 6.000000000000035
    vertex 32.023520754620286 127.59259252640435 1.000000000000035
    vertex 31.699996948242163 127.54999980926569 1.000000000000035
  endloop
endfacet
facet normal -0.13052619222006728 0.9914448613738084 0.0
  outer loop
    vertex 32.023520754620286 127.59259252640435 1.000000000000035
    vertex 31.699996948242163 127.54999980926569 6.000000000000035
    vertex 32.023520754620286 127.59259252640435 6.000000000000035
  endloop
endfacet
facet normal -0.9238795325112246 0.3826834323652401 0.0
  outer loop
    vertex 32.907404231103484 128.47647600288747 6.000000000000035
    vertex 32.78252870297265 128.17499980926564 1.000000000000035
    vertex 32.78252870297265 128.17499980926564 6.000000000000035
  endloop
endfacet
facet normal -0.9238795325112246 0.3826834323652401 0.0
  outer loop
    vertex 32.78252870297265 128.17499980926564 1.000000000000035
    vertex 32.907404231103484 128.47647600288747 6.000000000000035
    vertex 32.907404231103484 128.47647600288747 1.000000000000035
  endloop
endfacet
facet normal 0.13052619222003808 -0.9914448613738123 0.0
  outer loop
    vertex 32.47645408354977 125.90222233039842 6.000000000000035
    vertex 31.699996948242163 125.79999980926563 3.000000000000035
    vertex 32.47645408354977 125.90222233039842 3.000000000000035
  endloop
endfacet
facet normal 0.13052619222003808 -0.9914448613738123 0.0
  outer loop
    vertex 31.699996948242163 125.79999980926563 3.000000000000035
    vertex 32.47645408354977 125.90222233039842 6.000000000000035
    vertex 31.699996948242163 125.79999980926563 6.000000000000035
  endloop
endfacet
facet normal -0.9914448613738107 -0.1305261922200494 -0.0
  outer loop
    vertex 32.907404231103484 129.1235236156438 6.000000000000035
    vertex 32.94999694824215 128.7999998092656 1.000000000000035
    vertex 32.94999694824215 128.7999998092656 6.000000000000035
  endloop
endfacet
facet normal -0.9914448613738107 -0.1305261922200494 -0.0
  outer loop
    vertex 32.94999694824215 128.7999998092656 1.000000000000035
    vertex 32.907404231103484 129.1235236156438 6.000000000000035
    vertex 32.907404231103484 129.1235236156438 1.000000000000035
  endloop
endfacet
facet normal 0.38268343236512203 0.9238795325112733 0.0
  outer loop
    vertex 31.074996948242124 127.71746805453513 6.000000000000035
    vertex 31.37647314186395 127.59259252640435 1.000000000000035
    vertex 31.074996948242124 127.71746805453513 1.000000000000035
  endloop
endfacet
facet normal 0.38268343236512203 0.9238795325112733 0.0
  outer loop
    vertex 31.37647314186395 127.59259252640435 1.000000000000035
    vertex 31.074996948242124 127.71746805453513 6.000000000000035
    vertex 31.37647314186395 127.59259252640435 6.000000000000035
  endloop
endfacet
facet normal 0.7933533402912375 0.6087614290087175 0.0
  outer loop
    vertex 30.61746519351159 128.17499980926573 1.000000000000035
    vertex 30.816113471758964 127.91611633278252 6.000000000000035
    vertex 30.816113471758964 127.91611633278252 1.000000000000035
  endloop
endfacet
facet normal 0.7933533402912375 0.6087614290087175 0.0
  outer loop
    vertex 30.816113471758964 127.91611633278252 6.000000000000035
    vertex 30.61746519351159 128.17499980926573 1.000000000000035
    vertex 30.61746519351159 128.17499980926573 6.000000000000035
  endloop
endfacet
facet normal -0.382683432365004 0.9238795325113223 0.0
  outer loop
    vertex 32.023520754620286 127.59259252640435 6.000000000000035
    vertex 32.32499694824211 127.71746805453509 1.000000000000035
    vertex 32.023520754620286 127.59259252640435 1.000000000000035
  endloop
endfacet
facet normal -0.382683432365004 0.9238795325113223 0.0
  outer loop
    vertex 32.32499694824211 127.71746805453509 1.000000000000035
    vertex 32.023520754620286 127.59259252640435 6.000000000000035
    vertex 32.32499694824211 127.71746805453509 6.000000000000035
  endloop
endfacet
facet normal 0.0 0.0 1.0
  outer loop
    vertex 28.802219469374958 128.0235426739581 6.000000000000035
    vertex 28.802219469374958 129.57645694457324 6.000000000000035
    vertex 28.699996948242124 128.79999980926567 6.000000000000035
  endloop
endfacet
facet normal 0.0 0.0 1.0
  outer loop
    vertex 28.802219469374958 129.57645694457324 6.000000000000035
    vertex 28.802219469374958 128.0235426739581 6.000000000000035
    vertex 29.101920736888818 127.29999980926564 6.000000000000035
  endloop
endfacet
facet normal 0.0 0.0 1.0
  outer loop
    vertex 28.802219469374958 129.57645694457324 6.000000000000035
    vertex 29.101920736888818 127.29999980926564 6.000000000000035
    vertex 29.101920736888818 130.2999998092657 6.000000000000035
  endloop
endfacet
facet normal 0.0 0.0 1.0
  outer loop
    vertex 29.101920736888818 130.2999998092657 6.000000000000035
    vertex 29.101920736888818 127.29999980926564 6.000000000000035
    vertex 29.57867660468247 126.67867946570597 6.000000000000035
  endloop
endfacet
facet normal 0.0 0.0 1.0
  outer loop
    vertex 29.101920736888818 130.2999998092657 6.000000000000035
    vertex 29.57867660468247 126.67867946570597 6.000000000000035
    vertex 29.57867660468247 130.9213201528253 6.000000000000035
  endloop
endfacet
facet normal 0.0 0.0 1.0
  outer loop
    vertex 29.57867660468247 130.9213201528253 6.000000000000035
    vertex 29.57867660468247 126.67867946570597 6.000000000000035
    vertex 30.199996948242145 126.20192359791233 6.000000000000035
  endloop
endfacet
facet normal 0.0 0.0 1.0
  outer loop
    vertex 29.57867660468247 130.9213201528253 6.000000000000035
    vertex 30.199996948242145 126.20192359791233 6.000000000000035
    vertex 30.199996948242145 131.39807602061902 6.000000000000035
  endloop
endfacet
facet normal 0.0 0.0 1.0
  outer loop
    vertex 30.199996948242145 131.39807602061902 6.000000000000035
    vertex 30.199996948242145 126.20192359791233 6.000000000000035
    vertex 30.449996948242177 128.7999998092657 6.000000000000035
  endloop
endfacet
facet normal 0.0 0.0 1.0
  outer loop
    vertex 30.449996948242177 128.7999998092657 6.000000000000035
    vertex 30.199996948242145 126.20192359791233 6.000000000000035
    vertex 30.492589665380844 128.47647600288755 6.000000000000035
  endloop
endfacet
facet normal 0.0 0.0 1.0
  outer loop
    vertex 30.492589665380844 128.47647600288755 6.000000000000035
    vertex 30.199996948242145 126.20192359791233 6.000000000000035
    vertex 30.92353981293456 125.90222233039842 6.000000000000035
  endloop
endfacet
facet normal 0.0 0.0 1.0
  outer loop
    vertex 30.492589665380844 128.47647600288755 6.000000000000035
    vertex 30.92353981293456 125.90222233039842 6.000000000000035
    vertex 30.61746519351159 128.17499980926573 6.000000000000035
  endloop
endfacet
facet normal 0.0 0.0 1.0
  outer loop
    vertex 30.61746519351159 128.17499980926573 6.000000000000035
    vertex 30.92353981293456 125.90222233039842 6.000000000000035
    vertex 30.816113471758964 127.91611633278252 6.000000000000035
  endloop
endfacet
facet normal 0.0 0.0 1.0
  outer loop
    vertex 30.816113471758964 127.91611633278252 6.000000000000035
    vertex 30.92353981293456 125.90222233039842 6.000000000000035
    vertex 31.074996948242124 127.71746805453513 6.000000000000035
  endloop
endfacet
facet normal 0.0 0.0 1.0
  outer loop
    vertex 31.074996948242124 127.71746805453513 6.000000000000035
    vertex 30.92353981293456 125.90222233039842 6.000000000000035
    vertex 31.699996948242163 125.79999980926563 6.000000000000035
  endloop
endfacet
facet normal 0.0 0.0 1.0
  outer loop
    vertex 31.074996948242124 127.71746805453513 6.000000000000035
    vertex 31.699996948242163 125.79999980926563 6.000000000000035
    vertex 31.37647314186395 127.59259252640435 6.000000000000035
  endloop
endfacet
facet normal 0.0 0.0 1.0
  outer loop
    vertex 31.37647314186395 127.59259252640435 6.000000000000035
    vertex 31.699996948242163 125.79999980926563 6.000000000000035
    vertex 31.699996948242163 127.54999980926569 6.000000000000035
  endloop
endfacet
facet normal 0.0 0.0 1.0
  outer loop
    vertex 31.699996948242163 127.54999980926569 6.000000000000035
    vertex 31.699996948242163 125.79999980926563 6.000000000000035
    vertex 32.47645408354977 125.90222233039842 6.000000000000035
  endloop
endfacet
facet normal 0.0 0.0 1.0
  outer loop
    vertex 31.699996948242163 127.54999980926569 6.000000000000035
    vertex 32.47645408354977 125.90222233039842 6.000000000000035
    vertex 32.023520754620286 127.59259252640435 6.000000000000035
  endloop
endfacet
facet normal 0.0 0.0 1.0
  outer loop
    vertex 32.023520754620286 127.59259252640435 6.000000000000035
    vertex 32.47645408354977 125.90222233039842 6.000000000000035
    vertex 32.32499694824211 127.71746805453509 6.000000000000035
  endloop
endfacet
facet normal 0.0 0.0 1.0
  outer loop
    vertex 32.32499694824211 127.71746805453509 6.000000000000035
    vertex 32.47645408354977 125.90222233039842 6.000000000000035
    vertex 32.58388042472527 127.91611633278247 6.000000000000035
  endloop
endfacet
facet normal 0.0 0.0 1.0
  outer loop
    vertex 32.58388042472527 127.91611633278247 6.000000000000035
    vertex 32.47645408354977 125.90222233039842 6.000000000000035
    vertex 33.19999694824218 126.20192359791233 6.000000000000035
  endloop
endfacet
facet normal 0.0 0.0 1.0
  outer loop
    vertex 32.58388042472527 127.91611633278247 6.000000000000035
    vertex 33.19999694824218 126.20192359791233 6.000000000000035
    vertex 32.78252870297265 128.17499980926564 6.000000000000035
  endloop
endfacet
facet normal 0.0 0.0 1.0
  outer loop
    vertex 32.78252870297265 128.17499980926564 6.000000000000035
    vertex 33.19999694824218 126.20192359791233 6.000000000000035
    vertex 32.907404231103484 128.47647600288747 6.000000000000035
  endloop
endfacet
facet normal 0.0 0.0 1.0
  outer loop
    vertex 32.907404231103484 128.47647600288747 6.000000000000035
    vertex 33.19999694824218 126.20192359791233 6.000000000000035
    vertex 32.94999694824215 128.7999998092656 6.000000000000035
  endloop
endfacet
facet normal 0.0 0.0 1.0
  outer loop
    vertex 30.199996948242145 131.39807602061902 6.000000000000035
    vertex 30.492589665380844 129.12352361564388 6.000000000000035
    vertex 30.92353981293456 131.69777728813293 6.000000000000035
  endloop
endfacet
facet normal 0.0 0.0 1.0
  outer loop
    vertex 30.492589665380844 129.12352361564388 6.000000000000035
    vertex 30.199996948242145 131.39807602061902 6.000000000000035
    vertex 30.449996948242177 128.7999998092657 6.000000000000035
  endloop
endfacet
facet normal 0.0 0.0 1.0
  outer loop
    vertex 30.92353981293456 131.69777728813293 6.000000000000035
    vertex 30.492589665380844 129.12352361564388 6.000000000000035
    vertex 30.617465193511677 129.4249998092657 6.000000000000035
  endloop
endfacet
facet normal 0.0 0.0 1.0
  outer loop
    vertex 30.92353981293456 131.69777728813293 6.000000000000035
    vertex 30.617465193511677 129.4249998092657 6.000000000000035
    vertex 30.816113471759056 129.68388328574886 6.000000000000035
  endloop
endfacet
facet normal 0.0 0.0 1.0
  outer loop
    vertex 30.92353981293456 131.69777728813293 6.000000000000035
    vertex 30.816113471759056 129.68388328574886 6.000000000000035
    vertex 31.074996948242216 129.88253156399625 6.000000000000035
  endloop
endfacet
facet normal 0.0 0.0 1.0
  outer loop
    vertex 30.92353981293456 131.69777728813293 6.000000000000035
    vertex 31.074996948242216 129.88253156399625 6.000000000000035
    vertex 31.699996948242163 131.7999998092657 6.000000000000035
  endloop
endfacet
facet normal 0.0 0.0 1.0
  outer loop
    vertex 31.699996948242163 131.7999998092657 6.000000000000035
    vertex 31.074996948242216 129.88253156399625 6.000000000000035
    vertex 31.37647314186404 130.00740709212698 6.000000000000035
  endloop
endfacet
facet normal 0.0 0.0 1.0
  outer loop
    vertex 31.699996948242163 131.7999998092657 6.000000000000035
    vertex 31.37647314186404 130.00740709212698 6.000000000000035
    vertex 31.699996948242163 130.04999980926564 6.000000000000035
  endloop
endfacet
facet normal 0.0 0.0 1.0
  outer loop
    vertex 31.699996948242163 131.7999998092657 6.000000000000035
    vertex 31.699996948242163 130.04999980926564 6.000000000000035
    vertex 32.02352075462038 130.00740709212698 6.000000000000035
  endloop
endfacet
facet normal 0.0 0.0 1.0
  outer loop
    vertex 31.699996948242163 131.7999998092657 6.000000000000035
    vertex 32.02352075462038 130.00740709212698 6.000000000000035
    vertex 32.47645408354977 131.69777728813293 6.000000000000035
  endloop
endfacet
facet normal 0.0 0.0 1.0
  outer loop
    vertex 32.47645408354977 131.69777728813293 6.000000000000035
    vertex 32.02352075462038 130.00740709212698 6.000000000000035
    vertex 32.3249969482422 129.8825315639962 6.000000000000035
  endloop
endfacet
facet normal 0.0 0.0 1.0
  outer loop
    vertex 32.47645408354977 131.69777728813293 6.000000000000035
    vertex 32.3249969482422 129.8825315639962 6.000000000000035
    vertex 32.58388042472536 129.68388328574883 6.000000000000035
  endloop
endfacet
facet normal 0.0 0.0 1.0
  outer loop
    vertex 32.47645408354977 131.69777728813293 6.000000000000035
    vertex 32.58388042472536 129.68388328574883 6.000000000000035
    vertex 33.19999694824218 131.39807602061902 6.000000000000035
  endloop
endfacet
facet normal 0.0 0.0 1.0
  outer loop
    vertex 33.19999694824218 131.39807602061902 6.000000000000035
    vertex 32.58388042472536 129.68388328574883 6.000000000000035
    vertex 32.78252870297274 129.4249998092656 6.000000000000035
  endloop
endfacet
facet normal 0.0 0.0 1.0
  outer loop
    vertex 33.19999694824218 131.39807602061902 6.000000000000035
    vertex 32.78252870297274 129.4249998092656 6.000000000000035
    vertex 32.907404231103484 129.1235236156438 6.000000000000035
  endloop
endfacet
facet normal 0.0 0.0 1.0
  outer loop
    vertex 33.19999694824218 131.39807602061902 6.000000000000035
    vertex 32.907404231103484 129.1235236156438 6.000000000000035
    vertex 32.94999694824215 128.7999998092656 6.000000000000035
  endloop
endfacet
facet normal 0.0 0.0 1.0
  outer loop
    vertex 33.19999694824218 131.39807602061902 6.000000000000035
    vertex 32.94999694824215 128.7999998092656 6.000000000000035
    vertex 33.19999694824218 126.20192359791233 6.000000000000035
  endloop
endfacet
facet normal 0.0 0.0 1.0
  outer loop
    vertex 33.19999694824218 131.39807602061902 6.000000000000035
    vertex 33.19999694824218 126.20192359791233 6.000000000000035
    vertex 33.821317291801854 126.67867946570597 6.000000000000035
  endloop
endfacet
facet normal 0.0 0.0 1.0
  outer loop
    vertex 33.19999694824218 131.39807602061902 6.000000000000035
    vertex 33.821317291801854 126.67867946570597 6.000000000000035
    vertex 33.821317291801854 130.92132015282536 6.000000000000035
  endloop
endfacet
facet normal 0.0 0.0 1.0
  outer loop
    vertex 33.821317291801854 130.92132015282536 6.000000000000035
    vertex 33.821317291801854 126.67867946570597 6.000000000000035
    vertex 34.29807315959551 127.29999980926564 6.000000000000035
  endloop
endfacet
facet normal 0.0 0.0 1.0
  outer loop
    vertex 33.821317291801854 130.92132015282536 6.000000000000035
    vertex 34.29807315959551 127.29999980926564 6.000000000000035
    vertex 34.29807315959551 130.2999998092657 6.000000000000035
  endloop
endfacet
facet normal 0.0 0.0 1.0
  outer loop
    vertex 34.29807315959551 130.2999998092657 6.000000000000035
    vertex 34.29807315959551 127.29999980926564 6.000000000000035
    vertex 34.59777442710937 128.0235426739581 6.000000000000035
  endloop
endfacet
facet normal 0.0 0.0 1.0
  outer loop
    vertex 34.29807315959551 130.2999998092657 6.000000000000035
    vertex 34.59777442710937 128.0235426739581 6.000000000000035
    vertex 34.59777442710937 129.57645694457324 6.000000000000035
  endloop
endfacet
facet normal 0.0 0.0 1.0
  outer loop
    vertex 34.59777442710937 129.57645694457324 6.000000000000035
    vertex 34.59777442710937 128.0235426739581 6.000000000000035
    vertex 34.6999969482422 128.79999980926567 6.000000000000035
  endloop
endfacet
facet normal -0.7933533402911863 0.6087614290087844 0.0
  outer loop
    vertex 32.78252870297265 128.17499980926564 6.000000000000035
    vertex 32.58388042472527 127.91611633278247 1.000000000000035
    vertex 32.58388042472527 127.91611633278247 6.000000000000035
  endloop
endfacet
facet normal -0.7933533402911863 0.6087614290087844 0.0
  outer loop
    vertex 32.58388042472527 127.91611633278247 1.000000000000035
    vertex 32.78252870297265 128.17499980926564 6.000000000000035
    vertex 32.78252870297265 128.17499980926564 1.000000000000035
  endloop
endfacet
facet normal 0.6087614290087844 -0.7933533402911863 0.0
  outer loop
    vertex 31.074996948242216 129.88253156399625 6.000000000000035
    vertex 30.816113471759056 129.68388328574886 1.000000000000035
    vertex 31.074996948242216 129.88253156399625 1.000000000000035
  endloop
endfacet
facet normal 0.6087614290087844 -0.7933533402911863 0.0
  outer loop
    vertex 30.816113471759056 129.68388328574886 1.000000000000035
    vertex 31.074996948242216 129.88253156399625 6.000000000000035
    vertex 30.816113471759056 129.68388328574886 6.000000000000035
  endloop
endfacet
facet normal 0.6087614290087844 0.7933533402911863 0.0
  outer loop
    vertex 30.816113471758964 127.91611633278252 6.000000000000035
    vertex 31.074996948242124 127.71746805453513 1.000000000000035
    vertex 30.816113471758964 127.91611633278252 1.000000000000035
  endloop
endfacet
facet normal 0.6087614290087844 0.7933533402911863 0.0
  outer loop
    vertex 31.074996948242124 127.71746805453513 1.000000000000035
    vertex 30.816113471758964 127.91611633278252 6.000000000000035
    vertex 31.074996948242124 127.71746805453513 6.000000000000035
  endloop
endfacet
facet normal -0.9914448613738107 0.1305261922200494 0.0
  outer loop
    vertex 32.94999694824215 128.7999998092656 6.000000000000035
    vertex 32.907404231103484 128.47647600288747 1.000000000000035
    vertex 32.907404231103484 128.47647600288747 6.000000000000035
  endloop
endfacet
facet normal -0.9914448613738107 0.1305261922200494 0.0
  outer loop
    vertex 32.907404231103484 128.47647600288747 1.000000000000035
    vertex 32.94999694824215 128.7999998092656 6.000000000000035
    vertex 32.94999694824215 128.7999998092656 1.000000000000035
  endloop
endfacet
facet normal -0.6087614290087844 0.7933533402911863 0.0
  outer loop
    vertex 32.32499694824211 127.71746805453509 6.000000000000035
    vertex 32.58388042472527 127.91611633278247 1.000000000000035
    vertex 32.32499694824211 127.71746805453509 1.000000000000035
  endloop
endfacet
facet normal -0.6087614290087844 0.7933533402911863 0.0
  outer loop
    vertex 32.58388042472527 127.91611633278247 1.000000000000035
    vertex 32.32499694824211 127.71746805453509 6.000000000000035
    vertex 32.58388042472527 127.91611633278247 6.000000000000035
  endloop
endfacet
facet normal 0.9914448613738107 0.1305261922200494 0.0
  outer loop
    vertex 30.449996948242177 128.7999998092657 1.000000000000035
    vertex 30.492589665380844 128.47647600288755 6.000000000000035
    vertex 30.492589665380844 128.47647600288755 1.000000000000035
  endloop
endfacet
facet normal 0.9914448613738107 0.1305261922200494 0.0
  outer loop
    vertex 30.492589665380844 128.47647600288755 6.000000000000035
    vertex 30.449996948242177 128.7999998092657 1.000000000000035
    vertex 30.449996948242177 128.7999998092657 6.000000000000035
  endloop
endfacet
facet normal 0.3826834323651156 -0.9238795325112762 0.0
  outer loop
    vertex 33.19999694824218 126.20192359791233 6.000000000000035
    vertex 32.47645408354977 125.90222233039842 3.000000000000035
    vertex 33.19999694824218 126.20192359791233 3.000000000000035
  endloop
endfacet
facet normal 0.3826834323651156 -0.9238795325112762 0.0
  outer loop
    vertex 32.47645408354977 125.90222233039842 3.000000000000035
    vertex 33.19999694824218 126.20192359791233 6.000000000000035
    vertex 32.47645408354977 125.90222233039842 6.000000000000035
  endloop
endfacet
facet normal 0.382683432365004 -0.9238795325113223 0.0
  outer loop
    vertex 31.37647314186404 130.00740709212698 6.000000000000035
    vertex 31.074996948242216 129.88253156399625 1.000000000000035
    vertex 31.37647314186404 130.00740709212698 1.000000000000035
  endloop
endfacet
facet normal 0.382683432365004 -0.9238795325113223 0.0
  outer loop
    vertex 31.074996948242216 129.88253156399625 1.000000000000035
    vertex 31.37647314186404 130.00740709212698 6.000000000000035
    vertex 31.074996948242216 129.88253156399625 6.000000000000035
  endloop
endfacet
facet normal 0.13052619222003808 0.9914448613738123 0.0
  outer loop
    vertex 31.699996948242163 131.7999998092657 6.000000000000035
    vertex 32.47645408354977 131.69777728813293 3.000000000000035
    vertex 31.699996948242163 131.7999998092657 3.000000000000035
  endloop
endfacet
facet normal 0.13052619222003808 0.9914448613738123 0.0
  outer loop
    vertex 32.47645408354977 131.69777728813293 3.000000000000035
    vertex 31.699996948242163 131.7999998092657 6.000000000000035
    vertex 32.47645408354977 131.69777728813293 6.000000000000035
  endloop
endfacet
facet normal 0.9914448613738037 -0.13052619222010214 0.0
  outer loop
    vertex 34.6999969482422 128.79999980926567 3.000000000000035
    vertex 34.59777442710937 128.0235426739581 6.000000000000035
    vertex 34.59777442710937 128.0235426739581 3.000000000000035
  endloop
endfacet
facet normal 0.9914448613738037 -0.13052619222010214 0.0
  outer loop
    vertex 34.59777442710937 128.0235426739581 6.000000000000035
    vertex 34.6999969482422 128.79999980926567 3.000000000000035
    vertex 34.6999969482422 128.79999980926567 6.000000000000035
  endloop
endfacet
facet normal -0.9914448613738037 -0.13052619222010214 -0.0
  outer loop
    vertex 28.699996948242124 128.79999980926567 6.000000000000035
    vertex 28.802219469374958 128.0235426739581 3.000000000000035
    vertex 28.802219469374958 128.0235426739581 6.000000000000035
  endloop
endfacet
facet normal -0.9914448613738037 -0.13052619222010214 -0.0
  outer loop
    vertex 28.802219469374958 128.0235426739581 3.000000000000035
    vertex 28.699996948242124 128.79999980926567 6.000000000000035
    vertex 28.699996948242124 128.79999980926567 3.000000000000035
  endloop
endfacet
facet normal -0.9238795325113048 0.382683432365046 0.0
  outer loop
    vertex 29.101920736888818 130.2999998092657 6.000000000000035
    vertex 28.802219469374958 129.57645694457324 3.000000000000035
    vertex 28.802219469374958 129.57645694457324 6.000000000000035
  endloop
endfacet
facet normal -0.9238795325113048 0.382683432365046 0.0
  outer loop
    vertex 28.802219469374958 129.57645694457324 3.000000000000035
    vertex 29.101920736888818 130.2999998092657 6.000000000000035
    vertex 29.101920736888818 130.2999998092657 3.000000000000035
  endloop
endfacet
facet normal 0.9238795325113048 0.382683432365046 0.0
  outer loop
    vertex 34.29807315959551 130.2999998092657 3.000000000000035
    vertex 34.59777442710937 129.57645694457324 6.000000000000035
    vertex 34.59777442710937 129.57645694457324 3.000000000000035
  endloop
endfacet
facet normal 0.9238795325113048 0.382683432365046 0.0
  outer loop
    vertex 34.59777442710937 129.57645694457324 6.000000000000035
    vertex 34.29807315959551 130.2999998092657 3.000000000000035
    vertex 34.29807315959551 130.2999998092657 6.000000000000035
  endloop
endfacet
facet normal -0.13052619222003808 0.9914448613738123 0.0
  outer loop
    vertex 30.92353981293456 131.69777728813293 6.000000000000035
    vertex 31.699996948242163 131.7999998092657 3.000000000000035
    vertex 30.92353981293456 131.69777728813293 3.000000000000035
  endloop
endfacet
facet normal -0.13052619222003808 0.9914448613738123 0.0
  outer loop
    vertex 31.699996948242163 131.7999998092657 3.000000000000035
    vertex 30.92353981293456 131.69777728813293 6.000000000000035
    vertex 31.699996948242163 131.7999998092657 6.000000000000035
  endloop
endfacet
facet normal -0.13052619222003808 -0.9914448613738123 -0.0
  outer loop
    vertex 31.699996948242163 125.79999980926563 6.000000000000035
    vertex 30.92353981293456 125.90222233039842 3.000000000000035
    vertex 31.699996948242163 125.79999980926563 3.000000000000035
  endloop
endfacet
facet normal -0.13052619222003808 -0.9914448613738123 -0.0
  outer loop
    vertex 30.92353981293456 125.90222233039842 3.000000000000035
    vertex 31.699996948242163 125.79999980926563 6.000000000000035
    vertex 30.92353981293456 125.90222233039842 6.000000000000035
  endloop
endfacet
facet normal 0.9914448613738037 0.13052619222010214 0.0
  outer loop
    vertex 34.59777442710937 129.57645694457324 3.000000000000035
    vertex 34.6999969482422 128.79999980926567 6.000000000000035
    vertex 34.6999969482422 128.79999980926567 3.000000000000035
  endloop
endfacet
facet normal 0.9914448613738037 0.13052619222010214 0.0
  outer loop
    vertex 34.6999969482422 128.79999980926567 6.000000000000035
    vertex 34.59777442710937 129.57645694457324 3.000000000000035
    vertex 34.59777442710937 129.57645694457324 6.000000000000035
  endloop
endfacet
facet normal -0.3826834323651156 -0.9238795325112762 -0.0
  outer loop
    vertex 30.92353981293456 125.90222233039842 6.000000000000035
    vertex 30.199996948242145 126.20192359791233 3.000000000000035
    vertex 30.92353981293456 125.90222233039842 3.000000000000035
  endloop
endfacet
facet normal -0.3826834323651156 -0.9238795325112762 -0.0
  outer loop
    vertex 30.199996948242145 126.20192359791233 3.000000000000035
    vertex 30.92353981293456 125.90222233039842 6.000000000000035
    vertex 30.199996948242145 126.20192359791233 6.000000000000035
  endloop
endfacet
facet normal -0.3826834323651156 0.9238795325112762 0.0
  outer loop
    vertex 30.199996948242145 131.39807602061902 6.000000000000035
    vertex 30.92353981293456 131.69777728813293 3.000000000000035
    vertex 30.199996948242145 131.39807602061902 3.000000000000035
  endloop
endfacet
facet normal -0.3826834323651156 0.9238795325112762 0.0
  outer loop
    vertex 30.92353981293456 131.69777728813293 3.000000000000035
    vertex 30.199996948242145 131.39807602061902 6.000000000000035
    vertex 30.92353981293456 131.69777728813293 6.000000000000035
  endloop
endfacet
facet normal -0.9238795325113048 -0.382683432365046 -0.0
  outer loop
    vertex 28.802219469374958 128.0235426739581 6.000000000000035
    vertex 29.101920736888818 127.29999980926564 3.000000000000035
    vertex 29.101920736888818 127.29999980926564 6.000000000000035
  endloop
endfacet
facet normal -0.9238795325113048 -0.382683432365046 -0.0
  outer loop
    vertex 29.101920736888818 127.29999980926564 3.000000000000035
    vertex 28.802219469374958 128.0235426739581 6.000000000000035
    vertex 28.802219469374958 128.0235426739581 3.000000000000035
  endloop
endfacet
facet normal -0.7933533402912625 -0.6087614290086852 -0.0
  outer loop
    vertex 29.101920736888818 127.29999980926564 6.000000000000035
    vertex 29.57867660468247 126.67867946570597 3.000000000000035
    vertex 29.57867660468247 126.67867946570597 6.000000000000035
  endloop
endfacet
facet normal -0.7933533402912625 -0.6087614290086852 -0.0
  outer loop
    vertex 29.57867660468247 126.67867946570597 3.000000000000035
    vertex 29.101920736888818 127.29999980926564 6.000000000000035
    vertex 29.101920736888818 127.29999980926564 3.000000000000035
  endloop
endfacet
facet normal 0.7933533402912625 -0.6087614290086852 0.0
  outer loop
    vertex 34.29807315959551 127.29999980926564 3.000000000000035
    vertex 33.821317291801854 126.67867946570597 6.000000000000035
    vertex 33.821317291801854 126.67867946570597 3.000000000000035
  endloop
endfacet
facet normal 0.7933533402912625 -0.6087614290086852 0.0
  outer loop
    vertex 33.821317291801854 126.67867946570597 6.000000000000035
    vertex 34.29807315959551 127.29999980926564 3.000000000000035
    vertex 34.29807315959551 127.29999980926564 6.000000000000035
  endloop
endfacet
facet normal 0.7933533402912625 0.6087614290086852 0.0
  outer loop
    vertex 33.821317291801854 130.92132015282536 3.000000000000035
    vertex 34.29807315959551 130.2999998092657 6.000000000000035
    vertex 34.29807315959551 130.2999998092657 3.000000000000035
  endloop
endfacet
facet normal 0.7933533402912625 0.6087614290086852 0.0
  outer loop
    vertex 34.29807315959551 130.2999998092657 6.000000000000035
    vertex 33.821317291801854 130.92132015282536 3.000000000000035
    vertex 33.821317291801854 130.92132015282536 6.000000000000035
  endloop
endfacet
facet normal 0.0 -0.9238795325112905 0.38268343236508084
  outer loop
    vertex 217.0000000000005 25.89777747886721 19.72354286469291
    vertex 214.00000000000045 25.598076211353327 19.00000000000047
    vertex 217.0000000000005 25.598076211353327 19.00000000000047
  endloop
endfacet
facet normal 0.0 -0.9238795325112905 0.38268343236508084
  outer loop
    vertex 214.00000000000045 25.598076211353327 19.00000000000047
    vertex 217.0000000000005 25.89777747886721 19.72354286469291
    vertex 214.00000000000045 25.89777747886721 19.72354286469291
  endloop
endfacet
facet normal -0.7933533402912409 0.608761429008713 0.0
  outer loop
    vertex 29.57867660468247 130.9213201528253 6.000000000000035
    vertex 29.101920736888818 130.2999998092657 3.000000000000035
    vertex 29.101920736888818 130.2999998092657 6.000000000000035
  endloop
endfacet
facet normal -0.7933533402912409 0.608761429008713 0.0
  outer loop
    vertex 29.101920736888818 130.2999998092657 3.000000000000035
    vertex 29.57867660468247 130.9213201528253 6.000000000000035
    vertex 29.57867660468247 130.9213201528253 3.000000000000035
  endloop
endfacet
facet normal -0.6087614290086852 -0.7933533402912625 -0.0
  outer loop
    vertex 30.199996948242145 126.20192359791233 6.000000000000035
    vertex 29.57867660468247 126.67867946570597 3.000000000000035
    vertex 30.199996948242145 126.20192359791233 3.000000000000035
  endloop
endfacet
facet normal -0.6087614290086852 -0.7933533402912625 -0.0
  outer loop
    vertex 29.57867660468247 126.67867946570597 3.000000000000035
    vertex 30.199996948242145 126.20192359791233 6.000000000000035
    vertex 29.57867660468247 126.67867946570597 6.000000000000035
  endloop
endfacet
facet normal 0.9238795325113048 -0.382683432365046 0.0
  outer loop
    vertex 34.59777442710937 128.0235426739581 3.000000000000035
    vertex 34.29807315959551 127.29999980926564 6.000000000000035
    vertex 34.29807315959551 127.29999980926564 3.000000000000035
  endloop
endfacet
facet normal 0.9238795325113048 -0.382683432365046 0.0
  outer loop
    vertex 34.29807315959551 127.29999980926564 6.000000000000035
    vertex 34.59777442710937 128.0235426739581 3.000000000000035
    vertex 34.59777442710937 128.0235426739581 6.000000000000035
  endloop
endfacet
facet normal -0.9914448613738037 0.13052619222010214 0.0
  outer loop
    vertex 28.802219469374958 129.57645694457324 6.000000000000035
    vertex 28.699996948242124 128.79999980926567 3.000000000000035
    vertex 28.699996948242124 128.79999980926567 6.000000000000035
  endloop
endfacet
facet normal -0.9914448613738037 0.13052619222010214 0.0
  outer loop
    vertex 28.699996948242124 128.79999980926567 3.000000000000035
    vertex 28.802219469374958 129.57645694457324 6.000000000000035
    vertex 28.802219469374958 129.57645694457324 3.000000000000035
  endloop
endfacet
facet normal -0.6087614290087215 0.7933533402912346 0.0
  outer loop
    vertex 29.57867660468247 130.9213201528253 6.000000000000035
    vertex 30.199996948242145 131.39807602061902 3.000000000000035
    vertex 29.57867660468247 130.9213201528253 3.000000000000035
  endloop
endfacet
facet normal -0.6087614290087215 0.7933533402912346 0.0
  outer loop
    vertex 30.199996948242145 131.39807602061902 3.000000000000035
    vertex 29.57867660468247 130.9213201528253 6.000000000000035
    vertex 30.199996948242145 131.39807602061902 6.000000000000035
  endloop
endfacet
facet normal 0.6087614290086852 0.7933533402912625 0.0
  outer loop
    vertex 33.19999694824218 131.39807602061902 6.000000000000035
    vertex 33.821317291801854 130.92132015282536 3.000000000000035
    vertex 33.19999694824218 131.39807602061902 3.000000000000035
  endloop
endfacet
facet normal 0.6087614290086852 0.7933533402912625 0.0
  outer loop
    vertex 33.821317291801854 130.92132015282536 3.000000000000035
    vertex 33.19999694824218 131.39807602061902 6.000000000000035
    vertex 33.821317291801854 130.92132015282536 6.000000000000035
  endloop
endfacet
facet normal 0.3826834323651156 0.9238795325112762 0.0
  outer loop
    vertex 32.47645408354977 131.69777728813293 6.000000000000035
    vertex 33.19999694824218 131.39807602061902 3.000000000000035
    vertex 32.47645408354977 131.69777728813293 3.000000000000035
  endloop
endfacet
facet normal 0.3826834323651156 0.9238795325112762 0.0
  outer loop
    vertex 33.19999694824218 131.39807602061902 3.000000000000035
    vertex 32.47645408354977 131.69777728813293 6.000000000000035
    vertex 33.19999694824218 131.39807602061902 6.000000000000035
  endloop
endfacet
facet normal 0.0 -0.13052619222006714 0.9914448613738084
  outer loop
    vertex 217.0000000000005 112.50000000000011 22.825000762939908
    vertex 214.00000000000045 113.27645713530762 22.92722328407271
    vertex 214.00000000000045 112.50000000000011 22.825000762939908
  endloop
endfacet
facet normal 0.0 -0.13052619222006714 0.9914448613738084
  outer loop
    vertex 214.00000000000045 113.27645713530762 22.92722328407271
    vertex 217.0000000000005 112.50000000000011 22.825000762939908
    vertex 217.0000000000005 113.27645713530762 22.92722328407271
  endloop
endfacet
facet normal 0.0 -0.9238795325112803 0.38268343236510544
  outer loop
    vertex 108.00000000000021 115.39777747886727 25.048543627632345
    vertex 105.00000000000017 115.09807621135336 24.325000762939904
    vertex 108.00000000000021 115.09807621135336 24.325000762939904
  endloop
endfacet
facet normal 0.0 -0.9238795325112803 0.38268343236510544
  outer loop
    vertex 105.00000000000017 115.09807621135336 24.325000762939904
    vertex 108.00000000000021 115.39777747886727 25.048543627632345
    vertex 105.00000000000017 115.39777747886727 25.048543627632345
  endloop
endfacet
facet normal 0.0 0.92387953251126 0.38268343236515456
  outer loop
    vertex 105.00000000000017 109.60222252113286 25.048543627632345
    vertex 108.00000000000021 109.90192378864681 24.325000762939904
    vertex 105.00000000000017 109.90192378864681 24.325000762939904
  endloop
endfacet
facet normal 0.0 0.92387953251126 0.38268343236515456
  outer loop
    vertex 108.00000000000021 109.90192378864681 24.325000762939904
    vertex 105.00000000000017 109.60222252113286 25.048543627632345
    vertex 108.00000000000021 109.60222252113286 25.048543627632345
  endloop
endfacet
facet normal 0.0 0.38268343236507063 -0.9238795325112946
  outer loop
    vertex 108.00000000000021 111.72354286469255 28.72277824180711
    vertex 105.00000000000017 111.00000000000009 28.423076974293227
    vertex 105.00000000000017 111.72354286469255 28.72277824180711
  endloop
endfacet
facet normal 0.0 0.38268343236507063 -0.9238795325112946
  outer loop
    vertex 105.00000000000017 111.00000000000009 28.423076974293227
    vertex 108.00000000000021 111.72354286469255 28.72277824180711
    vertex 108.00000000000021 111.00000000000009 28.423076974293227
  endloop
endfacet
facet normal 0.0 0.9238795325112884 0.38268343236508595
  outer loop
    vertex 105.00000000000017 20.1022225211328 19.7235428646929
    vertex 108.00000000000021 20.40192378864668 19.00000000000047
    vertex 105.00000000000017 20.40192378864668 19.00000000000047
  endloop
endfacet
facet normal 0.0 0.9238795325112884 0.38268343236508595
  outer loop
    vertex 108.00000000000021 20.40192378864668 19.00000000000047
    vertex 105.00000000000017 20.1022225211328 19.7235428646929
    vertex 108.00000000000021 20.1022225211328 19.7235428646929
  endloop
endfacet
facet normal 0.0 -0.13052619222005302 -0.9914448613738103
  outer loop
    vertex 217.0000000000005 113.27645713530762 28.72277824180711
    vertex 214.00000000000045 112.50000000000011 28.8250007629399
    vertex 214.00000000000045 113.27645713530762 28.72277824180711
  endloop
endfacet
facet normal 0.0 -0.13052619222005302 -0.9914448613738103
  outer loop
    vertex 214.00000000000045 112.50000000000011 28.8250007629399
    vertex 217.0000000000005 113.27645713530762 28.72277824180711
    vertex 217.0000000000005 112.50000000000011 28.8250007629399
  endloop
endfacet
facet normal 0.0 -0.7933533402912517 -0.608761429008699
  outer loop
    vertex 217.0000000000005 114.62132034355972 27.946321106499553
    vertex 214.00000000000045 115.09807621135336 27.3250007629399
    vertex 217.0000000000005 115.09807621135336 27.3250007629399
  endloop
endfacet
facet normal 0.0 -0.7933533402912517 -0.608761429008699
  outer loop
    vertex 214.00000000000045 115.09807621135336 27.3250007629399
    vertex 217.0000000000005 114.62132034355972 27.946321106499553
    vertex 214.00000000000045 114.62132034355972 27.946321106499553
  endloop
endfacet
facet normal 0.0 0.9914448613738112 -0.1305261922200455
  outer loop
    vertex 214.00000000000045 109.60222252113286 26.60145789824746
    vertex 217.0000000000005 109.50000000000007 25.825000762939904
    vertex 214.00000000000045 109.50000000000007 25.825000762939904
  endloop
endfacet
facet normal 0.0 0.9914448613738112 -0.1305261922200455
  outer loop
    vertex 217.0000000000005 109.50000000000007 25.825000762939904
    vertex 214.00000000000045 109.60222252113286 26.60145789824746
    vertex 217.0000000000005 109.60222252113286 26.60145789824746
  endloop
endfacet
facet normal 0.0 0.9914448613738112 -0.13052619222004552
  outer loop
    vertex 105.00000000000017 20.1022225211328 21.276457135308025
    vertex 108.00000000000021 20.000000000000007 20.50000000000047
    vertex 105.00000000000017 20.000000000000007 20.50000000000047
  endloop
endfacet
facet normal 0.0 0.9914448613738112 -0.13052619222004552
  outer loop
    vertex 108.00000000000021 20.000000000000007 20.50000000000047
    vertex 105.00000000000017 20.1022225211328 21.276457135308025
    vertex 108.00000000000021 20.1022225211328 21.276457135308025
  endloop
endfacet
facet normal 0.0 0.7933533402912464 0.6087614290087061
  outer loop
    vertex 214.00000000000045 109.90192378864681 24.325000762939904
    vertex 217.0000000000005 110.37867965644047 23.703680419380266
    vertex 214.00000000000045 110.37867965644047 23.703680419380266
  endloop
endfacet
facet normal 0.0 0.7933533402912464 0.6087614290087061
  outer loop
    vertex 217.0000000000005 110.37867965644047 23.703680419380266
    vertex 214.00000000000045 109.90192378864681 24.325000762939904
    vertex 217.0000000000005 109.90192378864681 24.325000762939904
  endloop
endfacet
facet normal -1.0 0.0 0.0
  outer loop
    vertex 214.00000000000045 135.47888800000013 26.50000000000046
    vertex 214.00000000000045 131.00000000000009 16.500000000000462
    vertex 214.00000000000045 131.00000000000009 26.50000000000046
  endloop
endfacet
facet normal -1.0 0.0 0.0
  outer loop
    vertex 214.00000000000045 131.00000000000009 16.500000000000462
    vertex 214.00000000000045 135.47888800000013 26.50000000000046
    vertex 214.00000000000045 135.47888800000013 16.500000000000462
  endloop
endfacet
facet normal 0.0 0.6087616363157471 -0.793353181218916
  outer loop
    vertex 113.00000000000016 22.14999961853029 21.97224330902146
    vertex 108.00000000000021 21.79791831970215 21.70208168029831
    vertex 108.00000000000021 22.14999961853029 21.97224330902146
  endloop
endfacet
facet normal 0.0 0.6087616363157471 -0.793353181218916
  outer loop
    vertex 108.00000000000021 21.79791831970215 21.70208168029831
    vertex 113.00000000000016 22.14999961853029 21.97224330902146
    vertex 113.00000000000016 21.79791831970215 21.70208168029831
  endloop
endfacet
facet normal 0.0 -0.13052619222006712 0.9914448613738084
  outer loop
    vertex 108.00000000000021 112.50000000000011 22.825000762939908
    vertex 105.00000000000017 113.27645713530762 22.92722328407271
    vertex 105.00000000000017 112.50000000000011 22.825000762939908
  endloop
endfacet
facet normal 0.0 -0.13052619222006712 0.9914448613738084
  outer loop
    vertex 105.00000000000017 113.27645713530762 22.92722328407271
    vertex 108.00000000000021 112.50000000000011 22.825000762939908
    vertex 108.00000000000021 113.27645713530762 22.92722328407271
  endloop
endfacet
facet normal 0.0 -0.38268343236508084 -0.9238795325112905
  outer loop
    vertex 217.0000000000005 24.5 23.098076211353792
    vertex 214.00000000000045 23.77645713530756 23.39777747886767
    vertex 214.00000000000045 24.5 23.098076211353792
  endloop
endfacet
facet normal 0.0 -0.38268343236508084 -0.9238795325112905
  outer loop
    vertex 214.00000000000045 23.77645713530756 23.39777747886767
    vertex 217.0000000000005 24.5 23.098076211353792
    vertex 217.0000000000005 23.77645713530756 23.39777747886767
  endloop
endfacet
facet normal 0.0 0.6087614290087081 -0.7933533402912449
  outer loop
    vertex 217.0000000000005 21.500000000000007 23.098076211353778
    vertex 214.00000000000045 20.878679656440355 22.621320343560114
    vertex 214.00000000000045 21.500000000000007 23.098076211353778
  endloop
endfacet
facet normal 0.0 0.6087614290087081 -0.7933533402912449
  outer loop
    vertex 214.00000000000045 20.878679656440355 22.621320343560114
    vertex 217.0000000000005 21.500000000000007 23.098076211353778
    vertex 217.0000000000005 20.878679656440355 22.621320343560114
  endloop
endfacet
facet normal 0.0 0.6087614290087222 0.7933533402912342
  outer loop
    vertex 108.00000000000021 110.37867965644047 23.703680419380266
    vertex 105.00000000000017 111.00000000000009 23.226924551586603
    vertex 105.00000000000017 110.37867965644047 23.703680419380266
  endloop
endfacet
facet normal 0.0 0.6087614290087222 0.7933533402912342
  outer loop
    vertex 105.00000000000017 111.00000000000009 23.226924551586603
    vertex 108.00000000000021 110.37867965644047 23.703680419380266
    vertex 108.00000000000021 111.00000000000009 23.226924551586603
  endloop
endfacet
facet normal 0.0 0.6087614290087173 0.7933533402912377
  outer loop
    vertex 108.00000000000021 20.878679656440355 18.37867965644082
    vertex 105.00000000000017 21.500000000000007 17.901923788647142
    vertex 105.00000000000017 20.878679656440355 18.37867965644082
  endloop
endfacet
facet normal 0.0 0.6087614290087173 0.7933533402912377
  outer loop
    vertex 105.00000000000017 21.500000000000007 17.901923788647142
    vertex 108.00000000000021 20.878679656440355 18.37867965644082
    vertex 108.00000000000021 21.500000000000007 17.901923788647142
  endloop
endfacet
facet normal 0.0 0.1305261922200597 0.9914448613738094
  outer loop
    vertex 217.0000000000005 111.72354286469255 22.92722328407271
    vertex 214.00000000000045 112.50000000000011 22.825000762939908
    vertex 214.00000000000045 111.72354286469255 22.92722328407271
  endloop
endfacet
facet normal 0.0 0.1305261922200597 0.9914448613738094
  outer loop
    vertex 214.00000000000045 112.50000000000011 22.825000762939908
    vertex 217.0000000000005 111.72354286469255 22.92722328407271
    vertex 217.0000000000005 112.50000000000011 22.825000762939908
  endloop
endfacet
facet normal 0.0 -0.38268343236509106 -0.9238795325112864
  outer loop
    vertex 217.0000000000005 114.00000000000004 28.423076974293227
    vertex 214.00000000000045 113.27645713530762 28.72277824180711
    vertex 214.00000000000045 114.00000000000004 28.423076974293227
  endloop
endfacet
facet normal 0.0 -0.38268343236509106 -0.9238795325112864
  outer loop
    vertex 214.00000000000045 113.27645713530762 28.72277824180711
    vertex 217.0000000000005 114.00000000000004 28.423076974293227
    vertex 217.0000000000005 113.27645713530762 28.72277824180711
  endloop
endfacet
facet normal -1.0 0.0 0.0
  outer loop
    vertex 209.0000000000005 7.000000000000032 32.00000000000046
    vertex 209.0000000000005 21.357925415039062 20.939991950989228
    vertex 209.0000000000005 21.29999923706058 20.50000000000047
  endloop
endfacet
facet normal -1.0 0.0 0.0
  outer loop
    vertex 209.0000000000005 21.357925415039062 20.939991950989228
    vertex 209.0000000000005 7.000000000000032 32.00000000000046
    vertex 209.0000000000005 21.527757644653313 21.350000381470192
  endloop
endfacet
facet normal -1.0 0.0 0.0
  outer loop
    vertex 209.0000000000005 21.527757644653313 21.350000381470192
    vertex 209.0000000000005 7.000000000000032 32.00000000000046
    vertex 209.0000000000005 21.79791831970215 21.70208168029831
  endloop
endfacet
facet normal -1.0 0.0 0.0
  outer loop
    vertex 209.0000000000005 21.79791831970215 21.70208168029831
    vertex 209.0000000000005 7.000000000000032 32.00000000000046
    vertex 209.0000000000005 22.14999961853029 21.97224330902146
  endloop
endfacet
facet normal -1.0 0.0 0.0
  outer loop
    vertex 209.0000000000005 22.14999961853029 21.97224330902146
    vertex 209.0000000000005 7.000000000000032 32.00000000000046
    vertex 209.0000000000005 22.560007095336918 22.142073631287083
  endloop
endfacet
facet normal -1.0 0.0 0.0
  outer loop
    vertex 209.0000000000005 22.560007095336918 22.142073631287083
    vertex 209.0000000000005 7.000000000000032 32.00000000000046
    vertex 209.0000000000005 87.65098571777357 32.00000000000046
  endloop
endfacet
facet normal -1.0 0.0 0.0
  outer loop
    vertex 209.0000000000005 22.560007095336918 22.142073631287083
    vertex 209.0000000000005 87.65098571777357 32.00000000000046
    vertex 209.0000000000005 23.000000000000004 22.199999809265602
  endloop
endfacet
facet normal -1.0 0.0 0.0
  outer loop
    vertex 209.0000000000005 23.000000000000004 22.199999809265602
    vertex 209.0000000000005 87.65098571777357 32.00000000000046
    vertex 209.0000000000005 23.439992904663086 22.142073631287083
  endloop
endfacet
facet normal -1.0 0.0 0.0
  outer loop
    vertex 209.0000000000005 23.439992904663086 22.142073631287083
    vertex 209.0000000000005 87.65098571777357 32.00000000000046
    vertex 209.0000000000005 23.850000381469716 21.97224330902146
  endloop
endfacet
facet normal -1.0 0.0 0.0
  outer loop
    vertex 209.0000000000005 23.850000381469716 21.97224330902146
    vertex 209.0000000000005 87.65098571777357 32.00000000000046
    vertex 209.0000000000005 24.20208168029786 21.70208168029831
  endloop
endfacet
facet normal -1.0 0.0 0.0
  outer loop
    vertex 209.0000000000005 24.20208168029786 21.70208168029831
    vertex 209.0000000000005 87.65098571777357 32.00000000000046
    vertex 209.0000000000005 24.472242355346694 21.350000381470192
  endloop
endfacet
facet normal -1.0 0.0 0.0
  outer loop
    vertex 209.0000000000005 24.472242355346694 21.350000381470192
    vertex 209.0000000000005 87.65098571777357 32.00000000000046
    vertex 209.0000000000005 24.64207458496094 20.939991950989228
  endloop
endfacet
facet normal -1.0 0.0 0.0
  outer loop
    vertex 209.0000000000005 24.64207458496094 20.939991950989228
    vertex 209.0000000000005 87.65098571777357 32.00000000000046
    vertex 209.0000000000005 24.70000076293943 20.50000000000047
  endloop
endfacet
facet normal -1.0 0.0 0.0
  outer loop
    vertex 209.0000000000005 96.00091552734379 42.650001525879375
    vertex 209.0000000000005 110.85792541503908 26.264991760254365
    vertex 209.0000000000005 110.80000305175794 25.825000762939904
  endloop
endfacet
facet normal -1.0 0.0 0.0
  outer loop
    vertex 209.0000000000005 110.85792541503908 26.264991760254365
    vertex 209.0000000000005 96.00091552734379 42.650001525879375
    vertex 209.0000000000005 111.02775573730479 26.674999237061016
  endloop
endfacet
facet normal -1.0 0.0 0.0
  outer loop
    vertex 209.0000000000005 111.02775573730479 26.674999237061016
    vertex 209.0000000000005 96.00091552734379 42.650001525879375
    vertex 209.0000000000005 111.2979202270508 27.02708244323776
  endloop
endfacet
facet normal -1.0 0.0 0.0
  outer loop
    vertex 209.0000000000005 111.2979202270508 27.02708244323776
    vertex 209.0000000000005 96.00091552734379 42.650001525879375
    vertex 209.0000000000005 111.65000152587902 27.297243118286595
  endloop
endfacet
facet normal -1.0 0.0 0.0
  outer loop
    vertex 209.0000000000005 111.65000152587902 27.297243118286595
    vertex 209.0000000000005 96.00091552734379 42.650001525879375
    vertex 209.0000000000005 133.50000000000006 42.650001525879375
  endloop
endfacet
facet normal -1.0 0.0 0.0
  outer loop
    vertex 209.0000000000005 111.65000152587902 27.297243118286595
    vertex 209.0000000000005 133.50000000000006 42.650001525879375
    vertex 209.0000000000005 112.0600051879884 27.46707344055222
  endloop
endfacet
facet normal -1.0 0.0 0.0
  outer loop
    vertex 209.0000000000005 112.0600051879884 27.46707344055222
    vertex 209.0000000000005 133.50000000000006 42.650001525879375
    vertex 209.0000000000005 112.50000000000011 27.524999618530725
  endloop
endfacet
facet normal -1.0 0.0 0.0
  outer loop
    vertex 209.0000000000005 112.50000000000011 27.524999618530725
    vertex 209.0000000000005 133.50000000000006 42.650001525879375
    vertex 209.0000000000005 112.93999481201178 27.46707344055222
  endloop
endfacet
facet normal -1.0 0.0 0.0
  outer loop
    vertex 209.0000000000005 112.93999481201178 27.46707344055222
    vertex 209.0000000000005 133.50000000000006 42.650001525879375
    vertex 209.0000000000005 113.34999847412115 27.297243118286595
  endloop
endfacet
facet normal -1.0 0.0 0.0
  outer loop
    vertex 209.0000000000005 113.34999847412115 27.297243118286595
    vertex 209.0000000000005 133.50000000000006 42.650001525879375
    vertex 209.0000000000005 113.7020797729492 27.02708244323776
  endloop
endfacet
facet normal -1.0 0.0 0.0
  outer loop
    vertex 209.0000000000005 113.7020797729492 27.02708244323776
    vertex 209.0000000000005 133.50000000000006 42.650001525879375
    vertex 209.0000000000005 113.97224426269538 26.674999237061016
  endloop
endfacet
facet normal -1.0 0.0 0.0
  outer loop
    vertex 209.0000000000005 113.97224426269538 26.674999237061016
    vertex 209.0000000000005 133.50000000000006 42.650001525879375
    vertex 209.0000000000005 114.14207458496091 26.264991760254365
  endloop
endfacet
facet normal -1.0 0.0 0.0
  outer loop
    vertex 209.0000000000005 114.14207458496091 26.264991760254365
    vertex 209.0000000000005 133.50000000000006 42.650001525879375
    vertex 209.0000000000005 114.19999694824224 25.825000762939904
  endloop
endfacet
facet normal -1.0 0.0 0.0
  outer loop
    vertex 209.0000000000005 114.19999694824224 25.825000762939904
    vertex 209.0000000000005 133.50000000000006 42.650001525879375
    vertex 209.0000000000005 131.00000000000009 26.50000000000046
  endloop
endfacet
facet normal -1.0 0.0 0.0
  outer loop
    vertex 209.0000000000005 131.00000000000009 26.50000000000046
    vertex 209.0000000000005 133.50000000000006 42.650001525879375
    vertex 209.0000000000005 135.47888800000013 26.50000000000046
  endloop
endfacet
facet normal -1.0 0.0 0.0
  outer loop
    vertex 209.0000000000005 135.47888800000013 26.50000000000046
    vertex 209.0000000000005 133.50000000000006 42.650001525879375
    vertex 209.0000000000005 134.01763916015634 42.58185195922898
  endloop
endfacet
facet normal -1.0 0.0 0.0
  outer loop
    vertex 209.0000000000005 135.47888800000013 26.50000000000046
    vertex 209.0000000000005 134.01763916015634 42.58185195922898
    vertex 209.0000000000005 134.50000000000017 42.382049560547344
  endloop
endfacet
facet normal -1.0 0.0 0.0
  outer loop
    vertex 209.0000000000005 135.47888800000013 26.50000000000046
    vertex 209.0000000000005 134.50000000000017 42.382049560547344
    vertex 209.0000000000005 134.91421508789065 42.06421279907273
  endloop
endfacet
facet normal -1.0 0.0 0.0
  outer loop
    vertex 209.0000000000005 135.47888800000013 26.50000000000046
    vertex 209.0000000000005 134.91421508789065 42.06421279907273
    vertex 209.0000000000005 135.23205566406259 41.650001525879375
  endloop
endfacet
facet normal -1.0 0.0 0.0
  outer loop
    vertex 209.0000000000005 135.47888800000013 26.50000000000046
    vertex 209.0000000000005 135.23205566406259 41.650001525879375
    vertex 209.0000000000005 135.43185424804693 41.16763687133836
  endloop
endfacet
facet normal -1.0 0.0 0.0
  outer loop
    vertex 209.0000000000005 135.47888800000013 26.50000000000046
    vertex 209.0000000000005 135.43185424804693 41.16763687133836
    vertex 209.0000000000005 135.50000000000014 40.64999961853074
  endloop
endfacet
facet normal -1.0 0.0 0.0
  outer loop
    vertex 209.0000000000005 0.08618161827328734 26.09504127502487
    vertex 209.0000000000005 0.0 4.000000000000463
    vertex 209.0000000000005 0.0 25.00000000000046
  endloop
endfacet
facet normal -1.0 0.0 0.0
  outer loop
    vertex 209.0000000000005 0.0 4.000000000000463
    vertex 209.0000000000005 0.08618161827328734 26.09504127502487
    vertex 209.0000000000005 22.560007095336918 18.85792636871384
  endloop
endfacet
facet normal -1.0 0.0 0.0
  outer loop
    vertex 209.0000000000005 0.0 4.000000000000463
    vertex 209.0000000000005 22.560007095336918 18.85792636871384
    vertex 209.0000000000005 23.000000000000004 18.80000019073532
  endloop
endfacet
facet normal -1.0 0.0 0.0
  outer loop
    vertex 209.0000000000005 0.0 4.000000000000463
    vertex 209.0000000000005 23.000000000000004 18.80000019073532
    vertex 209.0000000000005 135.49626551448878 4.000000000000463
  endloop
endfacet
facet normal -1.0 0.0 0.0
  outer loop
    vertex 209.0000000000005 22.560007095336918 18.85792636871384
    vertex 209.0000000000005 0.08618161827328734 26.09504127502487
    vertex 209.0000000000005 0.34260439872738785 27.163118362427223
  endloop
endfacet
facet normal -1.0 0.0 0.0
  outer loop
    vertex 209.0000000000005 22.560007095336918 18.85792636871384
    vertex 209.0000000000005 0.34260439872738785 27.163118362427223
    vertex 209.0000000000005 22.14999961853029 19.027756690979462
  endloop
endfacet
facet normal -1.0 0.0 0.0
  outer loop
    vertex 209.0000000000005 22.14999961853029 19.027756690979462
    vertex 209.0000000000005 0.34260439872738785 27.163118362427223
    vertex 209.0000000000005 0.7629543542862116 28.177932739258267
  endloop
endfacet
facet normal -1.0 0.0 0.0
  outer loop
    vertex 209.0000000000005 22.14999961853029 19.027756690979462
    vertex 209.0000000000005 0.7629543542862116 28.177932739258267
    vertex 209.0000000000005 1.336881041526822 29.11449623107956
  endloop
endfacet
facet normal -1.0 0.0 0.0
  outer loop
    vertex 209.0000000000005 22.14999961853029 19.027756690979462
    vertex 209.0000000000005 1.336881041526822 29.11449623107956
    vertex 209.0000000000005 2.0502524375915447 29.949747085571747
  endloop
endfacet
facet normal -1.0 0.0 0.0
  outer loop
    vertex 209.0000000000005 22.14999961853029 19.027756690979462
    vertex 209.0000000000005 2.0502524375915447 29.949747085571747
    vertex 209.0000000000005 2.8855032920837087 30.663118362427216
  endloop
endfacet
facet normal -1.0 0.0 0.0
  outer loop
    vertex 209.0000000000005 22.14999961853029 19.027756690979462
    vertex 209.0000000000005 2.8855032920837087 30.663118362427216
    vertex 209.0000000000005 3.8220665454864693 31.237045288086403
  endloop
endfacet
facet normal -1.0 0.0 0.0
  outer loop
    vertex 209.0000000000005 22.14999961853029 19.027756690979462
    vertex 209.0000000000005 3.8220665454864693 31.237045288086403
    vertex 209.0000000000005 4.836881160736071 31.657396316528786
  endloop
endfacet
facet normal -1.0 0.0 0.0
  outer loop
    vertex 209.0000000000005 22.14999961853029 19.027756690979462
    vertex 209.0000000000005 4.836881160736071 31.657396316528786
    vertex 209.0000000000005 21.79791831970215 19.297918319702614
  endloop
endfacet
facet normal -1.0 0.0 0.0
  outer loop
    vertex 209.0000000000005 21.79791831970215 19.297918319702614
    vertex 209.0000000000005 4.836881160736071 31.657396316528786
    vertex 209.0000000000005 5.904958724975624 31.913818359375465
  endloop
endfacet
facet normal -1.0 0.0 0.0
  outer loop
    vertex 209.0000000000005 21.79791831970215 19.297918319702614
    vertex 209.0000000000005 5.904958724975624 31.913818359375465
    vertex 209.0000000000005 7.000000000000032 32.00000000000046
  endloop
endfacet
facet normal -1.0 0.0 0.0
  outer loop
    vertex 209.0000000000005 21.79791831970215 19.297918319702614
    vertex 209.0000000000005 7.000000000000032 32.00000000000046
    vertex 209.0000000000005 21.527757644653313 19.64999961853073
  endloop
endfacet
facet normal -1.0 0.0 0.0
  outer loop
    vertex 209.0000000000005 21.527757644653313 19.64999961853073
    vertex 209.0000000000005 7.000000000000032 32.00000000000046
    vertex 209.0000000000005 21.357925415039062 20.060008049011696
  endloop
endfacet
facet normal -1.0 0.0 0.0
  outer loop
    vertex 209.0000000000005 21.357925415039062 20.060008049011696
    vertex 209.0000000000005 7.000000000000032 32.00000000000046
    vertex 209.0000000000005 21.29999923706058 20.50000000000047
  endloop
endfacet
facet normal -1.0 0.0 0.0
  outer loop
    vertex 209.0000000000005 135.49626551448878 4.000000000000463
    vertex 209.0000000000005 23.000000000000004 18.80000019073532
    vertex 209.0000000000005 23.439992904663086 18.85792636871384
  endloop
endfacet
facet normal -1.0 0.0 0.0
  outer loop
    vertex 209.0000000000005 135.49626551448878 4.000000000000463
    vertex 209.0000000000005 23.439992904663086 18.85792636871384
    vertex 209.0000000000005 23.850000381469716 19.027756690979462
  endloop
endfacet
facet normal -1.0 0.0 0.0
  outer loop
    vertex 209.0000000000005 135.49626551448878 4.000000000000463
    vertex 209.0000000000005 23.850000381469716 19.027756690979462
    vertex 209.0000000000005 24.20208168029786 19.297918319702614
  endloop
endfacet
facet normal -1.0 0.0 0.0
  outer loop
    vertex 209.0000000000005 135.49626551448878 4.000000000000463
    vertex 209.0000000000005 24.20208168029786 19.297918319702614
    vertex 209.0000000000005 24.472242355346694 19.64999961853073
  endloop
endfacet
facet normal -1.0 0.0 0.0
  outer loop
    vertex 209.0000000000005 135.49626551448878 4.000000000000463
    vertex 209.0000000000005 24.472242355346694 19.64999961853073
    vertex 209.0000000000005 24.64207458496094 20.060008049011696
  endloop
endfacet
facet normal -1.0 0.0 0.0
  outer loop
    vertex 209.0000000000005 135.49626551448878 4.000000000000463
    vertex 209.0000000000005 24.64207458496094 20.060008049011696
    vertex 209.0000000000005 24.70000076293943 20.50000000000047
  endloop
endfacet
facet normal -1.0 0.0 0.0
  outer loop
    vertex 209.0000000000005 135.49626551448878 4.000000000000463
    vertex 209.0000000000005 24.70000076293943 20.50000000000047
    vertex 209.0000000000005 87.65098571777357 32.00000000000046
  endloop
endfacet
facet normal -1.0 0.0 0.0
  outer loop
    vertex 209.0000000000005 135.49626551448878 4.000000000000463
    vertex 209.0000000000005 87.65098571777357 32.00000000000046
    vertex 209.0000000000005 88.1212692260743 32.05607795715379
  endloop
endfacet
facet normal -1.0 0.0 0.0
  outer loop
    vertex 209.0000000000005 135.49626551448878 4.000000000000463
    vertex 209.0000000000005 88.1212692260743 32.05607795715379
    vertex 209.0000000000005 88.56517791748058 32.22116661071824
  endloop
endfacet
facet normal -1.0 0.0 0.0
  outer loop
    vertex 209.0000000000005 135.49626551448878 4.000000000000463
    vertex 209.0000000000005 88.56517791748058 32.22116661071824
    vertex 209.0000000000005 88.95782470703132 32.48600959777878
  endloop
endfacet
facet normal -1.0 0.0 0.0
  outer loop
    vertex 209.0000000000005 135.49626551448878 4.000000000000463
    vertex 209.0000000000005 88.95782470703132 32.48600959777878
    vertex 209.0000000000005 89.27718353271487 32.83575439453172
  endloop
endfacet
facet normal -1.0 0.0 0.0
  outer loop
    vertex 209.0000000000005 135.49626551448878 4.000000000000463
    vertex 209.0000000000005 89.27718353271487 32.83575439453172
    vertex 209.0000000000005 89.50534820556642 33.25078773498582
  endloop
endfacet
facet normal -1.0 0.0 0.0
  outer loop
    vertex 209.0000000000005 135.49626551448878 4.000000000000463
    vertex 209.0000000000005 89.50534820556642 33.25078773498582
    vertex 209.0000000000005 92.29217529296885 40.14842605590867
  endloop
endfacet
facet normal -1.0 0.0 0.0
  outer loop
    vertex 209.0000000000005 135.49626551448878 4.000000000000463
    vertex 209.0000000000005 92.29217529296885 40.14842605590867
    vertex 209.0000000000005 111.2979202270508 24.622918128967747
  endloop
endfacet
facet normal -1.0 0.0 0.0
  outer loop
    vertex 209.0000000000005 111.2979202270508 24.622918128967747
    vertex 209.0000000000005 92.29217529296885 40.14842605590867
    vertex 209.0000000000005 92.65895843505864 40.84803581237839
  endloop
endfacet
facet normal -1.0 0.0 0.0
  outer loop
    vertex 209.0000000000005 111.2979202270508 24.622918128967747
    vertex 209.0000000000005 92.65895843505864 40.84803581237839
    vertex 209.0000000000005 93.1560821533204 41.461925506592266
  endloop
endfacet
facet normal -1.0 0.0 0.0
  outer loop
    vertex 209.0000000000005 111.2979202270508 24.622918128967747
    vertex 209.0000000000005 93.1560821533204 41.461925506592266
    vertex 209.0000000000005 93.76414489746094 41.96615219116258
  endloop
endfacet
facet normal -1.0 0.0 0.0
  outer loop
    vertex 209.0000000000005 111.2979202270508 24.622918128967747
    vertex 209.0000000000005 93.76414489746094 41.96615219116258
    vertex 209.0000000000005 94.45943450927741 42.3410491943364
  endloop
endfacet
facet normal -1.0 0.0 0.0
  outer loop
    vertex 209.0000000000005 111.2979202270508 24.622918128967747
    vertex 209.0000000000005 94.45943450927741 42.3410491943364
    vertex 209.0000000000005 95.21484375000004 42.57200241088914
  endloop
endfacet
facet normal -1.0 0.0 0.0
  outer loop
    vertex 209.0000000000005 111.2979202270508 24.622918128967747
    vertex 209.0000000000005 95.21484375000004 42.57200241088914
    vertex 209.0000000000005 96.00091552734379 42.650001525879375
  endloop
endfacet
facet normal -1.0 0.0 0.0
  outer loop
    vertex 209.0000000000005 111.2979202270508 24.622918128967747
    vertex 209.0000000000005 96.00091552734379 42.650001525879375
    vertex 209.0000000000005 111.02775573730479 24.97500038147019
  endloop
endfacet
facet normal -1.0 0.0 0.0
  outer loop
    vertex 209.0000000000005 111.02775573730479 24.97500038147019
    vertex 209.0000000000005 96.00091552734379 42.650001525879375
    vertex 209.0000000000005 110.85792541503908 25.38500785827683
  endloop
endfacet
facet normal -1.0 0.0 0.0
  outer loop
    vertex 209.0000000000005 110.85792541503908 25.38500785827683
    vertex 209.0000000000005 96.00091552734379 42.650001525879375
    vertex 209.0000000000005 110.80000305175794 25.825000762939904
  endloop
endfacet
facet normal -1.0 0.0 0.0
  outer loop
    vertex 209.0000000000005 135.49626551448878 4.000000000000463
    vertex 209.0000000000005 111.2979202270508 24.622918128967747
    vertex 209.0000000000005 111.65000152587902 24.35275650024461
  endloop
endfacet
facet normal -1.0 0.0 0.0
  outer loop
    vertex 209.0000000000005 135.49626551448878 4.000000000000463
    vertex 209.0000000000005 111.65000152587902 24.35275650024461
    vertex 209.0000000000005 112.0600051879884 24.182926177978974
  endloop
endfacet
facet normal -1.0 0.0 0.0
  outer loop
    vertex 209.0000000000005 135.49626551448878 4.000000000000463
    vertex 209.0000000000005 112.0600051879884 24.182926177978974
    vertex 209.0000000000005 112.50000000000011 24.125000000000465
  endloop
endfacet
facet normal -1.0 0.0 0.0
  outer loop
    vertex 209.0000000000005 135.49626551448878 4.000000000000463
    vertex 209.0000000000005 112.50000000000011 24.125000000000465
    vertex 209.0000000000005 112.93999481201178 24.182926177978974
  endloop
endfacet
facet normal -1.0 0.0 0.0
  outer loop
    vertex 209.0000000000005 135.49626551448878 4.000000000000463
    vertex 209.0000000000005 112.93999481201178 24.182926177978974
    vertex 209.0000000000005 113.34999847412115 24.35275650024461
  endloop
endfacet
facet normal -1.0 0.0 0.0
  outer loop
    vertex 209.0000000000005 135.49626551448878 4.000000000000463
    vertex 209.0000000000005 113.34999847412115 24.35275650024461
    vertex 209.0000000000005 113.7020797729492 24.622918128967747
  endloop
endfacet
facet normal -1.0 0.0 0.0
  outer loop
    vertex 209.0000000000005 135.49626551448878 4.000000000000463
    vertex 209.0000000000005 113.7020797729492 24.622918128967747
    vertex 209.0000000000005 113.97224426269538 24.97500038147019
  endloop
endfacet
facet normal -1.0 0.0 0.0
  outer loop
    vertex 209.0000000000005 135.49626551448878 4.000000000000463
    vertex 209.0000000000005 113.97224426269538 24.97500038147019
    vertex 209.0000000000005 114.14207458496091 25.38500785827683
  endloop
endfacet
facet normal -1.0 0.0 0.0
  outer loop
    vertex 209.0000000000005 135.49626551448878 4.000000000000463
    vertex 209.0000000000005 114.14207458496091 25.38500785827683
    vertex 209.0000000000005 114.19999694824224 25.825000762939904
  endloop
endfacet
facet normal -1.0 0.0 0.0
  outer loop
    vertex 209.0000000000005 135.49626551448878 4.000000000000463
    vertex 209.0000000000005 114.19999694824224 25.825000762939904
    vertex 209.0000000000005 131.00000000000009 16.500000000000462
  endloop
endfacet
facet normal -1.0 0.0 0.0
  outer loop
    vertex 209.0000000000005 131.00000000000009 16.500000000000462
    vertex 209.0000000000005 114.19999694824224 25.825000762939904
    vertex 209.0000000000005 131.00000000000009 26.50000000000046
  endloop
endfacet
facet normal -1.0 0.0 0.0
  outer loop
    vertex 209.0000000000005 135.49626551448878 4.000000000000463
    vertex 209.0000000000005 131.00000000000009 16.500000000000462
    vertex 209.0000000000005 135.47888800000013 16.500000000000462
  endloop
endfacet
facet normal 0.0 0.6087602837520906 -0.7933542190762423
  outer loop
    vertex 113.00000000000016 111.65000152587902 27.297243118286595
    vertex 108.00000000000021 111.2979202270508 27.02708244323776
    vertex 108.00000000000021 111.65000152587902 27.297243118286595
  endloop
endfacet
facet normal 0.0 0.6087602837520906 -0.7933542190762423
  outer loop
    vertex 108.00000000000021 111.2979202270508 27.02708244323776
    vertex 113.00000000000016 111.65000152587902 27.297243118286595
    vertex 113.00000000000016 111.2979202270508 27.02708244323776
  endloop
endfacet
facet normal 0.0 0.6087614290087221 0.7933533402912342
  outer loop
    vertex 217.0000000000005 110.37867965644047 23.703680419380266
    vertex 214.00000000000045 111.00000000000009 23.226924551586603
    vertex 214.00000000000045 110.37867965644047 23.703680419380266
  endloop
endfacet
facet normal 0.0 0.6087614290087221 0.7933533402912342
  outer loop
    vertex 214.00000000000045 111.00000000000009 23.226924551586603
    vertex 217.0000000000005 110.37867965644047 23.703680419380266
    vertex 217.0000000000005 111.00000000000009 23.226924551586603
  endloop
endfacet
facet normal 0.0 0.92387953251126 -0.3826834323651547
  outer loop
    vertex 214.00000000000045 109.90192378864681 27.3250007629399
    vertex 217.0000000000005 109.60222252113286 26.60145789824746
    vertex 214.00000000000045 109.60222252113286 26.60145789824746
  endloop
endfacet
facet normal 0.0 0.92387953251126 -0.3826834323651547
  outer loop
    vertex 217.0000000000005 109.60222252113286 26.60145789824746
    vertex 214.00000000000045 109.90192378864681 27.3250007629399
    vertex 217.0000000000005 109.90192378864681 27.3250007629399
  endloop
endfacet
facet normal 0.0 -0.7933533402912464 -0.6087614290087061
  outer loop
    vertex 108.00000000000021 25.121320343559653 22.621320343560104
    vertex 105.00000000000017 25.598076211353302 22.000000000000465
    vertex 108.00000000000021 25.598076211353302 22.000000000000465
  endloop
endfacet
facet normal 0.0 -0.7933533402912464 -0.6087614290087061
  outer loop
    vertex 105.00000000000017 25.598076211353302 22.000000000000465
    vertex 108.00000000000021 25.121320343559653 22.621320343560104
    vertex 105.00000000000017 25.121320343559653 22.621320343560104
  endloop
endfacet
facet normal 0.0 -0.9238795325112803 -0.38268343236510544
  outer loop
    vertex 108.00000000000021 25.598076211353302 22.000000000000465
    vertex 105.00000000000017 25.89777747886721 21.276457135308025
    vertex 108.00000000000021 25.89777747886721 21.276457135308025
  endloop
endfacet
facet normal 0.0 -0.9238795325112803 -0.38268343236510544
  outer loop
    vertex 105.00000000000017 25.89777747886721 21.276457135308025
    vertex 108.00000000000021 25.598076211353302 22.000000000000465
    vertex 105.00000000000017 25.598076211353302 22.000000000000465
  endloop
endfacet
facet normal 0.0004355201063660475 0.9999991488959937 0.0012298493912722948
  outer loop
    vertex 209.0000000000005 135.49626551448878 4.000000000000463
    vertex 214.00000000000045 135.47888800000013 16.500000000000462
    vertex 217.0000000000005 135.49626551448878 4.590758683228416e-13
  endloop
endfacet
facet normal 0.0004355201063660475 0.9999991488959937 0.0012298493912722948
  outer loop
    vertex 214.00000000000045 135.47888800000013 16.500000000000462
    vertex 209.0000000000005 135.49626551448878 4.000000000000463
    vertex 209.0000000000005 135.47888800000013 16.500000000000462
  endloop
endfacet
facet normal 0.0 -0.3826834323651033 0.9238795325112812
  outer loop
    vertex 217.0000000000005 113.27645713530762 22.92722328407271
    vertex 214.00000000000045 114.00000000000004 23.226924551586603
    vertex 214.00000000000045 113.27645713530762 22.92722328407271
  endloop
endfacet
facet normal 0.0 -0.3826834323651033 0.9238795325112812
  outer loop
    vertex 214.00000000000045 114.00000000000004 23.226924551586603
    vertex 217.0000000000005 113.27645713530762 22.92722328407271
    vertex 217.0000000000005 114.00000000000004 23.226924551586603
  endloop
endfacet
facet normal 0.0 -0.6087614290087032 -0.7933533402912485
  outer loop
    vertex 217.0000000000005 114.62132034355972 27.946321106499553
    vertex 214.00000000000045 114.00000000000004 28.423076974293227
    vertex 214.00000000000045 114.62132034355972 27.946321106499553
  endloop
endfacet
facet normal 0.0 -0.6087614290087032 -0.7933533402912485
  outer loop
    vertex 214.00000000000045 114.00000000000004 28.423076974293227
    vertex 217.0000000000005 114.62132034355972 27.946321106499553
    vertex 217.0000000000005 114.00000000000004 28.423076974293227
  endloop
endfacet
facet normal 0.0 -0.9914448613738112 0.1305261922200455
  outer loop
    vertex 217.0000000000005 115.50000000000006 25.825000762939904
    vertex 214.00000000000045 115.39777747886727 25.048543627632345
    vertex 217.0000000000005 115.39777747886727 25.048543627632345
  endloop
endfacet
facet normal 0.0 -0.9914448613738112 0.1305261922200455
  outer loop
    vertex 214.00000000000045 115.39777747886727 25.048543627632345
    vertex 217.0000000000005 115.50000000000006 25.825000762939904
    vertex 214.00000000000045 115.50000000000006 25.825000762939904
  endloop
endfacet
facet normal 0.0 0.1305261922200455 -0.9914448613738112
  outer loop
    vertex 217.0000000000005 112.50000000000011 28.8250007629399
    vertex 214.00000000000045 111.72354286469255 28.72277824180711
    vertex 214.00000000000045 112.50000000000011 28.8250007629399
  endloop
endfacet
facet normal 0.0 0.1305261922200455 -0.9914448613738112
  outer loop
    vertex 214.00000000000045 111.72354286469255 28.72277824180711
    vertex 217.0000000000005 112.50000000000011 28.8250007629399
    vertex 217.0000000000005 111.72354286469255 28.72277824180711
  endloop
endfacet
facet normal 0.0 -0.6087614290087172 -0.7933533402912379
  outer loop
    vertex 217.0000000000005 25.121320343559653 22.621320343560114
    vertex 214.00000000000045 24.5 23.098076211353792
    vertex 214.00000000000045 25.121320343559653 22.621320343560114
  endloop
endfacet
facet normal 0.0 -0.6087614290087172 -0.7933533402912379
  outer loop
    vertex 214.00000000000045 24.5 23.098076211353792
    vertex 217.0000000000005 25.121320343559653 22.621320343560114
    vertex 217.0000000000005 24.5 23.098076211353792
  endloop
endfacet
facet normal 0.0 0.13052566518336053 0.9914449307593647
  outer loop
    vertex 113.00000000000016 112.0600051879884 24.182926177978974
    vertex 108.00000000000021 112.50000000000011 24.125000000000465
    vertex 108.00000000000021 112.0600051879884 24.182926177978974
  endloop
endfacet
facet normal 0.0 0.13052566518336053 0.9914449307593647
  outer loop
    vertex 108.00000000000021 112.50000000000011 24.125000000000465
    vertex 113.00000000000016 112.0600051879884 24.182926177978974
    vertex 113.00000000000016 112.50000000000011 24.125000000000465
  endloop
endfacet
facet normal 0.0 0.92387953251126 0.3826834323651547
  outer loop
    vertex 214.00000000000045 109.60222252113286 25.048543627632345
    vertex 217.0000000000005 109.90192378864681 24.325000762939904
    vertex 214.00000000000045 109.90192378864681 24.325000762939904
  endloop
endfacet
facet normal 0.0 0.92387953251126 0.3826834323651547
  outer loop
    vertex 217.0000000000005 109.90192378864681 24.325000762939904
    vertex 214.00000000000045 109.60222252113286 25.048543627632345
    vertex 217.0000000000005 109.60222252113286 25.048543627632345
  endloop
endfacet
facet normal 0.0 -0.38268582654198025 -0.9238785408071135
  outer loop
    vertex 113.00000000000016 113.34999847412115 27.297243118286595
    vertex 108.00000000000021 112.93999481201178 27.46707344055222
    vertex 108.00000000000021 113.34999847412115 27.297243118286595
  endloop
endfacet
facet normal 0.0 -0.38268582654198025 -0.9238785408071135
  outer loop
    vertex 108.00000000000021 112.93999481201178 27.46707344055222
    vertex 113.00000000000016 113.34999847412115 27.297243118286595
    vertex 113.00000000000016 112.93999481201178 27.46707344055222
  endloop
endfacet
facet normal 0.0 0.13052619222004183 -0.9914448613738118
  outer loop
    vertex 217.0000000000005 23.000000000000004 23.500000000000462
    vertex 214.00000000000045 22.223542864692423 23.39777747886767
    vertex 214.00000000000045 23.000000000000004 23.500000000000462
  endloop
endfacet
facet normal 0.0 0.13052619222004183 -0.9914448613738118
  outer loop
    vertex 214.00000000000045 22.223542864692423 23.39777747886767
    vertex 217.0000000000005 23.000000000000004 23.500000000000462
    vertex 217.0000000000005 22.223542864692423 23.39777747886767
  endloop
endfacet
facet normal 0.0 0.6087614290087311 -0.7933533402912272
  outer loop
    vertex 217.0000000000005 111.00000000000009 28.423076974293227
    vertex 214.00000000000045 110.37867965644047 27.946321106499553
    vertex 214.00000000000045 111.00000000000009 28.423076974293227
  endloop
endfacet
facet normal 0.0 0.6087614290087311 -0.7933533402912272
  outer loop
    vertex 214.00000000000045 110.37867965644047 27.946321106499553
    vertex 217.0000000000005 111.00000000000009 28.423076974293227
    vertex 217.0000000000005 110.37867965644047 27.946321106499553
  endloop
endfacet
facet normal 0.0 0.13052622136607495 0.9914448575366633
  outer loop
    vertex 113.00000000000016 22.560007095336918 18.85792636871384
    vertex 108.00000000000021 23.000000000000004 18.80000019073532
    vertex 108.00000000000021 22.560007095336918 18.85792636871384
  endloop
endfacet
facet normal 0.0 0.13052622136607495 0.9914448575366633
  outer loop
    vertex 108.00000000000021 23.000000000000004 18.80000019073532
    vertex 113.00000000000016 22.560007095336918 18.85792636871384
    vertex 113.00000000000016 23.000000000000004 18.80000019073532
  endloop
endfacet
facet normal 0.0 -0.9238795325112782 -0.38268343236511054
  outer loop
    vertex 217.0000000000005 115.09807621135336 27.3250007629399
    vertex 214.00000000000045 115.39777747886727 26.601457898247475
    vertex 217.0000000000005 115.39777747886727 26.601457898247475
  endloop
endfacet
facet normal 0.0 -0.9238795325112782 -0.38268343236511054
  outer loop
    vertex 214.00000000000045 115.39777747886727 26.601457898247475
    vertex 217.0000000000005 115.09807621135336 27.3250007629399
    vertex 214.00000000000045 115.09807621135336 27.3250007629399
  endloop
endfacet
facet normal 0.0 0.7933533402912517 -0.608761429008699
  outer loop
    vertex 214.00000000000045 110.37867965644047 27.946321106499553
    vertex 217.0000000000005 109.90192378864681 27.3250007629399
    vertex 214.00000000000045 109.90192378864681 27.3250007629399
  endloop
endfacet
facet normal 0.0 0.7933533402912517 -0.608761429008699
  outer loop
    vertex 217.0000000000005 109.90192378864681 27.3250007629399
    vertex 214.00000000000045 110.37867965644047 27.946321106499553
    vertex 217.0000000000005 110.37867965644047 27.946321106499553
  endloop
endfacet
facet normal 0.0 -0.9238795325112884 -0.38268343236508595
  outer loop
    vertex 217.0000000000005 25.598076211353327 22.000000000000465
    vertex 214.00000000000045 25.89777747886721 21.276457135308036
    vertex 217.0000000000005 25.89777747886721 21.276457135308036
  endloop
endfacet
facet normal 0.0 -0.9238795325112884 -0.38268343236508595
  outer loop
    vertex 214.00000000000045 25.89777747886721 21.276457135308036
    vertex 217.0000000000005 25.598076211353327 22.000000000000465
    vertex 214.00000000000045 25.598076211353327 22.000000000000465
  endloop
endfacet
facet normal 0.0 0.7933533402912377 0.6087614290087173
  outer loop
    vertex 105.00000000000017 20.40192378864668 19.00000000000047
    vertex 108.00000000000021 20.878679656440355 18.37867965644082
    vertex 105.00000000000017 20.878679656440355 18.37867965644082
  endloop
endfacet
facet normal 0.0 0.7933533402912377 0.6087614290087173
  outer loop
    vertex 108.00000000000021 20.878679656440355 18.37867965644082
    vertex 105.00000000000017 20.40192378864668 19.00000000000047
    vertex 108.00000000000021 20.40192378864668 19.00000000000047
  endloop
endfacet
facet normal 0.0 -0.9969173336700758 0.07845909652899871
  outer loop
    vertex 217.0000000000005 0.08618161827328734 26.09504127502487
    vertex 209.0000000000005 0.0 25.00000000000046
    vertex 217.0000000000005 0.0 25.00000000000046
  endloop
endfacet
facet normal 0.0 -0.9969173336700758 0.07845909652899871
  outer loop
    vertex 209.0000000000005 0.0 25.00000000000046
    vertex 217.0000000000005 0.08618161827328734 26.09504127502487
    vertex 209.0000000000005 0.08618161827328734 26.09504127502487
  endloop
endfacet
facet normal 0.0 0.9238785948135034 -0.38268569615995096
  outer loop
    vertex 108.00000000000021 21.527757644653313 21.350000381470192
    vertex 113.00000000000016 21.357925415039062 20.939991950989228
    vertex 108.00000000000021 21.357925415039062 20.939991950989228
  endloop
endfacet
facet normal 0.0 0.9238785948135034 -0.38268569615995096
  outer loop
    vertex 113.00000000000016 21.357925415039062 20.939991950989228
    vertex 108.00000000000021 21.527757644653313 21.350000381470192
    vertex 113.00000000000016 21.527757644653313 21.350000381470192
  endloop
endfacet
facet normal 0.0 0.38268343236507063 -0.9238795325112946
  outer loop
    vertex 217.0000000000005 111.72354286469255 28.72277824180711
    vertex 214.00000000000045 111.00000000000009 28.423076974293227
    vertex 214.00000000000045 111.72354286469255 28.72277824180711
  endloop
endfacet
facet normal 0.0 0.38268343236507063 -0.9238795325112946
  outer loop
    vertex 214.00000000000045 111.00000000000009 28.423076974293227
    vertex 217.0000000000005 111.72354286469255 28.72277824180711
    vertex 217.0000000000005 111.00000000000009 28.423076974293227
  endloop
endfacet
facet normal 0.0 -0.382682787467633 -0.923879799636296
  outer loop
    vertex 113.00000000000016 23.850000381469716 21.97224330902146
    vertex 108.00000000000021 23.439992904663086 22.142073631287083
    vertex 108.00000000000021 23.850000381469716 21.97224330902146
  endloop
endfacet
facet normal 0.0 -0.382682787467633 -0.923879799636296
  outer loop
    vertex 108.00000000000021 23.439992904663086 22.142073631287083
    vertex 113.00000000000016 23.850000381469716 21.97224330902146
    vertex 113.00000000000016 23.439992904663086 22.142073631287083
  endloop
endfacet
facet normal 0.0 -0.9238795325112803 0.38268343236510544
  outer loop
    vertex 217.0000000000005 115.39777747886727 25.048543627632345
    vertex 214.00000000000045 115.09807621135336 24.325000762939904
    vertex 217.0000000000005 115.09807621135336 24.325000762939904
  endloop
endfacet
facet normal 0.0 -0.9238795325112803 0.38268343236510544
  outer loop
    vertex 214.00000000000045 115.09807621135336 24.325000762939904
    vertex 217.0000000000005 115.39777747886727 25.048543627632345
    vertex 214.00000000000045 115.39777747886727 25.048543627632345
  endloop
endfacet
facet normal 0.0 0.3826834323650829 0.9238795325112895
  outer loop
    vertex 217.0000000000005 111.00000000000009 23.226924551586603
    vertex 214.00000000000045 111.72354286469255 22.92722328407271
    vertex 214.00000000000045 111.00000000000009 23.226924551586603
  endloop
endfacet
facet normal 0.0 0.3826834323650829 0.9238795325112895
  outer loop
    vertex 214.00000000000045 111.72354286469255 22.92722328407271
    vertex 217.0000000000005 111.00000000000009 23.226924551586603
    vertex 217.0000000000005 111.72354286469255 22.92722328407271
  endloop
endfacet
facet normal 0.0 0.9914448613738112 0.1305261922200455
  outer loop
    vertex 214.00000000000045 109.50000000000007 25.825000762939904
    vertex 217.0000000000005 109.60222252113286 25.048543627632345
    vertex 214.00000000000045 109.60222252113286 25.048543627632345
  endloop
endfacet
facet normal 0.0 0.9914448613738112 0.1305261922200455
  outer loop
    vertex 217.0000000000005 109.60222252113286 25.048543627632345
    vertex 214.00000000000045 109.50000000000007 25.825000762939904
    vertex 217.0000000000005 109.50000000000007 25.825000762939904
  endloop
endfacet
facet normal 0.0 0.382682787467633 0.923879799636296
  outer loop
    vertex 113.00000000000016 22.14999961853029 19.027756690979462
    vertex 108.00000000000021 22.560007095336918 18.85792636871384
    vertex 108.00000000000021 22.14999961853029 19.027756690979462
  endloop
endfacet
facet normal 0.0 0.382682787467633 0.923879799636296
  outer loop
    vertex 108.00000000000021 22.560007095336918 18.85792636871384
    vertex 113.00000000000016 22.14999961853029 19.027756690979462
    vertex 113.00000000000016 22.560007095336918 18.85792636871384
  endloop
endfacet
facet normal 0.0 -0.07845911675256198 0.9969173320784467
  outer loop
    vertex 113.00000000000016 5.904958724975624 31.913818359375465
    vertex 110.0000000000002 7.000000000000032 32.00000000000046
    vertex 110.0000000000002 5.904958724975624 31.913818359375465
  endloop
endfacet
facet normal 0.0 -0.07845911675256198 0.9969173320784467
  outer loop
    vertex 110.0000000000002 7.000000000000032 32.00000000000046
    vertex 113.00000000000016 5.904958724975624 31.913818359375465
    vertex 113.00000000000016 7.000000000000032 32.00000000000046
  endloop
endfacet
facet normal 0.0 0.38268582654198025 -0.9238785408071135
  outer loop
    vertex 113.00000000000016 112.0600051879884 27.46707344055222
    vertex 108.00000000000021 111.65000152587902 27.297243118286595
    vertex 108.00000000000021 112.0600051879884 27.46707344055222
  endloop
endfacet
facet normal 0.0 0.38268582654198025 -0.9238785408071135
  outer loop
    vertex 108.00000000000021 111.65000152587902 27.297243118286595
    vertex 113.00000000000016 112.0600051879884 27.46707344055222
    vertex 113.00000000000016 111.65000152587902 27.297243118286595
  endloop
endfacet
facet normal 0.0 -0.7933533402912464 0.6087614290087061
  outer loop
    vertex 217.0000000000005 115.09807621135336 24.325000762939904
    vertex 214.00000000000045 114.62132034355972 23.703680419380266
    vertex 217.0000000000005 114.62132034355972 23.703680419380266
  endloop
endfacet
facet normal 0.0 -0.7933533402912464 0.6087614290087061
  outer loop
    vertex 214.00000000000045 114.62132034355972 23.703680419380266
    vertex 217.0000000000005 115.09807621135336 24.325000762939904
    vertex 214.00000000000045 115.09807621135336 24.325000762939904
  endloop
endfacet
facet normal -0.006448713819509662 0.9999792030768319 -8.662504629041232e-05
  outer loop
    vertex 214.00000000000045 135.47888800000013 16.500000000000462
    vertex 217.0000000000005 135.50000000000014 40.64999961853074
    vertex 217.0000000000005 135.49626551448878 4.590758683228416e-13
  endloop
endfacet
facet normal -0.006448713819509662 0.9999792030768319 -8.662504629041232e-05
  outer loop
    vertex 217.0000000000005 135.50000000000014 40.64999961853074
    vertex 214.00000000000045 135.47888800000013 16.500000000000462
    vertex 214.00000000000045 135.47888800000013 26.50000000000046
  endloop
endfacet
facet normal 0.0 0.0 1.0
  outer loop
    vertex 71.10000038147011 132.50000000000028 7.200000047683749
    vertex 63.50000000000049 135.50000000000023 7.200000047683749
    vertex 63.50000000000049 132.5000000000003 7.200000047683749
  endloop
endfacet
facet normal 0.0 0.0 1.0
  outer loop
    vertex 63.50000000000049 135.50000000000023 7.200000047683749
    vertex 71.10000038147011 132.50000000000028 7.200000047683749
    vertex 71.10000038147011 135.50000000000017 7.200000047683749
  endloop
endfacet
facet normal 0.0 -0.6087616363157471 0.793353181218916
  outer loop
    vertex 113.00000000000016 23.850000381469716 19.027756690979462
    vertex 108.00000000000021 24.20208168029786 19.297918319702614
    vertex 108.00000000000021 23.850000381469716 19.027756690979462
  endloop
endfacet
facet normal 0.0 -0.6087616363157471 0.793353181218916
  outer loop
    vertex 108.00000000000021 24.20208168029786 19.297918319702614
    vertex 113.00000000000016 23.850000381469716 19.027756690979462
    vertex 113.00000000000016 24.20208168029786 19.297918319702614
  endloop
endfacet
facet normal 0.0 -0.9238797996363753 -0.3826827874674415
  outer loop
    vertex 113.00000000000016 113.97224426269538 26.674999237061016
    vertex 108.00000000000021 114.14207458496091 26.264991760254365
    vertex 113.00000000000016 114.14207458496091 26.264991760254365
  endloop
endfacet
facet normal 0.0 -0.9238797996363753 -0.3826827874674415
  outer loop
    vertex 108.00000000000021 114.14207458496091 26.264991760254365
    vertex 113.00000000000016 113.97224426269538 26.674999237061016
    vertex 108.00000000000021 113.97224426269538 26.674999237061016
  endloop
endfacet
facet normal 0.0 -0.9914448209249731 0.13052649945910683
  outer loop
    vertex 113.00000000000016 24.70000076293943 20.50000000000047
    vertex 108.00000000000021 24.64207458496094 20.060008049011696
    vertex 113.00000000000016 24.64207458496094 20.060008049011696
  endloop
endfacet
facet normal 0.0 -0.9914448209249731 0.13052649945910683
  outer loop
    vertex 108.00000000000021 24.64207458496094 20.060008049011696
    vertex 113.00000000000016 24.70000076293943 20.50000000000047
    vertex 108.00000000000021 24.70000076293943 20.50000000000047
  endloop
endfacet
facet normal 0.0 -0.608760283752287 -0.7933542190760916
  outer loop
    vertex 113.00000000000016 113.7020797729492 27.02708244323776
    vertex 108.00000000000021 113.34999847412115 27.297243118286595
    vertex 108.00000000000021 113.7020797729492 27.02708244323776
  endloop
endfacet
facet normal 0.0 -0.608760283752287 -0.7933542190760916
  outer loop
    vertex 108.00000000000021 113.34999847412115 27.297243118286595
    vertex 113.00000000000016 113.7020797729492 27.02708244323776
    vertex 113.00000000000016 113.34999847412115 27.297243118286595
  endloop
endfacet
facet normal 0.0 0.7933542190761481 -0.6087602837522132
  outer loop
    vertex 108.00000000000021 21.79791831970215 21.70208168029831
    vertex 113.00000000000016 21.527757644653313 21.350000381470192
    vertex 108.00000000000021 21.527757644653313 21.350000381470192
  endloop
endfacet
facet normal 0.0 0.7933542190761481 -0.6087602837522132
  outer loop
    vertex 113.00000000000016 21.527757644653313 21.350000381470192
    vertex 108.00000000000021 21.79791831970215 21.70208168029831
    vertex 113.00000000000016 21.79791831970215 21.70208168029831
  endloop
endfacet
facet normal 0.0 -0.9914459698719688 0.13051777206431
  outer loop
    vertex 113.00000000000016 114.19999694824224 25.825000762939904
    vertex 108.00000000000021 114.14207458496091 25.38500785827683
    vertex 113.00000000000016 114.14207458496091 25.38500785827683
  endloop
endfacet
facet normal 0.0 -0.9914459698719688 0.13051777206431
  outer loop
    vertex 108.00000000000021 114.14207458496091 25.38500785827683
    vertex 113.00000000000016 114.19999694824224 25.825000762939904
    vertex 108.00000000000021 114.19999694824224 25.825000762939904
  endloop
endfacet
facet normal 0.0 -0.6087614290086942 0.7933533402912555
  outer loop
    vertex 217.0000000000005 114.00000000000004 23.226924551586603
    vertex 214.00000000000045 114.62132034355972 23.703680419380266
    vertex 214.00000000000045 114.00000000000004 23.226924551586603
  endloop
endfacet
facet normal 0.0 -0.6087614290086942 0.7933533402912555
  outer loop
    vertex 214.00000000000045 114.62132034355972 23.703680419380266
    vertex 217.0000000000005 114.00000000000004 23.226924551586603
    vertex 217.0000000000005 114.62132034355972 23.703680419380266
  endloop
endfacet
facet normal -1.0 -1.765557804487973e-14 -8.331680356966557e-15
  outer loop
    vertex 86.80000019073547 135.49986671893012 13.402112722396916
    vertex 86.80000019073556 132.5000000000004 7.200000047683749
    vertex 86.80000019073556 132.5000000000004 13.402112722396913
  endloop
endfacet
facet normal -1.0 -1.765557804487973e-14 -8.331680356966557e-15
  outer loop
    vertex 86.80000019073556 132.5000000000004 7.200000047683749
    vertex 86.80000019073547 135.49986671893012 13.402112722396916
    vertex 86.80000019073556 135.50000000000017 7.200000047683749
  endloop
endfacet
facet normal 1.5827845802710182e-19 0.9999988869487099 -0.0014920125138121773
  outer loop
    vertex 209.0000000000005 135.50000000000014 40.64999961853074
    vertex 214.00000000000045 135.47888800000013 26.50000000000046
    vertex 209.0000000000005 135.47888800000013 26.50000000000046
  endloop
endfacet
facet normal 1.5827845802710182e-19 0.9999988869487099 -0.0014920125138121773
  outer loop
    vertex 214.00000000000045 135.47888800000013 26.50000000000046
    vertex 209.0000000000005 135.50000000000014 40.64999961853074
    vertex 217.0000000000005 135.50000000000014 40.64999961853074
  endloop
endfacet
facet normal 0.0 -0.9238785948135034 -0.38268569615995096
  outer loop
    vertex 113.00000000000016 24.472242355346694 21.350000381470192
    vertex 108.00000000000021 24.64207458496094 20.939991950989228
    vertex 113.00000000000016 24.64207458496094 20.939991950989228
  endloop
endfacet
facet normal 0.0 -0.9238785948135034 -0.38268569615995096
  outer loop
    vertex 108.00000000000021 24.64207458496094 20.939991950989228
    vertex 113.00000000000016 24.472242355346694 21.350000381470192
    vertex 108.00000000000021 24.472242355346694 21.350000381470192
  endloop
endfacet
facet normal 1.7495379174607807e-05 0.9999999998440026 -2.430431223049375e-06
  outer loop
    vertex 2.7071678232459813e-13 135.50000000000028 0.0
    vertex 113.00000000000016 135.50000000000014 4.000000000000463
    vertex 217.0000000000005 135.49626551448878 4.590758683228416e-13
  endloop
endfacet
facet normal 1.7495379174607807e-05 0.9999999998440026 -2.430431223049375e-06
  outer loop
    vertex 113.00000000000016 135.50000000000014 4.000000000000463
    vertex 2.7071678232459813e-13 135.50000000000028 0.0
    vertex 38.825096130371605 135.50000000000023 7.223659157753
  endloop
endfacet
facet normal 1.7495379174607807e-05 0.9999999998440026 -2.430431223049375e-06
  outer loop
    vertex 38.825096130371605 135.50000000000023 7.223659157753
    vertex 2.7071678232459813e-13 135.50000000000028 0.0
    vertex 38.09948730468819 135.50000000000023 7.402506232261666
  endloop
endfacet
facet normal 1.7495379174607807e-05 0.9999999998440026 -2.430431223049375e-06
  outer loop
    vertex 38.09948730468819 135.50000000000023 7.402506232261666
    vertex 2.7071678232459813e-13 135.50000000000028 0.0
    vertex 37.43775939941446 135.50000000000023 7.7498066425323735
  endloop
endfacet
facet normal 1.7495379174607807e-05 0.9999999998440026 -2.430431223049375e-06
  outer loop
    vertex 37.43775939941446 135.50000000000023 7.7498066425323735
    vertex 2.7071678232459813e-13 135.50000000000028 0.0
    vertex 1.8047785488306544e-13 135.50000000000028 40.64999961853028
  endloop
endfacet
facet normal 1.7495379174607807e-05 0.9999999998440026 -2.430431223049375e-06
  outer loop
    vertex 113.00000000000016 135.50000000000014 4.000000000000463
    vertex 38.825096130371605 135.50000000000023 7.223659157753
    vertex 50.09999847412157 135.50000000000023 7.200000047683749
  endloop
endfacet
facet normal 1.7495379174607807e-05 0.9999999998440026 -2.430431223049375e-06
  outer loop
    vertex 37.43775939941446 135.50000000000023 7.7498066425323735
    vertex 1.8047785488306544e-13 135.50000000000028 40.64999961853028
    vertex 36.87837600708055 135.50000000000023 8.245376348495503
  endloop
endfacet
facet normal 1.7495379174607807e-05 0.9999999998440026 -2.430431223049375e-06
  outer loop
    vertex 36.87837600708055 135.50000000000023 8.245376348495503
    vertex 1.8047785488306544e-13 135.50000000000028 40.64999961853028
    vertex 36.453845977783644 135.50000000000023 8.860414743423505
  endloop
endfacet
facet normal 1.7495379174607807e-05 0.9999999998440026 -2.430431223049375e-06
  outer loop
    vertex 36.453845977783644 135.50000000000023 8.860414743423505
    vertex 1.8047785488306544e-13 135.50000000000028 40.64999961853028
    vertex 36.18884277343785 135.50000000000023 9.559178113937397
  endloop
endfacet
facet normal 1.7495379174607807e-05 0.9999999998440026 -2.430431223049375e-06
  outer loop
    vertex 36.18884277343785 135.50000000000023 9.559178113937397
    vertex 1.8047785488306544e-13 135.50000000000028 40.64999961853028
    vertex 36.098762512207536 135.50000000000023 10.301056385040313
  endloop
endfacet
facet normal 1.7495379174607807e-05 0.9999999998440026 -2.430431223049375e-06
  outer loop
    vertex 36.098762512207536 135.50000000000023 10.301056385040313
    vertex 1.8047785488306544e-13 135.50000000000028 40.64999961853028
    vertex 36.18884277343794 135.50000000000023 11.042934656143222
  endloop
endfacet
facet normal 1.7495379174607807e-05 0.9999999998440026 -2.430431223049375e-06
  outer loop
    vertex 36.18884277343794 135.50000000000023 11.042934656143222
    vertex 1.8047785488306544e-13 135.50000000000028 40.64999961853028
    vertex 36.45384597778382 135.50000000000023 11.741698026657144
  endloop
endfacet
facet normal 1.7495379174607807e-05 0.9999999998440026 -2.430431223049375e-06
  outer loop
    vertex 36.45384597778382 135.50000000000023 11.741698026657144
    vertex 1.8047785488306544e-13 135.50000000000028 40.64999961853028
    vertex 36.87837600708055 135.50000000000023 12.356736421585138
  endloop
endfacet
facet normal 1.7495379174607807e-05 0.9999999998440026 -2.430431223049375e-06
  outer loop
    vertex 36.87837600708055 135.50000000000023 12.356736421585138
    vertex 1.8047785488306544e-13 135.50000000000028 40.64999961853028
    vertex 37.43775939941446 135.50000000000023 12.852306127548285
  endloop
endfacet
facet normal 1.7495379174607807e-05 0.9999999998440026 -2.430431223049375e-06
  outer loop
    vertex 37.43775939941446 135.50000000000023 12.852306127548285
    vertex 1.8047785488306544e-13 135.50000000000028 40.64999961853028
    vertex 38.0994873046881 135.50000000000023 13.19960653781895
  endloop
endfacet
facet normal 1.7495379174607807e-05 0.9999999998440026 -2.430431223049375e-06
  outer loop
    vertex 38.0994873046881 135.50000000000023 13.19960653781895
    vertex 1.8047785488306544e-13 135.50000000000028 40.64999961853028
    vertex 38.825096130371605 135.50000000000023 13.378453612327638
  endloop
endfacet
facet normal 1.7495379174607807e-05 0.9999999998440026 -2.430431223049375e-06
  outer loop
    vertex 38.825096130371605 135.50000000000023 13.378453612327638
    vertex 1.8047785488306544e-13 135.50000000000028 40.64999961853028
    vertex 50.09999847412157 135.50000000000023 13.402112722396913
  endloop
endfacet
facet normal 1.7495379174607807e-05 0.9999999998440026 -2.430431223049375e-06
  outer loop
    vertex 50.09999847412157 135.50000000000023 13.402112722396913
    vertex 1.8047785488306544e-13 135.50000000000028 40.64999961853028
    vertex 57.700000762939816 135.50000000000023 13.402112722396913
  endloop
endfacet
facet normal 1.7495379174607807e-05 0.9999999998440026 -2.430431223049375e-06
  outer loop
    vertex 57.700000762939816 135.50000000000023 13.402112722396913
    vertex 1.8047785488306544e-13 135.50000000000028 40.64999961853028
    vertex 63.50000000000049 135.50000000000023 13.402112722396913
  endloop
endfacet
facet normal 1.7495379174607807e-05 0.9999999998440026 -2.430431223049375e-06
  outer loop
    vertex 63.50000000000049 135.50000000000023 13.402112722396913
    vertex 1.8047785488306544e-13 135.50000000000028 40.64999961853028
    vertex 71.10000038147011 135.50000000000017 13.402112722396913
  endloop
endfacet
facet normal 1.7495379174607807e-05 0.9999999998440026 -2.430431223049375e-06
  outer loop
    vertex 71.10000038147011 135.50000000000017 13.402112722396913
    vertex 1.8047785488306544e-13 135.50000000000028 40.64999961853028
    vertex 77.39999961853086 135.50000000000017 13.402112722396913
  endloop
endfacet
facet normal 1.7495379174607807e-05 0.9999999998440026 -2.430431223049375e-06
  outer loop
    vertex 77.39999961853086 135.50000000000017 13.402112722396913
    vertex 1.8047785488306544e-13 135.50000000000028 40.64999961853028
    vertex 86.80000019073547 135.49986671893012 13.402112722396916
  endloop
endfacet
facet normal 1.7495379174607807e-05 0.9999999998440026 -2.430431223049375e-06
  outer loop
    vertex 86.80000019073547 135.49986671893012 13.402112722396916
    vertex 1.8047785488306544e-13 135.50000000000028 40.64999961853028
    vertex 108.00000000000021 135.4971827756326 16.50000000000045
  endloop
endfacet
facet normal 1.7495379174607807e-05 0.9999999998440026 -2.430431223049375e-06
  outer loop
    vertex 108.00000000000021 135.4971827756326 16.50000000000045
    vertex 1.8047785488306544e-13 135.50000000000028 40.64999961853028
    vertex 108.00000000000021 135.4971827756326 26.50000000000046
  endloop
endfacet
facet normal 1.7495379174607807e-05 0.9999999998440026 -2.430431223049375e-06
  outer loop
    vertex 108.00000000000021 135.4971827756326 26.50000000000046
    vertex 1.8047785488306544e-13 135.50000000000028 40.64999961853028
    vertex 113.00000000000016 135.4971827756326 26.50000000000046
  endloop
endfacet
facet normal 1.7495379174607807e-05 0.9999999998440026 -2.430431223049375e-06
  outer loop
    vertex 113.00000000000016 135.4971827756326 26.50000000000046
    vertex 1.8047785488306544e-13 135.50000000000028 40.64999961853028
    vertex 113.00000000000016 135.50000000000014 40.64999961853074
  endloop
endfacet
facet normal 1.7495379174607807e-05 0.9999999998440026 -2.430431223049375e-06
  outer loop
    vertex 113.00000000000016 135.50000000000014 4.000000000000463
    vertex 86.80000019073556 135.50000000000017 7.200000047683749
    vertex 113.00000000000016 135.4971827756326 16.500000000000462
  endloop
endfacet
facet normal 1.7495379174607807e-05 0.9999999998440026 -2.430431223049375e-06
  outer loop
    vertex 86.80000019073556 135.50000000000017 7.200000047683749
    vertex 113.00000000000016 135.50000000000014 4.000000000000463
    vertex 50.09999847412157 135.50000000000023 7.200000047683749
  endloop
endfacet
facet normal 1.7495379174607807e-05 0.9999999998440026 -2.430431223049375e-06
  outer loop
    vertex 86.80000019073556 135.50000000000017 7.200000047683749
    vertex 50.09999847412157 135.50000000000023 7.200000047683749
    vertex 57.700000762939816 135.50000000000023 7.200000047683749
  endloop
endfacet
facet normal 1.7495379174607807e-05 0.9999999998440026 -2.430431223049375e-06
  outer loop
    vertex 86.80000019073556 135.50000000000017 7.200000047683749
    vertex 57.700000762939816 135.50000000000023 7.200000047683749
    vertex 63.50000000000049 135.50000000000023 7.200000047683749
  endloop
endfacet
facet normal 1.7495379174607807e-05 0.9999999998440026 -2.430431223049375e-06
  outer loop
    vertex 86.80000019073556 135.50000000000017 7.200000047683749
    vertex 63.50000000000049 135.50000000000023 7.200000047683749
    vertex 71.10000038147011 135.50000000000017 7.200000047683749
  endloop
endfacet
facet normal 1.7495379174607807e-05 0.9999999998440026 -2.430431223049375e-06
  outer loop
    vertex 86.80000019073556 135.50000000000017 7.200000047683749
    vertex 71.10000038147011 135.50000000000017 7.200000047683749
    vertex 77.39999961853086 135.50000000000017 7.200000047683749
  endloop
endfacet
facet normal 1.7495379174607807e-05 0.9999999998440026 -2.430431223049375e-06
  outer loop
    vertex 113.00000000000016 135.4971827756326 16.500000000000462
    vertex 86.80000019073556 135.50000000000017 7.200000047683749
    vertex 86.80000019073547 135.49986671893012 13.402112722396916
  endloop
endfacet
facet normal 1.7495379174607807e-05 0.9999999998440026 -2.430431223049375e-06
  outer loop
    vertex 113.00000000000016 135.4971827756326 16.500000000000462
    vertex 86.80000019073547 135.49986671893012 13.402112722396916
    vertex 108.00000000000021 135.4971827756326 16.50000000000045
  endloop
endfacet
facet normal 1.7495379174607807e-05 0.9999999998440026 -2.430431223049375e-06
  outer loop
    vertex 71.10000038147011 135.50000000000017 13.402112722396913
    vertex 77.39999961853086 135.50000000000017 7.200000047683749
    vertex 71.10000038147011 135.50000000000017 7.200000047683749
  endloop
endfacet
facet normal 1.7495379174607807e-05 0.9999999998440026 -2.430431223049375e-06
  outer loop
    vertex 77.39999961853086 135.50000000000017 7.200000047683749
    vertex 71.10000038147011 135.50000000000017 13.402112722396913
    vertex 77.39999961853086 135.50000000000017 13.402112722396913
  endloop
endfacet
facet normal 1.7495379174607807e-05 0.9999999998440026 -2.430431223049375e-06
  outer loop
    vertex 57.700000762939816 135.50000000000023 13.402112722396913
    vertex 63.50000000000049 135.50000000000023 7.200000047683749
    vertex 57.700000762939816 135.50000000000023 7.200000047683749
  endloop
endfacet
facet normal 1.7495379174607807e-05 0.9999999998440026 -2.430431223049375e-06
  outer loop
    vertex 63.50000000000049 135.50000000000023 7.200000047683749
    vertex 57.700000762939816 135.50000000000023 13.402112722396913
    vertex 63.50000000000049 135.50000000000023 13.402112722396913
  endloop
endfacet
facet normal 1.7495379174607807e-05 0.9999999998440026 -2.430431223049375e-06
  outer loop
    vertex 50.09999847412157 135.50000000000023 7.200000047683749
    vertex 40.959762573242664 135.50000000000023 7.749806642532419
    vertex 50.09999847412157 135.50000000000023 13.402112722396913
  endloop
endfacet
facet normal 1.7495379174607807e-05 0.9999999998440026 -2.430431223049375e-06
  outer loop
    vertex 40.959762573242664 135.50000000000023 7.749806642532419
    vertex 50.09999847412157 135.50000000000023 7.200000047683749
    vertex 40.298034667969205 135.50000000000023 7.402506232261711
  endloop
endfacet
facet normal 1.7495379174607807e-05 0.9999999998440026 -2.430431223049375e-06
  outer loop
    vertex 40.298034667969205 135.50000000000023 7.402506232261711
    vertex 50.09999847412157 135.50000000000023 7.200000047683749
    vertex 39.5724258422857 135.50000000000023 7.223659157753026
  endloop
endfacet
facet normal 1.7495379174607807e-05 0.9999999998440026 -2.430431223049375e-06
  outer loop
    vertex 39.5724258422857 135.50000000000023 7.223659157753026
    vertex 50.09999847412157 135.50000000000023 7.200000047683749
    vertex 38.825096130371605 135.50000000000023 7.223659157753
  endloop
endfacet
facet normal 1.7495379174607807e-05 0.9999999998440026 -2.430431223049375e-06
  outer loop
    vertex 50.09999847412157 135.50000000000023 13.402112722396913
    vertex 40.959762573242664 135.50000000000023 7.749806642532419
    vertex 41.51914596557676 135.50000000000023 8.245376348495537
  endloop
endfacet
facet normal 1.7495379174607807e-05 0.9999999998440026 -2.430431223049375e-06
  outer loop
    vertex 50.09999847412157 135.50000000000023 13.402112722396913
    vertex 41.51914596557676 135.50000000000023 8.245376348495537
    vertex 41.943675994873395 135.50000000000023 8.860414743423522
  endloop
endfacet
facet normal 1.7495379174607807e-05 0.9999999998440026 -2.430431223049375e-06
  outer loop
    vertex 50.09999847412157 135.50000000000023 13.402112722396913
    vertex 41.943675994873395 135.50000000000023 8.860414743423522
    vertex 42.208679199219276 135.50000000000023 9.559178113937435
  endloop
endfacet
facet normal 1.7495379174607807e-05 0.9999999998440026 -2.430431223049375e-06
  outer loop
    vertex 50.09999847412157 135.50000000000023 13.402112722396913
    vertex 42.208679199219276 135.50000000000023 9.559178113937435
    vertex 42.29875946044977 135.50000000000023 10.301056385040313
  endloop
endfacet
facet normal 1.7495379174607807e-05 0.9999999998440026 -2.430431223049375e-06
  outer loop
    vertex 50.09999847412157 135.50000000000023 13.402112722396913
    vertex 42.29875946044977 135.50000000000023 10.301056385040313
    vertex 42.20867919921937 135.50000000000023 11.042934656143222
  endloop
endfacet
facet normal 1.7495379174607807e-05 0.9999999998440026 -2.430431223049375e-06
  outer loop
    vertex 50.09999847412157 135.50000000000023 13.402112722396913
    vertex 42.20867919921937 135.50000000000023 11.042934656143222
    vertex 41.94367599487349 135.50000000000023 11.741698026657144
  endloop
endfacet
facet normal 1.7495379174607807e-05 0.9999999998440026 -2.430431223049375e-06
  outer loop
    vertex 50.09999847412157 135.50000000000023 13.402112722396913
    vertex 41.94367599487349 135.50000000000023 11.741698026657144
    vertex 41.51914596557685 135.50000000000023 12.356736421585047
  endloop
endfacet
facet normal 1.7495379174607807e-05 0.9999999998440026 -2.430431223049375e-06
  outer loop
    vertex 50.09999847412157 135.50000000000023 13.402112722396913
    vertex 41.51914596557685 135.50000000000023 12.356736421585047
    vertex 40.959762573242756 135.50000000000023 12.85230612754815
  endloop
endfacet
facet normal 1.7495379174607807e-05 0.9999999998440026 -2.430431223049375e-06
  outer loop
    vertex 50.09999847412157 135.50000000000023 13.402112722396913
    vertex 40.959762573242756 135.50000000000023 12.85230612754815
    vertex 40.29803466796939 135.50000000000023 13.19960653781895
  endloop
endfacet
facet normal 1.7495379174607807e-05 0.9999999998440026 -2.430431223049375e-06
  outer loop
    vertex 50.09999847412157 135.50000000000023 13.402112722396913
    vertex 40.29803466796939 135.50000000000023 13.19960653781895
    vertex 39.5724258422857 135.50000000000023 13.378453612327604
  endloop
endfacet
facet normal 1.7495379174607807e-05 0.9999999998440026 -2.430431223049375e-06
  outer loop
    vertex 50.09999847412157 135.50000000000023 13.402112722396913
    vertex 39.5724258422857 135.50000000000023 13.378453612327604
    vertex 38.825096130371605 135.50000000000023 13.378453612327638
  endloop
endfacet
facet normal 1.7495379174607807e-05 0.9999999998440026 -2.430431223049375e-06
  outer loop
    vertex 209.0000000000005 135.49626551448878 4.000000000000463
    vertex 217.0000000000005 135.49626551448878 4.590758683228416e-13
    vertex 113.00000000000016 135.50000000000014 4.000000000000463
  endloop
endfacet
facet normal 0.0 -0.3826834323650931 0.9238795325112854
  outer loop
    vertex 217.0000000000005 23.77645713530756 17.602222521133264
    vertex 214.00000000000045 24.5 17.901923788647156
    vertex 214.00000000000045 23.77645713530756 17.602222521133264
  endloop
endfacet
facet normal 0.0 -0.3826834323650931 0.9238795325112854
  outer loop
    vertex 214.00000000000045 24.5 17.901923788647156
    vertex 217.0000000000005 23.77645713530756 17.602222521133264
    vertex 217.0000000000005 24.5 17.901923788647156
  endloop
endfacet
facet normal 0.0 -0.1305261922200455 -0.9914448613738112
  outer loop
    vertex 217.0000000000005 23.77645713530756 23.39777747886767
    vertex 214.00000000000045 23.000000000000004 23.500000000000462
    vertex 214.00000000000045 23.77645713530756 23.39777747886767
  endloop
endfacet
facet normal 0.0 -0.1305261922200455 -0.9914448613738112
  outer loop
    vertex 214.00000000000045 23.000000000000004 23.500000000000462
    vertex 217.0000000000005 23.77645713530756 23.39777747886767
    vertex 217.0000000000005 23.000000000000004 23.500000000000462
  endloop
endfacet
facet normal 0.0 -0.47460054457203504 0.8802012969156134
  outer loop
    vertex 113.00000000000016 93.76414489746094 41.96615219116258
    vertex 110.0000000000002 94.45943450927741 42.3410491943364
    vertex 110.0000000000002 93.76414489746094 41.96615219116258
  endloop
endfacet
facet normal 0.0 -0.47460054457203504 0.8802012969156134
  outer loop
    vertex 110.0000000000002 94.45943450927741 42.3410491943364
    vertex 113.00000000000016 93.76414489746094 41.96615219116258
    vertex 113.00000000000016 94.45943450927741 42.3410491943364
  endloop
endfacet
facet normal 0.0 -0.7933533402912379 0.6087614290087172
  outer loop
    vertex 217.0000000000005 25.598076211353327 19.00000000000047
    vertex 214.00000000000045 25.121320343559653 18.37867965644082
    vertex 217.0000000000005 25.121320343559653 18.37867965644082
  endloop
endfacet
facet normal 0.0 -0.7933533402912379 0.6087614290087172
  outer loop
    vertex 214.00000000000045 25.121320343559653 18.37867965644082
    vertex 217.0000000000005 25.598076211353327 19.00000000000047
    vertex 214.00000000000045 25.598076211353327 19.00000000000047
  endloop
endfacet
facet normal 1.0 0.0 0.0
  outer loop
    vertex 214.00000000000045 20.1022225211328 19.72354286469291
    vertex 214.00000000000045 20.1022225211328 21.276457135308025
    vertex 214.00000000000045 20.000000000000007 20.50000000000047
  endloop
endfacet
facet normal 1.0 0.0 0.0
  outer loop
    vertex 214.00000000000045 20.1022225211328 21.276457135308025
    vertex 214.00000000000045 20.1022225211328 19.72354286469291
    vertex 214.00000000000045 20.40192378864668 19.00000000000047
  endloop
endfacet
facet normal 1.0 0.0 0.0
  outer loop
    vertex 214.00000000000045 20.1022225211328 21.276457135308025
    vertex 214.00000000000045 20.40192378864668 19.00000000000047
    vertex 214.00000000000045 20.40192378864668 22.000000000000465
  endloop
endfacet
facet normal 1.0 0.0 0.0
  outer loop
    vertex 214.00000000000045 20.40192378864668 22.000000000000465
    vertex 214.00000000000045 20.40192378864668 19.00000000000047
    vertex 214.00000000000045 20.878679656440355 18.37867965644082
  endloop
endfacet
facet normal 1.0 0.0 0.0
  outer loop
    vertex 214.00000000000045 20.40192378864668 22.000000000000465
    vertex 214.00000000000045 20.878679656440355 18.37867965644082
    vertex 214.00000000000045 20.878679656440355 22.621320343560114
  endloop
endfacet
facet normal 1.0 0.0 0.0
  outer loop
    vertex 214.00000000000045 20.878679656440355 22.621320343560114
    vertex 214.00000000000045 20.878679656440355 18.37867965644082
    vertex 214.00000000000045 21.500000000000007 17.901923788647142
  endloop
endfacet
facet normal 1.0 0.0 0.0
  outer loop
    vertex 214.00000000000045 20.878679656440355 22.621320343560114
    vertex 214.00000000000045 21.500000000000007 17.901923788647142
    vertex 214.00000000000045 21.29999923706058 20.50000000000047
  endloop
endfacet
facet normal 1.0 0.0 0.0
  outer loop
    vertex 214.00000000000045 21.29999923706058 20.50000000000047
    vertex 214.00000000000045 21.500000000000007 17.901923788647142
    vertex 214.00000000000045 21.357925415039062 20.060008049011696
  endloop
endfacet
facet normal 1.0 0.0 0.0
  outer loop
    vertex 214.00000000000045 21.357925415039062 20.060008049011696
    vertex 214.00000000000045 21.500000000000007 17.901923788647142
    vertex 214.00000000000045 21.527757644653313 19.64999961853073
  endloop
endfacet
facet normal 1.0 0.0 0.0
  outer loop
    vertex 214.00000000000045 21.527757644653313 19.64999961853073
    vertex 214.00000000000045 21.500000000000007 17.901923788647142
    vertex 214.00000000000045 22.223542864692448 17.602222521133264
  endloop
endfacet
facet normal 1.0 0.0 0.0
  outer loop
    vertex 214.00000000000045 21.527757644653313 19.64999961853073
    vertex 214.00000000000045 22.223542864692448 17.602222521133264
    vertex 214.00000000000045 21.79791831970215 19.297918319702614
  endloop
endfacet
facet normal 1.0 0.0 0.0
  outer loop
    vertex 214.00000000000045 21.79791831970215 19.297918319702614
    vertex 214.00000000000045 22.223542864692448 17.602222521133264
    vertex 214.00000000000045 22.14999961853029 19.027756690979462
  endloop
endfacet
facet normal 1.0 0.0 0.0
  outer loop
    vertex 214.00000000000045 22.14999961853029 19.027756690979462
    vertex 214.00000000000045 22.223542864692448 17.602222521133264
    vertex 214.00000000000045 22.560007095336918 18.85792636871384
  endloop
endfacet
facet normal 1.0 0.0 0.0
  outer loop
    vertex 214.00000000000045 22.560007095336918 18.85792636871384
    vertex 214.00000000000045 22.223542864692448 17.602222521133264
    vertex 214.00000000000045 23.000000000000004 17.500000000000473
  endloop
endfacet
facet normal 1.0 0.0 0.0
  outer loop
    vertex 214.00000000000045 22.560007095336918 18.85792636871384
    vertex 214.00000000000045 23.000000000000004 17.500000000000473
    vertex 214.00000000000045 23.000000000000004 18.80000019073532
  endloop
endfacet
facet normal 1.0 0.0 0.0
  outer loop
    vertex 214.00000000000045 23.000000000000004 18.80000019073532
    vertex 214.00000000000045 23.000000000000004 17.500000000000473
    vertex 214.00000000000045 23.77645713530756 17.602222521133264
  endloop
endfacet
facet normal 1.0 0.0 0.0
  outer loop
    vertex 214.00000000000045 23.000000000000004 18.80000019073532
    vertex 214.00000000000045 23.77645713530756 17.602222521133264
    vertex 214.00000000000045 23.439992904663086 18.85792636871384
  endloop
endfacet
facet normal 1.0 0.0 0.0
  outer loop
    vertex 214.00000000000045 23.439992904663086 18.85792636871384
    vertex 214.00000000000045 23.77645713530756 17.602222521133264
    vertex 214.00000000000045 23.850000381469716 19.027756690979462
  endloop
endfacet
facet normal 1.0 0.0 0.0
  outer loop
    vertex 214.00000000000045 23.850000381469716 19.027756690979462
    vertex 214.00000000000045 23.77645713530756 17.602222521133264
    vertex 214.00000000000045 24.5 17.901923788647156
  endloop
endfacet
facet normal 1.0 0.0 0.0
  outer loop
    vertex 214.00000000000045 23.850000381469716 19.027756690979462
    vertex 214.00000000000045 24.5 17.901923788647156
    vertex 214.00000000000045 24.20208168029786 19.297918319702614
  endloop
endfacet
facet normal 1.0 0.0 0.0
  outer loop
    vertex 214.00000000000045 24.20208168029786 19.297918319702614
    vertex 214.00000000000045 24.5 17.901923788647156
    vertex 214.00000000000045 24.472242355346694 19.64999961853073
  endloop
endfacet
facet normal 1.0 0.0 0.0
  outer loop
    vertex 214.00000000000045 24.472242355346694 19.64999961853073
    vertex 214.00000000000045 24.5 17.901923788647156
    vertex 214.00000000000045 24.64207458496094 20.060008049011696
  endloop
endfacet
facet normal 1.0 0.0 0.0
  outer loop
    vertex 214.00000000000045 24.64207458496094 20.060008049011696
    vertex 214.00000000000045 24.5 17.901923788647156
    vertex 214.00000000000045 25.121320343559653 18.37867965644082
  endloop
endfacet
facet normal 1.0 0.0 0.0
  outer loop
    vertex 214.00000000000045 24.64207458496094 20.060008049011696
    vertex 214.00000000000045 25.121320343559653 18.37867965644082
    vertex 214.00000000000045 24.70000076293943 20.50000000000047
  endloop
endfacet
facet normal 1.0 0.0 0.0
  outer loop
    vertex 214.00000000000045 21.29999923706058 20.50000000000047
    vertex 214.00000000000045 21.500000000000007 23.098076211353778
    vertex 214.00000000000045 20.878679656440355 22.621320343560114
  endloop
endfacet
facet normal 1.0 0.0 0.0
  outer loop
    vertex 214.00000000000045 21.500000000000007 23.098076211353778
    vertex 214.00000000000045 21.29999923706058 20.50000000000047
    vertex 214.00000000000045 21.357925415039062 20.939991950989228
  endloop
endfacet
facet normal 1.0 0.0 0.0
  outer loop
    vertex 214.00000000000045 21.500000000000007 23.098076211353778
    vertex 214.00000000000045 21.357925415039062 20.939991950989228
    vertex 214.00000000000045 21.527757644653313 21.350000381470192
  endloop
endfacet
facet normal 1.0 0.0 0.0
  outer loop
    vertex 214.00000000000045 21.500000000000007 23.098076211353778
    vertex 214.00000000000045 21.527757644653313 21.350000381470192
    vertex 214.00000000000045 22.223542864692423 23.39777747886767
  endloop
endfacet
facet normal 1.0 0.0 0.0
  outer loop
    vertex 214.00000000000045 22.223542864692423 23.39777747886767
    vertex 214.00000000000045 21.527757644653313 21.350000381470192
    vertex 214.00000000000045 21.79791831970215 21.70208168029831
  endloop
endfacet
facet normal 1.0 0.0 0.0
  outer loop
    vertex 214.00000000000045 22.223542864692423 23.39777747886767
    vertex 214.00000000000045 21.79791831970215 21.70208168029831
    vertex 214.00000000000045 22.14999961853029 21.97224330902146
  endloop
endfacet
facet normal 1.0 0.0 0.0
  outer loop
    vertex 214.00000000000045 22.223542864692423 23.39777747886767
    vertex 214.00000000000045 22.14999961853029 21.97224330902146
    vertex 214.00000000000045 22.560007095336918 22.142073631287083
  endloop
endfacet
facet normal 1.0 0.0 0.0
  outer loop
    vertex 214.00000000000045 22.223542864692423 23.39777747886767
    vertex 214.00000000000045 22.560007095336918 22.142073631287083
    vertex 214.00000000000045 23.000000000000004 23.500000000000462
  endloop
endfacet
facet normal 1.0 0.0 0.0
  outer loop
    vertex 214.00000000000045 23.000000000000004 23.500000000000462
    vertex 214.00000000000045 22.560007095336918 22.142073631287083
    vertex 214.00000000000045 23.000000000000004 22.199999809265602
  endloop
endfacet
facet normal 1.0 0.0 0.0
  outer loop
    vertex 214.00000000000045 23.000000000000004 23.500000000000462
    vertex 214.00000000000045 23.000000000000004 22.199999809265602
    vertex 214.00000000000045 23.439992904663086 22.142073631287083
  endloop
endfacet
facet normal 1.0 0.0 0.0
  outer loop
    vertex 214.00000000000045 23.000000000000004 23.500000000000462
    vertex 214.00000000000045 23.439992904663086 22.142073631287083
    vertex 214.00000000000045 23.77645713530756 23.39777747886767
  endloop
endfacet
facet normal 1.0 0.0 0.0
  outer loop
    vertex 214.00000000000045 23.77645713530756 23.39777747886767
    vertex 214.00000000000045 23.439992904663086 22.142073631287083
    vertex 214.00000000000045 23.850000381469716 21.97224330902146
  endloop
endfacet
facet normal 1.0 0.0 0.0
  outer loop
    vertex 214.00000000000045 23.77645713530756 23.39777747886767
    vertex 214.00000000000045 23.850000381469716 21.97224330902146
    vertex 214.00000000000045 24.5 23.098076211353792
  endloop
endfacet
facet normal 1.0 0.0 0.0
  outer loop
    vertex 214.00000000000045 24.5 23.098076211353792
    vertex 214.00000000000045 23.850000381469716 21.97224330902146
    vertex 214.00000000000045 24.20208168029786 21.70208168029831
  endloop
endfacet
facet normal 1.0 0.0 0.0
  outer loop
    vertex 214.00000000000045 24.5 23.098076211353792
    vertex 214.00000000000045 24.20208168029786 21.70208168029831
    vertex 214.00000000000045 24.472242355346694 21.350000381470192
  endloop
endfacet
facet normal 1.0 0.0 0.0
  outer loop
    vertex 214.00000000000045 24.5 23.098076211353792
    vertex 214.00000000000045 24.472242355346694 21.350000381470192
    vertex 214.00000000000045 24.64207458496094 20.939991950989228
  endloop
endfacet
facet normal 1.0 0.0 0.0
  outer loop
    vertex 214.00000000000045 24.5 23.098076211353792
    vertex 214.00000000000045 24.64207458496094 20.939991950989228
    vertex 214.00000000000045 25.121320343559653 22.621320343560114
  endloop
endfacet
facet normal 1.0 0.0 0.0
  outer loop
    vertex 214.00000000000045 25.121320343559653 22.621320343560114
    vertex 214.00000000000045 24.64207458496094 20.939991950989228
    vertex 214.00000000000045 24.70000076293943 20.50000000000047
  endloop
endfacet
facet normal 1.0 0.0 0.0
  outer loop
    vertex 214.00000000000045 25.121320343559653 22.621320343560114
    vertex 214.00000000000045 24.70000076293943 20.50000000000047
    vertex 214.00000000000045 25.121320343559653 18.37867965644082
  endloop
endfacet
facet normal 1.0 0.0 0.0
  outer loop
    vertex 214.00000000000045 25.121320343559653 22.621320343560114
    vertex 214.00000000000045 25.121320343559653 18.37867965644082
    vertex 214.00000000000045 25.598076211353327 19.00000000000047
  endloop
endfacet
facet normal 1.0 0.0 0.0
  outer loop
    vertex 214.00000000000045 25.121320343559653 22.621320343560114
    vertex 214.00000000000045 25.598076211353327 19.00000000000047
    vertex 214.00000000000045 25.598076211353327 22.000000000000465
  endloop
endfacet
facet normal 1.0 0.0 0.0
  outer loop
    vertex 214.00000000000045 25.598076211353327 22.000000000000465
    vertex 214.00000000000045 25.598076211353327 19.00000000000047
    vertex 214.00000000000045 25.89777747886721 19.72354286469291
  endloop
endfacet
facet normal 1.0 0.0 0.0
  outer loop
    vertex 214.00000000000045 25.598076211353327 22.000000000000465
    vertex 214.00000000000045 25.89777747886721 19.72354286469291
    vertex 214.00000000000045 25.89777747886721 21.276457135308036
  endloop
endfacet
facet normal 1.0 0.0 0.0
  outer loop
    vertex 214.00000000000045 25.89777747886721 21.276457135308036
    vertex 214.00000000000045 25.89777747886721 19.72354286469291
    vertex 214.00000000000045 25.999999999999996 20.50000000000047
  endloop
endfacet
facet normal 0.0 0.9914448613738112 -0.1305261922200455
  outer loop
    vertex 214.00000000000045 20.1022225211328 21.276457135308025
    vertex 217.0000000000005 20.000000000000007 20.50000000000047
    vertex 214.00000000000045 20.000000000000007 20.50000000000047
  endloop
endfacet
facet normal 0.0 0.9914448613738112 -0.1305261922200455
  outer loop
    vertex 217.0000000000005 20.000000000000007 20.50000000000047
    vertex 214.00000000000045 20.1022225211328 21.276457135308025
    vertex 217.0000000000005 20.1022225211328 21.276457135308025
  endloop
endfacet
facet normal 0.0 -0.9914448613738112 0.1305261922200455
  outer loop
    vertex 217.0000000000005 25.999999999999996 20.50000000000047
    vertex 214.00000000000045 25.89777747886721 19.72354286469291
    vertex 217.0000000000005 25.89777747886721 19.72354286469291
  endloop
endfacet
facet normal 0.0 -0.9914448613738112 0.1305261922200455
  outer loop
    vertex 214.00000000000045 25.89777747886721 19.72354286469291
    vertex 217.0000000000005 25.999999999999996 20.50000000000047
    vertex 214.00000000000045 25.999999999999996 20.50000000000047
  endloop
endfacet
facet normal 0.0 0.7933533402912379 0.6087614290087172
  outer loop
    vertex 214.00000000000045 20.40192378864668 19.00000000000047
    vertex 217.0000000000005 20.878679656440355 18.37867965644082
    vertex 214.00000000000045 20.878679656440355 18.37867965644082
  endloop
endfacet
facet normal 0.0 0.7933533402912379 0.6087614290087172
  outer loop
    vertex 217.0000000000005 20.878679656440355 18.37867965644082
    vertex 214.00000000000045 20.40192378864668 19.00000000000047
    vertex 217.0000000000005 20.40192378864668 19.00000000000047
  endloop
endfacet
facet normal 0.0 -0.9914448613738116 -0.13052619222004366
  outer loop
    vertex 217.0000000000005 25.89777747886721 21.276457135308036
    vertex 214.00000000000045 25.999999999999996 20.50000000000047
    vertex 217.0000000000005 25.999999999999996 20.50000000000047
  endloop
endfacet
facet normal 0.0 -0.9914448613738116 -0.13052619222004366
  outer loop
    vertex 214.00000000000045 25.999999999999996 20.50000000000047
    vertex 217.0000000000005 25.89777747886721 21.276457135308036
    vertex 214.00000000000045 25.89777747886721 21.276457135308036
  endloop
endfacet
facet normal -1.0 -0.0 -0.0
  outer loop
    vertex 71.10000038147011 135.50000000000017 13.402112722396913
    vertex 71.10000038147011 132.50000000000028 7.200000047683749
    vertex 71.10000038147011 132.50000000000028 13.402112722396913
  endloop
endfacet
facet normal -1.0 -0.0 -0.0
  outer loop
    vertex 71.10000038147011 132.50000000000028 7.200000047683749
    vertex 71.10000038147011 135.50000000000017 13.402112722396913
    vertex 71.10000038147011 135.50000000000017 7.200000047683749
  endloop
endfacet
facet normal 1.0 0.0 0.0
  outer loop
    vertex 214.00000000000045 109.60222252113286 25.048543627632345
    vertex 214.00000000000045 109.60222252113286 26.60145789824746
    vertex 214.00000000000045 109.50000000000007 25.825000762939904
  endloop
endfacet
facet normal 1.0 0.0 0.0
  outer loop
    vertex 214.00000000000045 109.60222252113286 26.60145789824746
    vertex 214.00000000000045 109.60222252113286 25.048543627632345
    vertex 214.00000000000045 109.90192378864681 24.325000762939904
  endloop
endfacet
facet normal 1.0 0.0 0.0
  outer loop
    vertex 214.00000000000045 109.60222252113286 26.60145789824746
    vertex 214.00000000000045 109.90192378864681 24.325000762939904
    vertex 214.00000000000045 109.90192378864681 27.3250007629399
  endloop
endfacet
facet normal 1.0 0.0 0.0
  outer loop
    vertex 214.00000000000045 109.90192378864681 27.3250007629399
    vertex 214.00000000000045 109.90192378864681 24.325000762939904
    vertex 214.00000000000045 110.37867965644047 23.703680419380266
  endloop
endfacet
facet normal 1.0 0.0 0.0
  outer loop
    vertex 214.00000000000045 109.90192378864681 27.3250007629399
    vertex 214.00000000000045 110.37867965644047 23.703680419380266
    vertex 214.00000000000045 110.37867965644047 27.946321106499553
  endloop
endfacet
facet normal 1.0 0.0 0.0
  outer loop
    vertex 214.00000000000045 110.37867965644047 27.946321106499553
    vertex 214.00000000000045 110.37867965644047 23.703680419380266
    vertex 214.00000000000045 111.00000000000009 23.226924551586603
  endloop
endfacet
facet normal 1.0 0.0 0.0
  outer loop
    vertex 214.00000000000045 110.37867965644047 27.946321106499553
    vertex 214.00000000000045 111.00000000000009 23.226924551586603
    vertex 214.00000000000045 110.80000305175794 25.825000762939904
  endloop
endfacet
facet normal 1.0 0.0 0.0
  outer loop
    vertex 214.00000000000045 110.80000305175794 25.825000762939904
    vertex 214.00000000000045 111.00000000000009 23.226924551586603
    vertex 214.00000000000045 110.85792541503908 25.38500785827683
  endloop
endfacet
facet normal 1.0 0.0 0.0
  outer loop
    vertex 214.00000000000045 110.85792541503908 25.38500785827683
    vertex 214.00000000000045 111.00000000000009 23.226924551586603
    vertex 214.00000000000045 111.02775573730479 24.97500038147019
  endloop
endfacet
facet normal 1.0 0.0 0.0
  outer loop
    vertex 214.00000000000045 111.02775573730479 24.97500038147019
    vertex 214.00000000000045 111.00000000000009 23.226924551586603
    vertex 214.00000000000045 111.72354286469255 22.92722328407271
  endloop
endfacet
facet normal 1.0 0.0 0.0
  outer loop
    vertex 214.00000000000045 111.02775573730479 24.97500038147019
    vertex 214.00000000000045 111.72354286469255 22.92722328407271
    vertex 214.00000000000045 111.2979202270508 24.622918128967747
  endloop
endfacet
facet normal 1.0 0.0 0.0
  outer loop
    vertex 214.00000000000045 111.2979202270508 24.622918128967747
    vertex 214.00000000000045 111.72354286469255 22.92722328407271
    vertex 214.00000000000045 111.65000152587902 24.35275650024461
  endloop
endfacet
facet normal 1.0 0.0 0.0
  outer loop
    vertex 214.00000000000045 111.65000152587902 24.35275650024461
    vertex 214.00000000000045 111.72354286469255 22.92722328407271
    vertex 214.00000000000045 112.0600051879884 24.182926177978974
  endloop
endfacet
facet normal 1.0 0.0 0.0
  outer loop
    vertex 214.00000000000045 112.0600051879884 24.182926177978974
    vertex 214.00000000000045 111.72354286469255 22.92722328407271
    vertex 214.00000000000045 112.50000000000011 22.825000762939908
  endloop
endfacet
facet normal 1.0 0.0 0.0
  outer loop
    vertex 214.00000000000045 112.0600051879884 24.182926177978974
    vertex 214.00000000000045 112.50000000000011 22.825000762939908
    vertex 214.00000000000045 112.50000000000011 24.125000000000465
  endloop
endfacet
facet normal 1.0 0.0 0.0
  outer loop
    vertex 214.00000000000045 112.50000000000011 24.125000000000465
    vertex 214.00000000000045 112.50000000000011 22.825000762939908
    vertex 214.00000000000045 113.27645713530762 22.92722328407271
  endloop
endfacet
facet normal 1.0 0.0 0.0
  outer loop
    vertex 214.00000000000045 112.50000000000011 24.125000000000465
    vertex 214.00000000000045 113.27645713530762 22.92722328407271
    vertex 214.00000000000045 112.93999481201178 24.182926177978974
  endloop
endfacet
facet normal 1.0 0.0 0.0
  outer loop
    vertex 214.00000000000045 112.93999481201178 24.182926177978974
    vertex 214.00000000000045 113.27645713530762 22.92722328407271
    vertex 214.00000000000045 113.34999847412115 24.35275650024461
  endloop
endfacet
facet normal 1.0 0.0 0.0
  outer loop
    vertex 214.00000000000045 113.34999847412115 24.35275650024461
    vertex 214.00000000000045 113.27645713530762 22.92722328407271
    vertex 214.00000000000045 114.00000000000004 23.226924551586603
  endloop
endfacet
facet normal 1.0 0.0 0.0
  outer loop
    vertex 214.00000000000045 113.34999847412115 24.35275650024461
    vertex 214.00000000000045 114.00000000000004 23.226924551586603
    vertex 214.00000000000045 113.7020797729492 24.622918128967747
  endloop
endfacet
facet normal 1.0 0.0 0.0
  outer loop
    vertex 214.00000000000045 113.7020797729492 24.622918128967747
    vertex 214.00000000000045 114.00000000000004 23.226924551586603
    vertex 214.00000000000045 113.97224426269538 24.97500038147019
  endloop
endfacet
facet normal 1.0 0.0 0.0
  outer loop
    vertex 214.00000000000045 113.97224426269538 24.97500038147019
    vertex 214.00000000000045 114.00000000000004 23.226924551586603
    vertex 214.00000000000045 114.14207458496091 25.38500785827683
  endloop
endfacet
facet normal 1.0 0.0 0.0
  outer loop
    vertex 214.00000000000045 114.14207458496091 25.38500785827683
    vertex 214.00000000000045 114.00000000000004 23.226924551586603
    vertex 214.00000000000045 114.62132034355972 23.703680419380266
  endloop
endfacet
facet normal 1.0 0.0 0.0
  outer loop
    vertex 214.00000000000045 114.14207458496091 25.38500785827683
    vertex 214.00000000000045 114.62132034355972 23.703680419380266
    vertex 214.00000000000045 114.19999694824224 25.825000762939904
  endloop
endfacet
facet normal 1.0 0.0 0.0
  outer loop
    vertex 214.00000000000045 110.80000305175794 25.825000762939904
    vertex 214.00000000000045 111.00000000000009 28.423076974293227
    vertex 214.00000000000045 110.37867965644047 27.946321106499553
  endloop
endfacet
facet normal 1.0 0.0 0.0
  outer loop
    vertex 214.00000000000045 111.00000000000009 28.423076974293227
    vertex 214.00000000000045 110.80000305175794 25.825000762939904
    vertex 214.00000000000045 110.85792541503908 26.264991760254365
  endloop
endfacet
facet normal 1.0 0.0 0.0
  outer loop
    vertex 214.00000000000045 111.00000000000009 28.423076974293227
    vertex 214.00000000000045 110.85792541503908 26.264991760254365
    vertex 214.00000000000045 111.02775573730479 26.674999237061016
  endloop
endfacet
facet normal 1.0 0.0 0.0
  outer loop
    vertex 214.00000000000045 111.00000000000009 28.423076974293227
    vertex 214.00000000000045 111.02775573730479 26.674999237061016
    vertex 214.00000000000045 111.72354286469255 28.72277824180711
  endloop
endfacet
facet normal 1.0 0.0 0.0
  outer loop
    vertex 214.00000000000045 111.72354286469255 28.72277824180711
    vertex 214.00000000000045 111.02775573730479 26.674999237061016
    vertex 214.00000000000045 111.2979202270508 27.02708244323776
  endloop
endfacet
facet normal 1.0 0.0 0.0
  outer loop
    vertex 214.00000000000045 111.72354286469255 28.72277824180711
    vertex 214.00000000000045 111.2979202270508 27.02708244323776
    vertex 214.00000000000045 111.65000152587902 27.297243118286595
  endloop
endfacet
facet normal 1.0 0.0 0.0
  outer loop
    vertex 214.00000000000045 111.72354286469255 28.72277824180711
    vertex 214.00000000000045 111.65000152587902 27.297243118286595
    vertex 214.00000000000045 112.0600051879884 27.46707344055222
  endloop
endfacet
facet normal 1.0 0.0 0.0
  outer loop
    vertex 214.00000000000045 111.72354286469255 28.72277824180711
    vertex 214.00000000000045 112.0600051879884 27.46707344055222
    vertex 214.00000000000045 112.50000000000011 28.8250007629399
  endloop
endfacet
facet normal 1.0 0.0 0.0
  outer loop
    vertex 214.00000000000045 112.50000000000011 28.8250007629399
    vertex 214.00000000000045 112.0600051879884 27.46707344055222
    vertex 214.00000000000045 112.50000000000011 27.524999618530725
  endloop
endfacet
facet normal 1.0 0.0 0.0
  outer loop
    vertex 214.00000000000045 112.50000000000011 28.8250007629399
    vertex 214.00000000000045 112.50000000000011 27.524999618530725
    vertex 214.00000000000045 112.93999481201178 27.46707344055222
  endloop
endfacet
facet normal 1.0 0.0 0.0
  outer loop
    vertex 214.00000000000045 112.50000000000011 28.8250007629399
    vertex 214.00000000000045 112.93999481201178 27.46707344055222
    vertex 214.00000000000045 113.27645713530762 28.72277824180711
  endloop
endfacet
facet normal 1.0 0.0 0.0
  outer loop
    vertex 214.00000000000045 113.27645713530762 28.72277824180711
    vertex 214.00000000000045 112.93999481201178 27.46707344055222
    vertex 214.00000000000045 113.34999847412115 27.297243118286595
  endloop
endfacet
facet normal 1.0 0.0 0.0
  outer loop
    vertex 214.00000000000045 113.27645713530762 28.72277824180711
    vertex 214.00000000000045 113.34999847412115 27.297243118286595
    vertex 214.00000000000045 114.00000000000004 28.423076974293227
  endloop
endfacet
facet normal 1.0 0.0 0.0
  outer loop
    vertex 214.00000000000045 114.00000000000004 28.423076974293227
    vertex 214.00000000000045 113.34999847412115 27.297243118286595
    vertex 214.00000000000045 113.7020797729492 27.02708244323776
  endloop
endfacet
facet normal 1.0 0.0 0.0
  outer loop
    vertex 214.00000000000045 114.00000000000004 28.423076974293227
    vertex 214.00000000000045 113.7020797729492 27.02708244323776
    vertex 214.00000000000045 113.97224426269538 26.674999237061016
  endloop
endfacet
facet normal 1.0 0.0 0.0
  outer loop
    vertex 214.00000000000045 114.00000000000004 28.423076974293227
    vertex 214.00000000000045 113.97224426269538 26.674999237061016
    vertex 214.00000000000045 114.14207458496091 26.264991760254365
  endloop
endfacet
facet normal 1.0 0.0 0.0
  outer loop
    vertex 214.00000000000045 114.00000000000004 28.423076974293227
    vertex 214.00000000000045 114.14207458496091 26.264991760254365
    vertex 214.00000000000045 114.62132034355972 27.946321106499553
  endloop
endfacet
facet normal 1.0 0.0 0.0
  outer loop
    vertex 214.00000000000045 114.62132034355972 27.946321106499553
    vertex 214.00000000000045 114.14207458496091 26.264991760254365
    vertex 214.00000000000045 114.19999694824224 25.825000762939904
  endloop
endfacet
facet normal 1.0 0.0 0.0
  outer loop
    vertex 214.00000000000045 114.62132034355972 27.946321106499553
    vertex 214.00000000000045 114.19999694824224 25.825000762939904
    vertex 214.00000000000045 114.62132034355972 23.703680419380266
  endloop
endfacet
facet normal 1.0 0.0 0.0
  outer loop
    vertex 214.00000000000045 114.62132034355972 27.946321106499553
    vertex 214.00000000000045 114.62132034355972 23.703680419380266
    vertex 214.00000000000045 115.09807621135336 24.325000762939904
  endloop
endfacet
facet normal 1.0 0.0 0.0
  outer loop
    vertex 214.00000000000045 114.62132034355972 27.946321106499553
    vertex 214.00000000000045 115.09807621135336 24.325000762939904
    vertex 214.00000000000045 115.09807621135336 27.3250007629399
  endloop
endfacet
facet normal 1.0 0.0 0.0
  outer loop
    vertex 214.00000000000045 115.09807621135336 27.3250007629399
    vertex 214.00000000000045 115.09807621135336 24.325000762939904
    vertex 214.00000000000045 115.39777747886727 25.048543627632345
  endloop
endfacet
facet normal 1.0 0.0 0.0
  outer loop
    vertex 214.00000000000045 115.09807621135336 27.3250007629399
    vertex 214.00000000000045 115.39777747886727 25.048543627632345
    vertex 214.00000000000045 115.39777747886727 26.601457898247475
  endloop
endfacet
facet normal 1.0 0.0 0.0
  outer loop
    vertex 214.00000000000045 115.39777747886727 26.601457898247475
    vertex 214.00000000000045 115.39777747886727 25.048543627632345
    vertex 214.00000000000045 115.50000000000006 25.825000762939904
  endloop
endfacet
facet normal 0.0 0.9238795325112905 0.38268343236508084
  outer loop
    vertex 214.00000000000045 20.1022225211328 19.72354286469291
    vertex 217.0000000000005 20.40192378864668 19.00000000000047
    vertex 214.00000000000045 20.40192378864668 19.00000000000047
  endloop
endfacet
facet normal 0.0 0.9238795325112905 0.38268343236508084
  outer loop
    vertex 217.0000000000005 20.40192378864668 19.00000000000047
    vertex 214.00000000000045 20.1022225211328 19.72354286469291
    vertex 217.0000000000005 20.1022225211328 19.72354286469291
  endloop
endfacet
facet normal 0.0 0.3826834323651033 -0.9238795325112812
  outer loop
    vertex 217.0000000000005 22.223542864692423 23.39777747886767
    vertex 214.00000000000045 21.500000000000007 23.098076211353778
    vertex 214.00000000000045 22.223542864692423 23.39777747886767
  endloop
endfacet
facet normal 0.0 0.3826834323651033 -0.9238795325112812
  outer loop
    vertex 214.00000000000045 21.500000000000007 23.098076211353778
    vertex 217.0000000000005 22.223542864692423 23.39777747886767
    vertex 217.0000000000005 21.500000000000007 23.098076211353778
  endloop
endfacet
facet normal 0.0 -0.5224987141824555 0.8526400727608812
  outer loop
    vertex 113.00000000000016 2.8855032920837087 30.663118362427216
    vertex 110.0000000000002 3.8220665454864693 31.237045288086403
    vertex 110.0000000000002 2.8855032920837087 30.663118362427216
  endloop
endfacet
facet normal 0.0 -0.5224987141824555 0.8526400727608812
  outer loop
    vertex 110.0000000000002 3.8220665454864693 31.237045288086403
    vertex 113.00000000000016 2.8855032920837087 30.663118362427216
    vertex 113.00000000000016 3.8220665454864693 31.237045288086403
  endloop
endfacet
facet normal 0.0 -0.1305261922200455 0.9914448613738112
  outer loop
    vertex 217.0000000000005 23.000000000000004 17.500000000000473
    vertex 214.00000000000045 23.77645713530756 17.602222521133264
    vertex 214.00000000000045 23.000000000000004 17.500000000000473
  endloop
endfacet
facet normal 0.0 -0.1305261922200455 0.9914448613738112
  outer loop
    vertex 214.00000000000045 23.77645713530756 17.602222521133264
    vertex 217.0000000000005 23.000000000000004 17.500000000000473
    vertex 217.0000000000005 23.77645713530756 17.602222521133264
  endloop
endfacet
facet normal 0.0 0.9238795325112905 -0.38268343236508084
  outer loop
    vertex 214.00000000000045 20.40192378864668 22.000000000000465
    vertex 217.0000000000005 20.1022225211328 21.276457135308025
    vertex 214.00000000000045 20.1022225211328 21.276457135308025
  endloop
endfacet
facet normal 0.0 0.9238795325112905 -0.38268343236508084
  outer loop
    vertex 217.0000000000005 20.1022225211328 21.276457135308025
    vertex 214.00000000000045 20.40192378864668 22.000000000000465
    vertex 217.0000000000005 20.40192378864668 22.000000000000465
  endloop
endfacet
facet normal 0.0 -0.38268582654200195 0.9238785408071046
  outer loop
    vertex 113.00000000000016 112.93999481201178 24.182926177978974
    vertex 108.00000000000021 113.34999847412115 24.35275650024461
    vertex 108.00000000000021 112.93999481201178 24.182926177978974
  endloop
endfacet
facet normal 0.0 -0.38268582654200195 0.9238785408071046
  outer loop
    vertex 108.00000000000021 113.34999847412115 24.35275650024461
    vertex 113.00000000000016 112.93999481201178 24.182926177978974
    vertex 113.00000000000016 113.34999847412115 24.35275650024461
  endloop
endfacet
facet normal 0.0 -0.7933533402912379 -0.6087614290087172
  outer loop
    vertex 217.0000000000005 25.121320343559653 22.621320343560114
    vertex 214.00000000000045 25.598076211353327 22.000000000000465
    vertex 217.0000000000005 25.598076211353327 22.000000000000465
  endloop
endfacet
facet normal 0.0 -0.7933533402912379 -0.6087614290087172
  outer loop
    vertex 214.00000000000045 25.598076211353327 22.000000000000465
    vertex 217.0000000000005 25.121320343559653 22.621320343560114
    vertex 214.00000000000045 25.121320343559653 22.621320343560114
  endloop
endfacet
facet normal 0.0 -0.9914448613738116 -0.13052619222004366
  outer loop
    vertex 217.0000000000005 115.39777747886727 26.601457898247475
    vertex 214.00000000000045 115.50000000000006 25.825000762939904
    vertex 217.0000000000005 115.50000000000006 25.825000762939904
  endloop
endfacet
facet normal 0.0 -0.9914448613738116 -0.13052619222004366
  outer loop
    vertex 214.00000000000045 115.50000000000006 25.825000762939904
    vertex 217.0000000000005 115.39777747886727 26.601457898247475
    vertex 214.00000000000045 115.39777747886727 26.601457898247475
  endloop
endfacet
facet normal 0.0 0.9914448613738112 0.1305261922200455
  outer loop
    vertex 214.00000000000045 20.000000000000007 20.50000000000047
    vertex 217.0000000000005 20.1022225211328 19.72354286469291
    vertex 214.00000000000045 20.1022225211328 19.72354286469291
  endloop
endfacet
facet normal 0.0 0.9914448613738112 0.1305261922200455
  outer loop
    vertex 217.0000000000005 20.1022225211328 19.72354286469291
    vertex 214.00000000000045 20.000000000000007 20.50000000000047
    vertex 217.0000000000005 20.000000000000007 20.50000000000047
  endloop
endfacet
facet normal 0.0 0.0 1.0
  outer loop
    vertex 86.80000019073556 132.5000000000004 7.200000047683749
    vertex 77.39999961853086 135.50000000000017 7.200000047683749
    vertex 77.39999961853086 132.50000000000037 7.200000047683749
  endloop
endfacet
facet normal 0.0 0.0 1.0
  outer loop
    vertex 77.39999961853086 135.50000000000017 7.200000047683749
    vertex 86.80000019073556 132.5000000000004 7.200000047683749
    vertex 86.80000019073556 135.50000000000017 7.200000047683749
  endloop
endfacet
facet normal 0.0 -0.6087614290087081 0.7933533402912449
  outer loop
    vertex 217.0000000000005 24.5 17.901923788647156
    vertex 214.00000000000045 25.121320343559653 18.37867965644082
    vertex 214.00000000000045 24.5 17.901923788647156
  endloop
endfacet
facet normal 0.0 -0.6087614290087081 0.7933533402912449
  outer loop
    vertex 214.00000000000045 25.121320343559653 18.37867965644082
    vertex 217.0000000000005 24.5 17.901923788647156
    vertex 217.0000000000005 25.121320343559653 18.37867965644082
  endloop
endfacet
facet normal 0.0 0.6087614290087172 0.7933533402912379
  outer loop
    vertex 217.0000000000005 20.878679656440355 18.37867965644082
    vertex 214.00000000000045 21.500000000000007 17.901923788647142
    vertex 214.00000000000045 20.878679656440355 18.37867965644082
  endloop
endfacet
facet normal 0.0 0.6087614290087172 0.7933533402912379
  outer loop
    vertex 214.00000000000045 21.500000000000007 17.901923788647142
    vertex 217.0000000000005 20.878679656440355 18.37867965644082
    vertex 217.0000000000005 21.500000000000007 17.901923788647142
  endloop
endfacet
facet normal 0.0 -0.9238795076034461 0.3826834924979313
  outer loop
    vertex 113.00000000000016 0.7629543542862116 28.177932739258267
    vertex 110.0000000000002 0.34260439872738785 27.163118362427223
    vertex 113.00000000000016 0.34260439872738785 27.163118362427223
  endloop
endfacet
facet normal 0.0 -0.9238795076034461 0.3826834924979313
  outer loop
    vertex 110.0000000000002 0.34260439872738785 27.163118362427223
    vertex 113.00000000000016 0.7629543542862116 28.177932739258267
    vertex 110.0000000000002 0.7629543542862116 28.177932739258267
  endloop
endfacet
facet normal 0.0 0.38268343236508084 0.9238795325112905
  outer loop
    vertex 217.0000000000005 21.500000000000007 17.901923788647142
    vertex 214.00000000000045 22.223542864692448 17.602222521133264
    vertex 214.00000000000045 21.500000000000007 17.901923788647142
  endloop
endfacet
facet normal 0.0 0.38268343236508084 0.9238795325112905
  outer loop
    vertex 214.00000000000045 22.223542864692448 17.602222521133264
    vertex 217.0000000000005 21.500000000000007 17.901923788647142
    vertex 217.0000000000005 22.223542864692448 17.602222521133264
  endloop
endfacet
facet normal 0.0 0.9238797996362279 0.38268278746779766
  outer loop
    vertex 209.0000000000005 110.85792541503908 25.38500785827683
    vertex 214.00000000000045 111.02775573730479 24.97500038147019
    vertex 209.0000000000005 111.02775573730479 24.97500038147019
  endloop
endfacet
facet normal 0.0 0.9238797996362279 0.38268278746779766
  outer loop
    vertex 214.00000000000045 111.02775573730479 24.97500038147019
    vertex 209.0000000000005 110.85792541503908 25.38500785827683
    vertex 214.00000000000045 110.85792541503908 25.38500785827683
  endloop
endfacet
facet normal 0.0 -0.5591920086703265 0.8290381761048436
  outer loop
    vertex 217.0000000000005 88.56517791748058 32.22116661071824
    vertex 209.0000000000005 88.95782470703132 32.48600959777878
    vertex 209.0000000000005 88.56517791748058 32.22116661071824
  endloop
endfacet
facet normal 0.0 -0.5591920086703265 0.8290381761048436
  outer loop
    vertex 209.0000000000005 88.95782470703132 32.48600959777878
    vertex 217.0000000000005 88.56517791748058 32.22116661071824
    vertex 217.0000000000005 88.95782470703132 32.48600959777878
  endloop
endfacet
facet normal 0.0 0.9238797996362315 -0.3826827874677886
  outer loop
    vertex 209.0000000000005 111.02775573730479 26.674999237061016
    vertex 214.00000000000045 110.85792541503908 26.264991760254365
    vertex 209.0000000000005 110.85792541503908 26.264991760254365
  endloop
endfacet
facet normal 0.0 0.9238797996362315 -0.3826827874677886
  outer loop
    vertex 214.00000000000045 110.85792541503908 26.264991760254365
    vertex 209.0000000000005 111.02775573730479 26.674999237061016
    vertex 214.00000000000045 111.02775573730479 26.674999237061016
  endloop
endfacet
facet normal 0.0 0.0 1.0
  outer loop
    vertex 214.00000000000045 131.00000000000009 16.500000000000462
    vertex 209.0000000000005 135.47888800000013 16.500000000000462
    vertex 209.0000000000005 131.00000000000009 16.500000000000462
  endloop
endfacet
facet normal 0.0 0.0 1.0
  outer loop
    vertex 209.0000000000005 135.47888800000013 16.500000000000462
    vertex 214.00000000000045 131.00000000000009 16.500000000000462
    vertex 214.00000000000045 135.47888800000013 16.500000000000462
  endloop
endfacet
facet normal 0.0 -0.09874154542668975 0.995113112769975
  outer loop
    vertex 113.00000000000016 95.21484374999996 42.57200241088914
    vertex 110.0000000000002 96.00091552734379 42.650001525879375
    vertex 110.0000000000002 95.21484374999996 42.57200241088914
  endloop
endfacet
facet normal 0.0 -0.09874154542668975 0.995113112769975
  outer loop
    vertex 110.0000000000002 96.00091552734379 42.650001525879375
    vertex 113.00000000000016 95.21484374999996 42.57200241088914
    vertex 113.00000000000016 96.00091552734379 42.650001525879375
  endloop
endfacet
facet normal 0.0 -0.34857295819398576 0.9372816507410642
  outer loop
    vertex 113.00000000000016 88.1212692260743 32.05607795715379
    vertex 110.0000000000002 88.56517791748058 32.22116661071824
    vertex 110.0000000000002 88.1212692260743 32.05607795715379
  endloop
endfacet
facet normal 0.0 -0.34857295819398576 0.9372816507410642
  outer loop
    vertex 110.0000000000002 88.56517791748058 32.22116661071824
    vertex 113.00000000000016 88.1212692260743 32.05607795715379
    vertex 113.00000000000016 88.56517791748058 32.22116661071824
  endloop
endfacet
facet normal 0.0 -0.9238785948135034 0.38268569615995096
  outer loop
    vertex 113.00000000000016 24.64207458496094 20.060008049011696
    vertex 108.00000000000021 24.472242355346694 19.64999961853073
    vertex 113.00000000000016 24.472242355346694 19.64999961853073
  endloop
endfacet
facet normal 0.0 -0.9238785948135034 0.38268569615995096
  outer loop
    vertex 108.00000000000021 24.472242355346694 19.64999961853073
    vertex 113.00000000000016 24.64207458496094 20.060008049011696
    vertex 108.00000000000021 24.64207458496094 20.060008049011696
  endloop
endfacet
facet normal 0.0 0.9914448209249727 -0.13052649945911013
  outer loop
    vertex 108.00000000000021 21.357925415039062 20.939991950989228
    vertex 113.00000000000016 21.29999923706058 20.50000000000047
    vertex 108.00000000000021 21.29999923706058 20.50000000000047
  endloop
endfacet
facet normal 0.0 0.9914448209249727 -0.13052649945911013
  outer loop
    vertex 113.00000000000016 21.29999923706058 20.50000000000047
    vertex 108.00000000000021 21.357925415039062 20.939991950989228
    vertex 113.00000000000016 21.357925415039062 20.939991950989228
  endloop
endfacet
facet normal 0.0 0.13052566518336053 -0.9914449307593647
  outer loop
    vertex 214.00000000000045 112.50000000000011 27.524999618530725
    vertex 209.0000000000005 112.0600051879884 27.46707344055222
    vertex 209.0000000000005 112.50000000000011 27.524999618530725
  endloop
endfacet
facet normal 0.0 0.13052566518336053 -0.9914449307593647
  outer loop
    vertex 209.0000000000005 112.0600051879884 27.46707344055222
    vertex 214.00000000000045 112.50000000000011 27.524999618530725
    vertex 214.00000000000045 112.0600051879884 27.46707344055222
  endloop
endfacet
facet normal 0.0 -0.6383205155128147 0.769770692788089
  outer loop
    vertex 217.0000000000005 93.1560821533204 41.461925506592266
    vertex 209.0000000000005 93.76414489746094 41.96615219116258
    vertex 209.0000000000005 93.1560821533204 41.461925506592266
  endloop
endfacet
facet normal 0.0 -0.6383205155128147 0.769770692788089
  outer loop
    vertex 209.0000000000005 93.76414489746094 41.96615219116258
    vertex 217.0000000000005 93.1560821533204 41.461925506592266
    vertex 217.0000000000005 93.76414489746094 41.96615219116258
  endloop
endfacet
facet normal 0.0 -0.8763083173659659 0.481750695811879
  outer loop
    vertex 113.00000000000016 89.50534820556642 33.25078773498582
    vertex 110.0000000000002 89.27718353271487 32.83575439453172
    vertex 113.00000000000016 89.27718353271487 32.83575439453172
  endloop
endfacet
facet normal 0.0 -0.8763083173659659 0.481750695811879
  outer loop
    vertex 110.0000000000002 89.27718353271487 32.83575439453172
    vertex 113.00000000000016 89.50534820556642 33.25078773498582
    vertex 110.0000000000002 89.50534820556642 33.25078773498582
  endloop
endfacet
facet normal 0.0 -0.6087616363158294 0.7933531812188528
  outer loop
    vertex 113.00000000000016 113.34999847412115 24.35275650024461
    vertex 108.00000000000021 113.7020797729492 24.622918128967747
    vertex 108.00000000000021 113.34999847412115 24.35275650024461
  endloop
endfacet
facet normal 0.0 -0.6087616363158294 0.7933531812188528
  outer loop
    vertex 108.00000000000021 113.7020797729492 24.622918128967747
    vertex 113.00000000000016 113.34999847412115 24.35275650024461
    vertex 113.00000000000016 113.7020797729492 24.622918128967747
  endloop
endfacet
facet normal 0.0 -0.9969173336700758 0.07845909652899871
  outer loop
    vertex 113.00000000000016 0.08618161827328734 26.09504127502487
    vertex 110.0000000000002 0.0 25.00000000000046
    vertex 113.00000000000016 0.0 25.00000000000046
  endloop
endfacet
facet normal 0.0 -0.9969173336700758 0.07845909652899871
  outer loop
    vertex 110.0000000000002 0.0 25.00000000000046
    vertex 113.00000000000016 0.08618161827328734 26.09504127502487
    vertex 110.0000000000002 0.08618161827328734 26.09504127502487
  endloop
endfacet
facet normal -0.6631221066500591 -6.791699478144837e-15 -0.7485112368374891
  outer loop
    vertex 40.959762573242756 135.50000000000023 12.85230612754815
    vertex 41.51914596557676 132.50000000000037 12.35673642158514
    vertex 40.959762573242664 132.5000000000002 12.852306127548271
  endloop
endfacet
facet normal -0.6631221066500591 -6.791699478144837e-15 -0.7485112368374891
  outer loop
    vertex 41.51914596557676 132.50000000000037 12.35673642158514
    vertex 40.959762573242756 135.50000000000023 12.85230612754815
    vertex 41.51914596557685 135.50000000000023 12.356736421585047
  endloop
endfacet
facet normal 0.0 0.793350864031315 0.6087646561198882
  outer loop
    vertex 209.0000000000005 111.02775573730479 24.97500038147019
    vertex 214.00000000000045 111.2979202270508 24.622918128967747
    vertex 209.0000000000005 111.2979202270508 24.622918128967747
  endloop
endfacet
facet normal 0.0 0.793350864031315 0.6087646561198882
  outer loop
    vertex 214.00000000000045 111.2979202270508 24.622918128967747
    vertex 209.0000000000005 111.02775573730479 24.97500038147019
    vertex 214.00000000000045 111.02775573730479 24.97500038147019
  endloop
endfacet
facet normal 0.0 -0.2334447670110588 0.972370063687253
  outer loop
    vertex 113.00000000000016 4.836881160736071 31.657396316528786
    vertex 110.0000000000002 5.904958724975624 31.913818359375465
    vertex 110.0000000000002 4.836881160736071 31.657396316528786
  endloop
endfacet
facet normal 0.0 -0.2334447670110588 0.972370063687253
  outer loop
    vertex 110.0000000000002 5.904958724975624 31.913818359375465
    vertex 113.00000000000016 4.836881160736071 31.657396316528786
    vertex 113.00000000000016 5.904958724975624 31.913818359375465
  endloop
endfacet
facet normal 0.0 0.9914458966577852 -0.13051832821653978
  outer loop
    vertex 209.0000000000005 110.85792541503908 26.264991760254365
    vertex 214.00000000000045 110.80000305175794 25.825000762939904
    vertex 209.0000000000005 110.80000305175794 25.825000762939904
  endloop
endfacet
facet normal 0.0 0.9914458966577852 -0.13051832821653978
  outer loop
    vertex 214.00000000000045 110.80000305175794 25.825000762939904
    vertex 209.0000000000005 110.85792541503908 26.264991760254365
    vertex 214.00000000000045 110.85792541503908 26.264991760254365
  endloop
endfacet
facet normal 0.0 -0.1184040597302459 0.9929654972049111
  outer loop
    vertex 113.00000000000016 87.65098571777357 32.00000000000046
    vertex 110.0000000000002 88.1212692260743 32.05607795715379
    vertex 110.0000000000002 87.65098571777357 32.00000000000046
  endloop
endfacet
facet normal 0.0 -0.1184040597302459 0.9929654972049111
  outer loop
    vertex 110.0000000000002 88.1212692260743 32.05607795715379
    vertex 113.00000000000016 87.65098571777357 32.00000000000046
    vertex 113.00000000000016 88.1212692260743 32.05607795715379
  endloop
endfacet
facet normal 0.0 0.608761636315633 0.7933531812190036
  outer loop
    vertex 214.00000000000045 111.2979202270508 24.622918128967747
    vertex 209.0000000000005 111.65000152587902 24.35275650024461
    vertex 209.0000000000005 111.2979202270508 24.622918128967747
  endloop
endfacet
facet normal 0.0 0.608761636315633 0.7933531812190036
  outer loop
    vertex 209.0000000000005 111.65000152587902 24.35275650024461
    vertex 214.00000000000045 111.2979202270508 24.622918128967747
    vertex 214.00000000000045 111.65000152587902 24.35275650024461
  endloop
endfacet
facet normal 0.0 1.0 0.0
  outer loop
    vertex 209.0000000000005 131.00000000000009 26.50000000000046
    vertex 214.00000000000045 131.00000000000009 16.500000000000462
    vertex 209.0000000000005 131.00000000000009 16.500000000000462
  endloop
endfacet
facet normal 0.0 1.0 0.0
  outer loop
    vertex 214.00000000000045 131.00000000000009 16.500000000000462
    vertex 209.0000000000005 131.00000000000009 26.50000000000046
    vertex 214.00000000000045 131.00000000000009 26.50000000000046
  endloop
endfacet
facet normal 0.0 -0.777142465972326 0.6293247075893749
  outer loop
    vertex 113.00000000000016 93.1560821533204 41.461925506592266
    vertex 110.0000000000002 92.65895843505864 40.84803581237839
    vertex 113.00000000000016 92.65895843505864 40.84803581237839
  endloop
endfacet
facet normal 0.0 -0.777142465972326 0.6293247075893749
  outer loop
    vertex 110.0000000000002 92.65895843505864 40.84803581237839
    vertex 113.00000000000016 93.1560821533204 41.461925506592266
    vertex 110.0000000000002 93.1560821533204 41.461925506592266
  endloop
endfacet
facet normal 0.0 -0.382685826542002 0.9238785408071046
  outer loop
    vertex 214.00000000000045 112.93999481201178 24.182926177978974
    vertex 209.0000000000005 113.34999847412115 24.35275650024461
    vertex 209.0000000000005 112.93999481201178 24.182926177978974
  endloop
endfacet
facet normal 0.0 -0.382685826542002 0.9238785408071046
  outer loop
    vertex 209.0000000000005 113.34999847412115 24.35275650024461
    vertex 214.00000000000045 112.93999481201178 24.182926177978974
    vertex 214.00000000000045 113.34999847412115 24.35275650024461
  endloop
endfacet
facet normal 0.0 0.38268582654198025 -0.9238785408071135
  outer loop
    vertex 214.00000000000045 112.0600051879884 27.46707344055222
    vertex 209.0000000000005 111.65000152587902 27.297243118286595
    vertex 209.0000000000005 112.0600051879884 27.46707344055222
  endloop
endfacet
facet normal 0.0 0.38268582654198025 -0.9238785408071135
  outer loop
    vertex 209.0000000000005 111.65000152587902 27.297243118286595
    vertex 214.00000000000045 112.0600051879884 27.46707344055222
    vertex 214.00000000000045 111.65000152587902 27.297243118286595
  endloop
endfacet
facet normal 0.0 -0.8856645059948365 0.4643257292256398
  outer loop
    vertex 113.00000000000016 92.65895843505864 40.84803581237839
    vertex 110.0000000000002 92.29217529296885 40.14842605590867
    vertex 113.00000000000016 92.29217529296885 40.14842605590867
  endloop
endfacet
facet normal 0.0 -0.8856645059948365 0.4643257292256398
  outer loop
    vertex 110.0000000000002 92.29217529296885 40.14842605590867
    vertex 113.00000000000016 92.65895843505864 40.84803581237839
    vertex 110.0000000000002 92.65895843505864 40.84803581237839
  endloop
endfacet
facet normal 0.0 -0.2923733656059336 0.9563042481785068
  outer loop
    vertex 113.00000000000016 94.45943450927741 42.3410491943364
    vertex 110.0000000000002 95.21484374999996 42.57200241088914
    vertex 110.0000000000002 94.45943450927741 42.3410491943364
  endloop
endfacet
facet normal 0.0 -0.2923733656059336 0.9563042481785068
  outer loop
    vertex 110.0000000000002 95.21484374999996 42.57200241088914
    vertex 113.00000000000016 94.45943450927741 42.3410491943364
    vertex 113.00000000000016 95.21484374999996 42.57200241088914
  endloop
endfacet
facet normal 0.0 0.0 -1.0
  outer loop
    vertex 217.0000000000005 135.49626551448878 4.590758683228416e-13
    vertex 2.7071678232459813e-13 1.127986593019159e-13 0.0
    vertex 2.7071678232459813e-13 135.50000000000028 0.0
  endloop
endfacet
facet normal 0.0 0.0 -1.0
  outer loop
    vertex 2.7071678232459813e-13 1.127986593019159e-13 0.0
    vertex 217.0000000000005 135.49626551448878 4.590758683228416e-13
    vertex 217.0000000000005 0.0 4.590758683228416e-13
  endloop
endfacet
facet normal 0.0 0.6087602837520906 -0.7933542190762423
  outer loop
    vertex 214.00000000000045 111.65000152587902 27.297243118286595
    vertex 209.0000000000005 111.2979202270508 27.02708244323776
    vertex 209.0000000000005 111.65000152587902 27.297243118286595
  endloop
endfacet
facet normal 0.0 0.6087602837520906 -0.7933542190762423
  outer loop
    vertex 209.0000000000005 111.2979202270508 27.02708244323776
    vertex 214.00000000000045 111.65000152587902 27.297243118286595
    vertex 214.00000000000045 111.2979202270508 27.02708244323776
  endloop
endfacet
facet normal 0.0 0.7933516604088391 -0.6087636182678282
  outer loop
    vertex 209.0000000000005 111.2979202270508 27.02708244323776
    vertex 214.00000000000045 111.02775573730479 26.674999237061016
    vertex 209.0000000000005 111.02775573730479 26.674999237061016
  endloop
endfacet
facet normal 0.0 0.7933516604088391 -0.6087636182678282
  outer loop
    vertex 214.00000000000045 111.02775573730479 26.674999237061016
    vertex 209.0000000000005 111.2979202270508 27.02708244323776
    vertex 214.00000000000045 111.2979202270508 27.02708244323776
  endloop
endfacet
facet normal 0.0 -0.9271838401203498 0.3746066291720981
  outer loop
    vertex 113.00000000000016 92.29217529296885 40.14842605590867
    vertex 110.0000000000002 89.50534820556642 33.25078773498582
    vertex 113.00000000000016 89.50534820556642 33.25078773498582
  endloop
endfacet
facet normal 0.0 -0.9271838401203498 0.3746066291720981
  outer loop
    vertex 110.0000000000002 89.50534820556642 33.25078773498582
    vertex 113.00000000000016 92.29217529296885 40.14842605590867
    vertex 110.0000000000002 92.29217529296885 40.14842605590867
  endloop
endfacet
facet normal 0.0 0.0 1.0
  outer loop
    vertex 113.00000000000016 7.000000000000032 32.00000000000046
    vertex 110.0000000000002 87.65098571777357 32.00000000000046
    vertex 110.0000000000002 7.000000000000032 32.00000000000046
  endloop
endfacet
facet normal 0.0 0.0 1.0
  outer loop
    vertex 110.0000000000002 87.65098571777357 32.00000000000046
    vertex 113.00000000000016 7.000000000000032 32.00000000000046
    vertex 113.00000000000016 87.65098571777357 32.00000000000046
  endloop
endfacet
facet normal 0.9350174790521436 -2.507940987421468e-16 -0.35460162699425735
  outer loop
    vertex 36.18884277343794 135.50000000000023 11.042934656143222
    vertex 36.45384597778382 132.5000000000003 11.741698026657147
    vertex 36.18884277343794 132.5000000000003 11.042934656143222
  endloop
endfacet
facet normal 0.9350174790521436 -2.507940987421468e-16 -0.35460162699425735
  outer loop
    vertex 36.45384597778382 132.5000000000003 11.741698026657147
    vertex 36.18884277343794 135.50000000000023 11.042934656143222
    vertex 36.45384597778382 135.50000000000023 11.741698026657144
  endloop
endfacet
facet normal 0.46472192775877785 8.263762714456203e-16 -0.8854566787032359
  outer loop
    vertex 38.0994873046881 135.50000000000023 13.19960653781895
    vertex 37.43775939941446 132.5000000000003 12.852306127548271
    vertex 37.43775939941446 135.50000000000023 12.852306127548285
  endloop
endfacet
facet normal 0.46472192775877785 8.263762714456203e-16 -0.8854566787032359
  outer loop
    vertex 37.43775939941446 132.5000000000003 12.852306127548271
    vertex 38.0994873046881 135.50000000000023 13.19960653781895
    vertex 38.0994873046881 132.5000000000002 13.199606537818957
  endloop
endfacet
facet normal -0.9350174790521418 -3.137707847243001e-14 0.35460162699426173
  outer loop
    vertex 42.20867919921937 132.50000000000045 9.559178113937408
    vertex 41.943675994873395 135.50000000000023 8.860414743423522
    vertex 41.94367599487349 132.5000000000002 8.860414743423494
  endloop
endfacet
facet normal -0.9350174790521418 -3.137707847243001e-14 0.35460162699426173
  outer loop
    vertex 41.943675994873395 135.50000000000023 8.860414743423522
    vertex 42.20867919921937 132.50000000000045 9.559178113937408
    vertex 42.208679199219276 135.50000000000023 9.559178113937435
  endloop
endfacet
facet normal -0.9927088852670487 -1.543882915500602e-14 0.12053658827034078
  outer loop
    vertex 42.29875946044977 135.50000000000023 10.301056385040313
    vertex 42.20867919921937 132.50000000000045 9.559178113937408
    vertex 42.29875946044977 132.50000000000014 10.301056385040315
  endloop
endfacet
facet normal -0.9927088852670487 -1.543882915500602e-14 0.12053658827034078
  outer loop
    vertex 42.20867919921937 132.50000000000045 9.559178113937408
    vertex 42.29875946044977 135.50000000000023 10.301056385040313
    vertex 42.208679199219276 135.50000000000023 9.559178113937435
  endloop
endfacet
facet normal 0.2393163729272704 5.52775642207678e-15 0.9709416427617756
  outer loop
    vertex 38.825096130371605 132.5000000000004 7.223659157753028
    vertex 38.09948730468819 135.50000000000023 7.402506232261666
    vertex 38.0994873046881 132.5000000000002 7.402506232261694
  endloop
endfacet
facet normal 0.2393163729272704 5.52775642207678e-15 0.9709416427617756
  outer loop
    vertex 38.09948730468819 135.50000000000023 7.402506232261666
    vertex 38.825096130371605 132.5000000000004 7.223659157753028
    vertex 38.825096130371605 135.50000000000023 7.223659157753
  endloop
endfacet
facet normal -0.23931637292719318 -4.562689204728665e-15 -0.9709416427617947
  outer loop
    vertex 40.29803466796939 135.50000000000023 13.19960653781895
    vertex 39.5724258422857 132.50000000000014 13.378453612327624
    vertex 39.5724258422857 135.50000000000023 13.378453612327604
  endloop
endfacet
facet normal -0.23931637292719318 -4.562689204728665e-15 -0.9709416427617947
  outer loop
    vertex 39.5724258422857 132.50000000000014 13.378453612327624
    vertex 40.29803466796939 135.50000000000023 13.19960653781895
    vertex 40.29803466796939 132.50000000000028 13.199606537818957
  endloop
endfacet
facet normal 1.0 0.0 0.0
  outer loop
    vertex 50.09999847412157 135.50000000000023 7.200000047683749
    vertex 50.09999847412157 132.50000000000028 13.402112722396913
    vertex 50.09999847412157 132.50000000000028 7.200000047683749
  endloop
endfacet
facet normal 1.0 0.0 0.0
  outer loop
    vertex 50.09999847412157 132.50000000000028 13.402112722396913
    vertex 50.09999847412157 135.50000000000023 7.200000047683749
    vertex 50.09999847412157 135.50000000000023 13.402112722396913
  endloop
endfacet
facet normal -1.7923602632891968e-14 4.934941344458702e-15 1.0
  outer loop
    vertex 39.5724258422857 132.50000000000014 7.223659157753028
    vertex 38.825096130371605 135.50000000000023 7.223659157753
    vertex 38.825096130371605 132.5000000000004 7.223659157753028
  endloop
endfacet
facet normal -1.7923602632891968e-14 4.934941344458702e-15 1.0
  outer loop
    vertex 38.825096130371605 135.50000000000023 7.223659157753
    vertex 39.5724258422857 132.50000000000014 7.223659157753028
    vertex 39.5724258422857 135.50000000000023 7.223659157753026
  endloop
endfacet
facet normal -2.264034016786484e-14 -9.39988827516236e-16 -1.0
  outer loop
    vertex 39.5724258422857 135.50000000000023 13.378453612327604
    vertex 38.825096130371605 132.5000000000004 13.378453612327624
    vertex 38.825096130371605 135.50000000000023 13.378453612327638
  endloop
endfacet
facet normal -2.264034016786484e-14 -9.39988827516236e-16 -1.0
  outer loop
    vertex 38.825096130371605 132.5000000000004 13.378453612327624
    vertex 39.5724258422857 135.50000000000023 13.378453612327604
    vertex 39.5724258422857 132.50000000000014 13.378453612327624
  endloop
endfacet
facet normal 0.9927088852670561 -2.806495413655562e-17 -0.1205365882702789
  outer loop
    vertex 36.098762512207536 135.50000000000023 10.301056385040313
    vertex 36.18884277343794 132.5000000000003 11.042934656143222
    vertex 36.098762512207536 132.5000000000002 10.301056385040315
  endloop
endfacet
facet normal 0.9927088852670561 -2.806495413655562e-17 -0.1205365882702789
  outer loop
    vertex 36.18884277343794 132.5000000000003 11.042934656143222
    vertex 36.098762512207536 135.50000000000023 10.301056385040313
    vertex 36.18884277343794 135.50000000000023 11.042934656143222
  endloop
endfacet
facet normal 0.23931637292727065 9.146598006428558e-16 -0.9709416427617756
  outer loop
    vertex 38.825096130371605 135.50000000000023 13.378453612327638
    vertex 38.0994873046881 132.5000000000002 13.199606537818957
    vertex 38.0994873046881 135.50000000000023 13.19960653781895
  endloop
endfacet
facet normal 0.23931637292727065 9.146598006428558e-16 -0.9709416427617756
  outer loop
    vertex 38.0994873046881 132.5000000000002 13.199606537818957
    vertex 38.825096130371605 135.50000000000023 13.378453612327638
    vertex 38.825096130371605 132.5000000000004 13.378453612327624
  endloop
endfacet
facet normal 0.8229840675906646 5.299622417861382e-16 0.5680644545224814
  outer loop
    vertex 36.87837600708055 135.50000000000023 8.245376348495503
    vertex 36.453845977783644 132.50000000000028 8.860414743423494
    vertex 36.87837600708055 132.50000000000028 8.245376348495517
  endloop
endfacet
facet normal 0.8229840675906646 5.299622417861382e-16 0.5680644545224814
  outer loop
    vertex 36.453845977783644 132.50000000000028 8.860414743423494
    vertex 36.87837600708055 135.50000000000023 8.245376348495503
    vertex 36.453845977783644 135.50000000000023 8.860414743423505
  endloop
endfacet
facet normal 0.9350174790522002 1.4146895113303823e-14 0.3546016269941077
  outer loop
    vertex 36.453845977783644 135.50000000000023 8.860414743423505
    vertex 36.18884277343794 132.50000000000028 9.559178113937408
    vertex 36.453845977783644 132.50000000000028 8.860414743423494
  endloop
endfacet
facet normal 0.9350174790522002 1.4146895113303823e-14 0.3546016269941077
  outer loop
    vertex 36.18884277343794 132.50000000000028 9.559178113937408
    vertex 36.453845977783644 135.50000000000023 8.860414743423505
    vertex 36.18884277343785 135.50000000000023 9.559178113937397
  endloop
endfacet
facet normal 0.6631221066501958 1.4093793988289543e-15 -0.748511236837368
  outer loop
    vertex 37.43775939941446 135.50000000000023 12.852306127548285
    vertex 36.87837600708055 132.50000000000028 12.35673642158514
    vertex 36.87837600708055 135.50000000000023 12.356736421585138
  endloop
endfacet
facet normal 0.6631221066501958 1.4093793988289543e-15 -0.748511236837368
  outer loop
    vertex 36.87837600708055 132.50000000000028 12.35673642158514
    vertex 37.43775939941446 135.50000000000023 12.852306127548285
    vertex 37.43775939941446 132.5000000000003 12.852306127548271
  endloop
endfacet
facet normal -0.46472192775890236 -7.909012577435373e-15 0.8854566787031705
  outer loop
    vertex 40.959762573242664 132.5000000000002 7.749806642532382
    vertex 40.298034667969205 135.50000000000023 7.402506232261711
    vertex 40.298034667969205 132.5000000000003 7.402506232261694
  endloop
endfacet
facet normal -0.46472192775890236 -7.909012577435373e-15 0.8854566787031705
  outer loop
    vertex 40.298034667969205 135.50000000000023 7.402506232261711
    vertex 40.959762573242664 132.5000000000002 7.749806642532382
    vertex 40.959762573242664 135.50000000000023 7.749806642532419
  endloop
endfacet
facet normal 0.8229840675907796 -6.733838474520279e-16 -0.5680644545223148
  outer loop
    vertex 36.45384597778382 132.5000000000003 11.741698026657147
    vertex 36.87837600708055 135.50000000000023 12.356736421585138
    vertex 36.87837600708055 132.50000000000028 12.35673642158514
  endloop
endfacet
facet normal 0.8229840675907796 -6.733838474520279e-16 -0.5680644545223148
  outer loop
    vertex 36.87837600708055 135.50000000000023 12.356736421585138
    vertex 36.45384597778382 132.5000000000003 11.741698026657147
    vertex 36.45384597778382 135.50000000000023 11.741698026657144
  endloop
endfacet
facet normal 0.9927088852670636 1.5183408336467834e-14 0.12053658827021872
  outer loop
    vertex 36.18884277343794 132.50000000000028 9.559178113937408
    vertex 36.098762512207536 135.50000000000023 10.301056385040313
    vertex 36.098762512207536 132.5000000000002 10.301056385040315
  endloop
endfacet
facet normal 0.9927088852670636 1.5183408336467834e-14 0.12053658827021872
  outer loop
    vertex 36.098762512207536 135.50000000000023 10.301056385040313
    vertex 36.18884277343794 132.50000000000028 9.559178113937408
    vertex 36.18884277343785 135.50000000000023 9.559178113937397
  endloop
endfacet
facet normal -1.0 1.1981343579802388e-15 -4.288843621154144e-15
  outer loop
    vertex 1.8047785488306544e-13 133.50000000000017 42.6500015258789
    vertex 1.8047785488306544e-13 76.10000000000029 26.000000000000014
    vertex 0.0 2.0000000000002105 42.650001525878935
  endloop
endfacet
facet normal -1.0 1.1981343579802388e-15 -4.288843621154144e-15
  outer loop
    vertex 1.8047785488306544e-13 76.10000000000029 26.000000000000014
    vertex 1.8047785488306544e-13 133.50000000000017 42.6500015258789
    vertex 1.8047785488306544e-13 132.50000000000028 26.000000000000014
  endloop
endfacet
facet normal -1.0 1.1981343579802388e-15 -4.288843621154144e-15
  outer loop
    vertex 1.8047785488306544e-13 132.50000000000028 26.000000000000014
    vertex 1.8047785488306544e-13 133.50000000000017 42.6500015258789
    vertex 1.8047785488306544e-13 132.50000000000028 3.0000000000000133
  endloop
endfacet
facet normal -1.0 1.1981343579802388e-15 -4.288843621154144e-15
  outer loop
    vertex 0.0 0.06814575195330742 41.16763687133792
    vertex 2.7071678232459813e-13 1.127986593019159e-13 0.0
    vertex 0.0 1.127986593019159e-13 40.6499996185303
  endloop
endfacet
facet normal -1.0 1.1981343579802388e-15 -4.288843621154144e-15
  outer loop
    vertex 2.7071678232459813e-13 1.127986593019159e-13 0.0
    vertex 0.0 0.06814575195330742 41.16763687133792
    vertex 1.8047785488306544e-13 76.10000000000029 3.0000000000000133
  endloop
endfacet
facet normal -1.0 1.1981343579802388e-15 -4.288843621154144e-15
  outer loop
    vertex 2.7071678232459813e-13 1.127986593019159e-13 0.0
    vertex 1.8047785488306544e-13 76.10000000000029 3.0000000000000133
    vertex 2.7071678232459813e-13 135.50000000000028 0.0
  endloop
endfacet
facet normal -1.0 1.1981343579802388e-15 -4.288843621154144e-15
  outer loop
    vertex 1.8047785488306544e-13 76.10000000000029 3.0000000000000133
    vertex 0.0 0.06814575195330742 41.16763687133792
    vertex 0.0 0.26794433593766537 41.650001525878935
  endloop
endfacet
facet normal -1.0 1.1981343579802388e-15 -4.288843621154144e-15
  outer loop
    vertex 1.8047785488306544e-13 76.10000000000029 3.0000000000000133
    vertex 0.0 0.26794433593766537 41.650001525878935
    vertex 0.0 0.5857849121094266 42.064212799072294
  endloop
endfacet
facet normal -1.0 1.1981343579802388e-15 -4.288843621154144e-15
  outer loop
    vertex 1.8047785488306544e-13 76.10000000000029 3.0000000000000133
    vertex 0.0 0.5857849121094266 42.064212799072294
    vertex 0.0 1.000000000000066 42.3820495605469
  endloop
endfacet
facet normal -1.0 1.1981343579802388e-15 -4.288843621154144e-15
  outer loop
    vertex 1.8047785488306544e-13 76.10000000000029 3.0000000000000133
    vertex 0.0 1.000000000000066 42.3820495605469
    vertex 0.0 1.482360839843911 42.58185195922854
  endloop
endfacet
facet normal -1.0 1.1981343579802388e-15 -4.288843621154144e-15
  outer loop
    vertex 1.8047785488306544e-13 76.10000000000029 3.0000000000000133
    vertex 0.0 1.482360839843911 42.58185195922854
    vertex 0.0 2.0000000000002105 42.650001525878935
  endloop
endfacet
facet normal -1.0 1.1981343579802388e-15 -4.288843621154144e-15
  outer loop
    vertex 1.8047785488306544e-13 76.10000000000029 3.0000000000000133
    vertex 0.0 2.0000000000002105 42.650001525878935
    vertex 1.8047785488306544e-13 76.10000000000029 26.000000000000014
  endloop
endfacet
facet normal -1.0 1.1981343579802388e-15 -4.288843621154144e-15
  outer loop
    vertex 2.7071678232459813e-13 135.50000000000028 0.0
    vertex 1.8047785488306544e-13 76.10000000000029 3.0000000000000133
    vertex 1.8047785488306544e-13 132.50000000000028 3.0000000000000133
  endloop
endfacet
facet normal -1.0 1.1981343579802388e-15 -4.288843621154144e-15
  outer loop
    vertex 2.7071678232459813e-13 135.50000000000028 0.0
    vertex 1.8047785488306544e-13 132.50000000000028 3.0000000000000133
    vertex 1.8047785488306544e-13 133.50000000000017 42.6500015258789
  endloop
endfacet
facet normal -1.0 1.1981343579802388e-15 -4.288843621154144e-15
  outer loop
    vertex 2.7071678232459813e-13 135.50000000000028 0.0
    vertex 1.8047785488306544e-13 133.50000000000017 42.6500015258789
    vertex 1.8047785488306544e-13 134.01763916015648 42.5818519592285
  endloop
endfacet
facet normal -1.0 1.1981343579802388e-15 -4.288843621154144e-15
  outer loop
    vertex 2.7071678232459813e-13 135.50000000000028 0.0
    vertex 1.8047785488306544e-13 134.01763916015648 42.5818519592285
    vertex 1.8047785488306544e-13 134.5000000000003 42.38204956054687
  endloop
endfacet
facet normal -1.0 1.1981343579802388e-15 -4.288843621154144e-15
  outer loop
    vertex 2.7071678232459813e-13 135.50000000000028 0.0
    vertex 1.8047785488306544e-13 134.5000000000003 42.38204956054687
    vertex 1.8047785488306544e-13 134.91421508789097 42.064212799072266
  endloop
endfacet
facet normal -1.0 1.1981343579802388e-15 -4.288843621154144e-15
  outer loop
    vertex 2.7071678232459813e-13 135.50000000000028 0.0
    vertex 1.8047785488306544e-13 134.91421508789097 42.064212799072266
    vertex 1.8047785488306544e-13 135.23205566406273 41.650001525878906
  endloop
endfacet
facet normal -1.0 1.1981343579802388e-15 -4.288843621154144e-15
  outer loop
    vertex 2.7071678232459813e-13 135.50000000000028 0.0
    vertex 1.8047785488306544e-13 135.23205566406273 41.650001525878906
    vertex 1.8047785488306544e-13 135.43185424804707 41.16763687133788
  endloop
endfacet
facet normal -1.0 1.1981343579802388e-15 -4.288843621154144e-15
  outer loop
    vertex 2.7071678232459813e-13 135.50000000000028 0.0
    vertex 1.8047785488306544e-13 135.43185424804707 41.16763687133788
    vertex 1.8047785488306544e-13 135.50000000000028 40.64999961853028
  endloop
endfacet
facet normal 0.0 0.6087614290087173 -0.7933533402912377
  outer loop
    vertex 108.00000000000021 21.500000000000007 23.098076211353778
    vertex 105.00000000000017 20.878679656440355 22.621320343560104
    vertex 105.00000000000017 21.500000000000007 23.098076211353778
  endloop
endfacet
facet normal 0.0 0.6087614290087173 -0.7933533402912377
  outer loop
    vertex 105.00000000000017 20.878679656440355 22.621320343560104
    vertex 108.00000000000021 21.500000000000007 23.098076211353778
    vertex 108.00000000000021 20.878679656440355 22.621320343560104
  endloop
endfacet
facet normal 0.0 -0.9238795076034461 0.3826834924979313
  outer loop
    vertex 217.0000000000005 0.7629543542862116 28.177932739258267
    vertex 209.0000000000005 0.34260439872738785 27.163118362427223
    vertex 217.0000000000005 0.34260439872738785 27.163118362427223
  endloop
endfacet
facet normal 0.0 -0.9238795076034461 0.3826834924979313
  outer loop
    vertex 209.0000000000005 0.34260439872738785 27.163118362427223
    vertex 217.0000000000005 0.7629543542862116 28.177932739258267
    vertex 209.0000000000005 0.7629543542862116 28.177932739258267
  endloop
endfacet
facet normal -0.0 -0.0 -1.0
  outer loop
    vertex 57.700000762939816 135.50000000000023 13.402112722396913
    vertex 50.09999847412157 132.50000000000028 13.402112722396913
    vertex 50.09999847412157 135.50000000000023 13.402112722396913
  endloop
endfacet
facet normal -0.0 -0.0 -1.0
  outer loop
    vertex 50.09999847412157 132.50000000000028 13.402112722396913
    vertex 57.700000762939816 135.50000000000023 13.402112722396913
    vertex 57.700000762939816 132.50000000000037 13.402112722396913
  endloop
endfacet
facet normal 0.0 -0.3826834323651033 0.9238795325112812
  outer loop
    vertex 108.00000000000021 113.27645713530762 22.92722328407271
    vertex 105.00000000000017 114.00000000000004 23.226924551586603
    vertex 105.00000000000017 113.27645713530762 22.92722328407271
  endloop
endfacet
facet normal 0.0 -0.3826834323651033 0.9238795325112812
  outer loop
    vertex 105.00000000000017 114.00000000000004 23.226924551586603
    vertex 108.00000000000021 113.27645713530762 22.92722328407271
    vertex 108.00000000000021 114.00000000000004 23.226924551586603
  endloop
endfacet
facet normal -0.9927088852670561 -2.8053048186019686e-17 -0.1205365882702789
  outer loop
    vertex 42.20867919921937 132.50000000000045 11.042934656143222
    vertex 42.29875946044977 135.50000000000023 10.301056385040313
    vertex 42.29875946044977 132.50000000000014 10.301056385040315
  endloop
endfacet
facet normal -0.9927088852670561 -2.8053048186019686e-17 -0.1205365882702789
  outer loop
    vertex 42.29875946044977 135.50000000000023 10.301056385040313
    vertex 42.20867919921937 132.50000000000045 11.042934656143222
    vertex 42.20867919921937 135.50000000000023 11.042934656143222
  endloop
endfacet
facet normal -0.6631221066500675 -7.042633236658434e-15 0.7485112368374817
  outer loop
    vertex 41.51914596557676 132.50000000000037 8.245376348495517
    vertex 40.959762573242664 135.50000000000023 7.749806642532419
    vertex 40.959762573242664 132.5000000000002 7.749806642532382
  endloop
endfacet
facet normal -0.6631221066500675 -7.042633236658434e-15 0.7485112368374817
  outer loop
    vertex 40.959762573242664 135.50000000000023 7.749806642532419
    vertex 41.51914596557676 132.50000000000037 8.245376348495517
    vertex 41.51914596557676 135.50000000000023 8.245376348495537
  endloop
endfacet
facet normal 0.0 -0.1305261922200597 0.9914448613738094
  outer loop
    vertex 108.00000000000021 23.000000000000004 17.500000000000462
    vertex 105.00000000000017 23.77645713530756 17.602222521133264
    vertex 105.00000000000017 23.000000000000004 17.500000000000462
  endloop
endfacet
facet normal 0.0 -0.1305261922200597 0.9914448613738094
  outer loop
    vertex 105.00000000000017 23.77645713530756 17.602222521133264
    vertex 108.00000000000021 23.000000000000004 17.500000000000462
    vertex 108.00000000000021 23.77645713530756 17.602222521133264
  endloop
endfacet
facet normal 1.0 0.0 0.0
  outer loop
    vertex 108.00000000000021 135.4971827756326 16.50000000000045
    vertex 108.00000000000021 131.00000000000009 26.50000000000046
    vertex 108.00000000000021 131.00000000000009 16.50000000000045
  endloop
endfacet
facet normal 1.0 0.0 0.0
  outer loop
    vertex 108.00000000000021 131.00000000000009 26.50000000000046
    vertex 108.00000000000021 135.4971827756326 16.50000000000045
    vertex 108.00000000000021 135.4971827756326 26.50000000000046
  endloop
endfacet
facet normal 0.0 -0.9914448613738112 0.13052619222004552
  outer loop
    vertex 108.00000000000021 115.50000000000006 25.825000762939904
    vertex 105.00000000000017 115.39777747886727 25.048543627632345
    vertex 108.00000000000021 115.39777747886727 25.048543627632345
  endloop
endfacet
facet normal 0.0 -0.9914448613738112 0.13052619222004552
  outer loop
    vertex 105.00000000000017 115.39777747886727 25.048543627632345
    vertex 108.00000000000021 115.50000000000006 25.825000762939904
    vertex 105.00000000000017 115.50000000000006 25.825000762939904
  endloop
endfacet
facet normal 0.0 -0.9914448613738112 -0.13052619222004552
  outer loop
    vertex 108.00000000000021 115.39777747886727 26.60145789824746
    vertex 105.00000000000017 115.50000000000006 25.825000762939904
    vertex 108.00000000000021 115.50000000000006 25.825000762939904
  endloop
endfacet
facet normal 0.0 -0.9914448613738112 -0.13052619222004552
  outer loop
    vertex 105.00000000000017 115.50000000000006 25.825000762939904
    vertex 108.00000000000021 115.39777747886727 26.60145789824746
    vertex 105.00000000000017 115.39777747886727 26.60145789824746
  endloop
endfacet
facet normal 0.4647219277587782 -1.5816034785221778e-15 0.8854566787032357
  outer loop
    vertex 38.0994873046881 132.5000000000002 7.402506232261694
    vertex 37.43775939941446 135.50000000000023 7.7498066425323735
    vertex 37.43775939941446 132.5000000000003 7.749806642532382
  endloop
endfacet
facet normal 0.4647219277587782 -1.5816034785221778e-15 0.8854566787032357
  outer loop
    vertex 37.43775939941446 135.50000000000023 7.7498066425323735
    vertex 38.0994873046881 132.5000000000002 7.402506232261694
    vertex 38.09948730468819 135.50000000000023 7.402506232261666
  endloop
endfacet
facet normal -1.0 -0.0 -0.0
  outer loop
    vertex 57.700000762939816 135.50000000000023 13.402112722396913
    vertex 57.700000762939816 132.50000000000037 7.200000047683749
    vertex 57.700000762939816 132.50000000000037 13.402112722396913
  endloop
endfacet
facet normal -1.0 -0.0 -0.0
  outer loop
    vertex 57.700000762939816 132.50000000000037 7.200000047683749
    vertex 57.700000762939816 135.50000000000023 13.402112722396913
    vertex 57.700000762939816 135.50000000000023 7.200000047683749
  endloop
endfacet
facet normal 0.0 0.13052619222004552 -0.9914448613738112
  outer loop
    vertex 108.00000000000021 23.000000000000004 23.500000000000462
    vertex 105.00000000000017 22.223542864692448 23.39777747886767
    vertex 105.00000000000017 23.000000000000004 23.500000000000462
  endloop
endfacet
facet normal 0.0 0.13052619222004552 -0.9914448613738112
  outer loop
    vertex 105.00000000000017 22.223542864692448 23.39777747886767
    vertex 108.00000000000021 23.000000000000004 23.500000000000462
    vertex 108.00000000000021 22.223542864692448 23.39777747886767
  endloop
endfacet
facet normal -0.822984067590802 -1.6915207117536284e-14 0.5680644545222823
  outer loop
    vertex 41.943675994873395 135.50000000000023 8.860414743423522
    vertex 41.51914596557676 132.50000000000037 8.245376348495517
    vertex 41.94367599487349 132.5000000000002 8.860414743423494
  endloop
endfacet
facet normal -0.822984067590802 -1.6915207117536284e-14 0.5680644545222823
  outer loop
    vertex 41.51914596557676 132.50000000000037 8.245376348495517
    vertex 41.943675994873395 135.50000000000023 8.860414743423522
    vertex 41.51914596557676 135.50000000000023 8.245376348495537
  endloop
endfacet
facet normal -0.46472192775902277 -1.2160622264503787e-14 -0.8854566787031072
  outer loop
    vertex 40.959762573242756 135.50000000000023 12.85230612754815
    vertex 40.29803466796939 132.50000000000028 13.199606537818957
    vertex 40.29803466796939 135.50000000000023 13.19960653781895
  endloop
endfacet
facet normal -0.46472192775902277 -1.2160622264503787e-14 -0.8854566787031072
  outer loop
    vertex 40.29803466796939 132.50000000000028 13.199606537818957
    vertex 40.959762573242756 135.50000000000023 12.85230612754815
    vertex 40.959762573242664 132.5000000000002 12.852306127548271
  endloop
endfacet
facet normal 0.0 0.0 1.0
  outer loop
    vertex 57.700000762939816 132.50000000000037 7.200000047683749
    vertex 50.09999847412157 135.50000000000023 7.200000047683749
    vertex 50.09999847412157 132.50000000000028 7.200000047683749
  endloop
endfacet
facet normal 0.0 0.0 1.0
  outer loop
    vertex 50.09999847412157 135.50000000000023 7.200000047683749
    vertex 57.700000762939816 132.50000000000037 7.200000047683749
    vertex 57.700000762939816 135.50000000000023 7.200000047683749
  endloop
endfacet
facet normal -0.9350174790521436 -2.4978637606917846e-16 -0.35460162699425735
  outer loop
    vertex 41.94367599487349 135.50000000000023 11.741698026657144
    vertex 42.20867919921937 132.50000000000045 11.042934656143222
    vertex 41.94367599487349 132.5000000000002 11.741698026657147
  endloop
endfacet
facet normal -0.9350174790521436 -2.4978637606917846e-16 -0.35460162699425735
  outer loop
    vertex 42.20867919921937 132.50000000000045 11.042934656143222
    vertex 41.94367599487349 135.50000000000023 11.741698026657144
    vertex 42.20867919921937 135.50000000000023 11.042934656143222
  endloop
endfacet
facet normal 0.0 0.13052619222005596 0.9914448613738098
  outer loop
    vertex 108.00000000000021 22.223542864692423 17.602222521133264
    vertex 105.00000000000017 23.000000000000004 17.500000000000462
    vertex 105.00000000000017 22.223542864692423 17.602222521133264
  endloop
endfacet
facet normal 0.0 0.13052619222005596 0.9914448613738098
  outer loop
    vertex 105.00000000000017 23.000000000000004 17.500000000000462
    vertex 108.00000000000021 22.223542864692423 17.602222521133264
    vertex 108.00000000000021 23.000000000000004 17.500000000000462
  endloop
endfacet
facet normal 1.0773149653592019e-16 2.7508367554250833e-16 -1.0
  outer loop
    vertex 86.80000019073547 135.49986671893012 13.402112722396916
    vertex 77.39999961853086 132.50000000000037 13.402112722396913
    vertex 77.39999961853086 135.50000000000017 13.402112722396913
  endloop
endfacet
facet normal 1.0773149653592019e-16 2.7508367554250833e-16 -1.0
  outer loop
    vertex 77.39999961853086 132.50000000000037 13.402112722396913
    vertex 86.80000019073547 135.49986671893012 13.402112722396916
    vertex 86.80000019073556 132.5000000000004 13.402112722396913
  endloop
endfacet
facet normal 0.6631221066501911 2.9917289400563696e-15 0.7485112368373722
  outer loop
    vertex 37.43775939941446 132.5000000000003 7.749806642532382
    vertex 36.87837600708055 135.50000000000023 8.245376348495503
    vertex 36.87837600708055 132.50000000000028 8.245376348495517
  endloop
endfacet
facet normal 0.6631221066501911 2.9917289400563696e-15 0.7485112368373722
  outer loop
    vertex 36.87837600708055 135.50000000000023 8.245376348495503
    vertex 37.43775939941446 132.5000000000003 7.749806642532382
    vertex 37.43775939941446 135.50000000000023 7.7498066425323735
  endloop
endfacet
facet normal -0.0 -0.0 -1.0
  outer loop
    vertex 71.10000038147011 135.50000000000017 13.402112722396913
    vertex 63.50000000000049 132.5000000000003 13.402112722396913
    vertex 63.50000000000049 135.50000000000023 13.402112722396913
  endloop
endfacet
facet normal -0.0 -0.0 -1.0
  outer loop
    vertex 63.50000000000049 132.5000000000003 13.402112722396913
    vertex 71.10000038147011 135.50000000000017 13.402112722396913
    vertex 71.10000038147011 132.50000000000028 13.402112722396913
  endloop
endfacet
facet normal 1.0 0.0 0.0
  outer loop
    vertex 63.50000000000049 135.50000000000023 7.200000047683749
    vertex 63.50000000000049 132.5000000000003 13.402112722396913
    vertex 63.50000000000049 132.5000000000003 7.200000047683749
  endloop
endfacet
facet normal 1.0 0.0 0.0
  outer loop
    vertex 63.50000000000049 132.5000000000003 13.402112722396913
    vertex 63.50000000000049 135.50000000000023 7.200000047683749
    vertex 63.50000000000049 135.50000000000023 13.402112722396913
  endloop
endfacet
facet normal 1.0 0.0 0.0
  outer loop
    vertex 77.39999961853086 135.50000000000017 7.200000047683749
    vertex 77.39999961853086 132.50000000000037 13.402112722396913
    vertex 77.39999961853086 132.50000000000037 7.200000047683749
  endloop
endfacet
facet normal 1.0 0.0 0.0
  outer loop
    vertex 77.39999961853086 132.50000000000037 13.402112722396913
    vertex 77.39999961853086 135.50000000000017 7.200000047683749
    vertex 77.39999961853086 135.50000000000017 13.402112722396913
  endloop
endfacet
facet normal -0.23931637292726793 -2.5113452205494287e-15 0.9709416427617763
  outer loop
    vertex 40.298034667969205 132.5000000000003 7.402506232261694
    vertex 39.5724258422857 135.50000000000023 7.223659157753026
    vertex 39.5724258422857 132.50000000000014 7.223659157753028
  endloop
endfacet
facet normal -0.23931637292726793 -2.5113452205494287e-15 0.9709416427617763
  outer loop
    vertex 39.5724258422857 135.50000000000023 7.223659157753026
    vertex 40.298034667969205 132.5000000000003 7.402506232261694
    vertex 40.298034667969205 135.50000000000023 7.402506232261711
  endloop
endfacet
facet normal -0.8229840675907883 3.1693967639151218e-15 -0.5680644545223023
  outer loop
    vertex 41.51914596557676 132.50000000000037 12.35673642158514
    vertex 41.94367599487349 135.50000000000023 11.741698026657144
    vertex 41.94367599487349 132.5000000000002 11.741698026657147
  endloop
endfacet
facet normal -0.8229840675907883 3.1693967639151218e-15 -0.5680644545223023
  outer loop
    vertex 41.94367599487349 135.50000000000023 11.741698026657144
    vertex 41.51914596557676 132.50000000000037 12.35673642158514
    vertex 41.51914596557685 135.50000000000023 12.356736421585047
  endloop
endfacet
facet normal 0.0 -0.6087614290087173 -0.7933533402912377
  outer loop
    vertex 108.00000000000021 25.121320343559653 22.621320343560104
    vertex 105.00000000000017 24.5 23.098076211353778
    vertex 105.00000000000017 25.121320343559653 22.621320343560104
  endloop
endfacet
facet normal 0.0 -0.6087614290087173 -0.7933533402912377
  outer loop
    vertex 105.00000000000017 24.5 23.098076211353778
    vertex 108.00000000000021 25.121320343559653 22.621320343560104
    vertex 108.00000000000021 24.5 23.098076211353778
  endloop
endfacet
facet normal -4.118198913111616e-15 1.6786658226126989e-16 1.0
  outer loop
    vertex 0.0 2.0000000000002105 42.650001525878935
    vertex 8.000000000000256 3.000000000000085 42.65000152587892
    vertex 1.8047785488306544e-13 133.50000000000017 42.6500015258789
  endloop
endfacet
facet normal -4.118198913111616e-15 1.6786658226126989e-16 1.0
  outer loop
    vertex 8.000000000000256 3.000000000000085 42.65000152587892
    vertex 0.0 2.0000000000002105 42.650001525878935
    vertex 110.00000000000011 2.0000000000000977 42.650001525879375
  endloop
endfacet
facet normal -4.118198913111616e-15 1.6786658226126989e-16 1.0
  outer loop
    vertex 8.000000000000256 3.000000000000085 42.65000152587892
    vertex 110.00000000000011 2.0000000000000977 42.650001525879375
    vertex 104.99999999999999 2.9999999999999947 42.6500015258794
  endloop
endfacet
facet normal -4.118198913111616e-15 1.6786658226126989e-16 1.0
  outer loop
    vertex 104.99999999999999 2.9999999999999947 42.6500015258794
    vertex 110.00000000000011 2.0000000000000977 42.650001525879375
    vertex 105.00000000000017 132.5000000000002 42.65000152587936
  endloop
endfacet
facet normal -4.118198913111616e-15 1.6786658226126989e-16 1.0
  outer loop
    vertex 1.8047785488306544e-13 133.50000000000017 42.6500015258789
    vertex 8.000000000000256 132.50000000000028 42.65000152587892
    vertex 113.00000000000016 133.50000000000006 42.650001525879375
  endloop
endfacet
facet normal -4.118198913111616e-15 1.6786658226126989e-16 1.0
  outer loop
    vertex 8.000000000000256 132.50000000000028 42.65000152587892
    vertex 1.8047785488306544e-13 133.50000000000017 42.6500015258789
    vertex 8.000000000000256 3.000000000000085 42.65000152587892
  endloop
endfacet
facet normal -4.118198913111616e-15 1.6786658226126989e-16 1.0
  outer loop
    vertex 113.00000000000016 133.50000000000006 42.650001525879375
    vertex 8.000000000000256 132.50000000000028 42.65000152587892
    vertex 105.00000000000017 132.5000000000002 42.65000152587936
  endloop
endfacet
facet normal -4.118198913111616e-15 1.6786658226126989e-16 1.0
  outer loop
    vertex 113.00000000000016 133.50000000000006 42.650001525879375
    vertex 105.00000000000017 132.5000000000002 42.65000152587936
    vertex 110.0000000000002 96.00091552734379 42.650001525879375
  endloop
endfacet
facet normal -4.118198913111616e-15 1.6786658226126989e-16 1.0
  outer loop
    vertex 110.0000000000002 96.00091552734379 42.650001525879375
    vertex 105.00000000000017 132.5000000000002 42.65000152587936
    vertex 110.00000000000011 2.0000000000000977 42.650001525879375
  endloop
endfacet
facet normal -4.118198913111616e-15 1.6786658226126989e-16 1.0
  outer loop
    vertex 113.00000000000016 133.50000000000006 42.650001525879375
    vertex 110.0000000000002 96.00091552734379 42.650001525879375
    vertex 113.00000000000016 96.00091552734379 42.650001525879375
  endloop
endfacet
facet normal 0.0 0.9914454773545934 0.13052151329617076
  outer loop
    vertex 209.0000000000005 135.43185424804693 41.16763687133836
    vertex 217.0000000000005 135.50000000000014 40.64999961853074
    vertex 209.0000000000005 135.50000000000014 40.64999961853074
  endloop
endfacet
facet normal 0.0 0.9914454773545934 0.13052151329617076
  outer loop
    vertex 217.0000000000005 135.50000000000014 40.64999961853074
    vertex 209.0000000000005 135.43185424804693 41.16763687133836
    vertex 217.0000000000005 135.43185424804693 41.16763687133836
  endloop
endfacet
facet normal 0.0 -0.9238795325112782 0.38268343236511054
  outer loop
    vertex 108.00000000000021 25.89777747886721 19.7235428646929
    vertex 105.00000000000017 25.598076211353302 19.00000000000047
    vertex 108.00000000000021 25.598076211353302 19.00000000000047
  endloop
endfacet
facet normal 0.0 -0.9238795325112782 0.38268343236511054
  outer loop
    vertex 105.00000000000017 25.598076211353302 19.00000000000047
    vertex 108.00000000000021 25.89777747886721 19.7235428646929
    vertex 105.00000000000017 25.89777747886721 19.7235428646929
  endloop
endfacet
facet normal 0.0 0.608761636315633 0.7933531812190036
  outer loop
    vertex 113.00000000000016 111.2979202270508 24.622918128967747
    vertex 108.00000000000021 111.65000152587902 24.35275650024461
    vertex 108.00000000000021 111.2979202270508 24.622918128967747
  endloop
endfacet
facet normal 0.0 0.608761636315633 0.7933531812190036
  outer loop
    vertex 108.00000000000021 111.65000152587902 24.35275650024461
    vertex 113.00000000000016 111.2979202270508 24.622918128967747
    vertex 113.00000000000016 111.65000152587902 24.35275650024461
  endloop
endfacet
facet normal 0.0 -0.6087614290087312 0.7933533402912272
  outer loop
    vertex 108.00000000000021 24.5 17.901923788647142
    vertex 105.00000000000017 25.121320343559628 18.37867965644082
    vertex 105.00000000000017 24.5 17.901923788647142
  endloop
endfacet
facet normal 0.0 -0.6087614290087312 0.7933533402912272
  outer loop
    vertex 105.00000000000017 25.121320343559628 18.37867965644082
    vertex 108.00000000000021 24.5 17.901923788647142
    vertex 108.00000000000021 25.121320343559628 18.37867965644082
  endloop
endfacet
facet normal 0.0 -0.13052619222004552 -0.9914448613738112
  outer loop
    vertex 108.00000000000021 23.77645713530756 23.39777747886767
    vertex 105.00000000000017 23.000000000000004 23.500000000000462
    vertex 105.00000000000017 23.77645713530756 23.39777747886767
  endloop
endfacet
facet normal 0.0 -0.13052619222004552 -0.9914448613738112
  outer loop
    vertex 105.00000000000017 23.000000000000004 23.500000000000462
    vertex 108.00000000000021 23.77645713530756 23.39777747886767
    vertex 108.00000000000021 23.000000000000004 23.500000000000462
  endloop
endfacet
facet normal 0.0 0.7933533402912325 -0.6087614290087242
  outer loop
    vertex 105.00000000000017 20.878679656440355 22.621320343560104
    vertex 108.00000000000021 20.40192378864668 22.000000000000465
    vertex 105.00000000000017 20.40192378864668 22.000000000000465
  endloop
endfacet
facet normal 0.0 0.7933533402912325 -0.6087614290087242
  outer loop
    vertex 108.00000000000021 20.40192378864668 22.000000000000465
    vertex 105.00000000000017 20.878679656440355 22.621320343560104
    vertex 108.00000000000021 20.878679656440355 22.621320343560104
  endloop
endfacet
facet normal 0.0 -0.7933533402912464 0.6087614290087061
  outer loop
    vertex 108.00000000000021 115.09807621135336 24.325000762939904
    vertex 105.00000000000017 114.62132034355972 23.703680419380266
    vertex 108.00000000000021 114.62132034355972 23.703680419380266
  endloop
endfacet
facet normal 0.0 -0.7933533402912464 0.6087614290087061
  outer loop
    vertex 105.00000000000017 114.62132034355972 23.703680419380266
    vertex 108.00000000000021 115.09807621135336 24.325000762939904
    vertex 105.00000000000017 115.09807621135336 24.325000762939904
  endloop
endfacet
facet normal 0.0 -0.9914448613738116 0.13052619222004366
  outer loop
    vertex 108.00000000000021 25.999999999999996 20.50000000000047
    vertex 105.00000000000017 25.89777747886721 19.7235428646929
    vertex 108.00000000000021 25.89777747886721 19.7235428646929
  endloop
endfacet
facet normal 0.0 -0.9914448613738116 0.13052619222004366
  outer loop
    vertex 105.00000000000017 25.89777747886721 19.7235428646929
    vertex 108.00000000000021 25.999999999999996 20.50000000000047
    vertex 105.00000000000017 25.999999999999996 20.50000000000047
  endloop
endfacet
facet normal 0.0 0.9914448613738112 0.13052619222004552
  outer loop
    vertex 105.00000000000017 109.50000000000007 25.825000762939904
    vertex 108.00000000000021 109.60222252113286 25.048543627632345
    vertex 105.00000000000017 109.60222252113286 25.048543627632345
  endloop
endfacet
facet normal 0.0 0.9914448613738112 0.13052619222004552
  outer loop
    vertex 108.00000000000021 109.60222252113286 25.048543627632345
    vertex 105.00000000000017 109.50000000000007 25.825000762939904
    vertex 108.00000000000021 109.50000000000007 25.825000762939904
  endloop
endfacet
facet normal 0.0 -0.9723698875997518 0.23344550046905221
  outer loop
    vertex 217.0000000000005 0.34260439872738785 27.163118362427223
    vertex 209.0000000000005 0.08618161827328734 26.09504127502487
    vertex 217.0000000000005 0.08618161827328734 26.09504127502487
  endloop
endfacet
facet normal 0.0 -0.9723698875997518 0.23344550046905221
  outer loop
    vertex 209.0000000000005 0.08618161827328734 26.09504127502487
    vertex 217.0000000000005 0.34260439872738785 27.163118362427223
    vertex 209.0000000000005 0.34260439872738785 27.163118362427223
  endloop
endfacet
facet normal 1.0 0.0 0.0
  outer loop
    vertex 113.00000000000016 7.000000000000032 32.00000000000046
    vertex 113.00000000000016 22.560007095336918 22.142073631287083
    vertex 113.00000000000016 87.65098571777357 32.00000000000046
  endloop
endfacet
facet normal 1.0 0.0 0.0
  outer loop
    vertex 113.00000000000016 22.560007095336918 22.142073631287083
    vertex 113.00000000000016 7.000000000000032 32.00000000000046
    vertex 113.00000000000016 22.14999961853029 21.97224330902146
  endloop
endfacet
facet normal 1.0 0.0 0.0
  outer loop
    vertex 113.00000000000016 22.14999961853029 21.97224330902146
    vertex 113.00000000000016 7.000000000000032 32.00000000000046
    vertex 113.00000000000016 21.79791831970215 21.70208168029831
  endloop
endfacet
facet normal 1.0 0.0 0.0
  outer loop
    vertex 113.00000000000016 21.79791831970215 21.70208168029831
    vertex 113.00000000000016 7.000000000000032 32.00000000000046
    vertex 113.00000000000016 21.527757644653313 21.350000381470192
  endloop
endfacet
facet normal 1.0 0.0 0.0
  outer loop
    vertex 113.00000000000016 21.527757644653313 21.350000381470192
    vertex 113.00000000000016 7.000000000000032 32.00000000000046
    vertex 113.00000000000016 21.357925415039062 20.939991950989228
  endloop
endfacet
facet normal 1.0 0.0 0.0
  outer loop
    vertex 113.00000000000016 21.357925415039062 20.939991950989228
    vertex 113.00000000000016 7.000000000000032 32.00000000000046
    vertex 113.00000000000016 21.29999923706058 20.50000000000047
  endloop
endfacet
facet normal 1.0 0.0 0.0
  outer loop
    vertex 113.00000000000016 87.65098571777357 32.00000000000046
    vertex 113.00000000000016 22.560007095336918 22.142073631287083
    vertex 113.00000000000016 23.000000000000004 22.199999809265602
  endloop
endfacet
facet normal 1.0 0.0 0.0
  outer loop
    vertex 113.00000000000016 87.65098571777357 32.00000000000046
    vertex 113.00000000000016 23.000000000000004 22.199999809265602
    vertex 113.00000000000016 23.439992904663086 22.142073631287083
  endloop
endfacet
facet normal 1.0 0.0 0.0
  outer loop
    vertex 113.00000000000016 87.65098571777357 32.00000000000046
    vertex 113.00000000000016 23.439992904663086 22.142073631287083
    vertex 113.00000000000016 23.850000381469716 21.97224330902146
  endloop
endfacet
facet normal 1.0 0.0 0.0
  outer loop
    vertex 113.00000000000016 87.65098571777357 32.00000000000046
    vertex 113.00000000000016 23.850000381469716 21.97224330902146
    vertex 113.00000000000016 24.20208168029786 21.70208168029831
  endloop
endfacet
facet normal 1.0 0.0 0.0
  outer loop
    vertex 113.00000000000016 87.65098571777357 32.00000000000046
    vertex 113.00000000000016 24.20208168029786 21.70208168029831
    vertex 113.00000000000016 24.472242355346694 21.350000381470192
  endloop
endfacet
facet normal 1.0 0.0 0.0
  outer loop
    vertex 113.00000000000016 87.65098571777357 32.00000000000046
    vertex 113.00000000000016 24.472242355346694 21.350000381470192
    vertex 113.00000000000016 24.64207458496094 20.939991950989228
  endloop
endfacet
facet normal 1.0 0.0 0.0
  outer loop
    vertex 113.00000000000016 87.65098571777357 32.00000000000046
    vertex 113.00000000000016 24.64207458496094 20.939991950989228
    vertex 113.00000000000016 24.70000076293943 20.50000000000047
  endloop
endfacet
facet normal 1.0 0.0 0.0
  outer loop
    vertex 113.00000000000016 0.0 4.000000000000463
    vertex 113.00000000000016 22.560007095336918 18.85792636871384
    vertex 113.00000000000016 0.0 25.00000000000046
  endloop
endfacet
facet normal 1.0 0.0 0.0
  outer loop
    vertex 113.00000000000016 22.560007095336918 18.85792636871384
    vertex 113.00000000000016 0.0 4.000000000000463
    vertex 113.00000000000016 23.000000000000004 18.80000019073532
  endloop
endfacet
facet normal 1.0 0.0 0.0
  outer loop
    vertex 113.00000000000016 23.000000000000004 18.80000019073532
    vertex 113.00000000000016 0.0 4.000000000000463
    vertex 113.00000000000016 135.50000000000014 4.000000000000463
  endloop
endfacet
facet normal 1.0 0.0 0.0
  outer loop
    vertex 113.00000000000016 0.0 25.00000000000046
    vertex 113.00000000000016 22.560007095336918 18.85792636871384
    vertex 113.00000000000016 0.08618161827328734 26.09504127502487
  endloop
endfacet
facet normal 1.0 0.0 0.0
  outer loop
    vertex 113.00000000000016 0.08618161827328734 26.09504127502487
    vertex 113.00000000000016 22.560007095336918 18.85792636871384
    vertex 113.00000000000016 0.34260439872738785 27.163118362427223
  endloop
endfacet
facet normal 1.0 0.0 0.0
  outer loop
    vertex 113.00000000000016 0.34260439872738785 27.163118362427223
    vertex 113.00000000000016 22.560007095336918 18.85792636871384
    vertex 113.00000000000016 22.14999961853029 19.027756690979462
  endloop
endfacet
facet normal 1.0 0.0 0.0
  outer loop
    vertex 113.00000000000016 0.34260439872738785 27.163118362427223
    vertex 113.00000000000016 22.14999961853029 19.027756690979462
    vertex 113.00000000000016 0.7629543542862116 28.177932739258267
  endloop
endfacet
facet normal 1.0 0.0 0.0
  outer loop
    vertex 113.00000000000016 0.7629543542862116 28.177932739258267
    vertex 113.00000000000016 22.14999961853029 19.027756690979462
    vertex 113.00000000000016 1.336881041526822 29.11449623107956
  endloop
endfacet
facet normal 1.0 0.0 0.0
  outer loop
    vertex 113.00000000000016 1.336881041526822 29.11449623107956
    vertex 113.00000000000016 22.14999961853029 19.027756690979462
    vertex 113.00000000000016 2.0502524375915447 29.949747085571747
  endloop
endfacet
facet normal 1.0 0.0 0.0
  outer loop
    vertex 113.00000000000016 2.0502524375915447 29.949747085571747
    vertex 113.00000000000016 22.14999961853029 19.027756690979462
    vertex 113.00000000000016 2.8855032920837087 30.663118362427216
  endloop
endfacet
facet normal 1.0 0.0 0.0
  outer loop
    vertex 113.00000000000016 2.8855032920837087 30.663118362427216
    vertex 113.00000000000016 22.14999961853029 19.027756690979462
    vertex 113.00000000000016 3.8220665454864693 31.237045288086403
  endloop
endfacet
facet normal 1.0 0.0 0.0
  outer loop
    vertex 113.00000000000016 3.8220665454864693 31.237045288086403
    vertex 113.00000000000016 22.14999961853029 19.027756690979462
    vertex 113.00000000000016 4.836881160736071 31.657396316528786
  endloop
endfacet
facet normal 1.0 0.0 0.0
  outer loop
    vertex 113.00000000000016 4.836881160736071 31.657396316528786
    vertex 113.00000000000016 22.14999961853029 19.027756690979462
    vertex 113.00000000000016 21.79791831970215 19.297918319702614
  endloop
endfacet
facet normal 1.0 0.0 0.0
  outer loop
    vertex 113.00000000000016 4.836881160736071 31.657396316528786
    vertex 113.00000000000016 21.79791831970215 19.297918319702614
    vertex 113.00000000000016 5.904958724975624 31.913818359375465
  endloop
endfacet
facet normal 1.0 0.0 0.0
  outer loop
    vertex 113.00000000000016 5.904958724975624 31.913818359375465
    vertex 113.00000000000016 21.79791831970215 19.297918319702614
    vertex 113.00000000000016 7.000000000000032 32.00000000000046
  endloop
endfacet
facet normal 1.0 0.0 0.0
  outer loop
    vertex 113.00000000000016 7.000000000000032 32.00000000000046
    vertex 113.00000000000016 21.79791831970215 19.297918319702614
    vertex 113.00000000000016 21.527757644653313 19.64999961853073
  endloop
endfacet
facet normal 1.0 0.0 0.0
  outer loop
    vertex 113.00000000000016 7.000000000000032 32.00000000000046
    vertex 113.00000000000016 21.527757644653313 19.64999961853073
    vertex 113.00000000000016 21.357925415039062 20.060008049011696
  endloop
endfacet
facet normal 1.0 0.0 0.0
  outer loop
    vertex 113.00000000000016 7.000000000000032 32.00000000000046
    vertex 113.00000000000016 21.357925415039062 20.060008049011696
    vertex 113.00000000000016 21.29999923706058 20.50000000000047
  endloop
endfacet
facet normal 1.0 0.0 0.0
  outer loop
    vertex 113.00000000000016 23.000000000000004 18.80000019073532
    vertex 113.00000000000016 135.50000000000014 4.000000000000463
    vertex 113.00000000000016 23.439992904663086 18.85792636871384
  endloop
endfacet
facet normal 1.0 0.0 0.0
  outer loop
    vertex 113.00000000000016 23.439992904663086 18.85792636871384
    vertex 113.00000000000016 135.50000000000014 4.000000000000463
    vertex 113.00000000000016 23.850000381469716 19.027756690979462
  endloop
endfacet
facet normal 1.0 0.0 0.0
  outer loop
    vertex 113.00000000000016 23.850000381469716 19.027756690979462
    vertex 113.00000000000016 135.50000000000014 4.000000000000463
    vertex 113.00000000000016 24.20208168029786 19.297918319702614
  endloop
endfacet
facet normal 1.0 0.0 0.0
  outer loop
    vertex 113.00000000000016 24.20208168029786 19.297918319702614
    vertex 113.00000000000016 135.50000000000014 4.000000000000463
    vertex 113.00000000000016 24.472242355346694 19.64999961853073
  endloop
endfacet
facet normal 1.0 0.0 0.0
  outer loop
    vertex 113.00000000000016 24.472242355346694 19.64999961853073
    vertex 113.00000000000016 135.50000000000014 4.000000000000463
    vertex 113.00000000000016 24.64207458496094 20.060008049011696
  endloop
endfacet
facet normal 1.0 0.0 0.0
  outer loop
    vertex 113.00000000000016 24.64207458496094 20.060008049011696
    vertex 113.00000000000016 135.50000000000014 4.000000000000463
    vertex 113.00000000000016 24.70000076293943 20.50000000000047
  endloop
endfacet
facet normal 1.0 0.0 0.0
  outer loop
    vertex 113.00000000000016 24.70000076293943 20.50000000000047
    vertex 113.00000000000016 135.50000000000014 4.000000000000463
    vertex 113.00000000000016 87.65098571777357 32.00000000000046
  endloop
endfacet
facet normal 1.0 0.0 0.0
  outer loop
    vertex 113.00000000000016 87.65098571777357 32.00000000000046
    vertex 113.00000000000016 135.50000000000014 4.000000000000463
    vertex 113.00000000000016 88.1212692260743 32.05607795715379
  endloop
endfacet
facet normal 1.0 0.0 0.0
  outer loop
    vertex 113.00000000000016 88.1212692260743 32.05607795715379
    vertex 113.00000000000016 135.50000000000014 4.000000000000463
    vertex 113.00000000000016 88.56517791748058 32.22116661071824
  endloop
endfacet
facet normal 1.0 0.0 0.0
  outer loop
    vertex 113.00000000000016 88.56517791748058 32.22116661071824
    vertex 113.00000000000016 135.50000000000014 4.000000000000463
    vertex 113.00000000000016 88.95782470703132 32.48600959777878
  endloop
endfacet
facet normal 1.0 0.0 0.0
  outer loop
    vertex 113.00000000000016 88.95782470703132 32.48600959777878
    vertex 113.00000000000016 135.50000000000014 4.000000000000463
    vertex 113.00000000000016 89.27718353271487 32.83575439453172
  endloop
endfacet
facet normal 1.0 0.0 0.0
  outer loop
    vertex 113.00000000000016 89.27718353271487 32.83575439453172
    vertex 113.00000000000016 135.50000000000014 4.000000000000463
    vertex 113.00000000000016 89.50534820556642 33.25078773498582
  endloop
endfacet
facet normal 1.0 0.0 0.0
  outer loop
    vertex 113.00000000000016 89.50534820556642 33.25078773498582
    vertex 113.00000000000016 135.50000000000014 4.000000000000463
    vertex 113.00000000000016 92.29217529296885 40.14842605590867
  endloop
endfacet
facet normal 1.0 0.0 0.0
  outer loop
    vertex 113.00000000000016 92.29217529296885 40.14842605590867
    vertex 113.00000000000016 135.50000000000014 4.000000000000463
    vertex 113.00000000000016 111.2979202270508 24.622918128967747
  endloop
endfacet
facet normal 1.0 0.0 0.0
  outer loop
    vertex 113.00000000000016 92.29217529296885 40.14842605590867
    vertex 113.00000000000016 111.2979202270508 24.622918128967747
    vertex 113.00000000000016 92.65895843505864 40.84803581237839
  endloop
endfacet
facet normal 1.0 0.0 0.0
  outer loop
    vertex 113.00000000000016 92.65895843505864 40.84803581237839
    vertex 113.00000000000016 111.2979202270508 24.622918128967747
    vertex 113.00000000000016 93.1560821533204 41.461925506592266
  endloop
endfacet
facet normal 1.0 0.0 0.0
  outer loop
    vertex 113.00000000000016 93.1560821533204 41.461925506592266
    vertex 113.00000000000016 111.2979202270508 24.622918128967747
    vertex 113.00000000000016 93.76414489746094 41.96615219116258
  endloop
endfacet
facet normal 1.0 0.0 0.0
  outer loop
    vertex 113.00000000000016 93.76414489746094 41.96615219116258
    vertex 113.00000000000016 111.2979202270508 24.622918128967747
    vertex 113.00000000000016 94.45943450927741 42.3410491943364
  endloop
endfacet
facet normal 1.0 0.0 0.0
  outer loop
    vertex 113.00000000000016 94.45943450927741 42.3410491943364
    vertex 113.00000000000016 111.2979202270508 24.622918128967747
    vertex 113.00000000000016 95.21484374999996 42.57200241088914
  endloop
endfacet
facet normal 1.0 0.0 0.0
  outer loop
    vertex 113.00000000000016 95.21484374999996 42.57200241088914
    vertex 113.00000000000016 111.2979202270508 24.622918128967747
    vertex 113.00000000000016 96.00091552734379 42.650001525879375
  endloop
endfacet
facet normal 1.0 0.0 0.0
  outer loop
    vertex 113.00000000000016 96.00091552734379 42.650001525879375
    vertex 113.00000000000016 111.2979202270508 24.622918128967747
    vertex 113.00000000000016 111.02775573730479 24.97500038147019
  endloop
endfacet
facet normal 1.0 0.0 0.0
  outer loop
    vertex 113.00000000000016 96.00091552734379 42.650001525879375
    vertex 113.00000000000016 111.02775573730479 24.97500038147019
    vertex 113.00000000000016 110.85792541503908 25.38500785827683
  endloop
endfacet
facet normal 1.0 0.0 0.0
  outer loop
    vertex 113.00000000000016 96.00091552734379 42.650001525879375
    vertex 113.00000000000016 110.85792541503908 25.38500785827683
    vertex 113.00000000000016 110.80000305175794 25.825000762939904
  endloop
endfacet
facet normal 1.0 0.0 0.0
  outer loop
    vertex 113.00000000000016 111.2979202270508 24.622918128967747
    vertex 113.00000000000016 135.50000000000014 4.000000000000463
    vertex 113.00000000000016 111.65000152587902 24.35275650024461
  endloop
endfacet
facet normal 1.0 0.0 0.0
  outer loop
    vertex 113.00000000000016 111.65000152587902 24.35275650024461
    vertex 113.00000000000016 135.50000000000014 4.000000000000463
    vertex 113.00000000000016 112.0600051879884 24.182926177978974
  endloop
endfacet
facet normal 1.0 0.0 0.0
  outer loop
    vertex 113.00000000000016 112.0600051879884 24.182926177978974
    vertex 113.00000000000016 135.50000000000014 4.000000000000463
    vertex 113.00000000000016 112.50000000000011 24.125000000000465
  endloop
endfacet
facet normal 1.0 0.0 0.0
  outer loop
    vertex 113.00000000000016 112.50000000000011 24.125000000000465
    vertex 113.00000000000016 135.50000000000014 4.000000000000463
    vertex 113.00000000000016 112.93999481201178 24.182926177978974
  endloop
endfacet
facet normal 1.0 0.0 0.0
  outer loop
    vertex 113.00000000000016 112.93999481201178 24.182926177978974
    vertex 113.00000000000016 135.50000000000014 4.000000000000463
    vertex 113.00000000000016 113.34999847412115 24.35275650024461
  endloop
endfacet
facet normal 1.0 0.0 0.0
  outer loop
    vertex 113.00000000000016 113.34999847412115 24.35275650024461
    vertex 113.00000000000016 135.50000000000014 4.000000000000463
    vertex 113.00000000000016 113.7020797729492 24.622918128967747
  endloop
endfacet
facet normal 1.0 0.0 0.0
  outer loop
    vertex 113.00000000000016 113.7020797729492 24.622918128967747
    vertex 113.00000000000016 135.50000000000014 4.000000000000463
    vertex 113.00000000000016 113.97224426269538 24.97500038147019
  endloop
endfacet
facet normal 1.0 0.0 0.0
  outer loop
    vertex 113.00000000000016 113.97224426269538 24.97500038147019
    vertex 113.00000000000016 135.50000000000014 4.000000000000463
    vertex 113.00000000000016 114.14207458496091 25.38500785827683
  endloop
endfacet
facet normal 1.0 0.0 0.0
  outer loop
    vertex 113.00000000000016 114.14207458496091 25.38500785827683
    vertex 113.00000000000016 135.50000000000014 4.000000000000463
    vertex 113.00000000000016 114.19999694824224 25.825000762939904
  endloop
endfacet
facet normal 1.0 0.0 0.0
  outer loop
    vertex 113.00000000000016 114.19999694824224 25.825000762939904
    vertex 113.00000000000016 135.50000000000014 4.000000000000463
    vertex 113.00000000000016 131.00000000000009 16.500000000000462
  endloop
endfacet
facet normal 1.0 0.0 0.0
  outer loop
    vertex 113.00000000000016 131.00000000000009 16.500000000000462
    vertex 113.00000000000016 135.50000000000014 4.000000000000463
    vertex 113.00000000000016 135.4971827756326 16.500000000000462
  endloop
endfacet
facet normal 1.0 0.0 0.0
  outer loop
    vertex 113.00000000000016 96.00091552734379 42.650001525879375
    vertex 113.00000000000016 111.65000152587902 27.297243118286595
    vertex 113.00000000000016 133.50000000000006 42.650001525879375
  endloop
endfacet
facet normal 1.0 0.0 0.0
  outer loop
    vertex 113.00000000000016 111.65000152587902 27.297243118286595
    vertex 113.00000000000016 96.00091552734379 42.650001525879375
    vertex 113.00000000000016 111.2979202270508 27.02708244323776
  endloop
endfacet
facet normal 1.0 0.0 0.0
  outer loop
    vertex 113.00000000000016 111.2979202270508 27.02708244323776
    vertex 113.00000000000016 96.00091552734379 42.650001525879375
    vertex 113.00000000000016 111.02775573730479 26.674999237061016
  endloop
endfacet
facet normal 1.0 0.0 0.0
  outer loop
    vertex 113.00000000000016 111.02775573730479 26.674999237061016
    vertex 113.00000000000016 96.00091552734379 42.650001525879375
    vertex 113.00000000000016 110.85792541503908 26.264991760254365
  endloop
endfacet
facet normal 1.0 0.0 0.0
  outer loop
    vertex 113.00000000000016 110.85792541503908 26.264991760254365
    vertex 113.00000000000016 96.00091552734379 42.650001525879375
    vertex 113.00000000000016 110.80000305175794 25.825000762939904
  endloop
endfacet
facet normal 1.0 0.0 0.0
  outer loop
    vertex 113.00000000000016 133.50000000000006 42.650001525879375
    vertex 113.00000000000016 111.65000152587902 27.297243118286595
    vertex 113.00000000000016 112.0600051879884 27.46707344055222
  endloop
endfacet
facet normal 1.0 0.0 0.0
  outer loop
    vertex 113.00000000000016 133.50000000000006 42.650001525879375
    vertex 113.00000000000016 112.0600051879884 27.46707344055222
    vertex 113.00000000000016 112.50000000000011 27.524999618530725
  endloop
endfacet
facet normal 1.0 0.0 0.0
  outer loop
    vertex 113.00000000000016 133.50000000000006 42.650001525879375
    vertex 113.00000000000016 112.50000000000011 27.524999618530725
    vertex 113.00000000000016 112.93999481201178 27.46707344055222
  endloop
endfacet
facet normal 1.0 0.0 0.0
  outer loop
    vertex 113.00000000000016 133.50000000000006 42.650001525879375
    vertex 113.00000000000016 112.93999481201178 27.46707344055222
    vertex 113.00000000000016 113.34999847412115 27.297243118286595
  endloop
endfacet
facet normal 1.0 0.0 0.0
  outer loop
    vertex 113.00000000000016 133.50000000000006 42.650001525879375
    vertex 113.00000000000016 113.34999847412115 27.297243118286595
    vertex 113.00000000000016 113.7020797729492 27.02708244323776
  endloop
endfacet
facet normal 1.0 0.0 0.0
  outer loop
    vertex 113.00000000000016 133.50000000000006 42.650001525879375
    vertex 113.00000000000016 113.7020797729492 27.02708244323776
    vertex 113.00000000000016 113.97224426269538 26.674999237061016
  endloop
endfacet
facet normal 1.0 0.0 0.0
  outer loop
    vertex 113.00000000000016 133.50000000000006 42.650001525879375
    vertex 113.00000000000016 113.97224426269538 26.674999237061016
    vertex 113.00000000000016 114.14207458496091 26.264991760254365
  endloop
endfacet
facet normal 1.0 0.0 0.0
  outer loop
    vertex 113.00000000000016 133.50000000000006 42.650001525879375
    vertex 113.00000000000016 114.14207458496091 26.264991760254365
    vertex 113.00000000000016 114.19999694824224 25.825000762939904
  endloop
endfacet
facet normal 1.0 0.0 0.0
  outer loop
    vertex 113.00000000000016 133.50000000000006 42.650001525879375
    vertex 113.00000000000016 114.19999694824224 25.825000762939904
    vertex 113.00000000000016 131.00000000000009 26.50000000000046
  endloop
endfacet
facet normal 1.0 0.0 0.0
  outer loop
    vertex 113.00000000000016 131.00000000000009 26.50000000000046
    vertex 113.00000000000016 114.19999694824224 25.825000762939904
    vertex 113.00000000000016 131.00000000000009 16.500000000000462
  endloop
endfacet
facet normal 1.0 0.0 0.0
  outer loop
    vertex 113.00000000000016 133.50000000000006 42.650001525879375
    vertex 113.00000000000016 131.00000000000009 26.50000000000046
    vertex 113.00000000000016 135.4971827756326 26.50000000000046
  endloop
endfacet
facet normal 1.0 0.0 0.0
  outer loop
    vertex 113.00000000000016 133.50000000000006 42.650001525879375
    vertex 113.00000000000016 135.4971827756326 26.50000000000046
    vertex 113.00000000000016 134.01763916015634 42.58185195922898
  endloop
endfacet
facet normal 1.0 0.0 0.0
  outer loop
    vertex 113.00000000000016 134.01763916015634 42.58185195922898
    vertex 113.00000000000016 135.4971827756326 26.50000000000046
    vertex 113.00000000000016 134.50000000000017 42.382049560547344
  endloop
endfacet
facet normal 1.0 0.0 0.0
  outer loop
    vertex 113.00000000000016 134.50000000000017 42.382049560547344
    vertex 113.00000000000016 135.4971827756326 26.50000000000046
    vertex 113.00000000000016 134.91421508789082 42.06421279907273
  endloop
endfacet
facet normal 1.0 0.0 0.0
  outer loop
    vertex 113.00000000000016 134.91421508789082 42.06421279907273
    vertex 113.00000000000016 135.4971827756326 26.50000000000046
    vertex 113.00000000000016 135.23205566406259 41.650001525879375
  endloop
endfacet
facet normal 1.0 0.0 0.0
  outer loop
    vertex 113.00000000000016 135.23205566406259 41.650001525879375
    vertex 113.00000000000016 135.4971827756326 26.50000000000046
    vertex 113.00000000000016 135.43185424804693 41.16763687133836
  endloop
endfacet
facet normal 1.0 0.0 0.0
  outer loop
    vertex 113.00000000000016 135.43185424804693 41.16763687133836
    vertex 113.00000000000016 135.4971827756326 26.50000000000046
    vertex 113.00000000000016 135.50000000000014 40.64999961853074
  endloop
endfacet
facet normal -1.0 6.968256945292085e-16 -4.189721075908992e-15
  outer loop
    vertex 104.99999999999999 2.9999999999999947 42.6500015258794
    vertex 105.00000000000017 20.878679656440355 22.621320343560104
    vertex 105.00000000000026 2.9999999999999947 3.0000000000004596
  endloop
endfacet
facet normal -1.0 6.968256945292085e-16 -4.189721075908992e-15
  outer loop
    vertex 105.00000000000017 20.878679656440355 22.621320343560104
    vertex 104.99999999999999 2.9999999999999947 42.6500015258794
    vertex 105.00000000000017 21.500000000000007 23.098076211353778
  endloop
endfacet
facet normal -1.0 6.968256945292085e-16 -4.189721075908992e-15
  outer loop
    vertex 105.00000000000017 21.500000000000007 23.098076211353778
    vertex 104.99999999999999 2.9999999999999947 42.6500015258794
    vertex 105.00000000000017 22.223542864692448 23.39777747886767
  endloop
endfacet
facet normal -1.0 6.968256945292085e-16 -4.189721075908992e-15
  outer loop
    vertex 105.00000000000017 22.223542864692448 23.39777747886767
    vertex 104.99999999999999 2.9999999999999947 42.6500015258794
    vertex 105.00000000000017 132.5000000000002 42.65000152587936
  endloop
endfacet
facet normal -1.0 6.968256945292085e-16 -4.189721075908992e-15
  outer loop
    vertex 105.00000000000026 2.9999999999999947 3.0000000000004596
    vertex 105.00000000000017 20.878679656440355 22.621320343560104
    vertex 105.00000000000017 20.40192378864668 22.000000000000465
  endloop
endfacet
facet normal -1.0 6.968256945292085e-16 -4.189721075908992e-15
  outer loop
    vertex 105.00000000000026 2.9999999999999947 3.0000000000004596
    vertex 105.00000000000017 20.40192378864668 22.000000000000465
    vertex 105.00000000000017 20.1022225211328 21.276457135308025
  endloop
endfacet
facet normal -1.0 6.968256945292085e-16 -4.189721075908992e-15
  outer loop
    vertex 105.00000000000026 2.9999999999999947 3.0000000000004596
    vertex 105.00000000000017 20.1022225211328 21.276457135308025
    vertex 105.00000000000017 20.000000000000007 20.50000000000047
  endloop
endfacet
facet normal -1.0 6.968256945292085e-16 -4.189721075908992e-15
  outer loop
    vertex 105.00000000000017 22.223542864692448 23.39777747886767
    vertex 105.00000000000017 132.5000000000002 42.65000152587936
    vertex 105.00000000000017 23.000000000000004 23.500000000000462
  endloop
endfacet
facet normal -1.0 6.968256945292085e-16 -4.189721075908992e-15
  outer loop
    vertex 105.00000000000017 23.000000000000004 23.500000000000462
    vertex 105.00000000000017 132.5000000000002 42.65000152587936
    vertex 105.00000000000017 23.77645713530756 23.39777747886767
  endloop
endfacet
facet normal -1.0 6.968256945292085e-16 -4.189721075908992e-15
  outer loop
    vertex 105.00000000000017 23.77645713530756 23.39777747886767
    vertex 105.00000000000017 132.5000000000002 42.65000152587936
    vertex 105.00000000000017 24.5 23.098076211353778
  endloop
endfacet
facet normal -1.0 6.968256945292085e-16 -4.189721075908992e-15
  outer loop
    vertex 105.00000000000017 24.5 23.098076211353778
    vertex 105.00000000000017 132.5000000000002 42.65000152587936
    vertex 105.00000000000017 25.121320343559653 22.621320343560104
  endloop
endfacet
facet normal -1.0 6.968256945292085e-16 -4.189721075908992e-15
  outer loop
    vertex 105.00000000000017 25.121320343559653 22.621320343560104
    vertex 105.00000000000017 132.5000000000002 42.65000152587936
    vertex 105.00000000000017 25.598076211353302 22.000000000000465
  endloop
endfacet
facet normal -1.0 6.968256945292085e-16 -4.189721075908992e-15
  outer loop
    vertex 105.00000000000017 25.598076211353302 22.000000000000465
    vertex 105.00000000000017 132.5000000000002 42.65000152587936
    vertex 105.00000000000017 25.89777747886721 21.276457135308025
  endloop
endfacet
facet normal -1.0 6.968256945292085e-16 -4.189721075908992e-15
  outer loop
    vertex 105.00000000000017 25.89777747886721 21.276457135308025
    vertex 105.00000000000017 132.5000000000002 42.65000152587936
    vertex 105.00000000000017 25.999999999999996 20.50000000000047
  endloop
endfacet
facet normal -1.0 6.968256945292085e-16 -4.189721075908992e-15
  outer loop
    vertex 105.00000000000017 25.999999999999996 20.50000000000047
    vertex 105.00000000000017 132.5000000000002 42.65000152587936
    vertex 105.00000000000017 111.00000000000009 28.423076974293227
  endloop
endfacet
facet normal -1.0 6.968256945292085e-16 -4.189721075908992e-15
  outer loop
    vertex 105.00000000000017 25.999999999999996 20.50000000000047
    vertex 105.00000000000017 111.00000000000009 28.423076974293227
    vertex 105.00000000000017 110.37867965644047 27.946321106499553
  endloop
endfacet
facet normal -1.0 6.968256945292085e-16 -4.189721075908992e-15
  outer loop
    vertex 105.00000000000017 25.999999999999996 20.50000000000047
    vertex 105.00000000000017 110.37867965644047 27.946321106499553
    vertex 105.00000000000017 109.90192378864681 27.3250007629399
  endloop
endfacet
facet normal -1.0 6.968256945292085e-16 -4.189721075908992e-15
  outer loop
    vertex 105.00000000000017 25.999999999999996 20.50000000000047
    vertex 105.00000000000017 109.90192378864681 27.3250007629399
    vertex 105.00000000000017 109.60222252113286 26.601457898247475
  endloop
endfacet
facet normal -1.0 6.968256945292085e-16 -4.189721075908992e-15
  outer loop
    vertex 105.00000000000017 25.999999999999996 20.50000000000047
    vertex 105.00000000000017 109.60222252113286 26.601457898247475
    vertex 105.00000000000017 109.50000000000007 25.825000762939904
  endloop
endfacet
facet normal -1.0 6.968256945292085e-16 -4.189721075908992e-15
  outer loop
    vertex 105.00000000000017 111.00000000000009 28.423076974293227
    vertex 105.00000000000017 132.5000000000002 42.65000152587936
    vertex 105.00000000000017 111.72354286469255 28.72277824180711
  endloop
endfacet
facet normal -1.0 6.968256945292085e-16 -4.189721075908992e-15
  outer loop
    vertex 105.00000000000017 111.72354286469255 28.72277824180711
    vertex 105.00000000000017 132.5000000000002 42.65000152587936
    vertex 105.00000000000017 112.50000000000011 28.8250007629399
  endloop
endfacet
facet normal -1.0 6.968256945292085e-16 -4.189721075908992e-15
  outer loop
    vertex 105.00000000000017 112.50000000000011 28.8250007629399
    vertex 105.00000000000017 132.5000000000002 42.65000152587936
    vertex 105.00000000000017 113.27645713530762 28.72277824180711
  endloop
endfacet
facet normal -1.0 6.968256945292085e-16 -4.189721075908992e-15
  outer loop
    vertex 105.00000000000017 113.27645713530762 28.72277824180711
    vertex 105.00000000000017 132.5000000000002 42.65000152587936
    vertex 105.00000000000017 114.00000000000004 28.423076974293227
  endloop
endfacet
facet normal -1.0 6.968256945292085e-16 -4.189721075908992e-15
  outer loop
    vertex 105.00000000000017 114.00000000000004 28.423076974293227
    vertex 105.00000000000017 132.5000000000002 42.65000152587936
    vertex 105.00000000000017 114.62132034355972 27.946321106499553
  endloop
endfacet
facet normal -1.0 6.968256945292085e-16 -4.189721075908992e-15
  outer loop
    vertex 105.00000000000017 114.62132034355972 27.946321106499553
    vertex 105.00000000000017 132.5000000000002 42.65000152587936
    vertex 105.00000000000017 115.09807621135336 27.3250007629399
  endloop
endfacet
facet normal -1.0 6.968256945292085e-16 -4.189721075908992e-15
  outer loop
    vertex 105.00000000000017 115.09807621135336 27.3250007629399
    vertex 105.00000000000017 132.5000000000002 42.65000152587936
    vertex 105.00000000000017 115.39777747886727 26.60145789824746
  endloop
endfacet
facet normal -1.0 6.968256945292085e-16 -4.189721075908992e-15
  outer loop
    vertex 105.00000000000017 115.39777747886727 26.60145789824746
    vertex 105.00000000000017 132.5000000000002 42.65000152587936
    vertex 105.00000000000017 115.50000000000006 25.825000762939904
  endloop
endfacet
facet normal -1.0 6.968256945292085e-16 -4.189721075908992e-15
  outer loop
    vertex 105.00000000000026 2.9999999999999947 3.0000000000004596
    vertex 105.00000000000017 22.223542864692423 17.602222521133264
    vertex 105.00000000000026 132.5000000000002 3.0000000000004596
  endloop
endfacet
facet normal -1.0 6.968256945292085e-16 -4.189721075908992e-15
  outer loop
    vertex 105.00000000000017 22.223542864692423 17.602222521133264
    vertex 105.00000000000026 2.9999999999999947 3.0000000000004596
    vertex 105.00000000000017 21.500000000000007 17.901923788647142
  endloop
endfacet
facet normal -1.0 6.968256945292085e-16 -4.189721075908992e-15
  outer loop
    vertex 105.00000000000017 21.500000000000007 17.901923788647142
    vertex 105.00000000000026 2.9999999999999947 3.0000000000004596
    vertex 105.00000000000017 20.878679656440355 18.37867965644082
  endloop
endfacet
facet normal -1.0 6.968256945292085e-16 -4.189721075908992e-15
  outer loop
    vertex 105.00000000000017 20.878679656440355 18.37867965644082
    vertex 105.00000000000026 2.9999999999999947 3.0000000000004596
    vertex 105.00000000000017 20.40192378864668 19.00000000000047
  endloop
endfacet
facet normal -1.0 6.968256945292085e-16 -4.189721075908992e-15
  outer loop
    vertex 105.00000000000017 20.40192378864668 19.00000000000047
    vertex 105.00000000000026 2.9999999999999947 3.0000000000004596
    vertex 105.00000000000017 20.1022225211328 19.7235428646929
  endloop
endfacet
facet normal -1.0 6.968256945292085e-16 -4.189721075908992e-15
  outer loop
    vertex 105.00000000000017 20.1022225211328 19.7235428646929
    vertex 105.00000000000026 2.9999999999999947 3.0000000000004596
    vertex 105.00000000000017 20.000000000000007 20.50000000000047
  endloop
endfacet
facet normal -1.0 6.968256945292085e-16 -4.189721075908992e-15
  outer loop
    vertex 105.00000000000026 132.5000000000002 3.0000000000004596
    vertex 105.00000000000017 22.223542864692423 17.602222521133264
    vertex 105.00000000000017 23.000000000000004 17.500000000000462
  endloop
endfacet
facet normal -1.0 6.968256945292085e-16 -4.189721075908992e-15
  outer loop
    vertex 105.00000000000026 132.5000000000002 3.0000000000004596
    vertex 105.00000000000017 23.000000000000004 17.500000000000462
    vertex 105.00000000000017 23.77645713530756 17.602222521133264
  endloop
endfacet
facet normal -1.0 6.968256945292085e-16 -4.189721075908992e-15
  outer loop
    vertex 105.00000000000026 132.5000000000002 3.0000000000004596
    vertex 105.00000000000017 23.77645713530756 17.602222521133264
    vertex 105.00000000000017 24.5 17.901923788647142
  endloop
endfacet
facet normal -1.0 6.968256945292085e-16 -4.189721075908992e-15
  outer loop
    vertex 105.00000000000026 132.5000000000002 3.0000000000004596
    vertex 105.00000000000017 24.5 17.901923788647142
    vertex 105.00000000000017 25.121320343559628 18.37867965644082
  endloop
endfacet
facet normal -1.0 6.968256945292085e-16 -4.189721075908992e-15
  outer loop
    vertex 105.00000000000026 132.5000000000002 3.0000000000004596
    vertex 105.00000000000017 25.121320343559628 18.37867965644082
    vertex 105.00000000000017 25.598076211353302 19.00000000000047
  endloop
endfacet
facet normal -1.0 6.968256945292085e-16 -4.189721075908992e-15
  outer loop
    vertex 105.00000000000026 132.5000000000002 3.0000000000004596
    vertex 105.00000000000017 25.598076211353302 19.00000000000047
    vertex 105.00000000000017 25.89777747886721 19.7235428646929
  endloop
endfacet
facet normal -1.0 6.968256945292085e-16 -4.189721075908992e-15
  outer loop
    vertex 105.00000000000026 132.5000000000002 3.0000000000004596
    vertex 105.00000000000017 25.89777747886721 19.7235428646929
    vertex 105.00000000000017 25.999999999999996 20.50000000000047
  endloop
endfacet
facet normal -1.0 6.968256945292085e-16 -4.189721075908992e-15
  outer loop
    vertex 105.00000000000026 132.5000000000002 3.0000000000004596
    vertex 105.00000000000017 25.999999999999996 20.50000000000047
    vertex 105.00000000000017 110.37867965644047 23.703680419380266
  endloop
endfacet
facet normal -1.0 6.968256945292085e-16 -4.189721075908992e-15
  outer loop
    vertex 105.00000000000017 110.37867965644047 23.703680419380266
    vertex 105.00000000000017 25.999999999999996 20.50000000000047
    vertex 105.00000000000017 109.90192378864681 24.325000762939904
  endloop
endfacet
facet normal -1.0 6.968256945292085e-16 -4.189721075908992e-15
  outer loop
    vertex 105.00000000000017 109.90192378864681 24.325000762939904
    vertex 105.00000000000017 25.999999999999996 20.50000000000047
    vertex 105.00000000000017 109.60222252113286 25.048543627632345
  endloop
endfacet
facet normal -1.0 6.968256945292085e-16 -4.189721075908992e-15
  outer loop
    vertex 105.00000000000017 109.60222252113286 25.048543627632345
    vertex 105.00000000000017 25.999999999999996 20.50000000000047
    vertex 105.00000000000017 109.50000000000007 25.825000762939904
  endloop
endfacet
facet normal -1.0 6.968256945292085e-16 -4.189721075908992e-15
  outer loop
    vertex 105.00000000000026 132.5000000000002 3.0000000000004596
    vertex 105.00000000000017 110.37867965644047 23.703680419380266
    vertex 105.00000000000017 111.00000000000009 23.226924551586603
  endloop
endfacet
facet normal -1.0 6.968256945292085e-16 -4.189721075908992e-15
  outer loop
    vertex 105.00000000000026 132.5000000000002 3.0000000000004596
    vertex 105.00000000000017 111.00000000000009 23.226924551586603
    vertex 105.00000000000017 111.72354286469255 22.92722328407271
  endloop
endfacet
facet normal -1.0 6.968256945292085e-16 -4.189721075908992e-15
  outer loop
    vertex 105.00000000000026 132.5000000000002 3.0000000000004596
    vertex 105.00000000000017 111.72354286469255 22.92722328407271
    vertex 105.00000000000017 112.50000000000011 22.825000762939908
  endloop
endfacet
facet normal -1.0 6.968256945292085e-16 -4.189721075908992e-15
  outer loop
    vertex 105.00000000000026 132.5000000000002 3.0000000000004596
    vertex 105.00000000000017 112.50000000000011 22.825000762939908
    vertex 105.00000000000017 113.27645713530762 22.92722328407271
  endloop
endfacet
facet normal -1.0 6.968256945292085e-16 -4.189721075908992e-15
  outer loop
    vertex 105.00000000000026 132.5000000000002 3.0000000000004596
    vertex 105.00000000000017 113.27645713530762 22.92722328407271
    vertex 105.00000000000017 114.00000000000004 23.226924551586603
  endloop
endfacet
facet normal -1.0 6.968256945292085e-16 -4.189721075908992e-15
  outer loop
    vertex 105.00000000000026 132.5000000000002 3.0000000000004596
    vertex 105.00000000000017 114.00000000000004 23.226924551586603
    vertex 105.00000000000017 114.62132034355972 23.703680419380266
  endloop
endfacet
facet normal -1.0 6.968256945292085e-16 -4.189721075908992e-15
  outer loop
    vertex 105.00000000000026 132.5000000000002 3.0000000000004596
    vertex 105.00000000000017 114.62132034355972 23.703680419380266
    vertex 105.00000000000017 115.09807621135336 24.325000762939904
  endloop
endfacet
facet normal -1.0 6.968256945292085e-16 -4.189721075908992e-15
  outer loop
    vertex 105.00000000000026 132.5000000000002 3.0000000000004596
    vertex 105.00000000000017 115.09807621135336 24.325000762939904
    vertex 105.00000000000017 115.39777747886727 25.048543627632345
  endloop
endfacet
facet normal -1.0 6.968256945292085e-16 -4.189721075908992e-15
  outer loop
    vertex 105.00000000000026 132.5000000000002 3.0000000000004596
    vertex 105.00000000000017 115.39777747886727 25.048543627632345
    vertex 105.00000000000017 115.50000000000006 25.825000762939904
  endloop
endfacet
facet normal -1.0 6.968256945292085e-16 -4.189721075908992e-15
  outer loop
    vertex 105.00000000000026 132.5000000000002 3.0000000000004596
    vertex 105.00000000000017 115.50000000000006 25.825000762939904
    vertex 105.00000000000017 132.5000000000002 42.65000152587936
  endloop
endfacet
facet normal 0.0 -0.7384575062549842 0.6743000159095875
  outer loop
    vertex 113.00000000000016 89.27718353271487 32.83575439453172
    vertex 110.0000000000002 88.95782470703132 32.48600959777878
    vertex 113.00000000000016 88.95782470703132 32.48600959777878
  endloop
endfacet
facet normal 0.0 -0.7384575062549842 0.6743000159095875
  outer loop
    vertex 110.0000000000002 88.95782470703132 32.48600959777878
    vertex 113.00000000000016 89.27718353271487 32.83575439453172
    vertex 110.0000000000002 89.27718353271487 32.83575439453172
  endloop
endfacet
facet normal 0.0 0.9238795325112578 -0.3826834323651596
  outer loop
    vertex 105.00000000000017 109.90192378864681 27.3250007629399
    vertex 108.00000000000021 109.60222252113286 26.601457898247475
    vertex 105.00000000000017 109.60222252113286 26.601457898247475
  endloop
endfacet
facet normal 0.0 0.9238795325112578 -0.3826834323651596
  outer loop
    vertex 108.00000000000021 109.60222252113286 26.601457898247475
    vertex 105.00000000000017 109.90192378864681 27.3250007629399
    vertex 108.00000000000021 109.90192378864681 27.3250007629399
  endloop
endfacet
facet normal 0.0 -0.3826834323650808 0.9238795325112905
  outer loop
    vertex 108.00000000000021 23.77645713530756 17.602222521133264
    vertex 105.00000000000017 24.5 17.901923788647142
    vertex 105.00000000000017 23.77645713530756 17.602222521133264
  endloop
endfacet
facet normal 0.0 -0.3826834323650808 0.9238795325112905
  outer loop
    vertex 105.00000000000017 24.5 17.901923788647142
    vertex 108.00000000000021 23.77645713530756 17.602222521133264
    vertex 108.00000000000021 24.5 17.901923788647142
  endloop
endfacet
facet normal 0.0 -0.3826834323650931 -0.9238795325112854
  outer loop
    vertex 108.00000000000021 24.5 23.098076211353778
    vertex 105.00000000000017 23.77645713530756 23.39777747886767
    vertex 105.00000000000017 24.5 23.098076211353778
  endloop
endfacet
facet normal 0.0 -0.3826834323650931 -0.9238795325112854
  outer loop
    vertex 105.00000000000017 23.77645713530756 23.39777747886767
    vertex 108.00000000000021 24.5 23.098076211353778
    vertex 108.00000000000021 23.77645713530756 23.39777747886767
  endloop
endfacet
facet normal 0.0 0.13052566518336053 -0.9914449307593647
  outer loop
    vertex 113.00000000000016 112.50000000000011 27.524999618530725
    vertex 108.00000000000021 112.0600051879884 27.46707344055222
    vertex 108.00000000000021 112.50000000000011 27.524999618530725
  endloop
endfacet
facet normal 0.0 0.13052566518336053 -0.9914449307593647
  outer loop
    vertex 108.00000000000021 112.0600051879884 27.46707344055222
    vertex 113.00000000000016 112.50000000000011 27.524999618530725
    vertex 113.00000000000016 112.0600051879884 27.46707344055222
  endloop
endfacet
facet normal 0.0 0.0 -1.0
  outer loop
    vertex 214.00000000000045 135.47888800000013 26.50000000000046
    vertex 209.0000000000005 131.00000000000009 26.50000000000046
    vertex 209.0000000000005 135.47888800000013 26.50000000000046
  endloop
endfacet
facet normal 0.0 0.0 -1.0
  outer loop
    vertex 209.0000000000005 131.00000000000009 26.50000000000046
    vertex 214.00000000000045 135.47888800000013 26.50000000000046
    vertex 214.00000000000045 131.00000000000009 26.50000000000046
  endloop
endfacet
facet normal -0.7933533402912331 0.6087614290087234 1.2615759143144078e-14
  outer loop
    vertex 28.61243556529846 5.300000000000112 39.650001525879055
    vertex 28.389949493661423 5.0100505063390965 33.65000152587903
    vertex 28.38994949366141 5.010050506338945 39.65000152587904
  endloop
endfacet
facet normal -0.7933533402912331 0.6087614290087234 1.2615759143144078e-14
  outer loop
    vertex 28.389949493661423 5.0100505063390965 33.65000152587903
    vertex 28.61243556529846 5.300000000000112 39.650001525879055
    vertex 28.61243556529847 5.300000000000263 33.650001525879034
  endloop
endfacet
facet normal 0.9914448613738119 -0.13052619222004 2.865461635717122e-28
  outer loop
    vertex 26.000000000000256 6.000000000000263 33.650001525879034
    vertex 26.047703843195546 6.362346663143639 39.65000152587907
    vertex 26.000000000000245 6.000000000000112 39.65000152587906
  endloop
endfacet
facet normal 0.9914448613738119 -0.13052619222004 2.865461635717122e-28
  outer loop
    vertex 26.047703843195546 6.362346663143639 39.65000152587907
    vertex 26.000000000000256 6.000000000000263 33.650001525879034
    vertex 26.047703843195556 6.362346663143787 33.65000152587905
  endloop
endfacet
facet normal -0.38268343236509433 0.9238795325112849 2.1851135811976944e-14
  outer loop
    vertex 27.762346663143774 4.647703843195416 39.650001525879034
    vertex 28.100000000000254 4.787564434702049 33.65000152587901
    vertex 27.762346663143784 4.6477038431955675 33.65000152587901
  endloop
endfacet
facet normal -0.38268343236509433 0.9238795325112849 2.1851135811976944e-14
  outer loop
    vertex 28.100000000000254 4.787564434702049 33.65000152587901
    vertex 27.762346663143774 4.647703843195416 39.650001525879034
    vertex 28.100000000000243 4.787564434701898 39.650001525879034
  endloop
endfacet
facet normal -0.923879532511287 0.3826834323650893 6.530397469343843e-15
  outer loop
    vertex 28.75229615680494 5.637653336856583 39.65000152587906
    vertex 28.61243556529847 5.300000000000263 33.650001525879034
    vertex 28.61243556529846 5.300000000000112 39.650001525879055
  endloop
endfacet
facet normal -0.923879532511287 0.3826834323650893 6.530397469343843e-15
  outer loop
    vertex 28.61243556529847 5.300000000000263 33.650001525879034
    vertex 28.75229615680494 5.637653336856583 39.65000152587906
    vertex 28.752296156804952 5.637653336856735 33.650001525879034
  endloop
endfacet
facet normal 0.1305261922200504 -0.9914448613738107 -2.4371775149210478e-14
  outer loop
    vertex 27.400000000000244 7.400000000000112 39.6500015258791
    vertex 27.037653336856724 7.352296156804955 33.650001525879084
    vertex 27.400000000000254 7.400000000000259 33.650001525879084
  endloop
endfacet
facet normal 0.1305261922200504 -0.9914448613738107 -2.4371775149210478e-14
  outer loop
    vertex 27.037653336856724 7.352296156804955 33.650001525879084
    vertex 27.400000000000244 7.400000000000112 39.6500015258791
    vertex 27.037653336856714 7.352296156804808 39.6500015258791
  endloop
endfacet
facet normal 0.7933533402912345 -0.6087614290087215 -1.2615759143144026e-14
  outer loop
    vertex 26.18756443470204 6.700000000000257 33.650001525879055
    vertex 26.410050506339076 6.989949493661278 39.650001525879084
    vertex 26.187564434702026 6.70000000000011 39.65000152587908
  endloop
endfacet
facet normal 0.7933533402912345 -0.6087614290087215 -1.2615759143144026e-14
  outer loop
    vertex 26.410050506339076 6.989949493661278 39.650001525879084
    vertex 26.18756443470204 6.700000000000257 33.650001525879055
    vertex 26.410050506339086 6.989949493661425 33.65000152587907
  endloop
endfacet
facet normal 0.9238795325112867 -0.38268343236509 -6.530397469343862e-15
  outer loop
    vertex 26.047703843195556 6.362346663143787 33.65000152587905
    vertex 26.187564434702026 6.70000000000011 39.65000152587908
    vertex 26.047703843195546 6.362346663143639 39.65000152587907
  endloop
endfacet
facet normal 0.9238795325112867 -0.38268343236509 -6.530397469343862e-15
  outer loop
    vertex 26.187564434702026 6.70000000000011 39.65000152587908
    vertex 26.047703843195556 6.362346663143787 33.65000152587905
    vertex 26.18756443470204 6.700000000000257 33.650001525879055
  endloop
endfacet
facet normal -0.1305261922200504 -0.9914448613738107 -2.5231518286287993e-14
  outer loop
    vertex 27.762346663143774 7.352296156804808 39.6500015258791
    vertex 27.400000000000254 7.400000000000259 33.650001525879084
    vertex 27.762346663143784 7.352296156804955 33.650001525879084
  endloop
endfacet
facet normal -0.1305261922200504 -0.9914448613738107 -2.5231518286287993e-14
  outer loop
    vertex 27.400000000000254 7.400000000000259 33.650001525879084
    vertex 27.762346663143774 7.352296156804808 39.6500015258791
    vertex 27.400000000000244 7.400000000000112 39.6500015258791
  endloop
endfacet
facet normal 0.991444861373812 0.13052619222003925 6.530397469343538e-15
  outer loop
    vertex 26.047703843195556 5.637653336856733 33.650001525879034
    vertex 26.000000000000245 6.000000000000112 39.65000152587906
    vertex 26.047703843195546 5.637653336856582 39.650001525879055
  endloop
endfacet
facet normal 0.991444861373812 0.13052619222003925 6.530397469343538e-15
  outer loop
    vertex 26.000000000000245 6.000000000000112 39.65000152587906
    vertex 26.047703843195556 5.637653336856733 33.650001525879034
    vertex 26.000000000000256 6.000000000000263 33.650001525879034
  endloop
endfacet
facet normal 0.9238795325112867 0.38268343236509 1.2615759143143993e-14
  outer loop
    vertex 26.18756443470204 5.300000000000263 33.65000152587903
    vertex 26.047703843195546 5.637653336856582 39.650001525879055
    vertex 26.187564434702026 5.300000000000111 39.65000152587904
  endloop
endfacet
facet normal 0.9238795325112867 0.38268343236509 1.2615759143143993e-14
  outer loop
    vertex 26.047703843195546 5.637653336856582 39.650001525879055
    vertex 26.18756443470204 5.300000000000263 33.65000152587903
    vertex 26.047703843195556 5.637653336856733 33.650001525879034
  endloop
endfacet
facet normal 0.7933533402912331 0.6087614290087234 1.784137767986667e-14
  outer loop
    vertex 26.410050506339086 5.010050506339096 33.65000152587901
    vertex 26.187564434702026 5.300000000000111 39.65000152587904
    vertex 26.410050506339076 5.010050506338945 39.650001525879034
  endloop
endfacet
facet normal 0.7933533402912331 0.6087614290087234 1.784137767986667e-14
  outer loop
    vertex 26.187564434702026 5.300000000000111 39.65000152587904
    vertex 26.410050506339086 5.010050506339096 33.65000152587901
    vertex 26.18756443470204 5.300000000000263 33.65000152587903
  endloop
endfacet
facet normal 0.3826834323650927 0.9238795325112856 2.4371775149210444e-14
  outer loop
    vertex 26.700000000000244 4.787564434701897 39.650001525879034
    vertex 27.037653336856724 4.6477038431955675 33.65000152587901
    vertex 26.700000000000255 4.787564434702048 33.65000152587901
  endloop
endfacet
facet normal 0.3826834323650927 0.9238795325112856 2.4371775149210444e-14
  outer loop
    vertex 27.037653336856724 4.6477038431955675 33.65000152587901
    vertex 26.700000000000244 4.787564434701897 39.650001525879034
    vertex 27.037653336856714 4.647703843195416 39.650001525879034
  endloop
endfacet
facet normal 0.6087614290087191 -0.7933533402912365 -1.7841377679866655e-14
  outer loop
    vertex 26.700000000000244 7.2124355652983265 39.65000152587909
    vertex 26.410050506339086 6.989949493661425 33.65000152587907
    vertex 26.700000000000255 7.212435565298473 33.65000152587907
  endloop
endfacet
facet normal 0.6087614290087191 -0.7933533402912365 -1.7841377679866655e-14
  outer loop
    vertex 26.410050506339086 6.989949493661425 33.65000152587907
    vertex 26.700000000000244 7.2124355652983265 39.65000152587909
    vertex 26.410050506339076 6.989949493661278 39.650001525879084
  endloop
endfacet
facet normal 0.1305261922200504 0.9914448613738107 2.5231518286287993e-14
  outer loop
    vertex 27.037653336856714 4.647703843195416 39.650001525879034
    vertex 27.400000000000254 4.600000000000263 33.65000152587901
    vertex 27.037653336856724 4.6477038431955675 33.65000152587901
  endloop
endfacet
facet normal 0.1305261922200504 0.9914448613738107 2.5231518286287993e-14
  outer loop
    vertex 27.400000000000254 4.600000000000263 33.65000152587901
    vertex 27.037653336856714 4.647703843195416 39.650001525879034
    vertex 27.400000000000244 4.6000000000001116 39.650001525879034
  endloop
endfacet
facet normal 0.6087614290087179 0.7933533402912373 2.1851135811977042e-14
  outer loop
    vertex 26.410050506339076 5.010050506338945 39.650001525879034
    vertex 26.700000000000255 4.787564434702048 33.65000152587901
    vertex 26.410050506339086 5.010050506339096 33.65000152587901
  endloop
endfacet
facet normal 0.6087614290087179 0.7933533402912373 2.1851135811977042e-14
  outer loop
    vertex 26.700000000000255 4.787564434702048 33.65000152587901
    vertex 26.410050506339076 5.010050506338945 39.650001525879034
    vertex 26.700000000000244 4.787564434701897 39.650001525879034
  endloop
endfacet
facet normal -0.1305261922200504 0.9914448613738107 2.4371775149210478e-14
  outer loop
    vertex 27.400000000000244 4.6000000000001116 39.650001525879034
    vertex 27.762346663143784 4.6477038431955675 33.65000152587901
    vertex 27.400000000000254 4.600000000000263 33.65000152587901
  endloop
endfacet
facet normal -0.1305261922200504 0.9914448613738107 2.4371775149210478e-14
  outer loop
    vertex 27.762346663143784 4.6477038431955675 33.65000152587901
    vertex 27.400000000000244 4.6000000000001116 39.650001525879034
    vertex 27.762346663143774 4.647703843195416 39.650001525879034
  endloop
endfacet
facet normal -0.6087614290087179 0.7933533402912373 1.784137767986668e-14
  outer loop
    vertex 28.100000000000243 4.787564434701898 39.650001525879034
    vertex 28.389949493661423 5.0100505063390965 33.65000152587903
    vertex 28.100000000000254 4.787564434702049 33.65000152587901
  endloop
endfacet
facet normal -0.6087614290087179 0.7933533402912373 1.784137767986668e-14
  outer loop
    vertex 28.389949493661423 5.0100505063390965 33.65000152587903
    vertex 28.100000000000243 4.787564434701898 39.650001525879034
    vertex 28.38994949366141 5.010050506338945 39.65000152587904
  endloop
endfacet
facet normal 0.3826834323650927 -0.9238795325112856 -2.185113581197697e-14
  outer loop
    vertex 27.037653336856724 7.352296156804955 33.650001525879084
    vertex 26.700000000000244 7.2124355652983265 39.65000152587909
    vertex 26.700000000000255 7.212435565298473 33.65000152587907
  endloop
endfacet
facet normal 0.3826834323650927 -0.9238795325112856 -2.185113581197697e-14
  outer loop
    vertex 26.700000000000244 7.2124355652983265 39.65000152587909
    vertex 27.037653336856724 7.352296156804955 33.650001525879084
    vertex 27.037653336856714 7.352296156804808 39.6500015258791
  endloop
endfacet
facet normal -0.3826834323650927 -0.9238795325112856 -2.4371775149210444e-14
  outer loop
    vertex 28.100000000000243 7.2124355652983265 39.6500015258791
    vertex 27.762346663143784 7.352296156804955 33.650001525879084
    vertex 28.100000000000254 7.212435565298473 33.650001525879084
  endloop
endfacet
facet normal -0.3826834323650927 -0.9238795325112856 -2.4371775149210444e-14
  outer loop
    vertex 27.762346663143784 7.352296156804955 33.650001525879084
    vertex 28.100000000000243 7.2124355652983265 39.6500015258791
    vertex 27.762346663143774 7.352296156804808 39.6500015258791
  endloop
endfacet
facet normal -0.9914448613738122 -0.13052619222003953 -6.530397469343544e-15
  outer loop
    vertex 28.75229615680494 6.362346663143641 39.65000152587908
    vertex 28.800000000000253 6.000000000000263 33.65000152587905
    vertex 28.80000000000024 6.000000000000112 39.65000152587907
  endloop
endfacet
facet normal -0.9914448613738122 -0.13052619222003953 -6.530397469343544e-15
  outer loop
    vertex 28.800000000000253 6.000000000000263 33.65000152587905
    vertex 28.75229615680494 6.362346663143641 39.65000152587908
    vertex 28.752296156804952 6.3623466631437875 33.650001525879055
  endloop
endfacet
facet normal -0.6087614290087191 -0.7933533402912365 -2.185113581197703e-14
  outer loop
    vertex 28.38994949366141 6.989949493661278 39.65000152587909
    vertex 28.100000000000254 7.212435565298473 33.650001525879084
    vertex 28.389949493661423 6.989949493661425 33.65000152587907
  endloop
endfacet
facet normal -0.6087614290087191 -0.7933533402912365 -2.185113581197703e-14
  outer loop
    vertex 28.100000000000254 7.212435565298473 33.650001525879084
    vertex 28.38994949366141 6.989949493661278 39.65000152587909
    vertex 28.100000000000243 7.2124355652983265 39.6500015258791
  endloop
endfacet
facet normal -0.991444861373812 0.13052619222003978 -2.9297096544551685e-28
  outer loop
    vertex 28.80000000000024 6.000000000000112 39.65000152587907
    vertex 28.752296156804952 5.637653336856735 33.650001525879034
    vertex 28.75229615680494 5.637653336856583 39.65000152587906
  endloop
endfacet
facet normal -0.991444861373812 0.13052619222003978 -2.9297096544551685e-28
  outer loop
    vertex 28.752296156804952 5.637653336856735 33.650001525879034
    vertex 28.80000000000024 6.000000000000112 39.65000152587907
    vertex 28.800000000000253 6.000000000000263 33.65000152587905
  endloop
endfacet
facet normal -0.9238795325112867 -0.38268343236509 -1.2615759143143993e-14
  outer loop
    vertex 28.61243556529846 6.700000000000112 39.650001525879084
    vertex 28.752296156804952 6.3623466631437875 33.650001525879055
    vertex 28.75229615680494 6.362346663143641 39.65000152587908
  endloop
endfacet
facet normal -0.9238795325112867 -0.38268343236509 -1.2615759143143993e-14
  outer loop
    vertex 28.752296156804952 6.3623466631437875 33.650001525879055
    vertex 28.61243556529846 6.700000000000112 39.650001525879084
    vertex 28.61243556529847 6.700000000000259 33.65000152587907
  endloop
endfacet
facet normal -0.7933533402912331 -0.6087614290087234 -1.784137767986667e-14
  outer loop
    vertex 28.38994949366141 6.989949493661278 39.65000152587909
    vertex 28.61243556529847 6.700000000000259 33.65000152587907
    vertex 28.61243556529846 6.700000000000112 39.650001525879084
  endloop
endfacet
facet normal -0.7933533402912331 -0.6087614290087234 -1.784137767986667e-14
  outer loop
    vertex 28.61243556529847 6.700000000000259 33.65000152587907
    vertex 28.38994949366141 6.989949493661278 39.65000152587909
    vertex 28.389949493661423 6.989949493661425 33.65000152587907
  endloop
endfacet
facet normal 0.0 -0.9914448613738112 -0.13052619222004552
  outer loop
    vertex 108.00000000000021 25.89777747886721 21.276457135308025
    vertex 105.00000000000017 25.999999999999996 20.50000000000047
    vertex 108.00000000000021 25.999999999999996 20.50000000000047
  endloop
endfacet
facet normal 0.0 -0.9914448613738112 -0.13052619222004552
  outer loop
    vertex 105.00000000000017 25.999999999999996 20.50000000000047
    vertex 108.00000000000021 25.89777747886721 21.276457135308025
    vertex 105.00000000000017 25.89777747886721 21.276457135308025
  endloop
endfacet
facet normal 0.0 0.9238797996362279 0.38268278746779766
  outer loop
    vertex 108.00000000000021 110.85792541503908 25.38500785827683
    vertex 113.00000000000016 111.02775573730479 24.97500038147019
    vertex 108.00000000000021 111.02775573730479 24.97500038147019
  endloop
endfacet
facet normal 0.0 0.9238797996362279 0.38268278746779766
  outer loop
    vertex 113.00000000000016 111.02775573730479 24.97500038147019
    vertex 108.00000000000021 110.85792541503908 25.38500785827683
    vertex 113.00000000000016 110.85792541503908 25.38500785827683
  endloop
endfacet
facet normal 0.0 -0.7933508640311188 0.6087646561201443
  outer loop
    vertex 113.00000000000016 113.97224426269538 24.97500038147019
    vertex 108.00000000000021 113.7020797729492 24.622918128967747
    vertex 113.00000000000016 113.7020797729492 24.622918128967747
  endloop
endfacet
facet normal 0.0 -0.7933508640311188 0.6087646561201443
  outer loop
    vertex 108.00000000000021 113.7020797729492 24.622918128967747
    vertex 113.00000000000016 113.97224426269538 24.97500038147019
    vertex 108.00000000000021 113.97224426269538 24.97500038147019
  endloop
endfacet
facet normal 0.0 0.1305261922200597 0.9914448613738094
  outer loop
    vertex 108.00000000000021 111.72354286469255 22.92722328407271
    vertex 105.00000000000017 112.50000000000011 22.825000762939908
    vertex 105.00000000000017 111.72354286469255 22.92722328407271
  endloop
endfacet
facet normal 0.0 0.1305261922200597 0.9914448613738094
  outer loop
    vertex 105.00000000000017 112.50000000000011 22.825000762939908
    vertex 108.00000000000021 111.72354286469255 22.92722328407271
    vertex 108.00000000000021 112.50000000000011 22.825000762939908
  endloop
endfacet
facet normal 0.0 -0.6087614290087033 -0.7933533402912485
  outer loop
    vertex 108.00000000000021 114.62132034355972 27.946321106499553
    vertex 105.00000000000017 114.00000000000004 28.423076974293227
    vertex 105.00000000000017 114.62132034355972 27.946321106499553
  endloop
endfacet
facet normal 0.0 -0.6087614290087033 -0.7933533402912485
  outer loop
    vertex 105.00000000000017 114.00000000000004 28.423076974293227
    vertex 108.00000000000021 114.62132034355972 27.946321106499553
    vertex 108.00000000000021 114.00000000000004 28.423076974293227
  endloop
endfacet
facet normal 0.0 0.9238797996362315 -0.38268278746778855
  outer loop
    vertex 108.00000000000021 111.02775573730479 26.674999237061016
    vertex 113.00000000000016 110.85792541503908 26.264991760254365
    vertex 108.00000000000021 110.85792541503908 26.264991760254365
  endloop
endfacet
facet normal 0.0 0.9238797996362315 -0.38268278746778855
  outer loop
    vertex 113.00000000000016 110.85792541503908 26.264991760254365
    vertex 108.00000000000021 111.02775573730479 26.674999237061016
    vertex 113.00000000000016 111.02775573730479 26.674999237061016
  endloop
endfacet
facet normal 0.0 -0.8526402287162415 0.5224984596864526
  outer loop
    vertex 113.00000000000016 1.336881041526822 29.11449623107956
    vertex 110.0000000000002 0.7629543542862116 28.177932739258267
    vertex 113.00000000000016 0.7629543542862116 28.177932739258267
  endloop
endfacet
facet normal 0.0 -0.8526402287162415 0.5224984596864526
  outer loop
    vertex 110.0000000000002 0.7629543542862116 28.177932739258267
    vertex 113.00000000000016 1.336881041526822 29.11449623107956
    vertex 110.0000000000002 1.336881041526822 29.11449623107956
  endloop
endfacet
facet normal 0.0 -0.7604060673309619 0.6494479292185485
  outer loop
    vertex 113.00000000000016 2.0502524375915447 29.949747085571747
    vertex 110.0000000000002 1.336881041526822 29.11449623107956
    vertex 113.00000000000016 1.336881041526822 29.11449623107956
  endloop
endfacet
facet normal 0.0 -0.7604060673309619 0.6494479292185485
  outer loop
    vertex 110.0000000000002 1.336881041526822 29.11449623107956
    vertex 113.00000000000016 2.0502524375915447 29.949747085571747
    vertex 110.0000000000002 2.0502524375915447 29.949747085571747
  endloop
endfacet
facet normal -4.298151839654147e-16 0.793348634152542 0.6087675621189883
  outer loop
    vertex 1.8047785488306544e-13 134.91421508789097 42.064212799072266
    vertex 113.00000000000016 135.23205566406259 41.650001525879375
    vertex 1.8047785488306544e-13 135.23205566406273 41.650001525878906
  endloop
endfacet
facet normal -4.298151839654147e-16 0.793348634152542 0.6087675621189883
  outer loop
    vertex 113.00000000000016 135.23205566406259 41.650001525879375
    vertex 1.8047785488306544e-13 134.91421508789097 42.064212799072266
    vertex 113.00000000000016 134.91421508789082 42.06421279907273
  endloop
endfacet
facet normal 0.0 0.38268343236508295 0.9238795325112895
  outer loop
    vertex 108.00000000000021 111.00000000000009 23.226924551586603
    vertex 105.00000000000017 111.72354286469255 22.92722328407271
    vertex 105.00000000000017 111.00000000000009 23.226924551586603
  endloop
endfacet
facet normal 0.0 0.38268343236508295 0.9238795325112895
  outer loop
    vertex 105.00000000000017 111.72354286469255 22.92722328407271
    vertex 108.00000000000021 111.00000000000009 23.226924551586603
    vertex 108.00000000000021 111.72354286469255 22.92722328407271
  endloop
endfacet
facet normal 0.0 0.13052619222004552 -0.9914448613738112
  outer loop
    vertex 108.00000000000021 112.50000000000011 28.8250007629399
    vertex 105.00000000000017 111.72354286469255 28.72277824180711
    vertex 105.00000000000017 112.50000000000011 28.8250007629399
  endloop
endfacet
facet normal 0.0 0.13052619222004552 -0.9914448613738112
  outer loop
    vertex 105.00000000000017 111.72354286469255 28.72277824180711
    vertex 108.00000000000021 112.50000000000011 28.8250007629399
    vertex 108.00000000000021 111.72354286469255 28.72277824180711
  endloop
endfacet
facet normal 0.0 0.7933533402912464 0.6087614290087061
  outer loop
    vertex 105.00000000000017 109.90192378864681 24.325000762939904
    vertex 108.00000000000021 110.37867965644047 23.703680419380266
    vertex 105.00000000000017 110.37867965644047 23.703680419380266
  endloop
endfacet
facet normal 0.0 0.7933533402912464 0.6087614290087061
  outer loop
    vertex 108.00000000000021 110.37867965644047 23.703680419380266
    vertex 105.00000000000017 109.90192378864681 24.325000762939904
    vertex 108.00000000000021 109.90192378864681 24.325000762939904
  endloop
endfacet
facet normal 1.7281227376370122e-15 -0.9238818334655825 0.3826778773227865
  outer loop
    vertex 110.00000000000011 0.06814575195319462 41.16763687133836
    vertex 0.0 0.26794433593766537 41.650001525878935
    vertex 0.0 0.06814575195330742 41.16763687133792
  endloop
endfacet
facet normal 1.7281227376370122e-15 -0.9238818334655825 0.3826778773227865
  outer loop
    vertex 0.0 0.26794433593766537 41.650001525878935
    vertex 110.00000000000011 0.06814575195319462 41.16763687133836
    vertex 110.00000000000011 0.26794433593755257 41.650001525879375
  endloop
endfacet
facet normal 0.0 -0.13052619222005302 -0.9914448613738103
  outer loop
    vertex 108.00000000000021 113.27645713530762 28.72277824180711
    vertex 105.00000000000017 112.50000000000011 28.8250007629399
    vertex 105.00000000000017 113.27645713530762 28.72277824180711
  endloop
endfacet
facet normal 0.0 -0.13052619222005302 -0.9914448613738103
  outer loop
    vertex 105.00000000000017 112.50000000000011 28.8250007629399
    vertex 108.00000000000021 113.27645713530762 28.72277824180711
    vertex 108.00000000000021 112.50000000000011 28.8250007629399
  endloop
endfacet
facet normal 0.0 -0.7933533402912377 0.6087614290087173
  outer loop
    vertex 108.00000000000021 25.598076211353302 19.00000000000047
    vertex 105.00000000000017 25.121320343559628 18.37867965644082
    vertex 108.00000000000021 25.121320343559628 18.37867965644082
  endloop
endfacet
facet normal 0.0 -0.7933533402912377 0.6087614290087173
  outer loop
    vertex 105.00000000000017 25.121320343559628 18.37867965644082
    vertex 108.00000000000021 25.598076211353302 19.00000000000047
    vertex 105.00000000000017 25.598076211353302 19.00000000000047
  endloop
endfacet
facet normal 0.0 0.9914448613738116 0.13052619222004366
  outer loop
    vertex 105.00000000000017 20.000000000000007 20.50000000000047
    vertex 108.00000000000021 20.1022225211328 19.7235428646929
    vertex 105.00000000000017 20.1022225211328 19.7235428646929
  endloop
endfacet
facet normal 0.0 0.9914448613738116 0.13052619222004366
  outer loop
    vertex 108.00000000000021 20.1022225211328 19.7235428646929
    vertex 105.00000000000017 20.000000000000007 20.50000000000047
    vertex 108.00000000000021 20.000000000000007 20.50000000000047
  endloop
endfacet
facet normal -1.0 0.0 0.0
  outer loop
    vertex 108.00000000000021 20.1022225211328 21.276457135308025
    vertex 108.00000000000021 20.1022225211328 19.7235428646929
    vertex 108.00000000000021 20.000000000000007 20.50000000000047
  endloop
endfacet
facet normal -1.0 0.0 0.0
  outer loop
    vertex 108.00000000000021 20.1022225211328 19.7235428646929
    vertex 108.00000000000021 20.1022225211328 21.276457135308025
    vertex 108.00000000000021 20.40192378864668 22.000000000000465
  endloop
endfacet
facet normal -1.0 0.0 0.0
  outer loop
    vertex 108.00000000000021 20.1022225211328 19.7235428646929
    vertex 108.00000000000021 20.40192378864668 22.000000000000465
    vertex 108.00000000000021 20.40192378864668 19.00000000000047
  endloop
endfacet
facet normal -1.0 0.0 0.0
  outer loop
    vertex 108.00000000000021 20.40192378864668 19.00000000000047
    vertex 108.00000000000021 20.40192378864668 22.000000000000465
    vertex 108.00000000000021 20.878679656440355 22.621320343560104
  endloop
endfacet
facet normal -1.0 0.0 0.0
  outer loop
    vertex 108.00000000000021 20.40192378864668 19.00000000000047
    vertex 108.00000000000021 20.878679656440355 22.621320343560104
    vertex 108.00000000000021 20.878679656440355 18.37867965644082
  endloop
endfacet
facet normal -1.0 0.0 0.0
  outer loop
    vertex 108.00000000000021 20.878679656440355 18.37867965644082
    vertex 108.00000000000021 20.878679656440355 22.621320343560104
    vertex 108.00000000000021 21.500000000000007 23.098076211353778
  endloop
endfacet
facet normal -1.0 0.0 0.0
  outer loop
    vertex 108.00000000000021 20.878679656440355 18.37867965644082
    vertex 108.00000000000021 21.500000000000007 23.098076211353778
    vertex 108.00000000000021 21.29999923706058 20.50000000000047
  endloop
endfacet
facet normal -1.0 0.0 0.0
  outer loop
    vertex 108.00000000000021 21.29999923706058 20.50000000000047
    vertex 108.00000000000021 21.500000000000007 23.098076211353778
    vertex 108.00000000000021 21.357925415039062 20.939991950989228
  endloop
endfacet
facet normal -1.0 0.0 0.0
  outer loop
    vertex 108.00000000000021 21.357925415039062 20.939991950989228
    vertex 108.00000000000021 21.500000000000007 23.098076211353778
    vertex 108.00000000000021 21.527757644653313 21.350000381470192
  endloop
endfacet
facet normal -1.0 0.0 0.0
  outer loop
    vertex 108.00000000000021 21.527757644653313 21.350000381470192
    vertex 108.00000000000021 21.500000000000007 23.098076211353778
    vertex 108.00000000000021 22.223542864692448 23.39777747886767
  endloop
endfacet
facet normal -1.0 0.0 0.0
  outer loop
    vertex 108.00000000000021 21.527757644653313 21.350000381470192
    vertex 108.00000000000021 22.223542864692448 23.39777747886767
    vertex 108.00000000000021 21.79791831970215 21.70208168029831
  endloop
endfacet
facet normal -1.0 0.0 0.0
  outer loop
    vertex 108.00000000000021 21.79791831970215 21.70208168029831
    vertex 108.00000000000021 22.223542864692448 23.39777747886767
    vertex 108.00000000000021 22.14999961853029 21.97224330902146
  endloop
endfacet
facet normal -1.0 0.0 0.0
  outer loop
    vertex 108.00000000000021 22.14999961853029 21.97224330902146
    vertex 108.00000000000021 22.223542864692448 23.39777747886767
    vertex 108.00000000000021 22.560007095336918 22.142073631287083
  endloop
endfacet
facet normal -1.0 0.0 0.0
  outer loop
    vertex 108.00000000000021 22.560007095336918 22.142073631287083
    vertex 108.00000000000021 22.223542864692448 23.39777747886767
    vertex 108.00000000000021 23.000000000000004 23.500000000000462
  endloop
endfacet
facet normal -1.0 0.0 0.0
  outer loop
    vertex 108.00000000000021 22.560007095336918 22.142073631287083
    vertex 108.00000000000021 23.000000000000004 23.500000000000462
    vertex 108.00000000000021 23.000000000000004 22.199999809265602
  endloop
endfacet
facet normal -1.0 0.0 0.0
  outer loop
    vertex 108.00000000000021 23.000000000000004 22.199999809265602
    vertex 108.00000000000021 23.000000000000004 23.500000000000462
    vertex 108.00000000000021 23.77645713530756 23.39777747886767
  endloop
endfacet
facet normal -1.0 0.0 0.0
  outer loop
    vertex 108.00000000000021 23.000000000000004 22.199999809265602
    vertex 108.00000000000021 23.77645713530756 23.39777747886767
    vertex 108.00000000000021 23.439992904663086 22.142073631287083
  endloop
endfacet
facet normal -1.0 0.0 0.0
  outer loop
    vertex 108.00000000000021 23.439992904663086 22.142073631287083
    vertex 108.00000000000021 23.77645713530756 23.39777747886767
    vertex 108.00000000000021 23.850000381469716 21.97224330902146
  endloop
endfacet
facet normal -1.0 0.0 0.0
  outer loop
    vertex 108.00000000000021 23.850000381469716 21.97224330902146
    vertex 108.00000000000021 23.77645713530756 23.39777747886767
    vertex 108.00000000000021 24.5 23.098076211353778
  endloop
endfacet
facet normal -1.0 0.0 0.0
  outer loop
    vertex 108.00000000000021 23.850000381469716 21.97224330902146
    vertex 108.00000000000021 24.5 23.098076211353778
    vertex 108.00000000000021 24.20208168029786 21.70208168029831
  endloop
endfacet
facet normal -1.0 0.0 0.0
  outer loop
    vertex 108.00000000000021 24.20208168029786 21.70208168029831
    vertex 108.00000000000021 24.5 23.098076211353778
    vertex 108.00000000000021 24.472242355346694 21.350000381470192
  endloop
endfacet
facet normal -1.0 0.0 0.0
  outer loop
    vertex 108.00000000000021 24.472242355346694 21.350000381470192
    vertex 108.00000000000021 24.5 23.098076211353778
    vertex 108.00000000000021 24.64207458496094 20.939991950989228
  endloop
endfacet
facet normal -1.0 0.0 0.0
  outer loop
    vertex 108.00000000000021 24.64207458496094 20.939991950989228
    vertex 108.00000000000021 24.5 23.098076211353778
    vertex 108.00000000000021 25.121320343559653 22.621320343560104
  endloop
endfacet
facet normal -1.0 0.0 0.0
  outer loop
    vertex 108.00000000000021 24.64207458496094 20.939991950989228
    vertex 108.00000000000021 25.121320343559653 22.621320343560104
    vertex 108.00000000000021 24.70000076293943 20.50000000000047
  endloop
endfacet
facet normal -1.0 0.0 0.0
  outer loop
    vertex 108.00000000000021 24.70000076293943 20.50000000000047
    vertex 108.00000000000021 25.121320343559653 22.621320343560104
    vertex 108.00000000000021 25.121320343559628 18.37867965644082
  endloop
endfacet
facet normal -1.0 0.0 0.0
  outer loop
    vertex 108.00000000000021 25.121320343559628 18.37867965644082
    vertex 108.00000000000021 25.121320343559653 22.621320343560104
    vertex 108.00000000000021 25.598076211353302 19.00000000000047
  endloop
endfacet
facet normal -1.0 0.0 0.0
  outer loop
    vertex 108.00000000000021 25.598076211353302 19.00000000000047
    vertex 108.00000000000021 25.121320343559653 22.621320343560104
    vertex 108.00000000000021 25.598076211353302 22.000000000000465
  endloop
endfacet
facet normal -1.0 0.0 0.0
  outer loop
    vertex 108.00000000000021 25.598076211353302 19.00000000000047
    vertex 108.00000000000021 25.598076211353302 22.000000000000465
    vertex 108.00000000000021 25.89777747886721 21.276457135308025
  endloop
endfacet
facet normal -1.0 0.0 0.0
  outer loop
    vertex 108.00000000000021 25.598076211353302 19.00000000000047
    vertex 108.00000000000021 25.89777747886721 21.276457135308025
    vertex 108.00000000000021 25.89777747886721 19.7235428646929
  endloop
endfacet
facet normal -1.0 0.0 0.0
  outer loop
    vertex 108.00000000000021 25.89777747886721 19.7235428646929
    vertex 108.00000000000021 25.89777747886721 21.276457135308025
    vertex 108.00000000000021 25.999999999999996 20.50000000000047
  endloop
endfacet
facet normal -1.0 0.0 0.0
  outer loop
    vertex 108.00000000000021 21.29999923706058 20.50000000000047
    vertex 108.00000000000021 21.500000000000007 17.901923788647142
    vertex 108.00000000000021 20.878679656440355 18.37867965644082
  endloop
endfacet
facet normal -1.0 0.0 0.0
  outer loop
    vertex 108.00000000000021 21.500000000000007 17.901923788647142
    vertex 108.00000000000021 21.29999923706058 20.50000000000047
    vertex 108.00000000000021 21.357925415039062 20.060008049011696
  endloop
endfacet
facet normal -1.0 0.0 0.0
  outer loop
    vertex 108.00000000000021 21.500000000000007 17.901923788647142
    vertex 108.00000000000021 21.357925415039062 20.060008049011696
    vertex 108.00000000000021 21.527757644653313 19.64999961853073
  endloop
endfacet
facet normal -1.0 0.0 0.0
  outer loop
    vertex 108.00000000000021 21.500000000000007 17.901923788647142
    vertex 108.00000000000021 21.527757644653313 19.64999961853073
    vertex 108.00000000000021 22.223542864692423 17.602222521133264
  endloop
endfacet
facet normal -1.0 0.0 0.0
  outer loop
    vertex 108.00000000000021 22.223542864692423 17.602222521133264
    vertex 108.00000000000021 21.527757644653313 19.64999961853073
    vertex 108.00000000000021 21.79791831970215 19.297918319702614
  endloop
endfacet
facet normal -1.0 0.0 0.0
  outer loop
    vertex 108.00000000000021 22.223542864692423 17.602222521133264
    vertex 108.00000000000021 21.79791831970215 19.297918319702614
    vertex 108.00000000000021 22.14999961853029 19.027756690979462
  endloop
endfacet
facet normal -1.0 0.0 0.0
  outer loop
    vertex 108.00000000000021 22.223542864692423 17.602222521133264
    vertex 108.00000000000021 22.14999961853029 19.027756690979462
    vertex 108.00000000000021 22.560007095336918 18.85792636871384
  endloop
endfacet
facet normal -1.0 0.0 0.0
  outer loop
    vertex 108.00000000000021 22.223542864692423 17.602222521133264
    vertex 108.00000000000021 22.560007095336918 18.85792636871384
    vertex 108.00000000000021 23.000000000000004 17.500000000000462
  endloop
endfacet
facet normal -1.0 0.0 0.0
  outer loop
    vertex 108.00000000000021 23.000000000000004 17.500000000000462
    vertex 108.00000000000021 22.560007095336918 18.85792636871384
    vertex 108.00000000000021 23.000000000000004 18.80000019073532
  endloop
endfacet
facet normal -1.0 0.0 0.0
  outer loop
    vertex 108.00000000000021 23.000000000000004 17.500000000000462
    vertex 108.00000000000021 23.000000000000004 18.80000019073532
    vertex 108.00000000000021 23.439992904663086 18.85792636871384
  endloop
endfacet
facet normal -1.0 0.0 0.0
  outer loop
    vertex 108.00000000000021 23.000000000000004 17.500000000000462
    vertex 108.00000000000021 23.439992904663086 18.85792636871384
    vertex 108.00000000000021 23.77645713530756 17.602222521133264
  endloop
endfacet
facet normal -1.0 0.0 0.0
  outer loop
    vertex 108.00000000000021 23.77645713530756 17.602222521133264
    vertex 108.00000000000021 23.439992904663086 18.85792636871384
    vertex 108.00000000000021 23.850000381469716 19.027756690979462
  endloop
endfacet
facet normal -1.0 0.0 0.0
  outer loop
    vertex 108.00000000000021 23.77645713530756 17.602222521133264
    vertex 108.00000000000021 23.850000381469716 19.027756690979462
    vertex 108.00000000000021 24.5 17.901923788647142
  endloop
endfacet
facet normal -1.0 0.0 0.0
  outer loop
    vertex 108.00000000000021 24.5 17.901923788647142
    vertex 108.00000000000021 23.850000381469716 19.027756690979462
    vertex 108.00000000000021 24.20208168029786 19.297918319702614
  endloop
endfacet
facet normal -1.0 0.0 0.0
  outer loop
    vertex 108.00000000000021 24.5 17.901923788647142
    vertex 108.00000000000021 24.20208168029786 19.297918319702614
    vertex 108.00000000000021 24.472242355346694 19.64999961853073
  endloop
endfacet
facet normal -1.0 0.0 0.0
  outer loop
    vertex 108.00000000000021 24.5 17.901923788647142
    vertex 108.00000000000021 24.472242355346694 19.64999961853073
    vertex 108.00000000000021 24.64207458496094 20.060008049011696
  endloop
endfacet
facet normal -1.0 0.0 0.0
  outer loop
    vertex 108.00000000000021 24.5 17.901923788647142
    vertex 108.00000000000021 24.64207458496094 20.060008049011696
    vertex 108.00000000000021 25.121320343559628 18.37867965644082
  endloop
endfacet
facet normal -1.0 0.0 0.0
  outer loop
    vertex 108.00000000000021 25.121320343559628 18.37867965644082
    vertex 108.00000000000021 24.64207458496094 20.060008049011696
    vertex 108.00000000000021 24.70000076293943 20.50000000000047
  endloop
endfacet
facet normal 0.0 -0.9238795325112803 -0.38268343236510544
  outer loop
    vertex 108.00000000000021 115.09807621135336 27.3250007629399
    vertex 105.00000000000017 115.39777747886727 26.60145789824746
    vertex 108.00000000000021 115.39777747886727 26.60145789824746
  endloop
endfacet
facet normal 0.0 -0.9238795325112803 -0.38268343236510544
  outer loop
    vertex 105.00000000000017 115.39777747886727 26.60145789824746
    vertex 108.00000000000021 115.09807621135336 27.3250007629399
    vertex 105.00000000000017 115.09807621135336 27.3250007629399
  endloop
endfacet
facet normal -1.0 0.0 0.0
  outer loop
    vertex 108.00000000000021 109.60222252113286 26.601457898247475
    vertex 108.00000000000021 109.60222252113286 25.048543627632345
    vertex 108.00000000000021 109.50000000000007 25.825000762939904
  endloop
endfacet
facet normal -1.0 0.0 0.0
  outer loop
    vertex 108.00000000000021 109.60222252113286 25.048543627632345
    vertex 108.00000000000021 109.60222252113286 26.601457898247475
    vertex 108.00000000000021 109.90192378864681 27.3250007629399
  endloop
endfacet
facet normal -1.0 0.0 0.0
  outer loop
    vertex 108.00000000000021 109.60222252113286 25.048543627632345
    vertex 108.00000000000021 109.90192378864681 27.3250007629399
    vertex 108.00000000000021 109.90192378864681 24.325000762939904
  endloop
endfacet
facet normal -1.0 0.0 0.0
  outer loop
    vertex 108.00000000000021 109.90192378864681 24.325000762939904
    vertex 108.00000000000021 109.90192378864681 27.3250007629399
    vertex 108.00000000000021 110.37867965644047 27.946321106499553
  endloop
endfacet
facet normal -1.0 0.0 0.0
  outer loop
    vertex 108.00000000000021 109.90192378864681 24.325000762939904
    vertex 108.00000000000021 110.37867965644047 27.946321106499553
    vertex 108.00000000000021 110.37867965644047 23.703680419380266
  endloop
endfacet
facet normal -1.0 0.0 0.0
  outer loop
    vertex 108.00000000000021 110.37867965644047 23.703680419380266
    vertex 108.00000000000021 110.37867965644047 27.946321106499553
    vertex 108.00000000000021 111.00000000000009 28.423076974293227
  endloop
endfacet
facet normal -1.0 0.0 0.0
  outer loop
    vertex 108.00000000000021 110.37867965644047 23.703680419380266
    vertex 108.00000000000021 111.00000000000009 28.423076974293227
    vertex 108.00000000000021 110.80000305175794 25.825000762939904
  endloop
endfacet
facet normal -1.0 0.0 0.0
  outer loop
    vertex 108.00000000000021 110.80000305175794 25.825000762939904
    vertex 108.00000000000021 111.00000000000009 28.423076974293227
    vertex 108.00000000000021 110.85792541503908 26.264991760254365
  endloop
endfacet
facet normal -1.0 0.0 0.0
  outer loop
    vertex 108.00000000000021 110.85792541503908 26.264991760254365
    vertex 108.00000000000021 111.00000000000009 28.423076974293227
    vertex 108.00000000000021 111.02775573730479 26.674999237061016
  endloop
endfacet
facet normal -1.0 0.0 0.0
  outer loop
    vertex 108.00000000000021 111.02775573730479 26.674999237061016
    vertex 108.00000000000021 111.00000000000009 28.423076974293227
    vertex 108.00000000000021 111.72354286469255 28.72277824180711
  endloop
endfacet
facet normal -1.0 0.0 0.0
  outer loop
    vertex 108.00000000000021 111.02775573730479 26.674999237061016
    vertex 108.00000000000021 111.72354286469255 28.72277824180711
    vertex 108.00000000000021 111.2979202270508 27.02708244323776
  endloop
endfacet
facet normal -1.0 0.0 0.0
  outer loop
    vertex 108.00000000000021 111.2979202270508 27.02708244323776
    vertex 108.00000000000021 111.72354286469255 28.72277824180711
    vertex 108.00000000000021 111.65000152587902 27.297243118286595
  endloop
endfacet
facet normal -1.0 0.0 0.0
  outer loop
    vertex 108.00000000000021 111.65000152587902 27.297243118286595
    vertex 108.00000000000021 111.72354286469255 28.72277824180711
    vertex 108.00000000000021 112.0600051879884 27.46707344055222
  endloop
endfacet
facet normal -1.0 0.0 0.0
  outer loop
    vertex 108.00000000000021 112.0600051879884 27.46707344055222
    vertex 108.00000000000021 111.72354286469255 28.72277824180711
    vertex 108.00000000000021 112.50000000000011 28.8250007629399
  endloop
endfacet
facet normal -1.0 0.0 0.0
  outer loop
    vertex 108.00000000000021 112.0600051879884 27.46707344055222
    vertex 108.00000000000021 112.50000000000011 28.8250007629399
    vertex 108.00000000000021 112.50000000000011 27.524999618530725
  endloop
endfacet
facet normal -1.0 0.0 0.0
  outer loop
    vertex 108.00000000000021 112.50000000000011 27.524999618530725
    vertex 108.00000000000021 112.50000000000011 28.8250007629399
    vertex 108.00000000000021 113.27645713530762 28.72277824180711
  endloop
endfacet
facet normal -1.0 0.0 0.0
  outer loop
    vertex 108.00000000000021 112.50000000000011 27.524999618530725
    vertex 108.00000000000021 113.27645713530762 28.72277824180711
    vertex 108.00000000000021 112.93999481201178 27.46707344055222
  endloop
endfacet
facet normal -1.0 0.0 0.0
  outer loop
    vertex 108.00000000000021 112.93999481201178 27.46707344055222
    vertex 108.00000000000021 113.27645713530762 28.72277824180711
    vertex 108.00000000000021 113.34999847412115 27.297243118286595
  endloop
endfacet
facet normal -1.0 0.0 0.0
  outer loop
    vertex 108.00000000000021 113.34999847412115 27.297243118286595
    vertex 108.00000000000021 113.27645713530762 28.72277824180711
    vertex 108.00000000000021 114.00000000000004 28.423076974293227
  endloop
endfacet
facet normal -1.0 0.0 0.0
  outer loop
    vertex 108.00000000000021 113.34999847412115 27.297243118286595
    vertex 108.00000000000021 114.00000000000004 28.423076974293227
    vertex 108.00000000000021 113.7020797729492 27.02708244323776
  endloop
endfacet
facet normal -1.0 0.0 0.0
  outer loop
    vertex 108.00000000000021 113.7020797729492 27.02708244323776
    vertex 108.00000000000021 114.00000000000004 28.423076974293227
    vertex 108.00000000000021 113.97224426269538 26.674999237061016
  endloop
endfacet
facet normal -1.0 0.0 0.0
  outer loop
    vertex 108.00000000000021 113.97224426269538 26.674999237061016
    vertex 108.00000000000021 114.00000000000004 28.423076974293227
    vertex 108.00000000000021 114.14207458496091 26.264991760254365
  endloop
endfacet
facet normal -1.0 0.0 0.0
  outer loop
    vertex 108.00000000000021 114.14207458496091 26.264991760254365
    vertex 108.00000000000021 114.00000000000004 28.423076974293227
    vertex 108.00000000000021 114.62132034355972 27.946321106499553
  endloop
endfacet
facet normal -1.0 0.0 0.0
  outer loop
    vertex 108.00000000000021 114.14207458496091 26.264991760254365
    vertex 108.00000000000021 114.62132034355972 27.946321106499553
    vertex 108.00000000000021 114.19999694824224 25.825000762939904
  endloop
endfacet
facet normal -1.0 0.0 0.0
  outer loop
    vertex 108.00000000000021 110.80000305175794 25.825000762939904
    vertex 108.00000000000021 111.00000000000009 23.226924551586603
    vertex 108.00000000000021 110.37867965644047 23.703680419380266
  endloop
endfacet
facet normal -1.0 0.0 0.0
  outer loop
    vertex 108.00000000000021 111.00000000000009 23.226924551586603
    vertex 108.00000000000021 110.80000305175794 25.825000762939904
    vertex 108.00000000000021 110.85792541503908 25.38500785827683
  endloop
endfacet
facet normal -1.0 0.0 0.0
  outer loop
    vertex 108.00000000000021 111.00000000000009 23.226924551586603
    vertex 108.00000000000021 110.85792541503908 25.38500785827683
    vertex 108.00000000000021 111.02775573730479 24.97500038147019
  endloop
endfacet
facet normal -1.0 0.0 0.0
  outer loop
    vertex 108.00000000000021 111.00000000000009 23.226924551586603
    vertex 108.00000000000021 111.02775573730479 24.97500038147019
    vertex 108.00000000000021 111.72354286469255 22.92722328407271
  endloop
endfacet
facet normal -1.0 0.0 0.0
  outer loop
    vertex 108.00000000000021 111.72354286469255 22.92722328407271
    vertex 108.00000000000021 111.02775573730479 24.97500038147019
    vertex 108.00000000000021 111.2979202270508 24.622918128967747
  endloop
endfacet
facet normal -1.0 0.0 0.0
  outer loop
    vertex 108.00000000000021 111.72354286469255 22.92722328407271
    vertex 108.00000000000021 111.2979202270508 24.622918128967747
    vertex 108.00000000000021 111.65000152587902 24.35275650024461
  endloop
endfacet
facet normal -1.0 0.0 0.0
  outer loop
    vertex 108.00000000000021 111.72354286469255 22.92722328407271
    vertex 108.00000000000021 111.65000152587902 24.35275650024461
    vertex 108.00000000000021 112.0600051879884 24.182926177978974
  endloop
endfacet
facet normal -1.0 0.0 0.0
  outer loop
    vertex 108.00000000000021 111.72354286469255 22.92722328407271
    vertex 108.00000000000021 112.0600051879884 24.182926177978974
    vertex 108.00000000000021 112.50000000000011 22.825000762939908
  endloop
endfacet
facet normal -1.0 0.0 0.0
  outer loop
    vertex 108.00000000000021 112.50000000000011 22.825000762939908
    vertex 108.00000000000021 112.0600051879884 24.182926177978974
    vertex 108.00000000000021 112.50000000000011 24.125000000000465
  endloop
endfacet
facet normal -1.0 0.0 0.0
  outer loop
    vertex 108.00000000000021 112.50000000000011 22.825000762939908
    vertex 108.00000000000021 112.50000000000011 24.125000000000465
    vertex 108.00000000000021 112.93999481201178 24.182926177978974
  endloop
endfacet
facet normal -1.0 0.0 0.0
  outer loop
    vertex 108.00000000000021 112.50000000000011 22.825000762939908
    vertex 108.00000000000021 112.93999481201178 24.182926177978974
    vertex 108.00000000000021 113.27645713530762 22.92722328407271
  endloop
endfacet
facet normal -1.0 0.0 0.0
  outer loop
    vertex 108.00000000000021 113.27645713530762 22.92722328407271
    vertex 108.00000000000021 112.93999481201178 24.182926177978974
    vertex 108.00000000000021 113.34999847412115 24.35275650024461
  endloop
endfacet
facet normal -1.0 0.0 0.0
  outer loop
    vertex 108.00000000000021 113.27645713530762 22.92722328407271
    vertex 108.00000000000021 113.34999847412115 24.35275650024461
    vertex 108.00000000000021 114.00000000000004 23.226924551586603
  endloop
endfacet
facet normal -1.0 0.0 0.0
  outer loop
    vertex 108.00000000000021 114.00000000000004 23.226924551586603
    vertex 108.00000000000021 113.34999847412115 24.35275650024461
    vertex 108.00000000000021 113.7020797729492 24.622918128967747
  endloop
endfacet
facet normal -1.0 0.0 0.0
  outer loop
    vertex 108.00000000000021 114.00000000000004 23.226924551586603
    vertex 108.00000000000021 113.7020797729492 24.622918128967747
    vertex 108.00000000000021 113.97224426269538 24.97500038147019
  endloop
endfacet
facet normal -1.0 0.0 0.0
  outer loop
    vertex 108.00000000000021 114.00000000000004 23.226924551586603
    vertex 108.00000000000021 113.97224426269538 24.97500038147019
    vertex 108.00000000000021 114.14207458496091 25.38500785827683
  endloop
endfacet
facet normal -1.0 0.0 0.0
  outer loop
    vertex 108.00000000000021 114.00000000000004 23.226924551586603
    vertex 108.00000000000021 114.14207458496091 25.38500785827683
    vertex 108.00000000000021 114.62132034355972 23.703680419380266
  endloop
endfacet
facet normal -1.0 0.0 0.0
  outer loop
    vertex 108.00000000000021 114.62132034355972 23.703680419380266
    vertex 108.00000000000021 114.14207458496091 25.38500785827683
    vertex 108.00000000000021 114.19999694824224 25.825000762939904
  endloop
endfacet
facet normal -1.0 0.0 0.0
  outer loop
    vertex 108.00000000000021 114.62132034355972 23.703680419380266
    vertex 108.00000000000021 114.19999694824224 25.825000762939904
    vertex 108.00000000000021 114.62132034355972 27.946321106499553
  endloop
endfacet
facet normal -1.0 0.0 0.0
  outer loop
    vertex 108.00000000000021 114.62132034355972 23.703680419380266
    vertex 108.00000000000021 114.62132034355972 27.946321106499553
    vertex 108.00000000000021 115.09807621135336 27.3250007629399
  endloop
endfacet
facet normal -1.0 0.0 0.0
  outer loop
    vertex 108.00000000000021 114.62132034355972 23.703680419380266
    vertex 108.00000000000021 115.09807621135336 27.3250007629399
    vertex 108.00000000000021 115.09807621135336 24.325000762939904
  endloop
endfacet
facet normal -1.0 0.0 0.0
  outer loop
    vertex 108.00000000000021 115.09807621135336 24.325000762939904
    vertex 108.00000000000021 115.09807621135336 27.3250007629399
    vertex 108.00000000000021 115.39777747886727 26.60145789824746
  endloop
endfacet
facet normal -1.0 0.0 0.0
  outer loop
    vertex 108.00000000000021 115.09807621135336 24.325000762939904
    vertex 108.00000000000021 115.39777747886727 26.60145789824746
    vertex 108.00000000000021 115.39777747886727 25.048543627632345
  endloop
endfacet
facet normal -1.0 0.0 0.0
  outer loop
    vertex 108.00000000000021 115.39777747886727 25.048543627632345
    vertex 108.00000000000021 115.39777747886727 26.60145789824746
    vertex 108.00000000000021 115.50000000000006 25.825000762939904
  endloop
endfacet
facet normal 0.6087614290087033 -0.7933533402912485 0.0
  outer loop
    vertex 91.82132015282478 77.67868041938021 6.000000000000035
    vertex 91.19999980926511 77.20192455158654 3.000000000000035
    vertex 91.82132015282478 77.67868041938021 3.000000000000035
  endloop
endfacet
facet normal 0.6087614290087033 -0.7933533402912485 0.0
  outer loop
    vertex 91.19999980926511 77.20192455158654 3.000000000000035
    vertex 91.82132015282478 77.67868041938021 6.000000000000035
    vertex 91.19999980926511 77.20192455158654 6.000000000000035
  endloop
endfacet
facet normal 0.9238795325113007 0.38268343236505625 0.0
  outer loop
    vertex 92.29807602061844 81.30000076293992 3.000000000000035
    vertex 92.59777728813229 80.57645789824747 6.000000000000035
    vertex 92.59777728813229 80.57645789824747 3.000000000000035
  endloop
endfacet
facet normal 0.9238795325113007 0.38268343236505625 0.0
  outer loop
    vertex 92.59777728813229 80.57645789824747 6.000000000000035
    vertex 92.29807602061844 81.30000076293992 3.000000000000035
    vertex 92.29807602061844 81.30000076293992 6.000000000000035
  endloop
endfacet
facet normal 0.7933533402912517 -0.6087614290086991 0.0
  outer loop
    vertex 92.29807602061844 78.30000076293987 3.000000000000035
    vertex 91.82132015282478 77.67868041938021 6.000000000000035
    vertex 91.82132015282478 77.67868041938021 3.000000000000035
  endloop
endfacet
facet normal 0.7933533402912517 -0.6087614290086991 0.0
  outer loop
    vertex 91.82132015282478 77.67868041938021 6.000000000000035
    vertex 92.29807602061844 78.30000076293987 3.000000000000035
    vertex 92.29807602061844 78.30000076293987 6.000000000000035
  endloop
endfacet
facet normal 0.3826834323651156 -0.9238795325112762 0.0
  outer loop
    vertex 91.19999980926511 77.20192455158654 6.000000000000035
    vertex 90.47645694457269 76.90222328407265 3.000000000000035
    vertex 91.19999980926511 77.20192455158654 3.000000000000035
  endloop
endfacet
facet normal 0.3826834323651156 -0.9238795325112762 0.0
  outer loop
    vertex 90.47645694457269 76.90222328407265 3.000000000000035
    vertex 91.19999980926511 77.20192455158654 6.000000000000035
    vertex 90.47645694457269 76.90222328407265 6.000000000000035
  endloop
endfacet
facet normal 0.9914448613738043 0.13052619222009842 0.0
  outer loop
    vertex 92.59777728813229 80.57645789824747 3.000000000000035
    vertex 92.69999980926512 79.80000076293989 6.000000000000035
    vertex 92.69999980926512 79.80000076293989 3.000000000000035
  endloop
endfacet
facet normal 0.9914448613738043 0.13052619222009842 0.0
  outer loop
    vertex 92.69999980926512 79.80000076293989 6.000000000000035
    vertex 92.59777728813229 80.57645789824747 3.000000000000035
    vertex 92.59777728813229 80.57645789824747 6.000000000000035
  endloop
endfacet
facet normal 0.9238795325113007 -0.38268343236505625 0.0
  outer loop
    vertex 92.59777728813229 79.02354362763231 3.000000000000035
    vertex 92.29807602061844 78.30000076293987 6.000000000000035
    vertex 92.29807602061844 78.30000076293987 3.000000000000035
  endloop
endfacet
facet normal 0.9238795325113007 -0.38268343236505625 0.0
  outer loop
    vertex 92.29807602061844 78.30000076293987 6.000000000000035
    vertex 92.59777728813229 79.02354362763231 3.000000000000035
    vertex 92.59777728813229 79.02354362763231 6.000000000000035
  endloop
endfacet
facet normal 0.0 0.6087614290087312 -0.7933533402912272
  outer loop
    vertex 108.00000000000021 111.00000000000009 28.423076974293227
    vertex 105.00000000000017 110.37867965644047 27.946321106499553
    vertex 105.00000000000017 111.00000000000009 28.423076974293227
  endloop
endfacet
facet normal 0.0 0.6087614290087312 -0.7933533402912272
  outer loop
    vertex 105.00000000000017 110.37867965644047 27.946321106499553
    vertex 108.00000000000021 111.00000000000009 28.423076974293227
    vertex 108.00000000000021 110.37867965644047 27.946321106499553
  endloop
endfacet
facet normal 0.0 -0.38268343236509106 -0.9238795325112864
  outer loop
    vertex 108.00000000000021 114.00000000000004 28.423076974293227
    vertex 105.00000000000017 113.27645713530762 28.72277824180711
    vertex 105.00000000000017 114.00000000000004 28.423076974293227
  endloop
endfacet
facet normal 0.0 -0.38268343236509106 -0.9238795325112864
  outer loop
    vertex 105.00000000000017 113.27645713530762 28.72277824180711
    vertex 108.00000000000021 114.00000000000004 28.423076974293227
    vertex 108.00000000000021 113.27645713530762 28.72277824180711
  endloop
endfacet
facet normal 0.0 0.38268343236509106 0.9238795325112864
  outer loop
    vertex 108.00000000000021 21.500000000000007 17.901923788647142
    vertex 105.00000000000017 22.223542864692423 17.602222521133264
    vertex 105.00000000000017 21.500000000000007 17.901923788647142
  endloop
endfacet
facet normal 0.0 0.38268343236509106 0.9238795325112864
  outer loop
    vertex 105.00000000000017 22.223542864692423 17.602222521133264
    vertex 108.00000000000021 21.500000000000007 17.901923788647142
    vertex 108.00000000000021 22.223542864692423 17.602222521133264
  endloop
endfacet
facet normal 0.9914448613738043 -0.13052619222009842 0.0
  outer loop
    vertex 92.69999980926512 79.80000076293989 3.000000000000035
    vertex 92.59777728813229 79.02354362763231 6.000000000000035
    vertex 92.59777728813229 79.02354362763231 3.000000000000035
  endloop
endfacet
facet normal 0.9914448613738043 -0.13052619222009842 0.0
  outer loop
    vertex 92.59777728813229 79.02354362763231 6.000000000000035
    vertex 92.69999980926512 79.80000076293989 3.000000000000035
    vertex 92.69999980926512 79.80000076293989 6.000000000000035
  endloop
endfacet
facet normal 0.13052619222003808 0.9914448613738123 0.0
  outer loop
    vertex 89.69999980926508 82.80000076293993 6.000000000000035
    vertex 90.47645694457269 82.69777824180714 3.000000000000035
    vertex 89.69999980926508 82.80000076293993 3.000000000000035
  endloop
endfacet
facet normal 0.13052619222003808 0.9914448613738123 0.0
  outer loop
    vertex 90.47645694457269 82.69777824180714 3.000000000000035
    vertex 89.69999980926508 82.80000076293993 6.000000000000035
    vertex 90.47645694457269 82.69777824180714 6.000000000000035
  endloop
endfacet
facet normal -0.9914448613738043 -0.13052619222009842 -0.0
  outer loop
    vertex 86.69999980926505 79.80000076293989 6.000000000000035
    vertex 86.80222233039788 79.02354362763231 3.000000000000035
    vertex 86.80222233039788 79.02354362763231 6.000000000000035
  endloop
endfacet
facet normal -0.9914448613738043 -0.13052619222009842 -0.0
  outer loop
    vertex 86.80222233039788 79.02354362763231 3.000000000000035
    vertex 86.69999980926505 79.80000076293989 6.000000000000035
    vertex 86.69999980926505 79.80000076293989 3.000000000000035
  endloop
endfacet
facet normal 0.3826834323651156 0.9238795325112762 0.0
  outer loop
    vertex 90.47645694457269 82.69777824180714 6.000000000000035
    vertex 91.19999980926511 82.39807697429323 3.000000000000035
    vertex 90.47645694457269 82.69777824180714 3.000000000000035
  endloop
endfacet
facet normal 0.3826834323651156 0.9238795325112762 0.0
  outer loop
    vertex 91.19999980926511 82.39807697429323 3.000000000000035
    vertex 90.47645694457269 82.69777824180714 6.000000000000035
    vertex 91.19999980926511 82.39807697429323 6.000000000000035
  endloop
endfacet
facet normal -0.9914448613738043 0.13052619222009842 0.0
  outer loop
    vertex 86.80222233039788 80.57645789824747 6.000000000000035
    vertex 86.69999980926505 79.80000076293989 3.000000000000035
    vertex 86.69999980926505 79.80000076293989 6.000000000000035
  endloop
endfacet
facet normal -0.9914448613738043 0.13052619222009842 0.0
  outer loop
    vertex 86.69999980926505 79.80000076293989 3.000000000000035
    vertex 86.80222233039788 80.57645789824747 6.000000000000035
    vertex 86.80222233039788 80.57645789824747 3.000000000000035
  endloop
endfacet
facet normal 0.6087614290087033 0.7933533402912485 0.0
  outer loop
    vertex 91.19999980926511 82.39807697429323 6.000000000000035
    vertex 91.82132015282478 81.92132110649956 3.000000000000035
    vertex 91.19999980926511 82.39807697429323 3.000000000000035
  endloop
endfacet
facet normal 0.6087614290087033 0.7933533402912485 0.0
  outer loop
    vertex 91.82132015282478 81.92132110649956 3.000000000000035
    vertex 91.19999980926511 82.39807697429323 6.000000000000035
    vertex 91.82132015282478 81.92132110649956 6.000000000000035
  endloop
endfacet
facet normal -0.9238795325113007 0.38268343236505625 0.0
  outer loop
    vertex 87.10192359791174 81.30000076293992 6.000000000000035
    vertex 86.80222233039788 80.57645789824747 3.000000000000035
    vertex 86.80222233039788 80.57645789824747 6.000000000000035
  endloop
endfacet
facet normal -0.9238795325113007 0.38268343236505625 0.0
  outer loop
    vertex 86.80222233039788 80.57645789824747 3.000000000000035
    vertex 87.10192359791174 81.30000076293992 6.000000000000035
    vertex 87.10192359791174 81.30000076293992 3.000000000000035
  endloop
endfacet
facet normal -0.6087614290087033 -0.7933533402912485 -0.0
  outer loop
    vertex 88.19999980926507 77.20192455158654 6.000000000000035
    vertex 87.57867946570539 77.67868041938021 3.000000000000035
    vertex 88.19999980926507 77.20192455158654 3.000000000000035
  endloop
endfacet
facet normal -0.6087614290087033 -0.7933533402912485 -0.0
  outer loop
    vertex 87.57867946570539 77.67868041938021 3.000000000000035
    vertex 88.19999980926507 77.20192455158654 6.000000000000035
    vertex 87.57867946570539 77.67868041938021 6.000000000000035
  endloop
endfacet
facet normal 0.0 0.0 1.0
  outer loop
    vertex 86.80222233039788 79.02354362763231 6.000000000000035
    vertex 86.80222233039788 80.57645789824747 6.000000000000035
    vertex 86.69999980926505 79.80000076293989 6.000000000000035
  endloop
endfacet
facet normal 0.0 0.0 1.0
  outer loop
    vertex 86.80222233039788 80.57645789824747 6.000000000000035
    vertex 86.80222233039788 79.02354362763231 6.000000000000035
    vertex 87.10192359791174 78.30000076293987 6.000000000000035
  endloop
endfacet
facet normal 0.0 0.0 1.0
  outer loop
    vertex 86.80222233039788 80.57645789824747 6.000000000000035
    vertex 87.10192359791174 78.30000076293987 6.000000000000035
    vertex 87.10192359791174 81.30000076293992 6.000000000000035
  endloop
endfacet
facet normal 0.0 0.0 1.0
  outer loop
    vertex 87.10192359791174 81.30000076293992 6.000000000000035
    vertex 87.10192359791174 78.30000076293987 6.000000000000035
    vertex 87.57867946570539 77.67868041938021 6.000000000000035
  endloop
endfacet
facet normal 0.0 0.0 1.0
  outer loop
    vertex 87.10192359791174 81.30000076293992 6.000000000000035
    vertex 87.57867946570539 77.67868041938021 6.000000000000035
    vertex 87.57867946570539 81.92132110649956 6.000000000000035
  endloop
endfacet
facet normal 0.0 0.0 1.0
  outer loop
    vertex 87.57867946570539 81.92132110649956 6.000000000000035
    vertex 87.57867946570539 77.67868041938021 6.000000000000035
    vertex 88.19999980926507 77.20192455158654 6.000000000000035
  endloop
endfacet
facet normal 0.0 0.0 1.0
  outer loop
    vertex 87.57867946570539 81.92132110649956 6.000000000000035
    vertex 88.19999980926507 77.20192455158654 6.000000000000035
    vertex 88.19999980926507 82.39807697429323 6.000000000000035
  endloop
endfacet
facet normal 0.0 0.0 1.0
  outer loop
    vertex 88.19999980926507 82.39807697429323 6.000000000000035
    vertex 88.19999980926507 77.20192455158654 6.000000000000035
    vertex 88.4499998092651 79.80000076293989 6.000000000000035
  endloop
endfacet
facet normal 0.0 0.0 1.0
  outer loop
    vertex 88.4499998092651 79.80000076293989 6.000000000000035
    vertex 88.19999980926507 77.20192455158654 6.000000000000035
    vertex 88.49259252640377 79.47647695656174 6.000000000000035
  endloop
endfacet
facet normal 0.0 0.0 1.0
  outer loop
    vertex 88.49259252640377 79.47647695656174 6.000000000000035
    vertex 88.19999980926507 77.20192455158654 6.000000000000035
    vertex 88.92354267395748 76.90222328407265 6.000000000000035
  endloop
endfacet
facet normal 0.0 0.0 1.0
  outer loop
    vertex 88.49259252640377 79.47647695656174 6.000000000000035
    vertex 88.92354267395748 76.90222328407265 6.000000000000035
    vertex 88.61746805453451 79.1750007629399 6.000000000000035
  endloop
endfacet
facet normal 0.0 0.0 1.0
  outer loop
    vertex 88.61746805453451 79.1750007629399 6.000000000000035
    vertex 88.92354267395748 76.90222328407265 6.000000000000035
    vertex 88.81611633278189 78.91611728645671 6.000000000000035
  endloop
endfacet
facet normal 0.0 0.0 1.0
  outer loop
    vertex 88.81611633278189 78.91611728645671 6.000000000000035
    vertex 88.92354267395748 76.90222328407265 6.000000000000035
    vertex 89.07499980926514 78.71746900820936 6.000000000000035
  endloop
endfacet
facet normal 0.0 0.0 1.0
  outer loop
    vertex 89.07499980926514 78.71746900820936 6.000000000000035
    vertex 88.92354267395748 76.90222328407265 6.000000000000035
    vertex 89.69999980926508 76.80000076293985 6.000000000000035
  endloop
endfacet
facet normal 0.0 0.0 1.0
  outer loop
    vertex 89.07499980926514 78.71746900820936 6.000000000000035
    vertex 89.69999980926508 76.80000076293985 6.000000000000035
    vertex 89.37647600288696 78.59259348007858 6.000000000000035
  endloop
endfacet
facet normal 0.0 0.0 1.0
  outer loop
    vertex 89.37647600288696 78.59259348007858 6.000000000000035
    vertex 89.69999980926508 76.80000076293985 6.000000000000035
    vertex 89.69999980926508 78.5500007629399 6.000000000000035
  endloop
endfacet
facet normal 0.0 0.0 1.0
  outer loop
    vertex 89.69999980926508 78.5500007629399 6.000000000000035
    vertex 89.69999980926508 76.80000076293985 6.000000000000035
    vertex 90.47645694457269 76.90222328407265 6.000000000000035
  endloop
endfacet
facet normal 0.0 0.0 1.0
  outer loop
    vertex 89.69999980926508 78.5500007629399 6.000000000000035
    vertex 90.47645694457269 76.90222328407265 6.000000000000035
    vertex 90.02352361564321 78.59259348007858 6.000000000000035
  endloop
endfacet
facet normal 0.0 0.0 1.0
  outer loop
    vertex 90.02352361564321 78.59259348007858 6.000000000000035
    vertex 90.47645694457269 76.90222328407265 6.000000000000035
    vertex 90.32499980926512 78.71746900820936 6.000000000000035
  endloop
endfacet
facet normal 0.0 0.0 1.0
  outer loop
    vertex 90.32499980926512 78.71746900820936 6.000000000000035
    vertex 90.47645694457269 76.90222328407265 6.000000000000035
    vertex 90.58388328574829 78.91611728645671 6.000000000000035
  endloop
endfacet
facet normal 0.0 0.0 1.0
  outer loop
    vertex 90.58388328574829 78.91611728645671 6.000000000000035
    vertex 90.47645694457269 76.90222328407265 6.000000000000035
    vertex 91.19999980926511 77.20192455158654 6.000000000000035
  endloop
endfacet
facet normal 0.0 0.0 1.0
  outer loop
    vertex 90.58388328574829 78.91611728645671 6.000000000000035
    vertex 91.19999980926511 77.20192455158654 6.000000000000035
    vertex 90.78253156399566 79.1750007629399 6.000000000000035
  endloop
endfacet
facet normal 0.0 0.0 1.0
  outer loop
    vertex 90.78253156399566 79.1750007629399 6.000000000000035
    vertex 91.19999980926511 77.20192455158654 6.000000000000035
    vertex 90.9074070921264 79.47647695656174 6.000000000000035
  endloop
endfacet
facet normal 0.0 0.0 1.0
  outer loop
    vertex 90.9074070921264 79.47647695656174 6.000000000000035
    vertex 91.19999980926511 77.20192455158654 6.000000000000035
    vertex 90.94999980926507 79.80000076293989 6.000000000000035
  endloop
endfacet
facet normal 0.0 0.0 1.0
  outer loop
    vertex 88.19999980926507 82.39807697429323 6.000000000000035
    vertex 88.49259252640377 80.12352456931804 6.000000000000035
    vertex 88.92354267395748 82.69777824180714 6.000000000000035
  endloop
endfacet
facet normal 0.0 0.0 1.0
  outer loop
    vertex 88.49259252640377 80.12352456931804 6.000000000000035
    vertex 88.19999980926507 82.39807697429323 6.000000000000035
    vertex 88.4499998092651 79.80000076293989 6.000000000000035
  endloop
endfacet
facet normal 0.0 0.0 1.0
  outer loop
    vertex 88.92354267395748 82.69777824180714 6.000000000000035
    vertex 88.49259252640377 80.12352456931804 6.000000000000035
    vertex 88.61746805453451 80.42500076293989 6.000000000000035
  endloop
endfacet
facet normal 0.0 0.0 1.0
  outer loop
    vertex 88.92354267395748 82.69777824180714 6.000000000000035
    vertex 88.61746805453451 80.42500076293989 6.000000000000035
    vertex 88.81611633278189 80.68388423942307 6.000000000000035
  endloop
endfacet
facet normal 0.0 0.0 1.0
  outer loop
    vertex 88.92354267395748 82.69777824180714 6.000000000000035
    vertex 88.81611633278189 80.68388423942307 6.000000000000035
    vertex 89.07499980926505 80.88253251767043 6.000000000000035
  endloop
endfacet
facet normal 0.0 0.0 1.0
  outer loop
    vertex 88.92354267395748 82.69777824180714 6.000000000000035
    vertex 89.07499980926505 80.88253251767043 6.000000000000035
    vertex 89.69999980926508 82.80000076293993 6.000000000000035
  endloop
endfacet
facet normal 0.0 0.0 1.0
  outer loop
    vertex 89.69999980926508 82.80000076293993 6.000000000000035
    vertex 89.07499980926505 80.88253251767043 6.000000000000035
    vertex 89.37647600288696 81.00740804580121 6.000000000000035
  endloop
endfacet
facet normal 0.0 0.0 1.0
  outer loop
    vertex 89.69999980926508 82.80000076293993 6.000000000000035
    vertex 89.37647600288696 81.00740804580121 6.000000000000035
    vertex 89.69999980926508 81.05000076293987 6.000000000000035
  endloop
endfacet
facet normal 0.0 0.0 1.0
  outer loop
    vertex 89.69999980926508 82.80000076293993 6.000000000000035
    vertex 89.69999980926508 81.05000076293987 6.000000000000035
    vertex 90.02352361564321 81.00740804580121 6.000000000000035
  endloop
endfacet
facet normal 0.0 0.0 1.0
  outer loop
    vertex 89.69999980926508 82.80000076293993 6.000000000000035
    vertex 90.02352361564321 81.00740804580121 6.000000000000035
    vertex 90.47645694457269 82.69777824180714 6.000000000000035
  endloop
endfacet
facet normal 0.0 0.0 1.0
  outer loop
    vertex 90.47645694457269 82.69777824180714 6.000000000000035
    vertex 90.02352361564321 81.00740804580121 6.000000000000035
    vertex 90.32499980926504 80.88253251767043 6.000000000000035
  endloop
endfacet
facet normal 0.0 0.0 1.0
  outer loop
    vertex 90.47645694457269 82.69777824180714 6.000000000000035
    vertex 90.32499980926504 80.88253251767043 6.000000000000035
    vertex 90.58388328574829 80.68388423942307 6.000000000000035
  endloop
endfacet
facet normal 0.0 0.0 1.0
  outer loop
    vertex 90.47645694457269 82.69777824180714 6.000000000000035
    vertex 90.58388328574829 80.68388423942307 6.000000000000035
    vertex 91.19999980926511 82.39807697429323 6.000000000000035
  endloop
endfacet
facet normal 0.0 0.0 1.0
  outer loop
    vertex 91.19999980926511 82.39807697429323 6.000000000000035
    vertex 90.58388328574829 80.68388423942307 6.000000000000035
    vertex 90.78253156399566 80.42500076293989 6.000000000000035
  endloop
endfacet
facet normal 0.0 0.0 1.0
  outer loop
    vertex 91.19999980926511 82.39807697429323 6.000000000000035
    vertex 90.78253156399566 80.42500076293989 6.000000000000035
    vertex 90.9074070921264 80.12352456931804 6.000000000000035
  endloop
endfacet
facet normal 0.0 0.0 1.0
  outer loop
    vertex 91.19999980926511 82.39807697429323 6.000000000000035
    vertex 90.9074070921264 80.12352456931804 6.000000000000035
    vertex 90.94999980926507 79.80000076293989 6.000000000000035
  endloop
endfacet
facet normal 0.0 0.0 1.0
  outer loop
    vertex 91.19999980926511 82.39807697429323 6.000000000000035
    vertex 90.94999980926507 79.80000076293989 6.000000000000035
    vertex 91.19999980926511 77.20192455158654 6.000000000000035
  endloop
endfacet
facet normal 0.0 0.0 1.0
  outer loop
    vertex 91.19999980926511 82.39807697429323 6.000000000000035
    vertex 91.19999980926511 77.20192455158654 6.000000000000035
    vertex 91.82132015282478 77.67868041938021 6.000000000000035
  endloop
endfacet
facet normal 0.0 0.0 1.0
  outer loop
    vertex 91.19999980926511 82.39807697429323 6.000000000000035
    vertex 91.82132015282478 77.67868041938021 6.000000000000035
    vertex 91.82132015282478 81.92132110649956 6.000000000000035
  endloop
endfacet
facet normal 0.0 0.0 1.0
  outer loop
    vertex 91.82132015282478 81.92132110649956 6.000000000000035
    vertex 91.82132015282478 77.67868041938021 6.000000000000035
    vertex 92.29807602061844 78.30000076293987 6.000000000000035
  endloop
endfacet
facet normal 0.0 0.0 1.0
  outer loop
    vertex 91.82132015282478 81.92132110649956 6.000000000000035
    vertex 92.29807602061844 78.30000076293987 6.000000000000035
    vertex 92.29807602061844 81.30000076293992 6.000000000000035
  endloop
endfacet
facet normal 0.0 0.0 1.0
  outer loop
    vertex 92.29807602061844 81.30000076293992 6.000000000000035
    vertex 92.29807602061844 78.30000076293987 6.000000000000035
    vertex 92.59777728813229 79.02354362763231 6.000000000000035
  endloop
endfacet
facet normal 0.0 0.0 1.0
  outer loop
    vertex 92.29807602061844 81.30000076293992 6.000000000000035
    vertex 92.59777728813229 79.02354362763231 6.000000000000035
    vertex 92.59777728813229 80.57645789824747 6.000000000000035
  endloop
endfacet
facet normal 0.0 0.0 1.0
  outer loop
    vertex 92.59777728813229 80.57645789824747 6.000000000000035
    vertex 92.59777728813229 79.02354362763231 6.000000000000035
    vertex 92.69999980926512 79.80000076293989 6.000000000000035
  endloop
endfacet
facet normal -0.3826834323651156 -0.9238795325112762 -0.0
  outer loop
    vertex 88.92354267395748 76.90222328407265 6.000000000000035
    vertex 88.19999980926507 77.20192455158654 3.000000000000035
    vertex 88.92354267395748 76.90222328407265 3.000000000000035
  endloop
endfacet
facet normal -0.3826834323651156 -0.9238795325112762 -0.0
  outer loop
    vertex 88.19999980926507 77.20192455158654 3.000000000000035
    vertex 88.92354267395748 76.90222328407265 6.000000000000035
    vertex 88.19999980926507 77.20192455158654 6.000000000000035
  endloop
endfacet
facet normal -0.7933533402912517 -0.6087614290086991 -0.0
  outer loop
    vertex 87.10192359791174 78.30000076293987 6.000000000000035
    vertex 87.57867946570539 77.67868041938021 3.000000000000035
    vertex 87.57867946570539 77.67868041938021 6.000000000000035
  endloop
endfacet
facet normal -0.7933533402912517 -0.6087614290086991 -0.0
  outer loop
    vertex 87.57867946570539 77.67868041938021 3.000000000000035
    vertex 87.10192359791174 78.30000076293987 6.000000000000035
    vertex 87.10192359791174 78.30000076293987 3.000000000000035
  endloop
endfacet
facet normal 0.13052619222003808 -0.9914448613738123 0.0
  outer loop
    vertex 90.47645694457269 76.90222328407265 6.000000000000035
    vertex 89.69999980926508 76.80000076293985 3.000000000000035
    vertex 90.47645694457269 76.90222328407265 3.000000000000035
  endloop
endfacet
facet normal 0.13052619222003808 -0.9914448613738123 0.0
  outer loop
    vertex 89.69999980926508 76.80000076293985 3.000000000000035
    vertex 90.47645694457269 76.90222328407265 6.000000000000035
    vertex 89.69999980926508 76.80000076293985 6.000000000000035
  endloop
endfacet
facet normal -0.13052619222003808 -0.9914448613738123 -0.0
  outer loop
    vertex 89.69999980926508 76.80000076293985 6.000000000000035
    vertex 88.92354267395748 76.90222328407265 3.000000000000035
    vertex 89.69999980926508 76.80000076293985 3.000000000000035
  endloop
endfacet
facet normal -0.13052619222003808 -0.9914448613738123 -0.0
  outer loop
    vertex 88.92354267395748 76.90222328407265 3.000000000000035
    vertex 89.69999980926508 76.80000076293985 6.000000000000035
    vertex 88.92354267395748 76.90222328407265 6.000000000000035
  endloop
endfacet
facet normal -0.7933533402912517 0.6087614290086991 0.0
  outer loop
    vertex 87.57867946570539 81.92132110649956 6.000000000000035
    vertex 87.10192359791174 81.30000076293992 3.000000000000035
    vertex 87.10192359791174 81.30000076293992 6.000000000000035
  endloop
endfacet
facet normal -0.7933533402912517 0.6087614290086991 0.0
  outer loop
    vertex 87.10192359791174 81.30000076293992 3.000000000000035
    vertex 87.57867946570539 81.92132110649956 6.000000000000035
    vertex 87.57867946570539 81.92132110649956 3.000000000000035
  endloop
endfacet
facet normal -0.3826834323651156 0.9238795325112762 0.0
  outer loop
    vertex 88.19999980926507 82.39807697429323 6.000000000000035
    vertex 88.92354267395748 82.69777824180714 3.000000000000035
    vertex 88.19999980926507 82.39807697429323 3.000000000000035
  endloop
endfacet
facet normal -0.3826834323651156 0.9238795325112762 0.0
  outer loop
    vertex 88.92354267395748 82.69777824180714 3.000000000000035
    vertex 88.19999980926507 82.39807697429323 6.000000000000035
    vertex 88.92354267395748 82.69777824180714 6.000000000000035
  endloop
endfacet
facet normal -0.6087614290087033 0.7933533402912485 0.0
  outer loop
    vertex 87.57867946570539 81.92132110649956 6.000000000000035
    vertex 88.19999980926507 82.39807697429323 3.000000000000035
    vertex 87.57867946570539 81.92132110649956 3.000000000000035
  endloop
endfacet
facet normal -0.6087614290087033 0.7933533402912485 0.0
  outer loop
    vertex 88.19999980926507 82.39807697429323 3.000000000000035
    vertex 87.57867946570539 81.92132110649956 6.000000000000035
    vertex 88.19999980926507 82.39807697429323 6.000000000000035
  endloop
endfacet
facet normal -0.9238795325113007 -0.38268343236505625 -0.0
  outer loop
    vertex 86.80222233039788 79.02354362763231 6.000000000000035
    vertex 87.10192359791174 78.30000076293987 3.000000000000035
    vertex 87.10192359791174 78.30000076293987 6.000000000000035
  endloop
endfacet
facet normal -0.9238795325113007 -0.38268343236505625 -0.0
  outer loop
    vertex 87.10192359791174 78.30000076293987 3.000000000000035
    vertex 86.80222233039788 79.02354362763231 6.000000000000035
    vertex 86.80222233039788 79.02354362763231 3.000000000000035
  endloop
endfacet
facet normal 0.1305261922199314 0.9914448613738263 0.0
  outer loop
    vertex 89.37647600288696 127.59259252640457 6.000000000000035
    vertex 89.69999980926508 127.54999980926596 1.000000000000035
    vertex 89.37647600288696 127.59259252640457 1.000000000000035
  endloop
endfacet
facet normal 0.1305261922199314 0.9914448613738263 0.0
  outer loop
    vertex 89.69999980926508 127.54999980926596 1.000000000000035
    vertex 89.37647600288696 127.59259252640457 6.000000000000035
    vertex 89.69999980926508 127.54999980926596 6.000000000000035
  endloop
endfacet
facet normal 0.6087614290087844 -0.7933533402911863 0.0
  outer loop
    vertex 89.07499980926495 129.88253156399642 6.000000000000035
    vertex 88.8161163327818 129.68388328574903 1.000000000000035
    vertex 89.07499980926495 129.88253156399642 1.000000000000035
  endloop
endfacet
facet normal 0.6087614290087844 -0.7933533402911863 0.0
  outer loop
    vertex 88.8161163327818 129.68388328574903 1.000000000000035
    vertex 89.07499980926495 129.88253156399642 6.000000000000035
    vertex 88.8161163327818 129.68388328574903 6.000000000000035
  endloop
endfacet
facet normal 0.7933533402912517 0.6087614290086991 0.0
  outer loop
    vertex 91.82132015282478 81.92132110649956 3.000000000000035
    vertex 92.29807602061844 81.30000076293992 6.000000000000035
    vertex 92.29807602061844 81.30000076293992 3.000000000000035
  endloop
endfacet
facet normal 0.7933533402912517 0.6087614290086991 0.0
  outer loop
    vertex 92.29807602061844 81.30000076293992 6.000000000000035
    vertex 91.82132015282478 81.92132110649956 3.000000000000035
    vertex 91.82132015282478 81.92132110649956 6.000000000000035
  endloop
endfacet
facet normal -0.13052619222003808 0.9914448613738123 0.0
  outer loop
    vertex 88.92354267395748 82.69777824180714 6.000000000000035
    vertex 89.69999980926508 82.80000076293993 3.000000000000035
    vertex 88.92354267395748 82.69777824180714 3.000000000000035
  endloop
endfacet
facet normal -0.13052619222003808 0.9914448613738123 0.0
  outer loop
    vertex 89.69999980926508 82.80000076293993 3.000000000000035
    vertex 88.92354267395748 82.69777824180714 6.000000000000035
    vertex 89.69999980926508 82.80000076293993 6.000000000000035
  endloop
endfacet
facet normal 0.0 0.0 1.0
  outer loop
    vertex 88.49259252640367 128.47647600288772 1.000000000000035
    vertex 88.49259252640367 129.12352361564402 1.000000000000035
    vertex 88.44999980926501 128.79999980926584 1.000000000000035
  endloop
endfacet
facet normal 0.0 0.0 1.0
  outer loop
    vertex 88.49259252640367 129.12352361564402 1.000000000000035
    vertex 88.49259252640367 128.47647600288772 1.000000000000035
    vertex 88.61746805453451 128.17499980926584 1.000000000000035
  endloop
endfacet
facet normal 0.0 0.0 1.0
  outer loop
    vertex 88.49259252640367 129.12352361564402 1.000000000000035
    vertex 88.61746805453451 128.17499980926584 1.000000000000035
    vertex 88.61746805453441 129.42499980926584 1.000000000000035
  endloop
endfacet
facet normal 0.0 0.0 1.0
  outer loop
    vertex 88.61746805453441 129.42499980926584 1.000000000000035
    vertex 88.61746805453451 128.17499980926584 1.000000000000035
    vertex 88.8161163327818 129.68388328574903 1.000000000000035
  endloop
endfacet
facet normal 0.0 0.0 1.0
  outer loop
    vertex 88.8161163327818 129.68388328574903 1.000000000000035
    vertex 88.61746805453451 128.17499980926584 1.000000000000035
    vertex 88.81611633278189 127.91611633278269 1.000000000000035
  endloop
endfacet
facet normal 0.0 0.0 1.0
  outer loop
    vertex 88.8161163327818 129.68388328574903 1.000000000000035
    vertex 88.81611633278189 127.91611633278269 1.000000000000035
    vertex 89.07499980926495 129.88253156399642 1.000000000000035
  endloop
endfacet
facet normal 0.0 0.0 1.0
  outer loop
    vertex 89.07499980926495 129.88253156399642 1.000000000000035
    vertex 88.81611633278189 127.91611633278269 1.000000000000035
    vertex 89.07499980926505 127.71746805453536 1.000000000000035
  endloop
endfacet
facet normal 0.0 0.0 1.0
  outer loop
    vertex 89.07499980926495 129.88253156399642 1.000000000000035
    vertex 89.07499980926505 127.71746805453536 1.000000000000035
    vertex 89.37647600288679 130.00740709212727 1.000000000000035
  endloop
endfacet
facet normal 0.0 0.0 1.0
  outer loop
    vertex 89.37647600288679 130.00740709212727 1.000000000000035
    vertex 89.07499980926505 127.71746805453536 1.000000000000035
    vertex 89.37647600288696 127.59259252640457 1.000000000000035
  endloop
endfacet
facet normal 0.0 0.0 1.0
  outer loop
    vertex 89.37647600288679 130.00740709212727 1.000000000000035
    vertex 89.37647600288696 127.59259252640457 1.000000000000035
    vertex 89.69999980926491 130.04999980926593 1.000000000000035
  endloop
endfacet
facet normal 0.0 0.0 1.0
  outer loop
    vertex 89.69999980926491 130.04999980926593 1.000000000000035
    vertex 89.37647600288696 127.59259252640457 1.000000000000035
    vertex 89.69999980926508 127.54999980926596 1.000000000000035
  endloop
endfacet
facet normal 0.0 0.0 1.0
  outer loop
    vertex 89.69999980926491 130.04999980926593 1.000000000000035
    vertex 89.69999980926508 127.54999980926596 1.000000000000035
    vertex 90.02352361564303 130.0074070921273 1.000000000000035
  endloop
endfacet
facet normal 0.0 0.0 1.0
  outer loop
    vertex 90.02352361564303 130.0074070921273 1.000000000000035
    vertex 89.69999980926508 127.54999980926596 1.000000000000035
    vertex 90.02352361564321 127.59259252640462 1.000000000000035
  endloop
endfacet
facet normal 0.0 0.0 1.0
  outer loop
    vertex 90.02352361564303 130.0074070921273 1.000000000000035
    vertex 90.02352361564321 127.59259252640462 1.000000000000035
    vertex 90.32499980926494 129.8825315639965 1.000000000000035
  endloop
endfacet
facet normal 0.0 0.0 1.0
  outer loop
    vertex 90.32499980926494 129.8825315639965 1.000000000000035
    vertex 90.02352361564321 127.59259252640462 1.000000000000035
    vertex 90.32499980926504 127.71746805453546 1.000000000000035
  endloop
endfacet
facet normal 0.0 0.0 1.0
  outer loop
    vertex 90.32499980926494 129.8825315639965 1.000000000000035
    vertex 90.32499980926504 127.71746805453546 1.000000000000035
    vertex 90.5838832857481 129.68388328574918 1.000000000000035
  endloop
endfacet
facet normal 0.0 0.0 1.0
  outer loop
    vertex 90.5838832857481 129.68388328574918 1.000000000000035
    vertex 90.32499980926504 127.71746805453546 1.000000000000035
    vertex 90.5838832857482 127.91611633278283 1.000000000000035
  endloop
endfacet
facet normal 0.0 0.0 1.0
  outer loop
    vertex 90.5838832857481 129.68388328574918 1.000000000000035
    vertex 90.5838832857482 127.91611633278283 1.000000000000035
    vertex 90.78253156399548 129.424999809266 1.000000000000035
  endloop
endfacet
facet normal 0.0 0.0 1.0
  outer loop
    vertex 90.78253156399548 129.424999809266 1.000000000000035
    vertex 90.5838832857482 127.91611633278283 1.000000000000035
    vertex 90.78253156399558 128.17499980926604 1.000000000000035
  endloop
endfacet
facet normal 0.0 0.0 1.0
  outer loop
    vertex 90.78253156399548 129.424999809266 1.000000000000035
    vertex 90.78253156399558 128.17499980926604 1.000000000000035
    vertex 90.90740709212632 129.1235236156442 1.000000000000035
  endloop
endfacet
facet normal 0.0 0.0 1.0
  outer loop
    vertex 90.90740709212632 129.1235236156442 1.000000000000035
    vertex 90.78253156399558 128.17499980926604 1.000000000000035
    vertex 90.90740709212632 128.47647600288786 1.000000000000035
  endloop
endfacet
facet normal 0.0 0.0 1.0
  outer loop
    vertex 90.90740709212632 129.1235236156442 1.000000000000035
    vertex 90.90740709212632 128.47647600288786 1.000000000000035
    vertex 90.94999980926498 128.79999980926604 1.000000000000035
  endloop
endfacet
facet normal 0.9914448613738107 -0.1305261922200494 0.0
  outer loop
    vertex 88.49259252640367 129.12352361564402 1.000000000000035
    vertex 88.44999980926501 128.79999980926584 6.000000000000035
    vertex 88.44999980926501 128.79999980926584 1.000000000000035
  endloop
endfacet
facet normal 0.9914448613738107 -0.1305261922200494 0.0
  outer loop
    vertex 88.44999980926501 128.79999980926584 6.000000000000035
    vertex 88.49259252640367 129.12352361564402 1.000000000000035
    vertex 88.49259252640367 129.12352361564402 6.000000000000035
  endloop
endfacet
facet normal -0.1305261922199314 -0.9914448613738263 -0.0
  outer loop
    vertex 90.02352361564303 130.0074070921273 6.000000000000035
    vertex 89.69999980926491 130.04999980926593 1.000000000000035
    vertex 90.02352361564303 130.0074070921273 1.000000000000035
  endloop
endfacet
facet normal -0.1305261922199314 -0.9914448613738263 -0.0
  outer loop
    vertex 89.69999980926491 130.04999980926593 1.000000000000035
    vertex 90.02352361564303 130.0074070921273 6.000000000000035
    vertex 89.69999980926491 130.04999980926593 6.000000000000035
  endloop
endfacet
facet normal 0.3826834323652401 -0.9238795325112246 0.0
  outer loop
    vertex 89.37647600288679 130.00740709212727 6.000000000000035
    vertex 89.07499980926495 129.88253156399642 1.000000000000035
    vertex 89.37647600288679 130.00740709212727 1.000000000000035
  endloop
endfacet
facet normal 0.3826834323652401 -0.9238795325112246 0.0
  outer loop
    vertex 89.07499980926495 129.88253156399642 1.000000000000035
    vertex 89.37647600288679 130.00740709212727 6.000000000000035
    vertex 89.07499980926495 129.88253156399642 6.000000000000035
  endloop
endfacet
facet normal 0.7933533402911863 0.6087614290087844 0.0
  outer loop
    vertex 88.61746805453451 128.17499980926584 1.000000000000035
    vertex 88.81611633278189 127.91611633278269 6.000000000000035
    vertex 88.81611633278189 127.91611633278269 1.000000000000035
  endloop
endfacet
facet normal 0.7933533402911863 0.6087614290087844 0.0
  outer loop
    vertex 88.81611633278189 127.91611633278269 6.000000000000035
    vertex 88.61746805453451 128.17499980926584 1.000000000000035
    vertex 88.61746805453451 128.17499980926584 6.000000000000035
  endloop
endfacet
facet normal 0.9238795325112448 0.3826834323651912 0.0
  outer loop
    vertex 88.49259252640367 128.47647600288772 1.000000000000035
    vertex 88.61746805453451 128.17499980926584 6.000000000000035
    vertex 88.61746805453451 128.17499980926584 1.000000000000035
  endloop
endfacet
facet normal 0.9238795325112448 0.3826834323651912 0.0
  outer loop
    vertex 88.61746805453451 128.17499980926584 6.000000000000035
    vertex 88.49259252640367 128.47647600288772 1.000000000000035
    vertex 88.49259252640367 128.47647600288772 6.000000000000035
  endloop
endfacet
facet normal -0.3826834323650243 -0.9238795325113139 -0.0
  outer loop
    vertex 90.32499980926494 129.8825315639965 6.000000000000035
    vertex 90.02352361564303 130.0074070921273 1.000000000000035
    vertex 90.32499980926494 129.8825315639965 1.000000000000035
  endloop
endfacet
facet normal -0.3826834323650243 -0.9238795325113139 -0.0
  outer loop
    vertex 90.02352361564303 130.0074070921273 1.000000000000035
    vertex 90.32499980926494 129.8825315639965 6.000000000000035
    vertex 90.02352361564303 130.0074070921273 6.000000000000035
  endloop
endfacet
facet normal 0.9914448613738084 0.13052619222006728 0.0
  outer loop
    vertex 88.44999980926501 128.79999980926584 1.000000000000035
    vertex 88.49259252640367 128.47647600288772 6.000000000000035
    vertex 88.49259252640367 128.47647600288772 1.000000000000035
  endloop
endfacet
facet normal 0.9914448613738084 0.13052619222006728 0.0
  outer loop
    vertex 88.49259252640367 128.47647600288772 6.000000000000035
    vertex 88.44999980926501 128.79999980926584 1.000000000000035
    vertex 88.44999980926501 128.79999980926584 6.000000000000035
  endloop
endfacet
facet normal -0.6087614290087844 0.7933533402911863 0.0
  outer loop
    vertex 90.32499980926504 127.71746805453546 6.000000000000035
    vertex 90.5838832857482 127.91611633278283 1.000000000000035
    vertex 90.32499980926504 127.71746805453546 1.000000000000035
  endloop
endfacet
facet normal -0.6087614290087844 0.7933533402911863 0.0
  outer loop
    vertex 90.5838832857482 127.91611633278283 1.000000000000035
    vertex 90.32499980926504 127.71746805453546 6.000000000000035
    vertex 90.5838832857482 127.91611633278283 6.000000000000035
  endloop
endfacet
facet normal 0.7933533402912375 -0.6087614290087175 0.0
  outer loop
    vertex 88.8161163327818 129.68388328574903 1.000000000000035
    vertex 88.61746805453441 129.42499980926584 6.000000000000035
    vertex 88.61746805453441 129.42499980926584 1.000000000000035
  endloop
endfacet
facet normal 0.7933533402912375 -0.6087614290087175 0.0
  outer loop
    vertex 88.61746805453441 129.42499980926584 6.000000000000035
    vertex 88.8161163327818 129.68388328574903 1.000000000000035
    vertex 88.8161163327818 129.68388328574903 6.000000000000035
  endloop
endfacet
facet normal -0.9914448613738107 -0.1305261922200494 -0.0
  outer loop
    vertex 90.90740709212632 129.1235236156442 6.000000000000035
    vertex 90.94999980926498 128.79999980926604 1.000000000000035
    vertex 90.94999980926498 128.79999980926604 6.000000000000035
  endloop
endfacet
facet normal -0.9914448613738107 -0.1305261922200494 -0.0
  outer loop
    vertex 90.94999980926498 128.79999980926604 1.000000000000035
    vertex 90.90740709212632 129.1235236156442 6.000000000000035
    vertex 90.90740709212632 129.1235236156442 1.000000000000035
  endloop
endfacet
facet normal -0.7933533402912375 0.6087614290087175 0.0
  outer loop
    vertex 90.78253156399558 128.17499980926604 6.000000000000035
    vertex 90.5838832857482 127.91611633278283 1.000000000000035
    vertex 90.5838832857482 127.91611633278283 6.000000000000035
  endloop
endfacet
facet normal -0.7933533402912375 0.6087614290087175 0.0
  outer loop
    vertex 90.5838832857482 127.91611633278283 1.000000000000035
    vertex 90.78253156399558 128.17499980926604 6.000000000000035
    vertex 90.78253156399558 128.17499980926604 1.000000000000035
  endloop
endfacet
facet normal 0.9238795325113223 -0.382683432365004 0.0
  outer loop
    vertex 88.61746805453441 129.42499980926584 1.000000000000035
    vertex 88.49259252640367 129.12352361564402 6.000000000000035
    vertex 88.49259252640367 129.12352361564402 1.000000000000035
  endloop
endfacet
facet normal 0.9238795325113223 -0.382683432365004 0.0
  outer loop
    vertex 88.49259252640367 129.12352361564402 6.000000000000035
    vertex 88.61746805453441 129.42499980926584 1.000000000000035
    vertex 88.61746805453441 129.42499980926584 6.000000000000035
  endloop
endfacet
facet normal -0.9914448613738107 0.1305261922200494 0.0
  outer loop
    vertex 90.94999980926498 128.79999980926604 6.000000000000035
    vertex 90.90740709212632 128.47647600288786 1.000000000000035
    vertex 90.90740709212632 128.47647600288786 6.000000000000035
  endloop
endfacet
facet normal -0.9914448613738107 0.1305261922200494 0.0
  outer loop
    vertex 90.90740709212632 128.47647600288786 1.000000000000035
    vertex 90.94999980926498 128.79999980926604 6.000000000000035
    vertex 90.94999980926498 128.79999980926604 1.000000000000035
  endloop
endfacet
facet normal -0.7933533402911863 -0.6087614290087844 -0.0
  outer loop
    vertex 90.5838832857481 129.68388328574918 6.000000000000035
    vertex 90.78253156399548 129.424999809266 1.000000000000035
    vertex 90.78253156399548 129.424999809266 6.000000000000035
  endloop
endfacet
facet normal -0.7933533402911863 -0.6087614290087844 -0.0
  outer loop
    vertex 90.78253156399548 129.424999809266 1.000000000000035
    vertex 90.5838832857481 129.68388328574918 6.000000000000035
    vertex 90.5838832857481 129.68388328574918 1.000000000000035
  endloop
endfacet
facet normal -0.6087614290086973 -0.793353340291253 -0.0
  outer loop
    vertex 90.5838832857481 129.68388328574918 6.000000000000035
    vertex 90.32499980926494 129.8825315639965 1.000000000000035
    vertex 90.5838832857481 129.68388328574918 1.000000000000035
  endloop
endfacet
facet normal -0.6087614290086973 -0.793353340291253 -0.0
  outer loop
    vertex 90.32499980926494 129.8825315639965 1.000000000000035
    vertex 90.5838832857481 129.68388328574918 6.000000000000035
    vertex 90.32499980926494 129.8825315639965 6.000000000000035
  endloop
endfacet
facet normal 0.13052619222006728 -0.9914448613738084 0.0
  outer loop
    vertex 89.69999980926491 130.04999980926593 6.000000000000035
    vertex 89.37647600288679 130.00740709212727 1.000000000000035
    vertex 89.69999980926491 130.04999980926593 1.000000000000035
  endloop
endfacet
facet normal 0.13052619222006728 -0.9914448613738084 0.0
  outer loop
    vertex 89.37647600288679 130.00740709212727 1.000000000000035
    vertex 89.69999980926491 130.04999980926593 6.000000000000035
    vertex 89.37647600288679 130.00740709212727 6.000000000000035
  endloop
endfacet
facet normal 0.3826834323650243 0.9238795325113139 0.0
  outer loop
    vertex 89.07499980926505 127.71746805453536 6.000000000000035
    vertex 89.37647600288696 127.59259252640457 1.000000000000035
    vertex 89.07499980926505 127.71746805453536 1.000000000000035
  endloop
endfacet
facet normal 0.3826834323650243 0.9238795325113139 0.0
  outer loop
    vertex 89.37647600288696 127.59259252640457 1.000000000000035
    vertex 89.07499980926505 127.71746805453536 6.000000000000035
    vertex 89.37647600288696 127.59259252640457 6.000000000000035
  endloop
endfacet
facet normal -0.9238795325113223 0.382683432365004 0.0
  outer loop
    vertex 90.90740709212632 128.47647600288786 6.000000000000035
    vertex 90.78253156399558 128.17499980926604 1.000000000000035
    vertex 90.78253156399558 128.17499980926604 6.000000000000035
  endloop
endfacet
facet normal -0.9238795325113223 0.382683432365004 0.0
  outer loop
    vertex 90.78253156399558 128.17499980926604 1.000000000000035
    vertex 90.90740709212632 128.47647600288786 6.000000000000035
    vertex 90.90740709212632 128.47647600288786 1.000000000000035
  endloop
endfacet
facet normal -0.3826834323652401 0.9238795325112246 0.0
  outer loop
    vertex 90.02352361564321 127.59259252640462 6.000000000000035
    vertex 90.32499980926504 127.71746805453546 1.000000000000035
    vertex 90.02352361564321 127.59259252640462 1.000000000000035
  endloop
endfacet
facet normal -0.3826834323652401 0.9238795325112246 0.0
  outer loop
    vertex 90.32499980926504 127.71746805453546 1.000000000000035
    vertex 90.02352361564321 127.59259252640462 6.000000000000035
    vertex 90.32499980926504 127.71746805453546 6.000000000000035
  endloop
endfacet
facet normal -0.13052619222006728 0.9914448613738084 0.0
  outer loop
    vertex 89.69999980926508 127.54999980926596 6.000000000000035
    vertex 90.02352361564321 127.59259252640462 1.000000000000035
    vertex 89.69999980926508 127.54999980926596 1.000000000000035
  endloop
endfacet
facet normal -0.13052619222006728 0.9914448613738084 0.0
  outer loop
    vertex 90.02352361564321 127.59259252640462 1.000000000000035
    vertex 89.69999980926508 127.54999980926596 6.000000000000035
    vertex 90.02352361564321 127.59259252640462 6.000000000000035
  endloop
endfacet
facet normal 0.6087614290086973 0.793353340291253 0.0
  outer loop
    vertex 88.81611633278189 127.91611633278269 6.000000000000035
    vertex 89.07499980926505 127.71746805453536 1.000000000000035
    vertex 88.81611633278189 127.91611633278269 1.000000000000035
  endloop
endfacet
facet normal 0.6087614290086973 0.793353340291253 0.0
  outer loop
    vertex 89.07499980926505 127.71746805453536 1.000000000000035
    vertex 88.81611633278189 127.91611633278269 6.000000000000035
    vertex 89.07499980926505 127.71746805453536 6.000000000000035
  endloop
endfacet
facet normal -0.9238795325112246 -0.3826834323652401 -0.0
  outer loop
    vertex 90.78253156399548 129.424999809266 6.000000000000035
    vertex 90.90740709212632 129.1235236156442 1.000000000000035
    vertex 90.90740709212632 129.1235236156442 6.000000000000035
  endloop
endfacet
facet normal -0.9238795325112246 -0.3826834323652401 -0.0
  outer loop
    vertex 90.90740709212632 129.1235236156442 1.000000000000035
    vertex 90.78253156399548 129.424999809266 6.000000000000035
    vertex 90.78253156399548 129.424999809266 1.000000000000035
  endloop
endfacet
facet normal -0.7933533402912409 0.608761429008713 0.0
  outer loop
    vertex 87.5786794657053 130.9213201528256 6.000000000000035
    vertex 87.10192359791165 130.29999980926596 3.000000000000035
    vertex 87.10192359791165 130.29999980926596 6.000000000000035
  endloop
endfacet
facet normal -0.7933533402912409 0.608761429008713 0.0
  outer loop
    vertex 87.10192359791165 130.29999980926596 3.000000000000035
    vertex 87.5786794657053 130.9213201528256 6.000000000000035
    vertex 87.5786794657053 130.9213201528256 3.000000000000035
  endloop
endfacet
facet normal -0.6087614290087215 0.7933533402912346 0.0
  outer loop
    vertex 87.5786794657053 130.9213201528256 6.000000000000035
    vertex 88.19999980926498 131.39807602061927 3.000000000000035
    vertex 87.5786794657053 130.9213201528256 3.000000000000035
  endloop
endfacet
facet normal -0.6087614290087215 0.7933533402912346 0.0
  outer loop
    vertex 88.19999980926498 131.39807602061927 3.000000000000035
    vertex 87.5786794657053 130.9213201528256 6.000000000000035
    vertex 88.19999980926498 131.39807602061927 6.000000000000035
  endloop
endfacet
facet normal -0.9238795325113048 -0.382683432365046 -0.0
  outer loop
    vertex 86.8022223303978 128.0235426739584 6.000000000000035
    vertex 87.10192359791165 127.29999980926591 3.000000000000035
    vertex 87.10192359791165 127.29999980926591 6.000000000000035
  endloop
endfacet
facet normal -0.9238795325113048 -0.382683432365046 -0.0
  outer loop
    vertex 87.10192359791165 127.29999980926591 3.000000000000035
    vertex 86.8022223303978 128.0235426739584 6.000000000000035
    vertex 86.8022223303978 128.0235426739584 3.000000000000035
  endloop
endfacet
facet normal -0.6087614290086852 -0.7933533402912625 -0.0
  outer loop
    vertex 88.19999980926498 126.2019235979126 6.000000000000035
    vertex 87.5786794657053 126.67867946570625 3.000000000000035
    vertex 88.19999980926498 126.2019235979126 3.000000000000035
  endloop
endfacet
facet normal -0.6087614290086852 -0.7933533402912625 -0.0
  outer loop
    vertex 87.5786794657053 126.67867946570625 3.000000000000035
    vertex 88.19999980926498 126.2019235979126 6.000000000000035
    vertex 87.5786794657053 126.67867946570625 6.000000000000035
  endloop
endfacet
facet normal 0.6087614290086852 0.7933533402912625 0.0
  outer loop
    vertex 91.19999980926501 131.39807602061927 6.000000000000035
    vertex 91.82132015282468 130.92132015282564 3.000000000000035
    vertex 91.19999980926501 131.39807602061927 3.000000000000035
  endloop
endfacet
facet normal 0.6087614290086852 0.7933533402912625 0.0
  outer loop
    vertex 91.82132015282468 130.92132015282564 3.000000000000035
    vertex 91.19999980926501 131.39807602061927 6.000000000000035
    vertex 91.82132015282468 130.92132015282564 6.000000000000035
  endloop
endfacet
facet normal 0.6087614290086852 -0.7933533402912625 0.0
  outer loop
    vertex 91.82132015282468 126.67867946570625 6.000000000000035
    vertex 91.19999980926501 126.2019235979126 3.000000000000035
    vertex 91.82132015282468 126.67867946570625 3.000000000000035
  endloop
endfacet
facet normal 0.6087614290086852 -0.7933533402912625 0.0
  outer loop
    vertex 91.19999980926501 126.2019235979126 3.000000000000035
    vertex 91.82132015282468 126.67867946570625 6.000000000000035
    vertex 91.19999980926501 126.2019235979126 6.000000000000035
  endloop
endfacet
facet normal -0.3826834323651156 0.9238795325112762 0.0
  outer loop
    vertex 88.19999980926498 131.39807602061927 6.000000000000035
    vertex 88.9235426739574 131.69777728813318 3.000000000000035
    vertex 88.19999980926498 131.39807602061927 3.000000000000035
  endloop
endfacet
facet normal -0.3826834323651156 0.9238795325112762 0.0
  outer loop
    vertex 88.9235426739574 131.69777728813318 3.000000000000035
    vertex 88.19999980926498 131.39807602061927 6.000000000000035
    vertex 88.9235426739574 131.69777728813318 6.000000000000035
  endloop
endfacet
facet normal -0.9914448613738037 0.13052619222010214 0.0
  outer loop
    vertex 86.8022223303978 129.5764569445735 6.000000000000035
    vertex 86.69999980926495 128.79999980926593 3.000000000000035
    vertex 86.69999980926495 128.79999980926593 6.000000000000035
  endloop
endfacet
facet normal -0.9914448613738037 0.13052619222010214 0.0
  outer loop
    vertex 86.69999980926495 128.79999980926593 3.000000000000035
    vertex 86.8022223303978 129.5764569445735 6.000000000000035
    vertex 86.8022223303978 129.5764569445735 3.000000000000035
  endloop
endfacet
facet normal 0.13052619222003808 -0.9914448613738123 0.0
  outer loop
    vertex 90.4764569445726 125.90222233039869 6.000000000000035
    vertex 89.699999809265 125.7999998092659 3.000000000000035
    vertex 90.4764569445726 125.90222233039869 3.000000000000035
  endloop
endfacet
facet normal 0.13052619222003808 -0.9914448613738123 0.0
  outer loop
    vertex 89.699999809265 125.7999998092659 3.000000000000035
    vertex 90.4764569445726 125.90222233039869 6.000000000000035
    vertex 89.699999809265 125.7999998092659 6.000000000000035
  endloop
endfacet
facet normal 0.9238795325113048 0.382683432365046 0.0
  outer loop
    vertex 92.29807602061834 130.29999980926596 3.000000000000035
    vertex 92.5977772881322 129.5764569445735 6.000000000000035
    vertex 92.5977772881322 129.5764569445735 3.000000000000035
  endloop
endfacet
facet normal 0.9238795325113048 0.382683432365046 0.0
  outer loop
    vertex 92.5977772881322 129.5764569445735 6.000000000000035
    vertex 92.29807602061834 130.29999980926596 3.000000000000035
    vertex 92.29807602061834 130.29999980926596 6.000000000000035
  endloop
endfacet
facet normal 0.9238795325113048 -0.382683432365046 0.0
  outer loop
    vertex 92.5977772881322 128.0235426739584 3.000000000000035
    vertex 92.29807602061834 127.29999980926591 6.000000000000035
    vertex 92.29807602061834 127.29999980926591 3.000000000000035
  endloop
endfacet
facet normal 0.9238795325113048 -0.382683432365046 0.0
  outer loop
    vertex 92.29807602061834 127.29999980926591 6.000000000000035
    vertex 92.5977772881322 128.0235426739584 3.000000000000035
    vertex 92.5977772881322 128.0235426739584 6.000000000000035
  endloop
endfacet
facet normal 0.3826834323651156 0.9238795325112762 0.0
  outer loop
    vertex 90.4764569445726 131.69777728813318 6.000000000000035
    vertex 91.19999980926501 131.39807602061927 3.000000000000035
    vertex 90.4764569445726 131.69777728813318 3.000000000000035
  endloop
endfacet
facet normal 0.3826834323651156 0.9238795325112762 0.0
  outer loop
    vertex 91.19999980926501 131.39807602061927 3.000000000000035
    vertex 90.4764569445726 131.69777728813318 6.000000000000035
    vertex 91.19999980926501 131.39807602061927 6.000000000000035
  endloop
endfacet
facet normal 0.9914448613738037 0.13052619222010214 0.0
  outer loop
    vertex 92.5977772881322 129.5764569445735 3.000000000000035
    vertex 92.69999980926504 128.79999980926593 6.000000000000035
    vertex 92.69999980926504 128.79999980926593 3.000000000000035
  endloop
endfacet
facet normal 0.9914448613738037 0.13052619222010214 0.0
  outer loop
    vertex 92.69999980926504 128.79999980926593 6.000000000000035
    vertex 92.5977772881322 129.5764569445735 3.000000000000035
    vertex 92.5977772881322 129.5764569445735 6.000000000000035
  endloop
endfacet
facet normal 0.9914448613738037 -0.13052619222010214 0.0
  outer loop
    vertex 92.69999980926504 128.79999980926593 3.000000000000035
    vertex 92.5977772881322 128.0235426739584 6.000000000000035
    vertex 92.5977772881322 128.0235426739584 3.000000000000035
  endloop
endfacet
facet normal 0.9914448613738037 -0.13052619222010214 0.0
  outer loop
    vertex 92.5977772881322 128.0235426739584 6.000000000000035
    vertex 92.69999980926504 128.79999980926593 3.000000000000035
    vertex 92.69999980926504 128.79999980926593 6.000000000000035
  endloop
endfacet
facet normal -0.13052619222003808 -0.9914448613738123 -0.0
  outer loop
    vertex 89.699999809265 125.7999998092659 6.000000000000035
    vertex 88.9235426739574 125.90222233039869 3.000000000000035
    vertex 89.699999809265 125.7999998092659 3.000000000000035
  endloop
endfacet
facet normal -0.13052619222003808 -0.9914448613738123 -0.0
  outer loop
    vertex 88.9235426739574 125.90222233039869 3.000000000000035
    vertex 89.699999809265 125.7999998092659 6.000000000000035
    vertex 88.9235426739574 125.90222233039869 6.000000000000035
  endloop
endfacet
facet normal 0.7933533402912625 0.6087614290086852 0.0
  outer loop
    vertex 91.82132015282468 130.92132015282564 3.000000000000035
    vertex 92.29807602061834 130.29999980926596 6.000000000000035
    vertex 92.29807602061834 130.29999980926596 3.000000000000035
  endloop
endfacet
facet normal 0.7933533402912625 0.6087614290086852 0.0
  outer loop
    vertex 92.29807602061834 130.29999980926596 6.000000000000035
    vertex 91.82132015282468 130.92132015282564 3.000000000000035
    vertex 91.82132015282468 130.92132015282564 6.000000000000035
  endloop
endfacet
facet normal -0.9914448613738037 -0.13052619222010214 -0.0
  outer loop
    vertex 86.69999980926495 128.79999980926593 6.000000000000035
    vertex 86.8022223303978 128.0235426739584 3.000000000000035
    vertex 86.8022223303978 128.0235426739584 6.000000000000035
  endloop
endfacet
facet normal -0.9914448613738037 -0.13052619222010214 -0.0
  outer loop
    vertex 86.8022223303978 128.0235426739584 3.000000000000035
    vertex 86.69999980926495 128.79999980926593 6.000000000000035
    vertex 86.69999980926495 128.79999980926593 3.000000000000035
  endloop
endfacet
facet normal 0.13052619222003808 0.9914448613738123 0.0
  outer loop
    vertex 89.699999809265 131.79999980926598 6.000000000000035
    vertex 90.4764569445726 131.69777728813318 3.000000000000035
    vertex 89.699999809265 131.79999980926598 3.000000000000035
  endloop
endfacet
facet normal 0.13052619222003808 0.9914448613738123 0.0
  outer loop
    vertex 90.4764569445726 131.69777728813318 3.000000000000035
    vertex 89.699999809265 131.79999980926598 6.000000000000035
    vertex 90.4764569445726 131.69777728813318 6.000000000000035
  endloop
endfacet
facet normal 0.3826834323651156 -0.9238795325112762 0.0
  outer loop
    vertex 91.19999980926501 126.2019235979126 6.000000000000035
    vertex 90.4764569445726 125.90222233039869 3.000000000000035
    vertex 91.19999980926501 126.2019235979126 3.000000000000035
  endloop
endfacet
facet normal 0.3826834323651156 -0.9238795325112762 0.0
  outer loop
    vertex 90.4764569445726 125.90222233039869 3.000000000000035
    vertex 91.19999980926501 126.2019235979126 6.000000000000035
    vertex 90.4764569445726 125.90222233039869 6.000000000000035
  endloop
endfacet
facet normal 0.0 0.0 1.0
  outer loop
    vertex 86.8022223303978 128.0235426739584 6.000000000000035
    vertex 86.8022223303978 129.5764569445735 6.000000000000035
    vertex 86.69999980926495 128.79999980926593 6.000000000000035
  endloop
endfacet
facet normal 0.0 0.0 1.0
  outer loop
    vertex 86.8022223303978 129.5764569445735 6.000000000000035
    vertex 86.8022223303978 128.0235426739584 6.000000000000035
    vertex 87.10192359791165 127.29999980926591 6.000000000000035
  endloop
endfacet
facet normal 0.0 0.0 1.0
  outer loop
    vertex 86.8022223303978 129.5764569445735 6.000000000000035
    vertex 87.10192359791165 127.29999980926591 6.000000000000035
    vertex 87.10192359791165 130.29999980926596 6.000000000000035
  endloop
endfacet
facet normal 0.0 0.0 1.0
  outer loop
    vertex 87.10192359791165 130.29999980926596 6.000000000000035
    vertex 87.10192359791165 127.29999980926591 6.000000000000035
    vertex 87.5786794657053 126.67867946570625 6.000000000000035
  endloop
endfacet
facet normal 0.0 0.0 1.0
  outer loop
    vertex 87.10192359791165 130.29999980926596 6.000000000000035
    vertex 87.5786794657053 126.67867946570625 6.000000000000035
    vertex 87.5786794657053 130.9213201528256 6.000000000000035
  endloop
endfacet
facet normal 0.0 0.0 1.0
  outer loop
    vertex 87.5786794657053 130.9213201528256 6.000000000000035
    vertex 87.5786794657053 126.67867946570625 6.000000000000035
    vertex 88.19999980926498 126.2019235979126 6.000000000000035
  endloop
endfacet
facet normal 0.0 0.0 1.0
  outer loop
    vertex 87.5786794657053 130.9213201528256 6.000000000000035
    vertex 88.19999980926498 126.2019235979126 6.000000000000035
    vertex 88.19999980926498 131.39807602061927 6.000000000000035
  endloop
endfacet
facet normal 0.0 0.0 1.0
  outer loop
    vertex 88.19999980926498 131.39807602061927 6.000000000000035
    vertex 88.19999980926498 126.2019235979126 6.000000000000035
    vertex 88.44999980926501 128.79999980926584 6.000000000000035
  endloop
endfacet
facet normal 0.0 0.0 1.0
  outer loop
    vertex 88.44999980926501 128.79999980926584 6.000000000000035
    vertex 88.19999980926498 126.2019235979126 6.000000000000035
    vertex 88.49259252640367 128.47647600288772 6.000000000000035
  endloop
endfacet
facet normal 0.0 0.0 1.0
  outer loop
    vertex 88.49259252640367 128.47647600288772 6.000000000000035
    vertex 88.19999980926498 126.2019235979126 6.000000000000035
    vertex 88.9235426739574 125.90222233039869 6.000000000000035
  endloop
endfacet
facet normal 0.0 0.0 1.0
  outer loop
    vertex 88.49259252640367 128.47647600288772 6.000000000000035
    vertex 88.9235426739574 125.90222233039869 6.000000000000035
    vertex 88.61746805453451 128.17499980926584 6.000000000000035
  endloop
endfacet
facet normal 0.0 0.0 1.0
  outer loop
    vertex 88.61746805453451 128.17499980926584 6.000000000000035
    vertex 88.9235426739574 125.90222233039869 6.000000000000035
    vertex 88.81611633278189 127.91611633278269 6.000000000000035
  endloop
endfacet
facet normal 0.0 0.0 1.0
  outer loop
    vertex 88.81611633278189 127.91611633278269 6.000000000000035
    vertex 88.9235426739574 125.90222233039869 6.000000000000035
    vertex 89.07499980926505 127.71746805453536 6.000000000000035
  endloop
endfacet
facet normal 0.0 0.0 1.0
  outer loop
    vertex 89.07499980926505 127.71746805453536 6.000000000000035
    vertex 88.9235426739574 125.90222233039869 6.000000000000035
    vertex 89.699999809265 125.7999998092659 6.000000000000035
  endloop
endfacet
facet normal 0.0 0.0 1.0
  outer loop
    vertex 89.07499980926505 127.71746805453536 6.000000000000035
    vertex 89.699999809265 125.7999998092659 6.000000000000035
    vertex 89.37647600288696 127.59259252640457 6.000000000000035
  endloop
endfacet
facet normal 0.0 0.0 1.0
  outer loop
    vertex 89.37647600288696 127.59259252640457 6.000000000000035
    vertex 89.699999809265 125.7999998092659 6.000000000000035
    vertex 89.69999980926508 127.54999980926596 6.000000000000035
  endloop
endfacet
facet normal 0.0 0.0 1.0
  outer loop
    vertex 89.69999980926508 127.54999980926596 6.000000000000035
    vertex 89.699999809265 125.7999998092659 6.000000000000035
    vertex 90.4764569445726 125.90222233039869 6.000000000000035
  endloop
endfacet
facet normal 0.0 0.0 1.0
  outer loop
    vertex 89.69999980926508 127.54999980926596 6.000000000000035
    vertex 90.4764569445726 125.90222233039869 6.000000000000035
    vertex 90.02352361564321 127.59259252640462 6.000000000000035
  endloop
endfacet
facet normal 0.0 0.0 1.0
  outer loop
    vertex 90.02352361564321 127.59259252640462 6.000000000000035
    vertex 90.4764569445726 125.90222233039869 6.000000000000035
    vertex 90.32499980926504 127.71746805453546 6.000000000000035
  endloop
endfacet
facet normal 0.0 0.0 1.0
  outer loop
    vertex 90.32499980926504 127.71746805453546 6.000000000000035
    vertex 90.4764569445726 125.90222233039869 6.000000000000035
    vertex 90.5838832857482 127.91611633278283 6.000000000000035
  endloop
endfacet
facet normal 0.0 0.0 1.0
  outer loop
    vertex 90.5838832857482 127.91611633278283 6.000000000000035
    vertex 90.4764569445726 125.90222233039869 6.000000000000035
    vertex 91.19999980926501 126.2019235979126 6.000000000000035
  endloop
endfacet
facet normal 0.0 0.0 1.0
  outer loop
    vertex 90.5838832857482 127.91611633278283 6.000000000000035
    vertex 91.19999980926501 126.2019235979126 6.000000000000035
    vertex 90.78253156399558 128.17499980926604 6.000000000000035
  endloop
endfacet
facet normal 0.0 0.0 1.0
  outer loop
    vertex 90.78253156399558 128.17499980926604 6.000000000000035
    vertex 91.19999980926501 126.2019235979126 6.000000000000035
    vertex 90.90740709212632 128.47647600288786 6.000000000000035
  endloop
endfacet
facet normal 0.0 0.0 1.0
  outer loop
    vertex 90.90740709212632 128.47647600288786 6.000000000000035
    vertex 91.19999980926501 126.2019235979126 6.000000000000035
    vertex 90.94999980926498 128.79999980926604 6.000000000000035
  endloop
endfacet
facet normal 0.0 0.0 1.0
  outer loop
    vertex 88.19999980926498 131.39807602061927 6.000000000000035
    vertex 88.49259252640367 129.12352361564402 6.000000000000035
    vertex 88.9235426739574 131.69777728813318 6.000000000000035
  endloop
endfacet
facet normal 0.0 0.0 1.0
  outer loop
    vertex 88.49259252640367 129.12352361564402 6.000000000000035
    vertex 88.19999980926498 131.39807602061927 6.000000000000035
    vertex 88.44999980926501 128.79999980926584 6.000000000000035
  endloop
endfacet
facet normal 0.0 0.0 1.0
  outer loop
    vertex 88.9235426739574 131.69777728813318 6.000000000000035
    vertex 88.49259252640367 129.12352361564402 6.000000000000035
    vertex 88.61746805453441 129.42499980926584 6.000000000000035
  endloop
endfacet
facet normal 0.0 0.0 1.0
  outer loop
    vertex 88.9235426739574 131.69777728813318 6.000000000000035
    vertex 88.61746805453441 129.42499980926584 6.000000000000035
    vertex 88.8161163327818 129.68388328574903 6.000000000000035
  endloop
endfacet
facet normal 0.0 0.0 1.0
  outer loop
    vertex 88.9235426739574 131.69777728813318 6.000000000000035
    vertex 88.8161163327818 129.68388328574903 6.000000000000035
    vertex 89.07499980926495 129.88253156399642 6.000000000000035
  endloop
endfacet
facet normal 0.0 0.0 1.0
  outer loop
    vertex 88.9235426739574 131.69777728813318 6.000000000000035
    vertex 89.07499980926495 129.88253156399642 6.000000000000035
    vertex 89.699999809265 131.79999980926598 6.000000000000035
  endloop
endfacet
facet normal 0.0 0.0 1.0
  outer loop
    vertex 89.699999809265 131.79999980926598 6.000000000000035
    vertex 89.07499980926495 129.88253156399642 6.000000000000035
    vertex 89.37647600288679 130.00740709212727 6.000000000000035
  endloop
endfacet
facet normal 0.0 0.0 1.0
  outer loop
    vertex 89.699999809265 131.79999980926598 6.000000000000035
    vertex 89.37647600288679 130.00740709212727 6.000000000000035
    vertex 89.69999980926491 130.04999980926593 6.000000000000035
  endloop
endfacet
facet normal 0.0 0.0 1.0
  outer loop
    vertex 89.699999809265 131.79999980926598 6.000000000000035
    vertex 89.69999980926491 130.04999980926593 6.000000000000035
    vertex 90.02352361564303 130.0074070921273 6.000000000000035
  endloop
endfacet
facet normal 0.0 0.0 1.0
  outer loop
    vertex 89.699999809265 131.79999980926598 6.000000000000035
    vertex 90.02352361564303 130.0074070921273 6.000000000000035
    vertex 90.4764569445726 131.69777728813318 6.000000000000035
  endloop
endfacet
facet normal 0.0 0.0 1.0
  outer loop
    vertex 90.4764569445726 131.69777728813318 6.000000000000035
    vertex 90.02352361564303 130.0074070921273 6.000000000000035
    vertex 90.32499980926494 129.8825315639965 6.000000000000035
  endloop
endfacet
facet normal 0.0 0.0 1.0
  outer loop
    vertex 90.4764569445726 131.69777728813318 6.000000000000035
    vertex 90.32499980926494 129.8825315639965 6.000000000000035
    vertex 90.5838832857481 129.68388328574918 6.000000000000035
  endloop
endfacet
facet normal 0.0 0.0 1.0
  outer loop
    vertex 90.4764569445726 131.69777728813318 6.000000000000035
    vertex 90.5838832857481 129.68388328574918 6.000000000000035
    vertex 91.19999980926501 131.39807602061927 6.000000000000035
  endloop
endfacet
facet normal 0.0 0.0 1.0
  outer loop
    vertex 91.19999980926501 131.39807602061927 6.000000000000035
    vertex 90.5838832857481 129.68388328574918 6.000000000000035
    vertex 90.78253156399548 129.424999809266 6.000000000000035
  endloop
endfacet
facet normal 0.0 0.0 1.0
  outer loop
    vertex 91.19999980926501 131.39807602061927 6.000000000000035
    vertex 90.78253156399548 129.424999809266 6.000000000000035
    vertex 90.90740709212632 129.1235236156442 6.000000000000035
  endloop
endfacet
facet normal 0.0 0.0 1.0
  outer loop
    vertex 91.19999980926501 131.39807602061927 6.000000000000035
    vertex 90.90740709212632 129.1235236156442 6.000000000000035
    vertex 90.94999980926498 128.79999980926604 6.000000000000035
  endloop
endfacet
facet normal 0.0 0.0 1.0
  outer loop
    vertex 91.19999980926501 131.39807602061927 6.000000000000035
    vertex 90.94999980926498 128.79999980926604 6.000000000000035
    vertex 91.19999980926501 126.2019235979126 6.000000000000035
  endloop
endfacet
facet normal 0.0 0.0 1.0
  outer loop
    vertex 91.19999980926501 131.39807602061927 6.000000000000035
    vertex 91.19999980926501 126.2019235979126 6.000000000000035
    vertex 91.82132015282468 126.67867946570625 6.000000000000035
  endloop
endfacet
facet normal 0.0 0.0 1.0
  outer loop
    vertex 91.19999980926501 131.39807602061927 6.000000000000035
    vertex 91.82132015282468 126.67867946570625 6.000000000000035
    vertex 91.82132015282468 130.92132015282564 6.000000000000035
  endloop
endfacet
facet normal 0.0 0.0 1.0
  outer loop
    vertex 91.82132015282468 130.92132015282564 6.000000000000035
    vertex 91.82132015282468 126.67867946570625 6.000000000000035
    vertex 92.29807602061834 127.29999980926591 6.000000000000035
  endloop
endfacet
facet normal 0.0 0.0 1.0
  outer loop
    vertex 91.82132015282468 130.92132015282564 6.000000000000035
    vertex 92.29807602061834 127.29999980926591 6.000000000000035
    vertex 92.29807602061834 130.29999980926596 6.000000000000035
  endloop
endfacet
facet normal 0.0 0.0 1.0
  outer loop
    vertex 92.29807602061834 130.29999980926596 6.000000000000035
    vertex 92.29807602061834 127.29999980926591 6.000000000000035
    vertex 92.5977772881322 128.0235426739584 6.000000000000035
  endloop
endfacet
facet normal 0.0 0.0 1.0
  outer loop
    vertex 92.29807602061834 130.29999980926596 6.000000000000035
    vertex 92.5977772881322 128.0235426739584 6.000000000000035
    vertex 92.5977772881322 129.5764569445735 6.000000000000035
  endloop
endfacet
facet normal 0.0 0.0 1.0
  outer loop
    vertex 92.5977772881322 129.5764569445735 6.000000000000035
    vertex 92.5977772881322 128.0235426739584 6.000000000000035
    vertex 92.69999980926504 128.79999980926593 6.000000000000035
  endloop
endfacet
facet normal -0.7933533402912625 -0.6087614290086852 -0.0
  outer loop
    vertex 87.10192359791165 127.29999980926591 6.000000000000035
    vertex 87.5786794657053 126.67867946570625 3.000000000000035
    vertex 87.5786794657053 126.67867946570625 6.000000000000035
  endloop
endfacet
facet normal -0.7933533402912625 -0.6087614290086852 -0.0
  outer loop
    vertex 87.5786794657053 126.67867946570625 3.000000000000035
    vertex 87.10192359791165 127.29999980926591 6.000000000000035
    vertex 87.10192359791165 127.29999980926591 3.000000000000035
  endloop
endfacet
facet normal 1.0 -2.9336199127796515e-16 2.4345355303785723e-15
  outer loop
    vertex 110.0000000000002 0.08618161827328734 26.09504127502487
    vertex 110.00000000000011 0.0 40.64999961853074
    vertex 110.0000000000002 0.0 25.00000000000046
  endloop
endfacet
facet normal 1.0 -2.9336199127796515e-16 2.4345355303785723e-15
  outer loop
    vertex 110.00000000000011 0.0 40.64999961853074
    vertex 110.0000000000002 0.08618161827328734 26.09504127502487
    vertex 110.00000000000011 0.06814575195319462 41.16763687133836
  endloop
endfacet
facet normal 1.0 -2.9336199127796515e-16 2.4345355303785723e-15
  outer loop
    vertex 110.00000000000011 0.06814575195319462 41.16763687133836
    vertex 110.0000000000002 0.08618161827328734 26.09504127502487
    vertex 110.00000000000011 0.26794433593755257 41.650001525879375
  endloop
endfacet
facet normal 1.0 -2.9336199127796515e-16 2.4345355303785723e-15
  outer loop
    vertex 110.00000000000011 0.26794433593755257 41.650001525879375
    vertex 110.0000000000002 0.08618161827328734 26.09504127502487
    vertex 110.0000000000002 0.34260439872738785 27.163118362427223
  endloop
endfacet
facet normal 1.0 -2.9336199127796515e-16 2.4345355303785723e-15
  outer loop
    vertex 110.00000000000011 0.26794433593755257 41.650001525879375
    vertex 110.0000000000002 0.34260439872738785 27.163118362427223
    vertex 110.00000000000011 0.5857849121093138 42.06421279907273
  endloop
endfacet
facet normal 1.0 -2.9336199127796515e-16 2.4345355303785723e-15
  outer loop
    vertex 110.00000000000011 0.5857849121093138 42.06421279907273
    vertex 110.0000000000002 0.34260439872738785 27.163118362427223
    vertex 110.0000000000002 0.7629543542862116 28.177932739258267
  endloop
endfacet
facet normal 1.0 -2.9336199127796515e-16 2.4345355303785723e-15
  outer loop
    vertex 110.00000000000011 0.5857849121093138 42.06421279907273
    vertex 110.0000000000002 0.7629543542862116 28.177932739258267
    vertex 110.00000000000011 0.999999999999953 42.382049560547344
  endloop
endfacet
facet normal 1.0 -2.9336199127796515e-16 2.4345355303785723e-15
  outer loop
    vertex 110.00000000000011 0.999999999999953 42.382049560547344
    vertex 110.0000000000002 0.7629543542862116 28.177932739258267
    vertex 110.0000000000002 1.336881041526822 29.11449623107956
  endloop
endfacet
facet normal 1.0 -2.9336199127796515e-16 2.4345355303785723e-15
  outer loop
    vertex 110.00000000000011 0.999999999999953 42.382049560547344
    vertex 110.0000000000002 1.336881041526822 29.11449623107956
    vertex 110.00000000000011 1.4823608398437982 42.58185195922898
  endloop
endfacet
facet normal 1.0 -2.9336199127796515e-16 2.4345355303785723e-15
  outer loop
    vertex 110.00000000000011 1.4823608398437982 42.58185195922898
    vertex 110.0000000000002 1.336881041526822 29.11449623107956
    vertex 110.0000000000002 2.0502524375915447 29.949747085571747
  endloop
endfacet
facet normal 1.0 -2.9336199127796515e-16 2.4345355303785723e-15
  outer loop
    vertex 110.00000000000011 1.4823608398437982 42.58185195922898
    vertex 110.0000000000002 2.0502524375915447 29.949747085571747
    vertex 110.00000000000011 2.0000000000000977 42.650001525879375
  endloop
endfacet
facet normal 1.0 -2.9336199127796515e-16 2.4345355303785723e-15
  outer loop
    vertex 110.00000000000011 2.0000000000000977 42.650001525879375
    vertex 110.0000000000002 2.0502524375915447 29.949747085571747
    vertex 110.0000000000002 2.8855032920837087 30.663118362427216
  endloop
endfacet
facet normal 1.0 -2.9336199127796515e-16 2.4345355303785723e-15
  outer loop
    vertex 110.00000000000011 2.0000000000000977 42.650001525879375
    vertex 110.0000000000002 2.8855032920837087 30.663118362427216
    vertex 110.0000000000002 3.8220665454864693 31.237045288086403
  endloop
endfacet
facet normal 1.0 -2.9336199127796515e-16 2.4345355303785723e-15
  outer loop
    vertex 110.00000000000011 2.0000000000000977 42.650001525879375
    vertex 110.0000000000002 3.8220665454864693 31.237045288086403
    vertex 110.0000000000002 4.836881160736071 31.657396316528786
  endloop
endfacet
facet normal 1.0 -2.9336199127796515e-16 2.4345355303785723e-15
  outer loop
    vertex 110.00000000000011 2.0000000000000977 42.650001525879375
    vertex 110.0000000000002 4.836881160736071 31.657396316528786
    vertex 110.0000000000002 5.904958724975624 31.913818359375465
  endloop
endfacet
facet normal 1.0 -2.9336199127796515e-16 2.4345355303785723e-15
  outer loop
    vertex 110.00000000000011 2.0000000000000977 42.650001525879375
    vertex 110.0000000000002 5.904958724975624 31.913818359375465
    vertex 110.0000000000002 95.21484374999996 42.57200241088914
  endloop
endfacet
facet normal 1.0 -2.9336199127796515e-16 2.4345355303785723e-15
  outer loop
    vertex 110.00000000000011 2.0000000000000977 42.650001525879375
    vertex 110.0000000000002 95.21484374999996 42.57200241088914
    vertex 110.0000000000002 96.00091552734379 42.650001525879375
  endloop
endfacet
facet normal 1.0 -2.9336199127796515e-16 2.4345355303785723e-15
  outer loop
    vertex 110.0000000000002 95.21484374999996 42.57200241088914
    vertex 110.0000000000002 5.904958724975624 31.913818359375465
    vertex 110.0000000000002 7.000000000000032 32.00000000000046
  endloop
endfacet
facet normal 1.0 -2.9336199127796515e-16 2.4345355303785723e-15
  outer loop
    vertex 110.0000000000002 95.21484374999996 42.57200241088914
    vertex 110.0000000000002 7.000000000000032 32.00000000000046
    vertex 110.0000000000002 94.45943450927741 42.3410491943364
  endloop
endfacet
facet normal 1.0 -2.9336199127796515e-16 2.4345355303785723e-15
  outer loop
    vertex 110.0000000000002 94.45943450927741 42.3410491943364
    vertex 110.0000000000002 7.000000000000032 32.00000000000046
    vertex 110.0000000000002 93.76414489746094 41.96615219116258
  endloop
endfacet
facet normal 1.0 -2.9336199127796515e-16 2.4345355303785723e-15
  outer loop
    vertex 110.0000000000002 93.76414489746094 41.96615219116258
    vertex 110.0000000000002 7.000000000000032 32.00000000000046
    vertex 110.0000000000002 93.1560821533204 41.461925506592266
  endloop
endfacet
facet normal 1.0 -2.9336199127796515e-16 2.4345355303785723e-15
  outer loop
    vertex 110.0000000000002 93.1560821533204 41.461925506592266
    vertex 110.0000000000002 7.000000000000032 32.00000000000046
    vertex 110.0000000000002 92.65895843505864 40.84803581237839
  endloop
endfacet
facet normal 1.0 -2.9336199127796515e-16 2.4345355303785723e-15
  outer loop
    vertex 110.0000000000002 92.65895843505864 40.84803581237839
    vertex 110.0000000000002 7.000000000000032 32.00000000000046
    vertex 110.0000000000002 87.65098571777357 32.00000000000046
  endloop
endfacet
facet normal 1.0 -2.9336199127796515e-16 2.4345355303785723e-15
  outer loop
    vertex 110.0000000000002 92.65895843505864 40.84803581237839
    vertex 110.0000000000002 87.65098571777357 32.00000000000046
    vertex 110.0000000000002 92.29217529296885 40.14842605590867
  endloop
endfacet
facet normal 1.0 -2.9336199127796515e-16 2.4345355303785723e-15
  outer loop
    vertex 110.0000000000002 92.29217529296885 40.14842605590867
    vertex 110.0000000000002 87.65098571777357 32.00000000000046
    vertex 110.0000000000002 88.1212692260743 32.05607795715379
  endloop
endfacet
facet normal 1.0 -2.9336199127796515e-16 2.4345355303785723e-15
  outer loop
    vertex 110.0000000000002 92.29217529296885 40.14842605590867
    vertex 110.0000000000002 88.1212692260743 32.05607795715379
    vertex 110.0000000000002 88.56517791748058 32.22116661071824
  endloop
endfacet
facet normal 1.0 -2.9336199127796515e-16 2.4345355303785723e-15
  outer loop
    vertex 110.0000000000002 92.29217529296885 40.14842605590867
    vertex 110.0000000000002 88.56517791748058 32.22116661071824
    vertex 110.0000000000002 88.95782470703132 32.48600959777878
  endloop
endfacet
facet normal 1.0 -2.9336199127796515e-16 2.4345355303785723e-15
  outer loop
    vertex 110.0000000000002 92.29217529296885 40.14842605590867
    vertex 110.0000000000002 88.95782470703132 32.48600959777878
    vertex 110.0000000000002 89.27718353271487 32.83575439453172
  endloop
endfacet
facet normal 1.0 -2.9336199127796515e-16 2.4345355303785723e-15
  outer loop
    vertex 110.0000000000002 92.29217529296885 40.14842605590867
    vertex 110.0000000000002 89.27718353271487 32.83575439453172
    vertex 110.0000000000002 89.50534820556642 33.25078773498582
  endloop
endfacet
facet normal 0.0 -0.7933542190761481 0.6087602837522132
  outer loop
    vertex 113.00000000000016 24.472242355346694 19.64999961853073
    vertex 108.00000000000021 24.20208168029786 19.297918319702614
    vertex 113.00000000000016 24.20208168029786 19.297918319702614
  endloop
endfacet
facet normal 0.0 -0.7933542190761481 0.6087602837522132
  outer loop
    vertex 108.00000000000021 24.20208168029786 19.297918319702614
    vertex 113.00000000000016 24.472242355346694 19.64999961853073
    vertex 108.00000000000021 24.472242355346694 19.64999961853073
  endloop
endfacet
facet normal 0.0 -0.13052566518337363 0.9914449307593629
  outer loop
    vertex 214.00000000000045 112.50000000000011 24.125000000000465
    vertex 209.0000000000005 112.93999481201178 24.182926177978974
    vertex 209.0000000000005 112.50000000000011 24.125000000000465
  endloop
endfacet
facet normal 0.0 -0.13052566518337363 0.9914449307593629
  outer loop
    vertex 209.0000000000005 112.93999481201178 24.182926177978974
    vertex 214.00000000000045 112.50000000000011 24.125000000000465
    vertex 214.00000000000045 112.93999481201178 24.182926177978974
  endloop
endfacet
facet normal -0.3826834323651156 -0.9238795325112762 -0.0
  outer loop
    vertex 88.9235426739574 125.90222233039869 6.000000000000035
    vertex 88.19999980926498 126.2019235979126 3.000000000000035
    vertex 88.9235426739574 125.90222233039869 3.000000000000035
  endloop
endfacet
facet normal -0.3826834323651156 -0.9238795325112762 -0.0
  outer loop
    vertex 88.19999980926498 126.2019235979126 3.000000000000035
    vertex 88.9235426739574 125.90222233039869 6.000000000000035
    vertex 88.19999980926498 126.2019235979126 6.000000000000035
  endloop
endfacet
facet normal -0.9238795325113048 0.382683432365046 0.0
  outer loop
    vertex 87.10192359791165 130.29999980926596 6.000000000000035
    vertex 86.8022223303978 129.5764569445735 3.000000000000035
    vertex 86.8022223303978 129.5764569445735 6.000000000000035
  endloop
endfacet
facet normal -0.9238795325113048 0.382683432365046 0.0
  outer loop
    vertex 86.8022223303978 129.5764569445735 3.000000000000035
    vertex 87.10192359791165 130.29999980926596 6.000000000000035
    vertex 87.10192359791165 130.29999980926596 3.000000000000035
  endloop
endfacet
facet normal 0.0 -0.5591920086703265 0.8290381761048436
  outer loop
    vertex 113.00000000000016 88.56517791748058 32.22116661071824
    vertex 110.0000000000002 88.95782470703132 32.48600959777878
    vertex 110.0000000000002 88.56517791748058 32.22116661071824
  endloop
endfacet
facet normal 0.0 -0.5591920086703265 0.8290381761048436
  outer loop
    vertex 110.0000000000002 88.95782470703132 32.48600959777878
    vertex 113.00000000000016 88.56517791748058 32.22116661071824
    vertex 113.00000000000016 88.95782470703132 32.48600959777878
  endloop
endfacet
facet normal 0.0 -0.9723698875997518 0.23344550046905221
  outer loop
    vertex 113.00000000000016 0.34260439872738785 27.163118362427223
    vertex 110.0000000000002 0.08618161827328734 26.09504127502487
    vertex 113.00000000000016 0.08618161827328734 26.09504127502487
  endloop
endfacet
facet normal 0.0 -0.9723698875997518 0.23344550046905221
  outer loop
    vertex 110.0000000000002 0.08618161827328734 26.09504127502487
    vertex 113.00000000000016 0.34260439872738785 27.163118362427223
    vertex 110.0000000000002 0.34260439872738785 27.163118362427223
  endloop
endfacet
facet normal 0.0 0.0 1.0
  outer loop
    vertex 209.0000000000005 0.0 4.000000000000463
    vertex 113.00000000000016 135.50000000000014 4.000000000000463
    vertex 113.00000000000016 0.0 4.000000000000463
  endloop
endfacet
facet normal 0.0 0.0 1.0
  outer loop
    vertex 113.00000000000016 135.50000000000014 4.000000000000463
    vertex 209.0000000000005 0.0 4.000000000000463
    vertex 209.0000000000005 135.49626551448878 4.000000000000463
  endloop
endfacet
facet normal 0.0 0.382682787467633 -0.923879799636296
  outer loop
    vertex 113.00000000000016 22.560007095336918 22.142073631287083
    vertex 108.00000000000021 22.14999961853029 21.97224330902146
    vertex 108.00000000000021 22.560007095336918 22.142073631287083
  endloop
endfacet
facet normal 0.0 0.382682787467633 -0.923879799636296
  outer loop
    vertex 108.00000000000021 22.14999961853029 21.97224330902146
    vertex 113.00000000000016 22.560007095336918 22.142073631287083
    vertex 113.00000000000016 22.14999961853029 21.97224330902146
  endloop
endfacet
facet normal 0.7933533402912625 -0.6087614290086852 0.0
  outer loop
    vertex 92.29807602061834 127.29999980926591 3.000000000000035
    vertex 91.82132015282468 126.67867946570625 6.000000000000035
    vertex 91.82132015282468 126.67867946570625 3.000000000000035
  endloop
endfacet
facet normal 0.7933533402912625 -0.6087614290086852 0.0
  outer loop
    vertex 91.82132015282468 126.67867946570625 6.000000000000035
    vertex 92.29807602061834 127.29999980926591 3.000000000000035
    vertex 92.29807602061834 127.29999980926591 6.000000000000035
  endloop
endfacet
facet normal -0.13052619222003808 0.9914448613738123 0.0
  outer loop
    vertex 88.9235426739574 131.69777728813318 6.000000000000035
    vertex 89.699999809265 131.79999980926598 3.000000000000035
    vertex 88.9235426739574 131.69777728813318 3.000000000000035
  endloop
endfacet
facet normal -0.13052619222003808 0.9914448613738123 0.0
  outer loop
    vertex 89.699999809265 131.79999980926598 3.000000000000035
    vertex 88.9235426739574 131.69777728813318 6.000000000000035
    vertex 89.699999809265 131.79999980926598 6.000000000000035
  endloop
endfacet
facet normal 0.0 0.9914459698720214 0.13051777206391027
  outer loop
    vertex 209.0000000000005 110.80000305175794 25.825000762939904
    vertex 214.00000000000045 110.85792541503908 25.38500785827683
    vertex 209.0000000000005 110.85792541503908 25.38500785827683
  endloop
endfacet
facet normal 0.0 0.9914459698720214 0.13051777206391027
  outer loop
    vertex 214.00000000000045 110.85792541503908 25.38500785827683
    vertex 209.0000000000005 110.80000305175794 25.825000762939904
    vertex 214.00000000000045 110.80000305175794 25.825000762939904
  endloop
endfacet
facet normal 0.0 0.382685826542002 0.9238785408071046
  outer loop
    vertex 214.00000000000045 111.65000152587902 24.35275650024461
    vertex 209.0000000000005 112.0600051879884 24.182926177978974
    vertex 209.0000000000005 111.65000152587902 24.35275650024461
  endloop
endfacet
facet normal 0.0 0.382685826542002 0.9238785408071046
  outer loop
    vertex 209.0000000000005 112.0600051879884 24.182926177978974
    vertex 214.00000000000045 111.65000152587902 24.35275650024461
    vertex 214.00000000000045 112.0600051879884 24.182926177978974
  endloop
endfacet
facet normal 0.0 0.13052622136607495 -0.9914448575366633
  outer loop
    vertex 113.00000000000016 23.000000000000004 22.199999809265602
    vertex 108.00000000000021 22.560007095336918 22.142073631287083
    vertex 108.00000000000021 23.000000000000004 22.199999809265602
  endloop
endfacet
facet normal 0.0 0.13052622136607495 -0.9914448575366633
  outer loop
    vertex 108.00000000000021 22.560007095336918 22.142073631287083
    vertex 113.00000000000016 23.000000000000004 22.199999809265602
    vertex 113.00000000000016 22.560007095336918 22.142073631287083
  endloop
endfacet
facet normal 0.0 0.13052566518336053 0.9914449307593647
  outer loop
    vertex 214.00000000000045 112.0600051879884 24.182926177978974
    vertex 209.0000000000005 112.50000000000011 24.125000000000465
    vertex 209.0000000000005 112.0600051879884 24.182926177978974
  endloop
endfacet
facet normal 0.0 0.13052566518336053 0.9914449307593647
  outer loop
    vertex 209.0000000000005 112.50000000000011 24.125000000000465
    vertex 214.00000000000045 112.0600051879884 24.182926177978974
    vertex 214.00000000000045 112.50000000000011 24.125000000000465
  endloop
endfacet
facet normal 0.0 0.9238818334655825 0.38267787732278635
  outer loop
    vertex 209.0000000000005 135.23205566406259 41.650001525879375
    vertex 217.0000000000005 135.43185424804693 41.16763687133836
    vertex 209.0000000000005 135.43185424804693 41.16763687133836
  endloop
endfacet
facet normal 0.0 0.9238818334655825 0.38267787732278635
  outer loop
    vertex 217.0000000000005 135.43185424804693 41.16763687133836
    vertex 209.0000000000005 135.23205566406259 41.650001525879375
    vertex 217.0000000000005 135.23205566406259 41.650001525879375
  endloop
endfacet
facet normal 0.0 0.7933533402912379 -0.6087614290087172
  outer loop
    vertex 214.00000000000045 20.878679656440355 22.621320343560114
    vertex 217.0000000000005 20.40192378864668 22.000000000000465
    vertex 214.00000000000045 20.40192378864668 22.000000000000465
  endloop
endfacet
facet normal 0.0 0.7933533402912379 -0.6087614290087172
  outer loop
    vertex 217.0000000000005 20.40192378864668 22.000000000000465
    vertex 214.00000000000045 20.878679656440355 22.621320343560114
    vertex 217.0000000000005 20.878679656440355 22.621320343560114
  endloop
endfacet
facet normal 0.0 -0.13052622136607495 0.9914448575366633
  outer loop
    vertex 113.00000000000016 23.000000000000004 18.80000019073532
    vertex 108.00000000000021 23.439992904663086 18.85792636871384
    vertex 108.00000000000021 23.000000000000004 18.80000019073532
  endloop
endfacet
facet normal 0.0 -0.13052622136607495 0.9914448575366633
  outer loop
    vertex 108.00000000000021 23.439992904663086 18.85792636871384
    vertex 113.00000000000016 23.000000000000004 18.80000019073532
    vertex 113.00000000000016 23.439992904663086 18.85792636871384
  endloop
endfacet
facet normal 0.0 -0.382682787467633 0.923879799636296
  outer loop
    vertex 113.00000000000016 23.439992904663086 18.85792636871384
    vertex 108.00000000000021 23.850000381469716 19.027756690979462
    vertex 108.00000000000021 23.439992904663086 18.85792636871384
  endloop
endfacet
facet normal 0.0 -0.382682787467633 0.923879799636296
  outer loop
    vertex 108.00000000000021 23.850000381469716 19.027756690979462
    vertex 113.00000000000016 23.439992904663086 18.85792636871384
    vertex 113.00000000000016 23.850000381469716 19.027756690979462
  endloop
endfacet
facet normal 0.0 -0.09874154542670098 0.9951131127699739
  outer loop
    vertex 217.0000000000005 95.21484375000004 42.57200241088914
    vertex 209.0000000000005 96.00091552734379 42.650001525879375
    vertex 209.0000000000005 95.21484375000004 42.57200241088914
  endloop
endfacet
facet normal 0.0 -0.09874154542670098 0.9951131127699739
  outer loop
    vertex 209.0000000000005 96.00091552734379 42.650001525879375
    vertex 217.0000000000005 95.21484375000004 42.57200241088914
    vertex 217.0000000000005 96.00091552734379 42.650001525879375
  endloop
endfacet
facet normal 0.0 0.1305261922200455 0.9914448613738112
  outer loop
    vertex 217.0000000000005 22.223542864692448 17.602222521133264
    vertex 214.00000000000045 23.000000000000004 17.500000000000473
    vertex 214.00000000000045 22.223542864692448 17.602222521133264
  endloop
endfacet
facet normal 0.0 0.1305261922200455 0.9914448613738112
  outer loop
    vertex 214.00000000000045 23.000000000000004 17.500000000000473
    vertex 217.0000000000005 22.223542864692448 17.602222521133264
    vertex 217.0000000000005 23.000000000000004 17.500000000000473
  endloop
endfacet
facet normal -1.3978349400327716e-15 0.13052822244845994 0.9914445940870552
  outer loop
    vertex 113.00000000000016 133.50000000000006 42.650001525879375
    vertex 1.8047785488306544e-13 134.01763916015648 42.5818519592285
    vertex 1.8047785488306544e-13 133.50000000000017 42.6500015258789
  endloop
endfacet
facet normal -1.3978349400327716e-15 0.13052822244845994 0.9914445940870552
  outer loop
    vertex 1.8047785488306544e-13 134.01763916015648 42.5818519592285
    vertex 113.00000000000016 133.50000000000006 42.650001525879375
    vertex 113.00000000000016 134.01763916015634 42.58185195922898
  endloop
endfacet
facet normal 0.0 -0.6383205155128147 0.769770692788089
  outer loop
    vertex 113.00000000000016 93.1560821533204 41.461925506592266
    vertex 110.0000000000002 93.76414489746094 41.96615219116258
    vertex 110.0000000000002 93.1560821533204 41.461925506592266
  endloop
endfacet
facet normal 0.0 -0.6383205155128147 0.769770692788089
  outer loop
    vertex 110.0000000000002 93.76414489746094 41.96615219116258
    vertex 113.00000000000016 93.1560821533204 41.461925506592266
    vertex 113.00000000000016 93.76414489746094 41.96615219116258
  endloop
endfacet
facet normal 0.0 -0.34857295819398576 0.9372816507410642
  outer loop
    vertex 217.0000000000005 88.1212692260743 32.05607795715379
    vertex 209.0000000000005 88.56517791748058 32.22116661071824
    vertex 209.0000000000005 88.1212692260743 32.05607795715379
  endloop
endfacet
facet normal 0.0 -0.34857295819398576 0.9372816507410642
  outer loop
    vertex 209.0000000000005 88.56517791748058 32.22116661071824
    vertex 217.0000000000005 88.1212692260743 32.05607795715379
    vertex 217.0000000000005 88.56517791748058 32.22116661071824
  endloop
endfacet
facet normal 0.0 0.9238785948135034 0.38268569615995096
  outer loop
    vertex 108.00000000000021 21.357925415039062 20.060008049011696
    vertex 113.00000000000016 21.527757644653313 19.64999961853073
    vertex 108.00000000000021 21.527757644653313 19.64999961853073
  endloop
endfacet
facet normal 0.0 0.9238785948135034 0.38268569615995096
  outer loop
    vertex 113.00000000000016 21.527757644653313 19.64999961853073
    vertex 108.00000000000021 21.357925415039062 20.060008049011696
    vertex 113.00000000000016 21.357925415039062 20.060008049011696
  endloop
endfacet
facet normal 0.0 -0.13052566518337363 -0.9914449307593629
  outer loop
    vertex 214.00000000000045 112.93999481201178 27.46707344055222
    vertex 209.0000000000005 112.50000000000011 27.524999618530725
    vertex 209.0000000000005 112.93999481201178 27.46707344055222
  endloop
endfacet
facet normal 0.0 -0.13052566518337363 -0.9914449307593629
  outer loop
    vertex 209.0000000000005 112.50000000000011 27.524999618530725
    vertex 214.00000000000045 112.93999481201178 27.46707344055222
    vertex 214.00000000000045 112.50000000000011 27.524999618530725
  endloop
endfacet
facet normal -5.584073063595808e-16 0.6087594347226083 0.7933548705568084
  outer loop
    vertex 113.00000000000016 134.50000000000017 42.382049560547344
    vertex 1.8047785488306544e-13 134.91421508789097 42.064212799072266
    vertex 1.8047785488306544e-13 134.5000000000003 42.38204956054687
  endloop
endfacet
facet normal -5.584073063595808e-16 0.6087594347226083 0.7933548705568084
  outer loop
    vertex 1.8047785488306544e-13 134.91421508789097 42.064212799072266
    vertex 113.00000000000016 134.50000000000017 42.382049560547344
    vertex 113.00000000000016 134.91421508789082 42.06421279907273
  endloop
endfacet
facet normal 0.0 -0.13052566518337366 0.9914449307593629
  outer loop
    vertex 113.00000000000016 112.50000000000011 24.125000000000465
    vertex 108.00000000000021 112.93999481201178 24.182926177978974
    vertex 108.00000000000021 112.50000000000011 24.125000000000465
  endloop
endfacet
facet normal 0.0 -0.13052566518337366 0.9914449307593629
  outer loop
    vertex 108.00000000000021 112.93999481201178 24.182926177978974
    vertex 113.00000000000016 112.50000000000011 24.125000000000465
    vertex 113.00000000000016 112.93999481201178 24.182926177978974
  endloop
endfacet
facet normal -1.3025732435754994e-15 0.382686696896099 0.9238781802915107
  outer loop
    vertex 113.00000000000016 134.01763916015634 42.58185195922898
    vertex 1.8047785488306544e-13 134.5000000000003 42.38204956054687
    vertex 1.8047785488306544e-13 134.01763916015648 42.5818519592285
  endloop
endfacet
facet normal -1.3025732435754994e-15 0.382686696896099 0.9238781802915107
  outer loop
    vertex 1.8047785488306544e-13 134.5000000000003 42.38204956054687
    vertex 113.00000000000016 134.01763916015634 42.58185195922898
    vertex 113.00000000000016 134.50000000000017 42.382049560547344
  endloop
endfacet
facet normal 0.0 -0.777142465972326 0.6293247075893749
  outer loop
    vertex 217.0000000000005 93.1560821533204 41.461925506592266
    vertex 209.0000000000005 92.65895843505864 40.84803581237839
    vertex 217.0000000000005 92.65895843505864 40.84803581237839
  endloop
endfacet
facet normal 0.0 -0.777142465972326 0.6293247075893749
  outer loop
    vertex 209.0000000000005 92.65895843505864 40.84803581237839
    vertex 217.0000000000005 93.1560821533204 41.461925506592266
    vertex 209.0000000000005 93.1560821533204 41.461925506592266
  endloop
endfacet
facet normal 0.0 0.6087616363157471 0.793353181218916
  outer loop
    vertex 113.00000000000016 21.79791831970215 19.297918319702614
    vertex 108.00000000000021 22.14999961853029 19.027756690979462
    vertex 108.00000000000021 21.79791831970215 19.297918319702614
  endloop
endfacet
facet normal 0.0 0.6087616363157471 0.793353181218916
  outer loop
    vertex 108.00000000000021 22.14999961853029 19.027756690979462
    vertex 113.00000000000016 21.79791831970215 19.297918319702614
    vertex 113.00000000000016 22.14999961853029 19.027756690979462
  endloop
endfacet
facet normal 0.0 -0.13052566518337366 -0.9914449307593629
  outer loop
    vertex 113.00000000000016 112.93999481201178 27.46707344055222
    vertex 108.00000000000021 112.50000000000011 27.524999618530725
    vertex 108.00000000000021 112.93999481201178 27.46707344055222
  endloop
endfacet
facet normal 0.0 -0.13052566518337366 -0.9914449307593629
  outer loop
    vertex 108.00000000000021 112.50000000000011 27.524999618530725
    vertex 113.00000000000016 112.93999481201178 27.46707344055222
    vertex 113.00000000000016 112.50000000000011 27.524999618530725
  endloop
endfacet
facet normal 0.0 -0.5224987141824555 0.8526400727608812
  outer loop
    vertex 217.0000000000005 2.8855032920837087 30.663118362427216
    vertex 209.0000000000005 3.8220665454864693 31.237045288086403
    vertex 209.0000000000005 2.8855032920837087 30.663118362427216
  endloop
endfacet
facet normal 0.0 -0.5224987141824555 0.8526400727608812
  outer loop
    vertex 209.0000000000005 3.8220665454864693 31.237045288086403
    vertex 217.0000000000005 2.8855032920837087 30.663118362427216
    vertex 217.0000000000005 3.8220665454864693 31.237045288086403
  endloop
endfacet
facet normal 0.0 0.7933542190761481 0.6087602837522132
  outer loop
    vertex 108.00000000000021 21.527757644653313 19.64999961853073
    vertex 113.00000000000016 21.79791831970215 19.297918319702614
    vertex 108.00000000000021 21.79791831970215 19.297918319702614
  endloop
endfacet
facet normal 0.0 0.7933542190761481 0.6087602837522132
  outer loop
    vertex 113.00000000000016 21.79791831970215 19.297918319702614
    vertex 108.00000000000021 21.527757644653313 19.64999961853073
    vertex 113.00000000000016 21.527757644653313 19.64999961853073
  endloop
endfacet
facet normal 0.0 0.9914458966577852 -0.13051832821653978
  outer loop
    vertex 108.00000000000021 110.85792541503908 26.264991760254365
    vertex 113.00000000000016 110.80000305175794 25.825000762939904
    vertex 108.00000000000021 110.80000305175794 25.825000762939904
  endloop
endfacet
facet normal 0.0 0.9914458966577852 -0.13051832821653978
  outer loop
    vertex 113.00000000000016 110.80000305175794 25.825000762939904
    vertex 108.00000000000021 110.85792541503908 26.264991760254365
    vertex 113.00000000000016 110.85792541503908 26.264991760254365
  endloop
endfacet
facet normal -5.403729517665689e-16 0.9238818334655825 0.3826778773227865
  outer loop
    vertex 1.8047785488306544e-13 135.23205566406273 41.650001525878906
    vertex 113.00000000000016 135.43185424804693 41.16763687133836
    vertex 1.8047785488306544e-13 135.43185424804707 41.16763687133788
  endloop
endfacet
facet normal -5.403729517665689e-16 0.9238818334655825 0.3826778773227865
  outer loop
    vertex 113.00000000000016 135.43185424804693 41.16763687133836
    vertex 1.8047785488306544e-13 135.23205566406273 41.650001525878906
    vertex 113.00000000000016 135.23205566406259 41.650001525879375
  endloop
endfacet
facet normal 0.0 0.9238785948135034 -0.38268569615995085
  outer loop
    vertex 209.0000000000005 21.527757644653313 21.350000381470192
    vertex 214.00000000000045 21.357925415039062 20.939991950989228
    vertex 209.0000000000005 21.357925415039062 20.939991950989228
  endloop
endfacet
facet normal 0.0 0.9238785948135034 -0.38268569615995085
  outer loop
    vertex 214.00000000000045 21.357925415039062 20.939991950989228
    vertex 209.0000000000005 21.527757644653313 21.350000381470192
    vertex 214.00000000000045 21.527757644653313 21.350000381470192
  endloop
endfacet
facet normal 0.0 0.6087594347227822 0.7933548705566752
  outer loop
    vertex 217.0000000000005 134.50000000000017 42.382049560547344
    vertex 209.0000000000005 134.91421508789065 42.06421279907273
    vertex 209.0000000000005 134.50000000000017 42.382049560547344
  endloop
endfacet
facet normal 0.0 0.6087594347227822 0.7933548705566752
  outer loop
    vertex 209.0000000000005 134.91421508789065 42.06421279907273
    vertex 217.0000000000005 134.50000000000017 42.382049560547344
    vertex 217.0000000000005 134.91421508789065 42.06421279907273
  endloop
endfacet
facet normal 0.0 0.382686696896099 0.9238781802915107
  outer loop
    vertex 217.0000000000005 134.01763916015634 42.58185195922898
    vertex 209.0000000000005 134.50000000000017 42.382049560547344
    vertex 209.0000000000005 134.01763916015634 42.58185195922898
  endloop
endfacet
facet normal 0.0 0.382686696896099 0.9238781802915107
  outer loop
    vertex 209.0000000000005 134.50000000000017 42.382049560547344
    vertex 217.0000000000005 134.01763916015634 42.58185195922898
    vertex 217.0000000000005 134.50000000000017 42.382049560547344
  endloop
endfacet
facet normal 0.0 -0.9914448209249727 -0.13052649945911013
  outer loop
    vertex 214.00000000000045 24.64207458496094 20.939991950989228
    vertex 209.0000000000005 24.70000076293943 20.50000000000047
    vertex 214.00000000000045 24.70000076293943 20.50000000000047
  endloop
endfacet
facet normal 0.0 -0.9914448209249727 -0.13052649945911013
  outer loop
    vertex 209.0000000000005 24.70000076293943 20.50000000000047
    vertex 214.00000000000045 24.64207458496094 20.939991950989228
    vertex 209.0000000000005 24.64207458496094 20.939991950989228
  endloop
endfacet
facet normal 0.0 0.13052622136607495 -0.9914448575366633
  outer loop
    vertex 214.00000000000045 23.000000000000004 22.199999809265602
    vertex 209.0000000000005 22.560007095336918 22.142073631287083
    vertex 209.0000000000005 23.000000000000004 22.199999809265602
  endloop
endfacet
facet normal 0.0 0.13052622136607495 -0.9914448575366633
  outer loop
    vertex 209.0000000000005 22.560007095336918 22.142073631287083
    vertex 214.00000000000045 23.000000000000004 22.199999809265602
    vertex 214.00000000000045 22.560007095336918 22.142073631287083
  endloop
endfacet
facet normal 0.0 -0.23344476701105876 0.972370063687253
  outer loop
    vertex 217.0000000000005 4.836881160736071 31.657396316528786
    vertex 209.0000000000005 5.904958724975624 31.913818359375465
    vertex 209.0000000000005 4.836881160736071 31.657396316528786
  endloop
endfacet
facet normal 0.0 -0.23344476701105876 0.972370063687253
  outer loop
    vertex 209.0000000000005 5.904958724975624 31.913818359375465
    vertex 217.0000000000005 4.836881160736071 31.657396316528786
    vertex 217.0000000000005 5.904958724975624 31.913818359375465
  endloop
endfacet
facet normal 0.0 -0.8763083173659659 0.481750695811879
  outer loop
    vertex 217.0000000000005 89.50534820556642 33.25078773498582
    vertex 209.0000000000005 89.27718353271487 32.83575439453172
    vertex 217.0000000000005 89.27718353271487 32.83575439453172
  endloop
endfacet
facet normal 0.0 -0.8763083173659659 0.481750695811879
  outer loop
    vertex 209.0000000000005 89.27718353271487 32.83575439453172
    vertex 217.0000000000005 89.50534820556642 33.25078773498582
    vertex 209.0000000000005 89.50534820556642 33.25078773498582
  endloop
endfacet
facet normal 0.0 -0.7604060673309617 0.6494479292185485
  outer loop
    vertex 217.0000000000005 2.0502524375915447 29.949747085571747
    vertex 209.0000000000005 1.336881041526822 29.11449623107956
    vertex 217.0000000000005 1.336881041526822 29.11449623107956
  endloop
endfacet
facet normal 0.0 -0.7604060673309617 0.6494479292185485
  outer loop
    vertex 209.0000000000005 1.336881041526822 29.11449623107956
    vertex 217.0000000000005 2.0502524375915447 29.949747085571747
    vertex 209.0000000000005 2.0502524375915447 29.949747085571747
  endloop
endfacet
facet normal 0.0 0.0 1.0
  outer loop
    vertex 217.0000000000005 7.000000000000032 32.00000000000046
    vertex 209.0000000000005 87.65098571777357 32.00000000000046
    vertex 209.0000000000005 7.000000000000032 32.00000000000046
  endloop
endfacet
facet normal 0.0 0.0 1.0
  outer loop
    vertex 209.0000000000005 87.65098571777357 32.00000000000046
    vertex 217.0000000000005 7.000000000000032 32.00000000000046
    vertex 217.0000000000005 87.65098571777357 32.00000000000046
  endloop
endfacet
facet normal 0.0 -0.6494478664662362 0.7604061209264782
  outer loop
    vertex 113.00000000000016 2.0502524375915447 29.949747085571747
    vertex 110.0000000000002 2.8855032920837087 30.663118362427216
    vertex 110.0000000000002 2.0502524375915447 29.949747085571747
  endloop
endfacet
facet normal 0.0 -0.6494478664662362 0.7604061209264782
  outer loop
    vertex 110.0000000000002 2.8855032920837087 30.663118362427216
    vertex 113.00000000000016 2.0502524375915447 29.949747085571747
    vertex 113.00000000000016 2.8855032920837087 30.663118362427216
  endloop
endfacet
facet normal 0.0 0.9914448209249731 0.13052649945910683
  outer loop
    vertex 108.00000000000021 21.29999923706058 20.50000000000047
    vertex 113.00000000000016 21.357925415039062 20.060008049011696
    vertex 108.00000000000021 21.357925415039062 20.060008049011696
  endloop
endfacet
facet normal 0.0 0.9914448209249731 0.13052649945910683
  outer loop
    vertex 113.00000000000016 21.357925415039062 20.060008049011696
    vertex 108.00000000000021 21.29999923706058 20.50000000000047
    vertex 113.00000000000016 21.29999923706058 20.50000000000047
  endloop
endfacet
facet normal 0.0 -0.13052622136607495 0.9914448575366633
  outer loop
    vertex 214.00000000000045 23.000000000000004 18.80000019073532
    vertex 209.0000000000005 23.439992904663086 18.85792636871384
    vertex 209.0000000000005 23.000000000000004 18.80000019073532
  endloop
endfacet
facet normal 0.0 -0.13052622136607495 0.9914448575366633
  outer loop
    vertex 209.0000000000005 23.439992904663086 18.85792636871384
    vertex 214.00000000000045 23.000000000000004 18.80000019073532
    vertex 214.00000000000045 23.439992904663086 18.85792636871384
  endloop
endfacet
facet normal 0.0 0.7933486341523709 0.6087675621192112
  outer loop
    vertex 209.0000000000005 134.91421508789065 42.06421279907273
    vertex 217.0000000000005 135.23205566406259 41.650001525879375
    vertex 209.0000000000005 135.23205566406259 41.650001525879375
  endloop
endfacet
facet normal 0.0 0.7933486341523709 0.6087675621192112
  outer loop
    vertex 217.0000000000005 135.23205566406259 41.650001525879375
    vertex 209.0000000000005 134.91421508789065 42.06421279907273
    vertex 217.0000000000005 134.91421508789065 42.06421279907273
  endloop
endfacet
facet normal 0.0 -0.8856645059948366 0.46432572922563975
  outer loop
    vertex 217.0000000000005 92.65895843505864 40.84803581237839
    vertex 209.0000000000005 92.29217529296885 40.14842605590867
    vertex 217.0000000000005 92.29217529296885 40.14842605590867
  endloop
endfacet
facet normal 0.0 -0.8856645059948366 0.46432572922563975
  outer loop
    vertex 209.0000000000005 92.29217529296885 40.14842605590867
    vertex 217.0000000000005 92.65895843505864 40.84803581237839
    vertex 209.0000000000005 92.65895843505864 40.84803581237839
  endloop
endfacet
facet normal 0.0 0.0 1.0
  outer loop
    vertex 217.0000000000005 96.00091552734379 42.650001525879375
    vertex 209.0000000000005 133.50000000000006 42.650001525879375
    vertex 209.0000000000005 96.00091552734379 42.650001525879375
  endloop
endfacet
facet normal 0.0 0.0 1.0
  outer loop
    vertex 209.0000000000005 133.50000000000006 42.650001525879375
    vertex 217.0000000000005 96.00091552734379 42.650001525879375
    vertex 217.0000000000005 133.50000000000006 42.650001525879375
  endloop
endfacet
facet normal 0.0 -0.3826842494611903 0.9238791940585768
  outer loop
    vertex 113.00000000000016 3.8220665454864693 31.237045288086403
    vertex 110.0000000000002 4.836881160736071 31.657396316528786
    vertex 110.0000000000002 3.8220665454864693 31.237045288086403
  endloop
endfacet
facet normal 0.0 -0.3826842494611903 0.9238791940585768
  outer loop
    vertex 110.0000000000002 4.836881160736071 31.657396316528786
    vertex 113.00000000000016 3.8220665454864693 31.237045288086403
    vertex 113.00000000000016 4.836881160736071 31.657396316528786
  endloop
endfacet
facet normal 0.0 0.1305282224484599 0.9914445940870552
  outer loop
    vertex 217.0000000000005 133.50000000000006 42.650001525879375
    vertex 209.0000000000005 134.01763916015634 42.58185195922898
    vertex 209.0000000000005 133.50000000000006 42.650001525879375
  endloop
endfacet
facet normal 0.0 0.1305282224484599 0.9914445940870552
  outer loop
    vertex 209.0000000000005 134.01763916015634 42.58185195922898
    vertex 217.0000000000005 133.50000000000006 42.650001525879375
    vertex 217.0000000000005 134.01763916015634 42.58185195922898
  endloop
endfacet
facet normal 0.0 -0.7933516604086428 -0.6087636182680842
  outer loop
    vertex 214.00000000000045 113.7020797729492 27.02708244323776
    vertex 209.0000000000005 113.97224426269538 26.674999237061016
    vertex 214.00000000000045 113.97224426269538 26.674999237061016
  endloop
endfacet
facet normal 0.0 -0.7933516604086428 -0.6087636182680842
  outer loop
    vertex 209.0000000000005 113.97224426269538 26.674999237061016
    vertex 214.00000000000045 113.7020797729492 27.02708244323776
    vertex 209.0000000000005 113.7020797729492 27.02708244323776
  endloop
endfacet
facet normal 0.0 -0.07845911675256198 0.9969173320784467
  outer loop
    vertex 217.0000000000005 5.904958724975624 31.913818359375465
    vertex 209.0000000000005 7.000000000000032 32.00000000000046
    vertex 209.0000000000005 5.904958724975624 31.913818359375465
  endloop
endfacet
facet normal 0.0 -0.07845911675256198 0.9969173320784467
  outer loop
    vertex 209.0000000000005 7.000000000000032 32.00000000000046
    vertex 217.0000000000005 5.904958724975624 31.913818359375465
    vertex 217.0000000000005 7.000000000000032 32.00000000000046
  endloop
endfacet
facet normal 0.0 -0.9238785948135034 -0.38268569615995085
  outer loop
    vertex 214.00000000000045 24.472242355346694 21.350000381470192
    vertex 209.0000000000005 24.64207458496094 20.939991950989228
    vertex 214.00000000000045 24.64207458496094 20.939991950989228
  endloop
endfacet
facet normal 0.0 -0.9238785948135034 -0.38268569615995085
  outer loop
    vertex 209.0000000000005 24.64207458496094 20.939991950989228
    vertex 214.00000000000045 24.472242355346694 21.350000381470192
    vertex 209.0000000000005 24.472242355346694 21.350000381470192
  endloop
endfacet
facet normal 0.0 -0.11840405973024588 0.9929654972049111
  outer loop
    vertex 217.0000000000005 87.65098571777357 32.00000000000046
    vertex 209.0000000000005 88.1212692260743 32.05607795715379
    vertex 209.0000000000005 87.65098571777357 32.00000000000046
  endloop
endfacet
facet normal 0.0 -0.11840405973024588 0.9929654972049111
  outer loop
    vertex 209.0000000000005 88.1212692260743 32.05607795715379
    vertex 217.0000000000005 87.65098571777357 32.00000000000046
    vertex 217.0000000000005 88.1212692260743 32.05607795715379
  endloop
endfacet
facet normal 0.0 -0.38268278746763296 0.923879799636296
  outer loop
    vertex 214.00000000000045 23.439992904663086 18.85792636871384
    vertex 209.0000000000005 23.850000381469716 19.027756690979462
    vertex 209.0000000000005 23.439992904663086 18.85792636871384
  endloop
endfacet
facet normal 0.0 -0.38268278746763296 0.923879799636296
  outer loop
    vertex 209.0000000000005 23.850000381469716 19.027756690979462
    vertex 214.00000000000045 23.439992904663086 18.85792636871384
    vertex 214.00000000000045 23.850000381469716 19.027756690979462
  endloop
endfacet
facet normal 0.0 -0.7384575062549842 0.6743000159095875
  outer loop
    vertex 217.0000000000005 89.27718353271487 32.83575439453172
    vertex 209.0000000000005 88.95782470703132 32.48600959777878
    vertex 217.0000000000005 88.95782470703132 32.48600959777878
  endloop
endfacet
facet normal 0.0 -0.7384575062549842 0.6743000159095875
  outer loop
    vertex 209.0000000000005 88.95782470703132 32.48600959777878
    vertex 217.0000000000005 89.27718353271487 32.83575439453172
    vertex 209.0000000000005 89.27718353271487 32.83575439453172
  endloop
endfacet
facet normal 0.0 -0.9271838401203498 0.37460662917209814
  outer loop
    vertex 217.0000000000005 92.29217529296885 40.14842605590867
    vertex 209.0000000000005 89.50534820556642 33.25078773498582
    vertex 217.0000000000005 89.50534820556642 33.25078773498582
  endloop
endfacet
facet normal 0.0 -0.9271838401203498 0.37460662917209814
  outer loop
    vertex 209.0000000000005 89.50534820556642 33.25078773498582
    vertex 217.0000000000005 92.29217529296885 40.14842605590867
    vertex 209.0000000000005 92.29217529296885 40.14842605590867
  endloop
endfacet
facet normal 0.0 -0.8526402287162415 0.5224984596864526
  outer loop
    vertex 217.0000000000005 1.336881041526822 29.11449623107956
    vertex 209.0000000000005 0.7629543542862116 28.177932739258267
    vertex 217.0000000000005 0.7629543542862116 28.177932739258267
  endloop
endfacet
facet normal 0.0 -0.8526402287162415 0.5224984596864526
  outer loop
    vertex 209.0000000000005 0.7629543542862116 28.177932739258267
    vertex 217.0000000000005 1.336881041526822 29.11449623107956
    vertex 209.0000000000005 1.336881041526822 29.11449623107956
  endloop
endfacet
facet normal 0.0 0.9914448209249731 0.1305264994591068
  outer loop
    vertex 209.0000000000005 21.29999923706058 20.50000000000047
    vertex 214.00000000000045 21.357925415039062 20.060008049011696
    vertex 209.0000000000005 21.357925415039062 20.060008049011696
  endloop
endfacet
facet normal 0.0 0.9914448209249731 0.1305264994591068
  outer loop
    vertex 214.00000000000045 21.357925415039062 20.060008049011696
    vertex 209.0000000000005 21.29999923706058 20.50000000000047
    vertex 214.00000000000045 21.29999923706058 20.50000000000047
  endloop
endfacet
facet normal 0.0 0.38268278746763296 0.923879799636296
  outer loop
    vertex 214.00000000000045 22.14999961853029 19.027756690979462
    vertex 209.0000000000005 22.560007095336918 18.85792636871384
    vertex 209.0000000000005 22.14999961853029 19.027756690979462
  endloop
endfacet
facet normal 0.0 0.38268278746763296 0.923879799636296
  outer loop
    vertex 209.0000000000005 22.560007095336918 18.85792636871384
    vertex 214.00000000000045 22.14999961853029 19.027756690979462
    vertex 214.00000000000045 22.560007095336918 18.85792636871384
  endloop
endfacet
facet normal 0.0 0.9238785948135034 0.38268569615995085
  outer loop
    vertex 209.0000000000005 21.357925415039062 20.060008049011696
    vertex 214.00000000000045 21.527757644653313 19.64999961853073
    vertex 209.0000000000005 21.527757644653313 19.64999961853073
  endloop
endfacet
facet normal 0.0 0.9238785948135034 0.38268569615995085
  outer loop
    vertex 214.00000000000045 21.527757644653313 19.64999961853073
    vertex 209.0000000000005 21.357925415039062 20.060008049011696
    vertex 214.00000000000045 21.357925415039062 20.060008049011696
  endloop
endfacet
facet normal 0.0 -0.9914448209249731 0.1305264994591068
  outer loop
    vertex 214.00000000000045 24.70000076293943 20.50000000000047
    vertex 209.0000000000005 24.64207458496094 20.060008049011696
    vertex 214.00000000000045 24.64207458496094 20.060008049011696
  endloop
endfacet
facet normal 0.0 -0.9914448209249731 0.1305264994591068
  outer loop
    vertex 209.0000000000005 24.64207458496094 20.060008049011696
    vertex 214.00000000000045 24.70000076293943 20.50000000000047
    vertex 209.0000000000005 24.70000076293943 20.50000000000047
  endloop
endfacet
facet normal 0.0 0.7933542190761481 -0.6087602837522132
  outer loop
    vertex 209.0000000000005 21.79791831970215 21.70208168029831
    vertex 214.00000000000045 21.527757644653313 21.350000381470192
    vertex 209.0000000000005 21.527757644653313 21.350000381470192
  endloop
endfacet
facet normal 0.0 0.7933542190761481 -0.6087602837522132
  outer loop
    vertex 214.00000000000045 21.527757644653313 21.350000381470192
    vertex 209.0000000000005 21.79791831970215 21.70208168029831
    vertex 214.00000000000045 21.79791831970215 21.70208168029831
  endloop
endfacet
facet normal 0.0 -0.2923733656059017 0.9563042481785166
  outer loop
    vertex 217.0000000000005 94.45943450927741 42.3410491943364
    vertex 209.0000000000005 95.21484375000004 42.57200241088914
    vertex 209.0000000000005 94.45943450927741 42.3410491943364
  endloop
endfacet
facet normal 0.0 -0.2923733656059017 0.9563042481785166
  outer loop
    vertex 209.0000000000005 95.21484375000004 42.57200241088914
    vertex 217.0000000000005 94.45943450927741 42.3410491943364
    vertex 217.0000000000005 95.21484375000004 42.57200241088914
  endloop
endfacet
facet normal 0.0 0.13052622136607495 0.9914448575366633
  outer loop
    vertex 214.00000000000045 22.560007095336918 18.85792636871384
    vertex 209.0000000000005 23.000000000000004 18.80000019073532
    vertex 209.0000000000005 22.560007095336918 18.85792636871384
  endloop
endfacet
facet normal 0.0 0.13052622136607495 0.9914448575366633
  outer loop
    vertex 209.0000000000005 23.000000000000004 18.80000019073532
    vertex 214.00000000000045 22.560007095336918 18.85792636871384
    vertex 214.00000000000045 23.000000000000004 18.80000019073532
  endloop
endfacet
facet normal 0.0 0.0 -1.0
  outer loop
    vertex 113.00000000000016 135.4971827756326 26.50000000000046
    vertex 108.00000000000021 131.00000000000009 26.50000000000046
    vertex 108.00000000000021 135.4971827756326 26.50000000000046
  endloop
endfacet
facet normal 0.0 0.0 -1.0
  outer loop
    vertex 108.00000000000021 131.00000000000009 26.50000000000046
    vertex 113.00000000000016 135.4971827756326 26.50000000000046
    vertex 113.00000000000016 131.00000000000009 26.50000000000046
  endloop
endfacet
facet normal 0.0 0.6087616363157471 0.793353181218916
  outer loop
    vertex 214.00000000000045 21.79791831970215 19.297918319702614
    vertex 209.0000000000005 22.14999961853029 19.027756690979462
    vertex 209.0000000000005 21.79791831970215 19.297918319702614
  endloop
endfacet
facet normal 0.0 0.6087616363157471 0.793353181218916
  outer loop
    vertex 209.0000000000005 22.14999961853029 19.027756690979462
    vertex 214.00000000000045 21.79791831970215 19.297918319702614
    vertex 214.00000000000045 22.14999961853029 19.027756690979462
  endloop
endfacet
facet normal 0.0 -0.38268424946119034 0.9238791940585768
  outer loop
    vertex 217.0000000000005 3.8220665454864693 31.237045288086403
    vertex 209.0000000000005 4.836881160736071 31.657396316528786
    vertex 209.0000000000005 3.8220665454864693 31.237045288086403
  endloop
endfacet
facet normal 0.0 -0.38268424946119034 0.9238791940585768
  outer loop
    vertex 209.0000000000005 4.836881160736071 31.657396316528786
    vertex 217.0000000000005 3.8220665454864693 31.237045288086403
    vertex 217.0000000000005 4.836881160736071 31.657396316528786
  endloop
endfacet
facet normal 0.0 -0.7933542190761481 0.6087602837522132
  outer loop
    vertex 214.00000000000045 24.472242355346694 19.64999961853073
    vertex 209.0000000000005 24.20208168029786 19.297918319702614
    vertex 214.00000000000045 24.20208168029786 19.297918319702614
  endloop
endfacet
facet normal 0.0 -0.7933542190761481 0.6087602837522132
  outer loop
    vertex 209.0000000000005 24.20208168029786 19.297918319702614
    vertex 214.00000000000045 24.472242355346694 19.64999961853073
    vertex 209.0000000000005 24.472242355346694 19.64999961853073
  endloop
endfacet
facet normal 0.0 0.38268278746763296 -0.923879799636296
  outer loop
    vertex 214.00000000000045 22.560007095336918 22.142073631287083
    vertex 209.0000000000005 22.14999961853029 21.97224330902146
    vertex 209.0000000000005 22.560007095336918 22.142073631287083
  endloop
endfacet
facet normal 0.0 0.38268278746763296 -0.923879799636296
  outer loop
    vertex 209.0000000000005 22.14999961853029 21.97224330902146
    vertex 214.00000000000045 22.560007095336918 22.142073631287083
    vertex 214.00000000000045 22.14999961853029 21.97224330902146
  endloop
endfacet
facet normal 0.0 -0.6087616363158294 0.7933531812188528
  outer loop
    vertex 214.00000000000045 113.34999847412115 24.35275650024461
    vertex 209.0000000000005 113.7020797729492 24.622918128967747
    vertex 209.0000000000005 113.34999847412115 24.35275650024461
  endloop
endfacet
facet normal 0.0 -0.6087616363158294 0.7933531812188528
  outer loop
    vertex 209.0000000000005 113.7020797729492 24.622918128967747
    vertex 214.00000000000045 113.34999847412115 24.35275650024461
    vertex 214.00000000000045 113.7020797729492 24.622918128967747
  endloop
endfacet
facet normal 0.0 -0.6087616363157471 -0.793353181218916
  outer loop
    vertex 214.00000000000045 24.20208168029786 21.70208168029831
    vertex 209.0000000000005 23.850000381469716 21.97224330902146
    vertex 209.0000000000005 24.20208168029786 21.70208168029831
  endloop
endfacet
facet normal 0.0 -0.6087616363157471 -0.793353181218916
  outer loop
    vertex 209.0000000000005 23.850000381469716 21.97224330902146
    vertex 214.00000000000045 24.20208168029786 21.70208168029831
    vertex 214.00000000000045 23.850000381469716 21.97224330902146
  endloop
endfacet
facet normal 0.0 -0.9914459698719688 0.13051777206431
  outer loop
    vertex 214.00000000000045 114.19999694824224 25.825000762939904
    vertex 209.0000000000005 114.14207458496091 25.38500785827683
    vertex 214.00000000000045 114.14207458496091 25.38500785827683
  endloop
endfacet
facet normal 0.0 -0.9914459698719688 0.13051777206431
  outer loop
    vertex 209.0000000000005 114.14207458496091 25.38500785827683
    vertex 214.00000000000045 114.19999694824224 25.825000762939904
    vertex 209.0000000000005 114.19999694824224 25.825000762939904
  endloop
endfacet
facet normal 0.0 0.9914448209249727 -0.13052649945911013
  outer loop
    vertex 209.0000000000005 21.357925415039062 20.939991950989228
    vertex 214.00000000000045 21.29999923706058 20.50000000000047
    vertex 209.0000000000005 21.29999923706058 20.50000000000047
  endloop
endfacet
facet normal 0.0 0.9914448209249727 -0.13052649945911013
  outer loop
    vertex 214.00000000000045 21.29999923706058 20.50000000000047
    vertex 209.0000000000005 21.357925415039062 20.939991950989228
    vertex 214.00000000000045 21.357925415039062 20.939991950989228
  endloop
endfacet
facet normal 0.0 -0.608760283752287 -0.7933542190760916
  outer loop
    vertex 214.00000000000045 113.7020797729492 27.02708244323776
    vertex 209.0000000000005 113.34999847412115 27.297243118286595
    vertex 209.0000000000005 113.7020797729492 27.02708244323776
  endloop
endfacet
facet normal 0.0 -0.608760283752287 -0.7933542190760916
  outer loop
    vertex 209.0000000000005 113.34999847412115 27.297243118286595
    vertex 214.00000000000045 113.7020797729492 27.02708244323776
    vertex 214.00000000000045 113.34999847412115 27.297243118286595
  endloop
endfacet
facet normal 0.0 -0.38268278746763296 -0.923879799636296
  outer loop
    vertex 214.00000000000045 23.850000381469716 21.97224330902146
    vertex 209.0000000000005 23.439992904663086 22.142073631287083
    vertex 209.0000000000005 23.850000381469716 21.97224330902146
  endloop
endfacet
facet normal 0.0 -0.38268278746763296 -0.923879799636296
  outer loop
    vertex 209.0000000000005 23.439992904663086 22.142073631287083
    vertex 214.00000000000045 23.850000381469716 21.97224330902146
    vertex 214.00000000000045 23.439992904663086 22.142073631287083
  endloop
endfacet
facet normal 0.0 -1.0 0.0
  outer loop
    vertex 30.40000000000026 126.50000000000028 33.65000152587901
    vertex 24.400000000000244 126.50000000000028 39.650001525879
    vertex 24.40000000000026 126.50000000000028 33.650001525879
  endloop
endfacet
facet normal 0.0 -1.0 0.0
  outer loop
    vertex 24.400000000000244 126.50000000000028 39.650001525879
    vertex 30.40000000000026 126.50000000000028 33.65000152587901
    vertex 30.400000000000244 126.50000000000028 39.65000152587901
  endloop
endfacet
facet normal -2.3499720687880846e-16 1.0 1.9269770964077303e-14
  outer loop
    vertex 24.400000000000198 9.000000000000199 33.65000152587915
    vertex 30.400000000000247 9.000000000000083 39.65000152587909
    vertex 30.400000000000208 9.0000000000002 33.65000152587909
  endloop
endfacet
facet normal -2.3499720687880846e-16 1.0 1.9269770964077303e-14
  outer loop
    vertex 30.400000000000247 9.000000000000083 39.65000152587909
    vertex 24.400000000000198 9.000000000000199 33.65000152587915
    vertex 24.400000000000244 9.000000000000082 39.65000152587915
  endloop
endfacet
facet normal 4.699944137579829e-16 1.0 1.186491146980075e-30
  outer loop
    vertex 82.60000000000021 9.000000000000027 39.65000152587929
    vertex 88.60000000000022 9.000000000000023 33.650001525879304
    vertex 82.60000000000022 9.000000000000027 33.65000152587929
  endloop
endfacet
facet normal 4.699944137579829e-16 1.0 1.186491146980075e-30
  outer loop
    vertex 88.60000000000022 9.000000000000023 33.650001525879304
    vertex 82.60000000000021 9.000000000000027 39.65000152587929
    vertex 88.60000000000021 9.000000000000023 39.650001525879304
  endloop
endfacet
facet normal 0.0 -1.0 0.0
  outer loop
    vertex 88.60000000000021 126.50000000000028 39.65000152587929
    vertex 82.6000000000002 126.50000000000028 33.65000152587929
    vertex 88.6000000000002 126.50000000000028 33.65000152587929
  endloop
endfacet
facet normal 0.0 -1.0 0.0
  outer loop
    vertex 82.6000000000002 126.50000000000028 33.65000152587929
    vertex 88.60000000000021 126.50000000000028 39.65000152587929
    vertex 82.60000000000021 126.50000000000028 39.65000152587929
  endloop
endfacet
facet normal -0.442288690219007 -0.8968727415326855 -1.4302417401370098e-15
  outer loop
    vertex 21.400000000000244 131.69615242270692 39.650001525878984
    vertex 20.69610059419079 132.04327719506801 33.65000152587898
    vertex 21.400000000000247 131.69615242270692 33.65000152587898
  endloop
endfacet
facet normal -0.442288690219007 -0.8968727415326855 -1.4302417401370098e-15
  outer loop
    vertex 20.69610059419079 132.04327719506801 33.65000152587898
    vertex 21.400000000000244 131.69615242270692 39.650001525878984
    vertex 20.69610059419078 132.04327719506801 39.650001525878984
  endloop
endfacet
facet normal -0.659345815100072 -0.7518398074789749 -2.2021552318767237e-15
  outer loop
    vertex 22.642640687119535 130.74264068711955 33.650001525878984
    vertex 22.052568574052568 131.26012004174768 39.650001525878984
    vertex 22.05256857405257 131.26012004174768 33.65000152587898
  endloop
endfacet
facet normal -0.659345815100072 -0.7518398074789749 -2.2021552318767237e-15
  outer loop
    vertex 22.052568574052568 131.26012004174768 39.650001525878984
    vertex 22.642640687119535 130.74264068711955 33.650001525878984
    vertex 22.64264068711953 130.74264068711955 39.65000152587899
  endloop
endfacet
facet normal -0.8968727415326869 -0.44228869021900413 -3.064911035873105e-15
  outer loop
    vertex 23.596152422706876 129.50000000000028 39.65000152587899
    vertex 23.94327719506797 128.79610059419082 33.650001525878984
    vertex 23.943277195067967 128.79610059419082 39.650001525879
  endloop
endfacet
facet normal -0.8968727415326869 -0.44228869021900413 -3.064911035873105e-15
  outer loop
    vertex 23.94327719506797 128.79610059419082 33.650001525878984
    vertex 23.596152422706876 129.50000000000028 39.65000152587899
    vertex 23.59615242270688 129.50000000000028 33.650001525878984
  endloop
endfacet
facet normal -0.0654031292301302 -0.9978589232386044 -1.079815544768372e-16
  outer loop
    vertex 19.183157153320558 132.44866916824316 33.65000152587898
    vertex 18.400000000000244 132.50000000000028 39.65000152587898
    vertex 18.400000000000247 132.50000000000028 33.65000152587896
  endloop
endfacet
facet normal -0.0654031292301302 -0.9978589232386044 -1.079815544768372e-16
  outer loop
    vertex 18.400000000000244 132.50000000000028 39.65000152587898
    vertex 19.183157153320558 132.44866916824316 33.65000152587898
    vertex 19.183157153320554 132.44866916824316 39.65000152587898
  endloop
endfacet
facet normal -0.8314696123025498 -0.5555702330195956 -2.8239954837976436e-15
  outer loop
    vertex 23.160120041747657 130.15256857405262 39.65000152587899
    vertex 23.59615242270688 129.50000000000028 33.650001525878984
    vertex 23.596152422706876 129.50000000000028 39.65000152587899
  endloop
endfacet
facet normal -0.8314696123025498 -0.5555702330195956 -2.8239954837976436e-15
  outer loop
    vertex 23.59615242270688 129.50000000000028 33.650001525878984
    vertex 23.160120041747657 130.15256857405262 39.65000152587899
    vertex 23.16012004174766 130.15256857405262 33.650001525878984
  endloop
endfacet
facet normal -0.7518398074789691 -0.6593458151000786 -2.5347605860348696e-15
  outer loop
    vertex 22.64264068711953 130.74264068711955 39.65000152587899
    vertex 23.16012004174766 130.15256857405262 33.650001525878984
    vertex 23.160120041747657 130.15256857405262 39.65000152587899
  endloop
endfacet
facet normal -0.7518398074789691 -0.6593458151000786 -2.5347605860348696e-15
  outer loop
    vertex 23.16012004174766 130.15256857405262 33.650001525878984
    vertex 22.64264068711953 130.74264068711955 39.65000152587899
    vertex 22.642640687119535 130.74264068711955 33.650001525878984
  endloop
endfacet
facet normal -0.9469301294951075 -0.3214394653031563 -3.253385110370935e-15
  outer loop
    vertex 23.943277195067967 128.79610059419082 39.650001525879
    vertex 24.195554957734657 128.0529142706154 33.650001525878984
    vertex 24.195554957734654 128.0529142706154 39.650001525879
  endloop
endfacet
facet normal -0.9469301294951075 -0.3214394653031563 -3.253385110370935e-15
  outer loop
    vertex 24.195554957734657 128.0529142706154 33.650001525878984
    vertex 23.943277195067967 128.79610059419082 39.650001525879
    vertex 23.94327719506797 128.79610059419082 33.650001525878984
  endloop
endfacet
facet normal -0.321439465303165 -0.9469301294951047 -1.0041412564139844e-15
  outer loop
    vertex 20.69610059419078 132.04327719506801 39.650001525878984
    vertex 19.952914270615373 132.2955549577347 33.65000152587898
    vertex 20.69610059419079 132.04327719506801 33.65000152587898
  endloop
endfacet
facet normal -0.321439465303165 -0.9469301294951047 -1.0041412564139844e-15
  outer loop
    vertex 19.952914270615373 132.2955549577347 33.65000152587898
    vertex 20.69610059419078 132.04327719506801 39.650001525878984
    vertex 19.952914270615366 132.2955549577347 39.65000152587898
  endloop
endfacet
facet normal -0.5555702330196006 -0.8314696123025465 -1.8318703911483313e-15
  outer loop
    vertex 22.052568574052568 131.26012004174768 39.650001525878984
    vertex 21.400000000000247 131.69615242270692 33.65000152587898
    vertex 22.05256857405257 131.26012004174768 33.65000152587898
  endloop
endfacet
facet normal -0.5555702330196006 -0.8314696123025465 -1.8318703911483313e-15
  outer loop
    vertex 21.400000000000247 131.69615242270692 33.65000152587898
    vertex 22.052568574052568 131.26012004174768 39.650001525878984
    vertex 21.400000000000244 131.69615242270692 39.650001525878984
  endloop
endfacet
facet normal -0.9807852804032294 -0.19509032201613405 -3.3861928636215324e-15
  outer loop
    vertex 24.195554957734654 128.0529142706154 39.650001525879
    vertex 24.348669168243113 127.2831571533206 33.650001525878984
    vertex 24.348669168243106 127.2831571533206 39.650001525879
  endloop
endfacet
facet normal -0.9807852804032294 -0.19509032201613405 -3.3861928636215324e-15
  outer loop
    vertex 24.348669168243113 127.2831571533206 33.650001525878984
    vertex 24.195554957734654 128.0529142706154 39.650001525879
    vertex 24.195554957734657 128.0529142706154 33.650001525878984
  endloop
endfacet
facet normal -0.9978589232386034 -0.06540312923014785 -2.501500579401169e-15
  outer loop
    vertex 24.348669168243106 127.2831571533206 39.650001525879
    vertex 24.40000000000026 126.50000000000028 33.650001525879
    vertex 24.400000000000244 126.50000000000028 39.650001525879
  endloop
endfacet
facet normal -0.9978589232386034 -0.06540312923014785 -2.501500579401169e-15
  outer loop
    vertex 24.40000000000026 126.50000000000028 33.650001525879
    vertex 24.348669168243106 127.2831571533206 39.650001525879
    vertex 24.348669168243113 127.2831571533206 33.650001525878984
  endloop
endfacet
facet normal -0.19509032201612717 -0.9807852804032308 -5.608596373931563e-16
  outer loop
    vertex 19.952914270615366 132.2955549577347 39.65000152587898
    vertex 19.183157153320558 132.44866916824316 33.65000152587898
    vertex 19.952914270615373 132.2955549577347 33.65000152587898
  endloop
endfacet
facet normal -0.19509032201612717 -0.9807852804032308 -5.608596373931563e-16
  outer loop
    vertex 19.183157153320558 132.44866916824316 33.65000152587898
    vertex 19.952914270615366 132.2955549577347 39.65000152587898
    vertex 19.183157153320554 132.44866916824316 39.65000152587898
  endloop
endfacet
facet normal 0.9978589232386034 -0.06540312923014784 2.813812885190826e-15
  outer loop
    vertex 30.4513308317574 127.2831571533206 33.650001525879034
    vertex 30.400000000000244 126.50000000000028 39.65000152587901
    vertex 30.40000000000026 126.50000000000028 33.65000152587901
  endloop
endfacet
facet normal 0.9978589232386034 -0.06540312923014784 2.813812885190826e-15
  outer loop
    vertex 30.400000000000244 126.50000000000028 39.65000152587901
    vertex 30.4513308317574 127.2831571533206 33.650001525879034
    vertex 30.45133083175739 127.2831571533206 39.65000152587901
  endloop
endfacet
facet normal 0.9807852804032288 -0.19509032201613752 4.102292997146418e-15
  outer loop
    vertex 30.604445042265855 128.0529142706154 33.650001525879034
    vertex 30.45133083175739 127.2831571533206 39.65000152587901
    vertex 30.4513308317574 127.2831571533206 33.650001525879034
  endloop
endfacet
facet normal 0.9807852804032288 -0.19509032201613752 4.102292997146418e-15
  outer loop
    vertex 30.45133083175739 127.2831571533206 39.65000152587901
    vertex 30.604445042265855 128.0529142706154 33.650001525879034
    vertex 30.604445042265844 128.0529142706154 39.65000152587902
  endloop
endfacet
facet normal 0.9469301294951052 -0.32143946530316275 3.847063230662331e-15
  outer loop
    vertex 30.85672280493255 128.79610059419082 33.650001525879034
    vertex 30.604445042265844 128.0529142706154 39.65000152587902
    vertex 30.604445042265855 128.0529142706154 33.650001525879034
  endloop
endfacet
facet normal 0.9469301294951052 -0.32143946530316275 3.847063230662331e-15
  outer loop
    vertex 30.604445042265844 128.0529142706154 39.65000152587902
    vertex 30.85672280493255 128.79610059419082 33.650001525879034
    vertex 30.856722804932538 128.79610059419082 39.65000152587902
  endloop
endfacet
facet normal 0.8968727415326885 -0.4422886902190013 3.5260091456941696e-15
  outer loop
    vertex 31.203847577293637 129.50000000000028 33.650001525879034
    vertex 30.856722804932538 128.79610059419082 39.65000152587902
    vertex 30.85672280493255 128.79610059419082 33.650001525879034
  endloop
endfacet
facet normal 0.8968727415326885 -0.4422886902190013 3.5260091456941696e-15
  outer loop
    vertex 30.856722804932538 128.79610059419082 39.65000152587902
    vertex 31.203847577293637 129.50000000000028 33.650001525879034
    vertex 31.203847577293626 129.50000000000028 39.65000152587902
  endloop
endfacet
facet normal 0.8314696123025409 -0.555570233019609 3.1446240666487274e-15
  outer loop
    vertex 31.639879958252855 130.1525685740526 33.65000152587905
    vertex 31.203847577293626 129.50000000000028 39.65000152587902
    vertex 31.203847577293637 129.50000000000028 33.650001525879034
  endloop
endfacet
facet normal 0.8314696123025409 -0.555570233019609 3.1446240666487274e-15
  outer loop
    vertex 31.203847577293626 129.50000000000028 39.65000152587902
    vertex 31.639879958252855 130.1525685740526 33.65000152587905
    vertex 31.639879958252845 130.1525685740526 39.65000152587903
  endloop
endfacet
facet normal 0.7518398074789815 -0.6593458151000642 2.7094335979684923e-15
  outer loop
    vertex 32.157359312880985 130.74264068711955 33.65000152587905
    vertex 31.639879958252845 130.1525685740526 39.65000152587903
    vertex 31.639879958252855 130.1525685740526 33.65000152587905
  endloop
endfacet
facet normal 0.7518398074789815 -0.6593458151000642 2.7094335979684923e-15
  outer loop
    vertex 31.639879958252845 130.1525685740526 39.65000152587903
    vertex 32.157359312880985 130.74264068711955 33.65000152587905
    vertex 32.15735931288097 130.74264068711955 39.65000152587903
  endloop
endfacet
facet normal 6.040634145931908e-15 1.070610126212435e-15 -1.0
  outer loop
    vertex 36.400000000000254 132.50000000000026 33.65000152587907
    vertex 19.183157153320558 132.44866916824316 33.65000152587898
    vertex 18.400000000000247 132.50000000000028 33.65000152587896
  endloop
endfacet
facet normal 6.040634145931908e-15 1.070610126212435e-15 -1.0
  outer loop
    vertex 19.183157153320558 132.44866916824316 33.65000152587898
    vertex 36.400000000000254 132.50000000000026 33.65000152587907
    vertex 19.952914270615373 132.2955549577347 33.65000152587898
  endloop
endfacet
facet normal 6.040634145931908e-15 1.070610126212435e-15 -1.0
  outer loop
    vertex 19.952914270615373 132.2955549577347 33.65000152587898
    vertex 36.400000000000254 132.50000000000026 33.65000152587907
    vertex 20.69610059419079 132.04327719506801 33.65000152587898
  endloop
endfacet
facet normal 6.040634145931908e-15 1.070610126212435e-15 -1.0
  outer loop
    vertex 20.69610059419079 132.04327719506801 33.65000152587898
    vertex 36.400000000000254 132.50000000000026 33.65000152587907
    vertex 21.400000000000247 131.69615242270692 33.65000152587898
  endloop
endfacet
facet normal 6.040634145931908e-15 1.070610126212435e-15 -1.0
  outer loop
    vertex 21.400000000000247 131.69615242270692 33.65000152587898
    vertex 36.400000000000254 132.50000000000026 33.65000152587907
    vertex 35.616842846679944 132.44866916824313 33.650001525879055
  endloop
endfacet
facet normal 6.040634145931908e-15 1.070610126212435e-15 -1.0
  outer loop
    vertex 21.400000000000247 131.69615242270692 33.65000152587898
    vertex 35.616842846679944 132.44866916824313 33.650001525879055
    vertex 22.05256857405257 131.26012004174768 33.65000152587898
  endloop
endfacet
facet normal 6.040634145931908e-15 1.070610126212435e-15 -1.0
  outer loop
    vertex 22.05256857405257 131.26012004174768 33.65000152587898
    vertex 35.616842846679944 132.44866916824313 33.650001525879055
    vertex 22.642640687119535 130.74264068711955 33.650001525878984
  endloop
endfacet
facet normal 6.040634145931908e-15 1.070610126212435e-15 -1.0
  outer loop
    vertex 22.642640687119535 130.74264068711955 33.650001525878984
    vertex 35.616842846679944 132.44866916824313 33.650001525879055
    vertex 23.16012004174766 130.15256857405262 33.650001525878984
  endloop
endfacet
facet normal 6.040634145931908e-15 1.070610126212435e-15 -1.0
  outer loop
    vertex 23.16012004174766 130.15256857405262 33.650001525878984
    vertex 35.616842846679944 132.44866916824313 33.650001525879055
    vertex 27.037653336856742 130.85229615680498 33.65000152587902
  endloop
endfacet
facet normal 6.040634145931908e-15 1.070610126212435e-15 -1.0
  outer loop
    vertex 23.16012004174766 130.15256857405262 33.650001525878984
    vertex 27.037653336856742 130.85229615680498 33.65000152587902
    vertex 23.59615242270688 129.50000000000028 33.650001525878984
  endloop
endfacet
facet normal 6.040634145931908e-15 1.070610126212435e-15 -1.0
  outer loop
    vertex 23.59615242270688 129.50000000000028 33.650001525878984
    vertex 27.037653336856742 130.85229615680498 33.65000152587902
    vertex 26.700000000000273 130.7124355652985 33.65000152587902
  endloop
endfacet
facet normal 6.040634145931908e-15 1.070610126212435e-15 -1.0
  outer loop
    vertex 23.59615242270688 129.50000000000028 33.650001525878984
    vertex 26.700000000000273 130.7124355652985 33.65000152587902
    vertex 23.94327719506797 128.79610059419082 33.650001525878984
  endloop
endfacet
facet normal 6.040634145931908e-15 1.070610126212435e-15 -1.0
  outer loop
    vertex 23.94327719506797 128.79610059419082 33.650001525878984
    vertex 26.700000000000273 130.7124355652985 33.65000152587902
    vertex 26.410050506339104 130.48994949366144 33.650001525879006
  endloop
endfacet
facet normal 6.040634145931908e-15 1.070610126212435e-15 -1.0
  outer loop
    vertex 23.94327719506797 128.79610059419082 33.650001525878984
    vertex 26.410050506339104 130.48994949366144 33.650001525879006
    vertex 24.195554957734657 128.0529142706154 33.650001525878984
  endloop
endfacet
facet normal 6.040634145931908e-15 1.070610126212435e-15 -1.0
  outer loop
    vertex 24.195554957734657 128.0529142706154 33.650001525878984
    vertex 26.410050506339104 130.48994949366144 33.650001525879006
    vertex 26.18756443470206 130.20000000000027 33.650001525879006
  endloop
endfacet
facet normal 6.040634145931908e-15 1.070610126212435e-15 -1.0
  outer loop
    vertex 24.195554957734657 128.0529142706154 33.650001525878984
    vertex 26.18756443470206 130.20000000000027 33.650001525879006
    vertex 24.348669168243113 127.2831571533206 33.650001525878984
  endloop
endfacet
facet normal 6.040634145931908e-15 1.070610126212435e-15 -1.0
  outer loop
    vertex 24.348669168243113 127.2831571533206 33.650001525878984
    vertex 26.18756443470206 130.20000000000027 33.650001525879006
    vertex 24.40000000000026 126.50000000000028 33.650001525879
  endloop
endfacet
facet normal 6.040634145931908e-15 1.070610126212435e-15 -1.0
  outer loop
    vertex 24.40000000000026 126.50000000000028 33.650001525879
    vertex 26.18756443470206 130.20000000000027 33.650001525879006
    vertex 26.04770384319558 129.8623466631438 33.650001525879006
  endloop
endfacet
facet normal 6.040634145931908e-15 1.070610126212435e-15 -1.0
  outer loop
    vertex 24.40000000000026 126.50000000000028 33.650001525879
    vertex 26.04770384319558 129.8623466631438 33.650001525879006
    vertex 26.000000000000274 129.50000000000028 33.650001525879006
  endloop
endfacet
facet normal 6.040634145931908e-15 1.070610126212435e-15 -1.0
  outer loop
    vertex 27.037653336856742 130.85229615680498 33.65000152587902
    vertex 35.616842846679944 132.44866916824313 33.650001525879055
    vertex 27.400000000000272 130.9000000000003 33.65000152587902
  endloop
endfacet
facet normal 6.040634145931908e-15 1.070610126212435e-15 -1.0
  outer loop
    vertex 27.400000000000272 130.9000000000003 33.65000152587902
    vertex 35.616842846679944 132.44866916824313 33.650001525879055
    vertex 34.847085729385135 132.29555495773468 33.650001525879055
  endloop
endfacet
facet normal 6.040634145931908e-15 1.070610126212435e-15 -1.0
  outer loop
    vertex 27.400000000000272 130.9000000000003 33.65000152587902
    vertex 34.847085729385135 132.29555495773468 33.650001525879055
    vertex 27.762346663143795 130.85229615680498 33.65000152587902
  endloop
endfacet
facet normal 6.040634145931908e-15 1.070610126212435e-15 -1.0
  outer loop
    vertex 27.762346663143795 130.85229615680498 33.65000152587902
    vertex 34.847085729385135 132.29555495773468 33.650001525879055
    vertex 28.10000000000027 130.7124355652985 33.65000152587902
  endloop
endfacet
facet normal 6.040634145931908e-15 1.070610126212435e-15 -1.0
  outer loop
    vertex 28.10000000000027 130.7124355652985 33.65000152587902
    vertex 34.847085729385135 132.29555495773468 33.650001525879055
    vertex 28.389949493661437 130.48994949366144 33.65000152587902
  endloop
endfacet
facet normal 6.040634145931908e-15 1.070610126212435e-15 -1.0
  outer loop
    vertex 28.389949493661437 130.48994949366144 33.65000152587902
    vertex 34.847085729385135 132.29555495773468 33.650001525879055
    vertex 28.612435565298483 130.20000000000027 33.65000152587902
  endloop
endfacet
facet normal 6.040634145931908e-15 1.070610126212435e-15 -1.0
  outer loop
    vertex 28.612435565298483 130.20000000000027 33.65000152587902
    vertex 34.847085729385135 132.29555495773468 33.650001525879055
    vertex 34.10389940580972 132.043277195068 33.650001525879055
  endloop
endfacet
facet normal 6.040634145931908e-15 1.070610126212435e-15 -1.0
  outer loop
    vertex 28.612435565298483 130.20000000000027 33.65000152587902
    vertex 34.10389940580972 132.043277195068 33.650001525879055
    vertex 28.752296156804963 129.8623466631438 33.65000152587902
  endloop
endfacet
facet normal 6.040634145931908e-15 1.070610126212435e-15 -1.0
  outer loop
    vertex 28.752296156804963 129.8623466631438 33.65000152587902
    vertex 34.10389940580972 132.043277195068 33.650001525879055
    vertex 28.800000000000267 129.50000000000028 33.65000152587902
  endloop
endfacet
facet normal 6.040634145931908e-15 1.070610126212435e-15 -1.0
  outer loop
    vertex 28.800000000000267 129.50000000000028 33.65000152587902
    vertex 34.10389940580972 132.043277195068 33.650001525879055
    vertex 33.40000000000027 131.6961524227069 33.65000152587905
  endloop
endfacet
facet normal 6.040634145931908e-15 1.070610126212435e-15 -1.0
  outer loop
    vertex 28.800000000000267 129.50000000000028 33.65000152587902
    vertex 33.40000000000027 131.6961524227069 33.65000152587905
    vertex 32.747431425947944 131.26012004174765 33.65000152587905
  endloop
endfacet
facet normal 6.040634145931908e-15 1.070610126212435e-15 -1.0
  outer loop
    vertex 28.800000000000267 129.50000000000028 33.65000152587902
    vertex 32.747431425947944 131.26012004174765 33.65000152587905
    vertex 32.157359312880985 130.74264068711955 33.65000152587905
  endloop
endfacet
facet normal 6.040634145931908e-15 1.070610126212435e-15 -1.0
  outer loop
    vertex 28.800000000000267 129.50000000000028 33.65000152587902
    vertex 32.157359312880985 130.74264068711955 33.65000152587905
    vertex 31.639879958252855 130.1525685740526 33.65000152587905
  endloop
endfacet
facet normal 6.040634145931908e-15 1.070610126212435e-15 -1.0
  outer loop
    vertex 28.800000000000267 129.50000000000028 33.65000152587902
    vertex 31.639879958252855 130.1525685740526 33.65000152587905
    vertex 31.203847577293637 129.50000000000028 33.650001525879034
  endloop
endfacet
facet normal 6.040634145931908e-15 1.070610126212435e-15 -1.0
  outer loop
    vertex 28.800000000000267 129.50000000000028 33.65000152587902
    vertex 31.203847577293637 129.50000000000028 33.650001525879034
    vertex 30.85672280493255 128.79610059419082 33.650001525879034
  endloop
endfacet
facet normal 6.040634145931908e-15 1.070610126212435e-15 -1.0
  outer loop
    vertex 28.800000000000267 129.50000000000028 33.65000152587902
    vertex 30.85672280493255 128.79610059419082 33.650001525879034
    vertex 30.604445042265855 128.0529142706154 33.650001525879034
  endloop
endfacet
facet normal 6.040634145931908e-15 1.070610126212435e-15 -1.0
  outer loop
    vertex 28.800000000000267 129.50000000000028 33.65000152587902
    vertex 30.604445042265855 128.0529142706154 33.650001525879034
    vertex 30.4513308317574 127.2831571533206 33.650001525879034
  endloop
endfacet
facet normal 6.040634145931908e-15 1.070610126212435e-15 -1.0
  outer loop
    vertex 28.800000000000267 129.50000000000028 33.65000152587902
    vertex 30.4513308317574 127.2831571533206 33.650001525879034
    vertex 30.40000000000026 126.50000000000028 33.65000152587901
  endloop
endfacet
facet normal 6.040634145931908e-15 1.070610126212435e-15 -1.0
  outer loop
    vertex 24.40000000000026 126.50000000000028 33.650001525879
    vertex 26.700000000000273 128.28756443470206 33.65000152587902
    vertex 30.40000000000026 126.50000000000028 33.65000152587901
  endloop
endfacet
facet normal 6.040634145931908e-15 1.070610126212435e-15 -1.0
  outer loop
    vertex 26.700000000000273 128.28756443470206 33.65000152587902
    vertex 24.40000000000026 126.50000000000028 33.650001525879
    vertex 26.410050506339104 128.51005050633913 33.650001525879006
  endloop
endfacet
facet normal 6.040634145931908e-15 1.070610126212435e-15 -1.0
  outer loop
    vertex 26.410050506339104 128.51005050633913 33.650001525879006
    vertex 24.40000000000026 126.50000000000028 33.650001525879
    vertex 26.18756443470206 128.8000000000003 33.650001525879006
  endloop
endfacet
facet normal 6.040634145931908e-15 1.070610126212435e-15 -1.0
  outer loop
    vertex 26.18756443470206 128.8000000000003 33.650001525879006
    vertex 24.40000000000026 126.50000000000028 33.650001525879
    vertex 26.04770384319558 129.13765333685674 33.650001525879006
  endloop
endfacet
facet normal 6.040634145931908e-15 1.070610126212435e-15 -1.0
  outer loop
    vertex 26.04770384319558 129.13765333685674 33.650001525879006
    vertex 24.40000000000026 126.50000000000028 33.650001525879
    vertex 26.000000000000274 129.50000000000028 33.650001525879006
  endloop
endfacet
facet normal 6.040634145931908e-15 1.070610126212435e-15 -1.0
  outer loop
    vertex 30.40000000000026 126.50000000000028 33.65000152587901
    vertex 26.700000000000273 128.28756443470206 33.65000152587902
    vertex 27.037653336856742 128.1477038431956 33.65000152587902
  endloop
endfacet
facet normal 6.040634145931908e-15 1.070610126212435e-15 -1.0
  outer loop
    vertex 30.40000000000026 126.50000000000028 33.65000152587901
    vertex 27.037653336856742 128.1477038431956 33.65000152587902
    vertex 27.400000000000272 128.10000000000028 33.65000152587902
  endloop
endfacet
facet normal 6.040634145931908e-15 1.070610126212435e-15 -1.0
  outer loop
    vertex 30.40000000000026 126.50000000000028 33.65000152587901
    vertex 27.400000000000272 128.10000000000028 33.65000152587902
    vertex 27.762346663143802 128.1477038431956 33.65000152587902
  endloop
endfacet
facet normal 6.040634145931908e-15 1.070610126212435e-15 -1.0
  outer loop
    vertex 30.40000000000026 126.50000000000028 33.65000152587901
    vertex 27.762346663143802 128.1477038431956 33.65000152587902
    vertex 28.10000000000027 128.28756443470206 33.65000152587902
  endloop
endfacet
facet normal 6.040634145931908e-15 1.070610126212435e-15 -1.0
  outer loop
    vertex 30.40000000000026 126.50000000000028 33.65000152587901
    vertex 28.10000000000027 128.28756443470206 33.65000152587902
    vertex 28.389949493661437 128.51005050633913 33.65000152587902
  endloop
endfacet
facet normal 6.040634145931908e-15 1.070610126212435e-15 -1.0
  outer loop
    vertex 30.40000000000026 126.50000000000028 33.65000152587901
    vertex 28.389949493661437 128.51005050633913 33.65000152587902
    vertex 28.612435565298483 128.8000000000003 33.65000152587902
  endloop
endfacet
facet normal 6.040634145931908e-15 1.070610126212435e-15 -1.0
  outer loop
    vertex 30.40000000000026 126.50000000000028 33.65000152587901
    vertex 28.612435565298483 128.8000000000003 33.65000152587902
    vertex 28.752296156804963 129.13765333685674 33.65000152587902
  endloop
endfacet
facet normal 6.040634145931908e-15 1.070610126212435e-15 -1.0
  outer loop
    vertex 30.40000000000026 126.50000000000028 33.65000152587901
    vertex 28.752296156804963 129.13765333685674 33.65000152587902
    vertex 28.800000000000267 129.50000000000028 33.65000152587902
  endloop
endfacet
facet normal -0.4422886902189839 -0.8968727415326969 -3.3116557506995514e-15
  outer loop
    vertex 79.6000000000002 131.69615242270686 33.65000152587925
    vertex 78.89610059419073 132.04327719506793 39.65000152587927
    vertex 78.89610059419073 132.04327719506793 33.65000152587923
  endloop
endfacet
facet normal -0.4422886902189839 -0.8968727415326969 -3.3116557506995514e-15
  outer loop
    vertex 78.89610059419073 132.04327719506793 39.65000152587927
    vertex 79.6000000000002 131.69615242270686 33.65000152587925
    vertex 79.6000000000002 131.69615242270686 39.650001525879276
  endloop
endfacet
facet normal 0.5555702330196022 -0.8314696123025452 1.7082146280919478e-15
  outer loop
    vertex 33.400000000000254 131.6961524227069 39.650001525879034
    vertex 32.747431425947944 131.26012004174765 33.65000152587905
    vertex 33.40000000000027 131.6961524227069 33.65000152587905
  endloop
endfacet
facet normal 0.5555702330196022 -0.8314696123025452 1.7082146280919478e-15
  outer loop
    vertex 32.747431425947944 131.26012004174765 33.65000152587905
    vertex 33.400000000000254 131.6961524227069 39.650001525879034
    vertex 32.74743142594793 131.26012004174765 39.650001525879034
  endloop
endfacet
facet normal -0.5555702330196022 -0.8314696123025452 -4.079313439136934e-15
  outer loop
    vertex 80.25256857405252 131.26012004174765 39.650001525879276
    vertex 79.6000000000002 131.69615242270686 33.65000152587925
    vertex 80.25256857405252 131.26012004174765 33.65000152587925
  endloop
endfacet
facet normal -0.5555702330196022 -0.8314696123025452 -4.079313439136934e-15
  outer loop
    vertex 79.6000000000002 131.69615242270686 33.65000152587925
    vertex 80.25256857405252 131.26012004174765 39.650001525879276
    vertex 79.6000000000002 131.69615242270686 39.650001525879276
  endloop
endfacet
facet normal 0.19509032201612783 -0.9807852804032307 1.174499741230647e-17
  outer loop
    vertex 35.61684284667994 132.44866916824313 39.65000152587904
    vertex 34.847085729385135 132.29555495773468 33.650001525879055
    vertex 35.616842846679944 132.44866916824313 33.650001525879055
  endloop
endfacet
facet normal 0.19509032201612783 -0.9807852804032307 1.174499741230647e-17
  outer loop
    vertex 34.847085729385135 132.29555495773468 33.650001525879055
    vertex 35.61684284667994 132.44866916824313 39.65000152587904
    vertex 34.84708572938512 132.29555495773468 39.650001525879034
  endloop
endfacet
facet normal -0.98078528040323 -0.19509032201613058 -6.854123984945406e-15
  outer loop
    vertex 82.3955549577346 128.0529142706154 39.65000152587929
    vertex 82.54866916824307 127.2831571533206 33.650001525879254
    vertex 82.54866916824307 127.2831571533206 39.65000152587929
  endloop
endfacet
facet normal -0.98078528040323 -0.19509032201613058 -6.854123984945406e-15
  outer loop
    vertex 82.54866916824307 127.2831571533206 33.650001525879254
    vertex 82.3955549577346 128.0529142706154 39.65000152587929
    vertex 82.3955549577346 128.0529142706154 33.650001525879254
  endloop
endfacet
facet normal -0.3214394653031672 -0.9469301294951039 -2.487334714203536e-15
  outer loop
    vertex 78.89610059419073 132.04327719506793 39.65000152587927
    vertex 78.15291427061533 132.29555495773462 33.65000152587923
    vertex 78.89610059419073 132.04327719506793 33.65000152587923
  endloop
endfacet
facet normal -0.3214394653031672 -0.9469301294951039 -2.487334714203536e-15
  outer loop
    vertex 78.15291427061533 132.29555495773462 33.65000152587923
    vertex 78.89610059419073 132.04327719506793 39.65000152587927
    vertex 78.15291427061533 132.29555495773462 39.65000152587926
  endloop
endfacet
facet normal -0.8314696123025409 -0.555570233019609 -5.917133695105817e-15
  outer loop
    vertex 81.3601200417476 130.15256857405257 39.65000152587928
    vertex 81.79615242270683 129.50000000000026 33.650001525879254
    vertex 81.79615242270683 129.50000000000026 39.65000152587929
  endloop
endfacet
facet normal -0.8314696123025409 -0.555570233019609 -5.917133695105817e-15
  outer loop
    vertex 81.79615242270683 129.50000000000026 33.650001525879254
    vertex 81.3601200417476 130.15256857405257 39.65000152587928
    vertex 81.3601200417476 130.15256857405257 33.650001525879254
  endloop
endfacet
facet normal -0.6593458151000592 -0.7518398074789859 -4.777172943631146e-15
  outer loop
    vertex 80.84264068711947 130.74264068711955 33.650001525879254
    vertex 80.25256857405252 131.26012004174765 39.650001525879276
    vertex 80.25256857405252 131.26012004174765 33.65000152587925
  endloop
endfacet
facet normal -0.6593458151000592 -0.7518398074789859 -4.777172943631146e-15
  outer loop
    vertex 80.25256857405252 131.26012004174765 39.650001525879276
    vertex 80.84264068711947 130.74264068711955 33.650001525879254
    vertex 80.84264068711947 130.74264068711955 39.65000152587928
  endloop
endfacet
facet normal 0.321439465303165 -0.9469301294951047 5.905836542691212e-16
  outer loop
    vertex 34.84708572938512 132.29555495773468 39.650001525879034
    vertex 34.10389940580972 132.043277195068 33.650001525879055
    vertex 34.847085729385135 132.29555495773468 33.650001525879055
  endloop
endfacet
facet normal 0.321439465303165 -0.9469301294951047 5.905836542691212e-16
  outer loop
    vertex 34.10389940580972 132.043277195068 33.650001525879055
    vertex 34.84708572938512 132.29555495773468 39.650001525879034
    vertex 34.103899405809706 132.043277195068 39.650001525879034
  endloop
endfacet
facet normal -0.7518398074789779 -0.6593458151000684 -5.393293694577395e-15
  outer loop
    vertex 80.84264068711947 130.74264068711955 39.65000152587928
    vertex 81.3601200417476 130.15256857405257 33.650001525879254
    vertex 81.3601200417476 130.15256857405257 39.65000152587928
  endloop
endfacet
facet normal -0.7518398074789779 -0.6593458151000684 -5.393293694577395e-15
  outer loop
    vertex 81.3601200417476 130.15256857405257 33.650001525879254
    vertex 80.84264068711947 130.74264068711955 39.65000152587928
    vertex 80.84264068711947 130.74264068711955 33.650001525879254
  endloop
endfacet
facet normal -0.06540312923013089 -0.9978589232386044 -7.258482390119747e-16
  outer loop
    vertex 77.38315715332051 132.44866916824307 39.650001525879254
    vertex 76.60000000000021 132.5000000000002 33.65000152587922
    vertex 77.38315715332051 132.44866916824307 33.65000152587922
  endloop
endfacet
facet normal -0.06540312923013089 -0.9978589232386044 -7.258482390119747e-16
  outer loop
    vertex 76.60000000000021 132.5000000000002 33.65000152587922
    vertex 77.38315715332051 132.44866916824307 39.650001525879254
    vertex 76.60000000000021 132.5000000000002 39.650001525879254
  endloop
endfacet
facet normal -0.19509032201612783 -0.9807852804032307 -1.6204546911278331e-15
  outer loop
    vertex 78.15291427061533 132.29555495773462 33.65000152587923
    vertex 77.38315715332051 132.44866916824307 39.650001525879254
    vertex 77.38315715332051 132.44866916824307 33.65000152587922
  endloop
endfacet
facet normal -0.19509032201612783 -0.9807852804032307 -1.6204546911278331e-15
  outer loop
    vertex 77.38315715332051 132.44866916824307 39.650001525879254
    vertex 78.15291427061533 132.29555495773462 33.65000152587923
    vertex 78.15291427061533 132.29555495773462 39.65000152587926
  endloop
endfacet
facet normal 0.44228869021900996 -0.8968727415326843 1.1593172610606761e-15
  outer loop
    vertex 34.10389940580972 132.043277195068 33.650001525879055
    vertex 33.400000000000254 131.6961524227069 39.650001525879034
    vertex 33.40000000000027 131.6961524227069 33.65000152587905
  endloop
endfacet
facet normal 0.44228869021900996 -0.8968727415326843 1.1593172610606761e-15
  outer loop
    vertex 33.400000000000254 131.6961524227069 39.650001525879034
    vertex 34.10389940580972 132.043277195068 33.650001525879055
    vertex 34.103899405809706 132.043277195068 39.650001525879034
  endloop
endfacet
facet normal 0.6593458151000556 -0.7518398074789892 2.2278839692299703e-15
  outer loop
    vertex 32.74743142594793 131.26012004174765 39.650001525879034
    vertex 32.157359312880985 130.74264068711955 33.65000152587905
    vertex 32.747431425947944 131.26012004174765 33.65000152587905
  endloop
endfacet
facet normal 0.6593458151000556 -0.7518398074789892 2.2278839692299703e-15
  outer loop
    vertex 32.157359312880985 130.74264068711955 33.65000152587905
    vertex 32.74743142594793 131.26012004174765 39.650001525879034
    vertex 32.15735931288097 130.74264068711955 39.65000152587903
  endloop
endfacet
facet normal 0.06540312923013043 -0.9978589232386045 -5.672946196065974e-16
  outer loop
    vertex 36.400000000000254 132.50000000000026 33.65000152587907
    vertex 35.61684284667994 132.44866916824313 39.65000152587904
    vertex 35.616842846679944 132.44866916824313 33.650001525879055
  endloop
endfacet
facet normal 0.06540312923013043 -0.9978589232386045 -5.672946196065974e-16
  outer loop
    vertex 35.61684284667994 132.44866916824313 39.65000152587904
    vertex 36.400000000000254 132.50000000000026 33.65000152587907
    vertex 36.40000000000024 132.50000000000026 39.65000152587905
  endloop
endfacet
facet normal -0.8968727415326855 -0.442288690219007 -6.339729897571626e-15
  outer loop
    vertex 81.79615242270683 129.50000000000026 39.65000152587929
    vertex 82.14327719506791 128.7961005941908 33.650001525879254
    vertex 82.14327719506791 128.7961005941908 39.65000152587929
  endloop
endfacet
facet normal -0.8968727415326855 -0.442288690219007 -6.339729897571626e-15
  outer loop
    vertex 82.14327719506791 128.7961005941908 33.650001525879254
    vertex 81.79615242270683 129.50000000000026 39.65000152587929
    vertex 81.79615242270683 129.50000000000026 33.650001525879254
  endloop
endfacet
facet normal -0.9469301294951025 -0.3214394653031716 -6.653851563784773e-15
  outer loop
    vertex 82.14327719506791 128.7961005941908 39.65000152587929
    vertex 82.3955549577346 128.0529142706154 33.650001525879254
    vertex 82.3955549577346 128.0529142706154 39.65000152587929
  endloop
endfacet
facet normal -0.9469301294951025 -0.3214394653031716 -6.653851563784773e-15
  outer loop
    vertex 82.3955549577346 128.0529142706154 33.650001525879254
    vertex 82.14327719506791 128.7961005941908 39.65000152587929
    vertex 82.14327719506791 128.7961005941908 33.650001525879254
  endloop
endfacet
facet normal 0.997858923238604 -0.06540312923013711 -6.250876898095653e-16
  outer loop
    vertex 88.65133083175732 127.2831571533206 33.6500015258793
    vertex 88.60000000000021 126.50000000000028 39.65000152587929
    vertex 88.6000000000002 126.50000000000028 33.65000152587929
  endloop
endfacet
facet normal 0.997858923238604 -0.06540312923013711 -6.250876898095653e-16
  outer loop
    vertex 88.60000000000021 126.50000000000028 39.65000152587929
    vertex 88.65133083175732 127.2831571533206 33.6500015258793
    vertex 88.65133083175735 127.2831571533206 39.65000152587929
  endloop
endfacet
facet normal 0.98078528040323 -0.19509032201613058 4.187219105043116e-15
  outer loop
    vertex 88.80444504226578 128.0529142706154 33.650001525879304
    vertex 88.65133083175735 127.2831571533206 39.65000152587929
    vertex 88.65133083175732 127.2831571533206 33.6500015258793
  endloop
endfacet
facet normal 0.98078528040323 -0.19509032201613058 4.187219105043116e-15
  outer loop
    vertex 88.65133083175735 127.2831571533206 39.65000152587929
    vertex 88.80444504226578 128.0529142706154 33.650001525879304
    vertex 88.8044450422658 128.0529142706154 39.6500015258793
  endloop
endfacet
facet normal 0.8968727415326855 -0.442288690219007 3.6992972685142535e-15
  outer loop
    vertex 89.40384757729356 129.50000000000026 33.650001525879304
    vertex 89.05672280493249 128.7961005941908 39.6500015258793
    vertex 89.05672280493248 128.7961005941908 33.650001525879304
  endloop
endfacet
facet normal 0.8968727415326855 -0.442288690219007 3.6992972685142535e-15
  outer loop
    vertex 89.05672280493249 128.7961005941908 39.6500015258793
    vertex 89.40384757729356 129.50000000000026 33.650001525879304
    vertex 89.40384757729359 129.50000000000026 39.650001525879304
  endloop
endfacet
facet normal 0.6593458151000592 -0.7518398074789859 2.50990073805772e-15
  outer loop
    vertex 90.9474314259479 131.26012004174765 39.650001525879304
    vertex 90.35735931288092 130.74264068711955 33.65000152587932
    vertex 90.94743142594787 131.26012004174765 33.65000152587932
  endloop
endfacet
facet normal 0.6593458151000592 -0.7518398074789859 2.50990073805772e-15
  outer loop
    vertex 90.35735931288092 130.74264068711955 33.65000152587932
    vertex 90.9474314259479 131.26012004174765 39.650001525879304
    vertex 90.35735931288093 130.74264068711955 39.650001525879304
  endloop
endfacet
facet normal 0.5555702330195956 -0.8314696123025498 2.0175819420974234e-15
  outer loop
    vertex 91.60000000000022 131.69615242270686 39.65000152587931
    vertex 90.94743142594787 131.26012004174765 33.65000152587932
    vertex 91.60000000000021 131.69615242270686 33.65000152587932
  endloop
endfacet
facet normal 0.5555702330195956 -0.8314696123025498 2.0175819420974234e-15
  outer loop
    vertex 90.94743142594787 131.26012004174765 33.65000152587932
    vertex 91.60000000000022 131.69615242270686 39.65000152587931
    vertex 90.9474314259479 131.26012004174765 39.650001525879304
  endloop
endfacet
facet normal 0.19509032201612783 -0.9807852804032307 3.6999119404090075e-16
  outer loop
    vertex 93.81684284667989 132.44866916824307 33.65000152587933
    vertex 93.0470857293851 132.29555495773462 39.65000152587931
    vertex 93.04708572938507 132.29555495773462 33.65000152587932
  endloop
endfacet
facet normal 0.19509032201612783 -0.9807852804032307 3.6999119404090075e-16
  outer loop
    vertex 93.0470857293851 132.29555495773462 39.65000152587931
    vertex 93.81684284667989 132.44866916824307 33.65000152587933
    vertex 93.8168428466799 132.44866916824307 39.65000152587932
  endloop
endfacet
facet normal 0.4422886902189839 -0.8968727415326969 1.4907417597283819e-15
  outer loop
    vertex 92.30389940580969 132.04327719506793 39.65000152587931
    vertex 91.60000000000021 131.69615242270686 33.65000152587932
    vertex 92.30389940580966 132.04327719506793 33.65000152587932
  endloop
endfacet
facet normal 0.4422886902189839 -0.8968727415326969 1.4907417597283819e-15
  outer loop
    vertex 91.60000000000021 131.69615242270686 33.65000152587932
    vertex 92.30389940580969 132.04327719506793 39.65000152587931
    vertex 91.60000000000022 131.69615242270686 39.65000152587931
  endloop
endfacet
facet normal 0.3214394653031672 -0.9469301294951039 9.383945725388412e-16
  outer loop
    vertex 93.0470857293851 132.29555495773462 39.65000152587931
    vertex 92.30389940580966 132.04327719506793 33.65000152587932
    vertex 93.04708572938507 132.29555495773462 33.65000152587932
  endloop
endfacet
facet normal 0.3214394653031672 -0.9469301294951039 9.383945725388412e-16
  outer loop
    vertex 92.30389940580966 132.04327719506793 33.65000152587932
    vertex 93.0470857293851 132.29555495773462 39.65000152587931
    vertex 92.30389940580969 132.04327719506793 39.65000152587931
  endloop
endfacet
facet normal 0.06540312923013089 -0.9978589232386044 -2.0474283636804274e-16
  outer loop
    vertex 94.60000000000021 132.5000000000002 39.65000152587932
    vertex 93.81684284667989 132.44866916824307 33.65000152587933
    vertex 94.6000000000002 132.5000000000002 33.65000152587933
  endloop
endfacet
facet normal 0.06540312923013089 -0.9978589232386044 -2.0474283636804274e-16
  outer loop
    vertex 93.81684284667989 132.44866916824307 33.65000152587933
    vertex 94.60000000000021 132.5000000000002 39.65000152587932
    vertex 93.8168428466799 132.44866916824307 39.65000152587932
  endloop
endfacet
facet normal -0.9978589232386031 -0.06540312923015144 -6.254597213538857e-16
  outer loop
    vertex 82.54866916824307 127.2831571533206 39.65000152587929
    vertex 82.6000000000002 126.50000000000028 33.65000152587929
    vertex 82.60000000000021 126.50000000000028 39.65000152587929
  endloop
endfacet
facet normal -0.9978589232386031 -0.06540312923015144 -6.254597213538857e-16
  outer loop
    vertex 82.6000000000002 126.50000000000028 33.65000152587929
    vertex 82.54866916824307 127.2831571533206 39.65000152587929
    vertex 82.54866916824307 127.2831571533206 33.650001525879254
  endloop
endfacet
facet normal 0.8314696123025409 -0.555570233019609 3.3580141288954953e-15
  outer loop
    vertex 89.83987995825278 130.15256857405257 33.650001525879304
    vertex 89.40384757729359 129.50000000000026 39.650001525879304
    vertex 89.40384757729356 129.50000000000026 33.650001525879304
  endloop
endfacet
facet normal 0.8314696123025409 -0.555570233019609 3.3580141288954953e-15
  outer loop
    vertex 89.40384757729359 129.50000000000026 39.650001525879304
    vertex 89.83987995825278 130.15256857405257 33.650001525879304
    vertex 89.83987995825281 130.15256857405257 39.650001525879304
  endloop
endfacet
facet normal 0.7518398074789779 -0.6593458151000684 2.959274436513961e-15
  outer loop
    vertex 90.35735931288092 130.74264068711955 33.65000152587932
    vertex 89.83987995825281 130.15256857405257 39.650001525879304
    vertex 89.83987995825278 130.15256857405257 33.650001525879304
  endloop
endfacet
facet normal 0.7518398074789779 -0.6593458151000684 2.959274436513961e-15
  outer loop
    vertex 89.83987995825281 130.15256857405257 39.650001525879304
    vertex 90.35735931288092 130.74264068711955 33.65000152587932
    vertex 90.35735931288093 130.74264068711955 39.650001525879304
  endloop
endfacet
facet normal 0.9469301294951025 -0.3214394653031716 3.9772844062297535e-15
  outer loop
    vertex 89.05672280493248 128.7961005941908 33.650001525879304
    vertex 88.8044450422658 128.0529142706154 39.6500015258793
    vertex 88.80444504226578 128.0529142706154 33.650001525879304
  endloop
endfacet
facet normal 0.9469301294951025 -0.3214394653031716 3.9772844062297535e-15
  outer loop
    vertex 88.8044450422658 128.0529142706154 39.6500015258793
    vertex 89.05672280493248 128.7961005941908 33.650001525879304
    vertex 89.05672280493249 128.7961005941908 39.6500015258793
  endloop
endfacet
facet normal 6.022322740041472e-15 -6.999744635822327e-16 -1.0
  outer loop
    vertex 94.6000000000002 132.5000000000002 33.65000152587933
    vertex 77.38315715332051 132.44866916824307 33.65000152587922
    vertex 76.60000000000021 132.5000000000002 33.65000152587922
  endloop
endfacet
facet normal 6.022322740041472e-15 -6.999744635822327e-16 -1.0
  outer loop
    vertex 77.38315715332051 132.44866916824307 33.65000152587922
    vertex 94.6000000000002 132.5000000000002 33.65000152587933
    vertex 78.15291427061533 132.29555495773462 33.65000152587923
  endloop
endfacet
facet normal 6.022322740041472e-15 -6.999744635822327e-16 -1.0
  outer loop
    vertex 78.15291427061533 132.29555495773462 33.65000152587923
    vertex 94.6000000000002 132.5000000000002 33.65000152587933
    vertex 78.89610059419073 132.04327719506793 33.65000152587923
  endloop
endfacet
facet normal 6.022322740041472e-15 -6.999744635822327e-16 -1.0
  outer loop
    vertex 78.89610059419073 132.04327719506793 33.65000152587923
    vertex 94.6000000000002 132.5000000000002 33.65000152587933
    vertex 79.6000000000002 131.69615242270686 33.65000152587925
  endloop
endfacet
facet normal 6.022322740041472e-15 -6.999744635822327e-16 -1.0
  outer loop
    vertex 79.6000000000002 131.69615242270686 33.65000152587925
    vertex 94.6000000000002 132.5000000000002 33.65000152587933
    vertex 93.81684284667989 132.44866916824307 33.65000152587933
  endloop
endfacet
facet normal 6.022322740041472e-15 -6.999744635822327e-16 -1.0
  outer loop
    vertex 79.6000000000002 131.69615242270686 33.65000152587925
    vertex 93.81684284667989 132.44866916824307 33.65000152587933
    vertex 80.25256857405252 131.26012004174765 33.65000152587925
  endloop
endfacet
facet normal 6.022322740041472e-15 -6.999744635822327e-16 -1.0
  outer loop
    vertex 80.25256857405252 131.26012004174765 33.65000152587925
    vertex 93.81684284667989 132.44866916824307 33.65000152587933
    vertex 80.84264068711947 130.74264068711955 33.650001525879254
  endloop
endfacet
facet normal 6.022322740041472e-15 -6.999744635822327e-16 -1.0
  outer loop
    vertex 80.84264068711947 130.74264068711955 33.650001525879254
    vertex 93.81684284667989 132.44866916824307 33.65000152587933
    vertex 81.3601200417476 130.15256857405257 33.650001525879254
  endloop
endfacet
facet normal 6.022322740041472e-15 -6.999744635822327e-16 -1.0
  outer loop
    vertex 81.3601200417476 130.15256857405257 33.650001525879254
    vertex 93.81684284667989 132.44866916824307 33.65000152587933
    vertex 85.23765333685668 130.85229615680493 33.65000152587929
  endloop
endfacet
facet normal 6.022322740041472e-15 -6.999744635822327e-16 -1.0
  outer loop
    vertex 81.3601200417476 130.15256857405257 33.650001525879254
    vertex 85.23765333685668 130.85229615680493 33.65000152587929
    vertex 81.79615242270683 129.50000000000026 33.650001525879254
  endloop
endfacet
facet normal 6.022322740041472e-15 -6.999744635822327e-16 -1.0
  outer loop
    vertex 81.79615242270683 129.50000000000026 33.650001525879254
    vertex 85.23765333685668 130.85229615680493 33.65000152587929
    vertex 84.9000000000002 130.71243556529845 33.65000152587929
  endloop
endfacet
facet normal 6.022322740041472e-15 -6.999744635822327e-16 -1.0
  outer loop
    vertex 81.79615242270683 129.50000000000026 33.650001525879254
    vertex 84.9000000000002 130.71243556529845 33.65000152587929
    vertex 82.14327719506791 128.7961005941908 33.650001525879254
  endloop
endfacet
facet normal 6.022322740041472e-15 -6.999744635822327e-16 -1.0
  outer loop
    vertex 82.14327719506791 128.7961005941908 33.650001525879254
    vertex 84.9000000000002 130.71243556529845 33.65000152587929
    vertex 84.61005050633904 130.48994949366138 33.65000152587928
  endloop
endfacet
facet normal 6.022322740041472e-15 -6.999744635822327e-16 -1.0
  outer loop
    vertex 82.14327719506791 128.7961005941908 33.650001525879254
    vertex 84.61005050633904 130.48994949366138 33.65000152587928
    vertex 82.3955549577346 128.0529142706154 33.650001525879254
  endloop
endfacet
facet normal 6.022322740041472e-15 -6.999744635822327e-16 -1.0
  outer loop
    vertex 82.3955549577346 128.0529142706154 33.650001525879254
    vertex 84.61005050633904 130.48994949366138 33.65000152587928
    vertex 84.38756443470199 130.20000000000024 33.65000152587928
  endloop
endfacet
facet normal 6.022322740041472e-15 -6.999744635822327e-16 -1.0
  outer loop
    vertex 82.3955549577346 128.0529142706154 33.650001525879254
    vertex 84.38756443470199 130.20000000000024 33.65000152587928
    vertex 82.54866916824307 127.2831571533206 33.650001525879254
  endloop
endfacet
facet normal 6.022322740041472e-15 -6.999744635822327e-16 -1.0
  outer loop
    vertex 82.54866916824307 127.2831571533206 33.650001525879254
    vertex 84.38756443470199 130.20000000000024 33.65000152587928
    vertex 82.6000000000002 126.50000000000028 33.65000152587929
  endloop
endfacet
facet normal 6.022322740041472e-15 -6.999744635822327e-16 -1.0
  outer loop
    vertex 82.6000000000002 126.50000000000028 33.65000152587929
    vertex 84.38756443470199 130.20000000000024 33.65000152587928
    vertex 84.24770384319551 129.86234666314377 33.65000152587928
  endloop
endfacet
facet normal 6.022322740041472e-15 -6.999744635822327e-16 -1.0
  outer loop
    vertex 82.6000000000002 126.50000000000028 33.65000152587929
    vertex 84.24770384319551 129.86234666314377 33.65000152587928
    vertex 84.2000000000002 129.50000000000023 33.65000152587928
  endloop
endfacet
facet normal 6.022322740041472e-15 -6.999744635822327e-16 -1.0
  outer loop
    vertex 85.23765333685668 130.85229615680493 33.65000152587929
    vertex 93.81684284667989 132.44866916824307 33.65000152587933
    vertex 85.60000000000021 130.90000000000023 33.65000152587929
  endloop
endfacet
facet normal 6.022322740041472e-15 -6.999744635822327e-16 -1.0
  outer loop
    vertex 85.60000000000021 130.90000000000023 33.65000152587929
    vertex 93.81684284667989 132.44866916824307 33.65000152587933
    vertex 93.04708572938507 132.29555495773462 33.65000152587932
  endloop
endfacet
facet normal 6.022322740041472e-15 -6.999744635822327e-16 -1.0
  outer loop
    vertex 85.60000000000021 130.90000000000023 33.65000152587929
    vertex 93.04708572938507 132.29555495773462 33.65000152587932
    vertex 85.96234666314373 130.85229615680493 33.65000152587929
  endloop
endfacet
facet normal 6.022322740041472e-15 -6.999744635822327e-16 -1.0
  outer loop
    vertex 85.96234666314373 130.85229615680493 33.65000152587929
    vertex 93.04708572938507 132.29555495773462 33.65000152587932
    vertex 86.3000000000002 130.71243556529845 33.65000152587929
  endloop
endfacet
facet normal 6.022322740041472e-15 -6.999744635822327e-16 -1.0
  outer loop
    vertex 86.3000000000002 130.71243556529845 33.65000152587929
    vertex 93.04708572938507 132.29555495773462 33.65000152587932
    vertex 86.58994949366136 130.48994949366138 33.6500015258793
  endloop
endfacet
facet normal 6.022322740041472e-15 -6.999744635822327e-16 -1.0
  outer loop
    vertex 86.58994949366136 130.48994949366138 33.6500015258793
    vertex 93.04708572938507 132.29555495773462 33.65000152587932
    vertex 86.81243556529841 130.20000000000024 33.6500015258793
  endloop
endfacet
facet normal 6.022322740041472e-15 -6.999744635822327e-16 -1.0
  outer loop
    vertex 86.81243556529841 130.20000000000024 33.6500015258793
    vertex 93.04708572938507 132.29555495773462 33.65000152587932
    vertex 92.30389940580966 132.04327719506793 33.65000152587932
  endloop
endfacet
facet normal 6.022322740041472e-15 -6.999744635822327e-16 -1.0
  outer loop
    vertex 86.81243556529841 130.20000000000024 33.6500015258793
    vertex 92.30389940580966 132.04327719506793 33.65000152587932
    vertex 86.95229615680489 129.86234666314377 33.6500015258793
  endloop
endfacet
facet normal 6.022322740041472e-15 -6.999744635822327e-16 -1.0
  outer loop
    vertex 86.95229615680489 129.86234666314377 33.6500015258793
    vertex 92.30389940580966 132.04327719506793 33.65000152587932
    vertex 87.0000000000002 129.50000000000023 33.6500015258793
  endloop
endfacet
facet normal 6.022322740041472e-15 -6.999744635822327e-16 -1.0
  outer loop
    vertex 87.0000000000002 129.50000000000023 33.6500015258793
    vertex 92.30389940580966 132.04327719506793 33.65000152587932
    vertex 91.60000000000021 131.69615242270686 33.65000152587932
  endloop
endfacet
facet normal 6.022322740041472e-15 -6.999744635822327e-16 -1.0
  outer loop
    vertex 87.0000000000002 129.50000000000023 33.6500015258793
    vertex 91.60000000000021 131.69615242270686 33.65000152587932
    vertex 90.94743142594787 131.26012004174765 33.65000152587932
  endloop
endfacet
facet normal 6.022322740041472e-15 -6.999744635822327e-16 -1.0
  outer loop
    vertex 87.0000000000002 129.50000000000023 33.6500015258793
    vertex 90.94743142594787 131.26012004174765 33.65000152587932
    vertex 90.35735931288092 130.74264068711955 33.65000152587932
  endloop
endfacet
facet normal 6.022322740041472e-15 -6.999744635822327e-16 -1.0
  outer loop
    vertex 87.0000000000002 129.50000000000023 33.6500015258793
    vertex 90.35735931288092 130.74264068711955 33.65000152587932
    vertex 89.83987995825278 130.15256857405257 33.650001525879304
  endloop
endfacet
facet normal 6.022322740041472e-15 -6.999744635822327e-16 -1.0
  outer loop
    vertex 87.0000000000002 129.50000000000023 33.6500015258793
    vertex 89.83987995825278 130.15256857405257 33.650001525879304
    vertex 89.40384757729356 129.50000000000026 33.650001525879304
  endloop
endfacet
facet normal 6.022322740041472e-15 -6.999744635822327e-16 -1.0
  outer loop
    vertex 87.0000000000002 129.50000000000023 33.6500015258793
    vertex 89.40384757729356 129.50000000000026 33.650001525879304
    vertex 89.05672280493248 128.7961005941908 33.650001525879304
  endloop
endfacet
facet normal 6.022322740041472e-15 -6.999744635822327e-16 -1.0
  outer loop
    vertex 87.0000000000002 129.50000000000023 33.6500015258793
    vertex 89.05672280493248 128.7961005941908 33.650001525879304
    vertex 88.80444504226578 128.0529142706154 33.650001525879304
  endloop
endfacet
facet normal 6.022322740041472e-15 -6.999744635822327e-16 -1.0
  outer loop
    vertex 87.0000000000002 129.50000000000023 33.6500015258793
    vertex 88.80444504226578 128.0529142706154 33.650001525879304
    vertex 88.65133083175732 127.2831571533206 33.6500015258793
  endloop
endfacet
facet normal 6.022322740041472e-15 -6.999744635822327e-16 -1.0
  outer loop
    vertex 87.0000000000002 129.50000000000023 33.6500015258793
    vertex 88.65133083175732 127.2831571533206 33.6500015258793
    vertex 88.6000000000002 126.50000000000028 33.65000152587929
  endloop
endfacet
facet normal 6.022322740041472e-15 -6.999744635822327e-16 -1.0
  outer loop
    vertex 82.6000000000002 126.50000000000028 33.65000152587929
    vertex 84.9000000000002 128.28756443470203 33.65000152587929
    vertex 88.6000000000002 126.50000000000028 33.65000152587929
  endloop
endfacet
facet normal 6.022322740041472e-15 -6.999744635822327e-16 -1.0
  outer loop
    vertex 84.9000000000002 128.28756443470203 33.65000152587929
    vertex 82.6000000000002 126.50000000000028 33.65000152587929
    vertex 84.61005050633904 128.51005050633907 33.65000152587928
  endloop
endfacet
facet normal 6.022322740041472e-15 -6.999744635822327e-16 -1.0
  outer loop
    vertex 84.61005050633904 128.51005050633907 33.65000152587928
    vertex 82.6000000000002 126.50000000000028 33.65000152587929
    vertex 84.38756443470199 128.80000000000024 33.65000152587928
  endloop
endfacet
facet normal 6.022322740041472e-15 -6.999744635822327e-16 -1.0
  outer loop
    vertex 84.38756443470199 128.80000000000024 33.65000152587928
    vertex 82.6000000000002 126.50000000000028 33.65000152587929
    vertex 84.24770384319551 129.13765333685672 33.65000152587928
  endloop
endfacet
facet normal 6.022322740041472e-15 -6.999744635822327e-16 -1.0
  outer loop
    vertex 84.24770384319551 129.13765333685672 33.65000152587928
    vertex 82.6000000000002 126.50000000000028 33.65000152587929
    vertex 84.2000000000002 129.50000000000023 33.65000152587928
  endloop
endfacet
facet normal 6.022322740041472e-15 -6.999744635822327e-16 -1.0
  outer loop
    vertex 88.6000000000002 126.50000000000028 33.65000152587929
    vertex 84.9000000000002 128.28756443470203 33.65000152587929
    vertex 85.23765333685668 128.14770384319553 33.65000152587929
  endloop
endfacet
facet normal 6.022322740041472e-15 -6.999744635822327e-16 -1.0
  outer loop
    vertex 88.6000000000002 126.50000000000028 33.65000152587929
    vertex 85.23765333685668 128.14770384319553 33.65000152587929
    vertex 85.60000000000021 128.10000000000025 33.65000152587929
  endloop
endfacet
facet normal 6.022322740041472e-15 -6.999744635822327e-16 -1.0
  outer loop
    vertex 88.6000000000002 126.50000000000028 33.65000152587929
    vertex 85.60000000000021 128.10000000000025 33.65000152587929
    vertex 85.96234666314373 128.14770384319553 33.65000152587929
  endloop
endfacet
facet normal 6.022322740041472e-15 -6.999744635822327e-16 -1.0
  outer loop
    vertex 88.6000000000002 126.50000000000028 33.65000152587929
    vertex 85.96234666314373 128.14770384319553 33.65000152587929
    vertex 86.3000000000002 128.28756443470203 33.65000152587929
  endloop
endfacet
facet normal 6.022322740041472e-15 -6.999744635822327e-16 -1.0
  outer loop
    vertex 88.6000000000002 126.50000000000028 33.65000152587929
    vertex 86.3000000000002 128.28756443470203 33.65000152587929
    vertex 86.58994949366136 128.51005050633907 33.6500015258793
  endloop
endfacet
facet normal 6.022322740041472e-15 -6.999744635822327e-16 -1.0
  outer loop
    vertex 88.6000000000002 126.50000000000028 33.65000152587929
    vertex 86.58994949366136 128.51005050633907 33.6500015258793
    vertex 86.81243556529841 128.80000000000024 33.6500015258793
  endloop
endfacet
facet normal 6.022322740041472e-15 -6.999744635822327e-16 -1.0
  outer loop
    vertex 88.6000000000002 126.50000000000028 33.65000152587929
    vertex 86.81243556529841 128.80000000000024 33.6500015258793
    vertex 86.95229615680489 129.13765333685672 33.6500015258793
  endloop
endfacet
facet normal 6.022322740041472e-15 -6.999744635822327e-16 -1.0
  outer loop
    vertex 88.6000000000002 126.50000000000028 33.65000152587929
    vertex 86.95229615680489 129.13765333685672 33.6500015258793
    vertex 87.0000000000002 129.50000000000023 33.6500015258793
  endloop
endfacet
facet normal 0.8968727415326844 0.4422886902190096 8.045233804915895e-15
  outer loop
    vertex 31.203847577293626 6.000000000000152 33.65000152587906
    vertex 30.85672280493254 6.703899405809563 39.65000152587909
    vertex 31.203847577293637 6.0000000000001075 39.650001525879084
  endloop
endfacet
facet normal 0.8968727415326844 0.4422886902190096 8.045233804915895e-15
  outer loop
    vertex 30.85672280493254 6.703899405809563 39.65000152587909
    vertex 31.203847577293626 6.000000000000152 33.65000152587906
    vertex 30.85672280493253 6.703899405809614 33.65000152587906
  endloop
endfacet
facet normal 0.32143946530316153 0.9469301294951058 1.1925901173134322e-14
  outer loop
    vertex 34.103899405809706 3.4567228049324563 33.65000152587904
    vertex 34.84708572938513 3.2044450422657245 39.65000152587906
    vertex 34.84708572938512 3.204445042265769 33.650001525879034
  endloop
endfacet
facet normal 0.32143946530316153 0.9469301294951058 1.1925901173134322e-14
  outer loop
    vertex 34.84708572938513 3.2044450422657245 39.65000152587906
    vertex 34.103899405809706 3.4567228049324563 33.65000152587904
    vertex 34.10389940580972 3.456722804932412 39.65000152587906
  endloop
endfacet
facet normal 0.997858923238602 0.0654031292301673 -5.388096378726017e-16
  outer loop
    vertex 30.45133083175738 8.216842846679832 33.65000152587906
    vertex 30.400000000000247 9.000000000000083 39.65000152587909
    vertex 30.451330831757392 8.216842846679778 39.65000152587909
  endloop
endfacet
facet normal 0.997858923238602 0.0654031292301673 -5.388096378726017e-16
  outer loop
    vertex 30.400000000000247 9.000000000000083 39.65000152587909
    vertex 30.45133083175738 8.216842846679832 33.65000152587906
    vertex 30.400000000000208 9.0000000000002 33.65000152587909
  endloop
endfacet
facet normal 0.9807852804032292 0.19509032201613546 5.4881760493271615e-15
  outer loop
    vertex 30.60444504226584 7.447085729385022 33.65000152587906
    vertex 30.451330831757392 8.216842846679778 39.65000152587909
    vertex 30.60444504226585 7.44708572938497 39.65000152587909
  endloop
endfacet
facet normal 0.9807852804032292 0.19509032201613546 5.4881760493271615e-15
  outer loop
    vertex 30.451330831757392 8.216842846679778 39.65000152587909
    vertex 30.60444504226584 7.447085729385022 33.65000152587906
    vertex 30.45133083175738 8.216842846679832 33.65000152587906
  endloop
endfacet
facet normal 0.4422886902189984 0.8968727415326899 1.1752316051198166e-14
  outer loop
    vertex 33.40000000000026 3.803847577293497 39.65000152587907
    vertex 34.103899405809706 3.4567228049324563 33.65000152587904
    vertex 33.40000000000025 3.8038475772935416 33.65000152587904
  endloop
endfacet
facet normal 0.4422886902189984 0.8968727415326899 1.1752316051198166e-14
  outer loop
    vertex 34.103899405809706 3.4567228049324563 33.65000152587904
    vertex 33.40000000000026 3.803847577293497 39.65000152587907
    vertex 34.10389940580972 3.456722804932412 39.65000152587906
  endloop
endfacet
facet normal 0.06540312923014298 0.9978589232386037 1.1661426346534671e-14
  outer loop
    vertex 35.61684284667993 3.0513308317573187 33.650001525879034
    vertex 36.40000000000024 3.0000000000001363 39.65000152587904
    vertex 36.40000000000023 3.0000000000001816 33.65000152587902
  endloop
endfacet
facet normal 0.06540312923014298 0.9978589232386037 1.1661426346534671e-14
  outer loop
    vertex 36.40000000000024 3.0000000000001363 39.65000152587904
    vertex 35.61684284667993 3.0513308317573187 33.650001525879034
    vertex 35.616842846679944 3.0513308317572734 39.650001525879055
  endloop
endfacet
facet normal 0.6593458151000673 0.7518398074789788 1.0808300365614049e-14
  outer loop
    vertex 32.157359312880985 4.757359312880834 39.650001525879084
    vertex 32.74743142594793 4.239879958252759 33.650001525879055
    vertex 32.15735931288097 4.757359312880879 33.650001525879055
  endloop
endfacet
facet normal 0.6593458151000673 0.7518398074789788 1.0808300365614049e-14
  outer loop
    vertex 32.74743142594793 4.239879958252759 33.650001525879055
    vertex 32.157359312880985 4.757359312880834 39.650001525879084
    vertex 32.74743142594794 4.239879958252715 39.65000152587908
  endloop
endfacet
facet normal 0.8314696123025437 0.5555702330196047 9.127716871674224e-15
  outer loop
    vertex 31.639879958252845 5.347431425947835 33.65000152587906
    vertex 31.203847577293637 6.0000000000001075 39.650001525879084
    vertex 31.639879958252855 5.34743142594779 39.650001525879084
  endloop
endfacet
facet normal 0.8314696123025437 0.5555702330196047 9.127716871674224e-15
  outer loop
    vertex 31.203847577293637 6.0000000000001075 39.650001525879084
    vertex 31.639879958252845 5.347431425947835 33.65000152587906
    vertex 31.203847577293626 6.000000000000152 33.65000152587906
  endloop
endfacet
facet normal 0.9469301294951038 0.32143946530316775 6.8250945571951686e-15
  outer loop
    vertex 30.85672280493253 6.703899405809614 33.65000152587906
    vertex 30.60444504226585 7.44708572938497 39.65000152587909
    vertex 30.85672280493254 6.703899405809563 39.65000152587909
  endloop
endfacet
facet normal 0.9469301294951038 0.32143946530316775 6.8250945571951686e-15
  outer loop
    vertex 30.60444504226585 7.44708572938497 39.65000152587909
    vertex 30.85672280493253 6.703899405809614 33.65000152587906
    vertex 30.60444504226584 7.447085729385022 33.65000152587906
  endloop
endfacet
facet normal 1.3669961491256021e-15 1.8871786240389634e-14 -1.0
  outer loop
    vertex 24.400000000000198 9.000000000000199 33.65000152587915
    vertex 26.047703843195556 6.362346663143787 33.65000152587905
    vertex 26.000000000000256 6.000000000000263 33.650001525879034
  endloop
endfacet
facet normal 1.3669961491256021e-15 1.8871786240389634e-14 -1.0
  outer loop
    vertex 26.047703843195556 6.362346663143787 33.65000152587905
    vertex 24.400000000000198 9.000000000000199 33.65000152587915
    vertex 26.18756443470204 6.700000000000257 33.650001525879055
  endloop
endfacet
facet normal 1.3669961491256021e-15 1.8871786240389634e-14 -1.0
  outer loop
    vertex 26.18756443470204 6.700000000000257 33.650001525879055
    vertex 24.400000000000198 9.000000000000199 33.65000152587915
    vertex 26.410050506339086 6.989949493661425 33.65000152587907
  endloop
endfacet
facet normal 1.3669961491256021e-15 1.8871786240389634e-14 -1.0
  outer loop
    vertex 26.410050506339086 6.989949493661425 33.65000152587907
    vertex 24.400000000000198 9.000000000000199 33.65000152587915
    vertex 26.700000000000255 7.212435565298473 33.65000152587907
  endloop
endfacet
facet normal 1.3669961491256021e-15 1.8871786240389634e-14 -1.0
  outer loop
    vertex 26.700000000000255 7.212435565298473 33.65000152587907
    vertex 24.400000000000198 9.000000000000199 33.65000152587915
    vertex 30.400000000000208 9.0000000000002 33.65000152587909
  endloop
endfacet
facet normal 1.3669961491256021e-15 1.8871786240389634e-14 -1.0
  outer loop
    vertex 26.700000000000255 7.212435565298473 33.65000152587907
    vertex 30.400000000000208 9.0000000000002 33.65000152587909
    vertex 27.037653336856724 7.352296156804955 33.650001525879084
  endloop
endfacet
facet normal 1.3669961491256021e-15 1.8871786240389634e-14 -1.0
  outer loop
    vertex 27.037653336856724 7.352296156804955 33.650001525879084
    vertex 30.400000000000208 9.0000000000002 33.65000152587909
    vertex 27.400000000000254 7.400000000000259 33.650001525879084
  endloop
endfacet
facet normal 1.3669961491256021e-15 1.8871786240389634e-14 -1.0
  outer loop
    vertex 27.400000000000254 7.400000000000259 33.650001525879084
    vertex 30.400000000000208 9.0000000000002 33.65000152587909
    vertex 27.762346663143784 7.352296156804955 33.650001525879084
  endloop
endfacet
facet normal 1.3669961491256021e-15 1.8871786240389634e-14 -1.0
  outer loop
    vertex 27.762346663143784 7.352296156804955 33.650001525879084
    vertex 30.400000000000208 9.0000000000002 33.65000152587909
    vertex 28.100000000000254 7.212435565298473 33.650001525879084
  endloop
endfacet
facet normal 1.3669961491256021e-15 1.8871786240389634e-14 -1.0
  outer loop
    vertex 28.100000000000254 7.212435565298473 33.650001525879084
    vertex 30.400000000000208 9.0000000000002 33.65000152587909
    vertex 28.389949493661423 6.989949493661425 33.65000152587907
  endloop
endfacet
facet normal 1.3669961491256021e-15 1.8871786240389634e-14 -1.0
  outer loop
    vertex 28.389949493661423 6.989949493661425 33.65000152587907
    vertex 30.400000000000208 9.0000000000002 33.65000152587909
    vertex 28.61243556529847 6.700000000000259 33.65000152587907
  endloop
endfacet
facet normal 1.3669961491256021e-15 1.8871786240389634e-14 -1.0
  outer loop
    vertex 28.61243556529847 6.700000000000259 33.65000152587907
    vertex 30.400000000000208 9.0000000000002 33.65000152587909
    vertex 28.752296156804952 6.3623466631437875 33.650001525879055
  endloop
endfacet
facet normal 1.3669961491256021e-15 1.8871786240389634e-14 -1.0
  outer loop
    vertex 28.752296156804952 6.3623466631437875 33.650001525879055
    vertex 30.400000000000208 9.0000000000002 33.65000152587909
    vertex 28.800000000000253 6.000000000000263 33.65000152587905
  endloop
endfacet
facet normal 1.3669961491256021e-15 1.8871786240389634e-14 -1.0
  outer loop
    vertex 19.18315715332057 3.051330831757456 33.650001525878984
    vertex 36.40000000000023 3.0000000000001816 33.65000152587902
    vertex 18.40000000000026 3.0000000000003184 33.650001525878984
  endloop
endfacet
facet normal 1.3669961491256021e-15 1.8871786240389634e-14 -1.0
  outer loop
    vertex 36.40000000000023 3.0000000000001816 33.65000152587902
    vertex 19.18315715332057 3.051330831757456 33.650001525878984
    vertex 19.95291427061538 3.2044450422659057 33.65000152587899
  endloop
endfacet
facet normal 1.3669961491256021e-15 1.8871786240389634e-14 -1.0
  outer loop
    vertex 36.40000000000023 3.0000000000001816 33.65000152587902
    vertex 19.95291427061538 3.2044450422659057 33.65000152587899
    vertex 20.69610059419079 3.456722804932592 33.650001525879
  endloop
endfacet
facet normal 1.3669961491256021e-15 1.8871786240389634e-14 -1.0
  outer loop
    vertex 36.40000000000023 3.0000000000001816 33.65000152587902
    vertex 20.69610059419079 3.456722804932592 33.650001525879
    vertex 21.400000000000247 3.803847577293676 33.650001525879006
  endloop
endfacet
facet normal 1.3669961491256021e-15 1.8871786240389634e-14 -1.0
  outer loop
    vertex 36.40000000000023 3.0000000000001816 33.65000152587902
    vertex 21.400000000000247 3.803847577293676 33.650001525879006
    vertex 35.61684284667993 3.0513308317573187 33.650001525879034
  endloop
endfacet
facet normal 1.3669961491256021e-15 1.8871786240389634e-14 -1.0
  outer loop
    vertex 35.61684284667993 3.0513308317573187 33.650001525879034
    vertex 21.400000000000247 3.803847577293676 33.650001525879006
    vertex 22.052568574052568 4.239879958252893 33.65000152587902
  endloop
endfacet
facet normal 1.3669961491256021e-15 1.8871786240389634e-14 -1.0
  outer loop
    vertex 35.61684284667993 3.0513308317573187 33.650001525879034
    vertex 22.052568574052568 4.239879958252893 33.65000152587902
    vertex 22.642640687119524 4.757359312881012 33.650001525879034
  endloop
endfacet
facet normal 1.3669961491256021e-15 1.8871786240389634e-14 -1.0
  outer loop
    vertex 35.61684284667993 3.0513308317573187 33.650001525879034
    vertex 22.642640687119524 4.757359312881012 33.650001525879034
    vertex 23.160120041747653 5.347431425947968 33.650001525879055
  endloop
endfacet
facet normal 1.3669961491256021e-15 1.8871786240389634e-14 -1.0
  outer loop
    vertex 35.61684284667993 3.0513308317573187 33.650001525879034
    vertex 23.160120041747653 5.347431425947968 33.650001525879055
    vertex 27.037653336856724 4.6477038431955675 33.65000152587901
  endloop
endfacet
facet normal 1.3669961491256021e-15 1.8871786240389634e-14 -1.0
  outer loop
    vertex 27.037653336856724 4.6477038431955675 33.65000152587901
    vertex 23.160120041747653 5.347431425947968 33.650001525879055
    vertex 23.596152422706876 6.000000000000284 33.65000152587907
  endloop
endfacet
facet normal 1.3669961491256021e-15 1.8871786240389634e-14 -1.0
  outer loop
    vertex 27.037653336856724 4.6477038431955675 33.65000152587901
    vertex 23.596152422706876 6.000000000000284 33.65000152587907
    vertex 26.700000000000255 4.787564434702048 33.65000152587901
  endloop
endfacet
facet normal 1.3669961491256021e-15 1.8871786240389634e-14 -1.0
  outer loop
    vertex 26.700000000000255 4.787564434702048 33.65000152587901
    vertex 23.596152422706876 6.000000000000284 33.65000152587907
    vertex 23.943277195067964 6.703899405809741 33.65000152587909
  endloop
endfacet
facet normal 1.3669961491256021e-15 1.8871786240389634e-14 -1.0
  outer loop
    vertex 26.700000000000255 4.787564434702048 33.65000152587901
    vertex 23.943277195067964 6.703899405809741 33.65000152587909
    vertex 26.410050506339086 5.010050506339096 33.65000152587901
  endloop
endfacet
facet normal 1.3669961491256021e-15 1.8871786240389634e-14 -1.0
  outer loop
    vertex 26.410050506339086 5.010050506339096 33.65000152587901
    vertex 23.943277195067964 6.703899405809741 33.65000152587909
    vertex 24.195554957734657 7.447085729385148 33.65000152587911
  endloop
endfacet
facet normal 1.3669961491256021e-15 1.8871786240389634e-14 -1.0
  outer loop
    vertex 26.410050506339086 5.010050506339096 33.65000152587901
    vertex 24.195554957734657 7.447085729385148 33.65000152587911
    vertex 26.18756443470204 5.300000000000263 33.65000152587903
  endloop
endfacet
facet normal 1.3669961491256021e-15 1.8871786240389634e-14 -1.0
  outer loop
    vertex 26.18756443470204 5.300000000000263 33.65000152587903
    vertex 24.195554957734657 7.447085729385148 33.65000152587911
    vertex 24.348669168243116 8.216842846679958 33.65000152587914
  endloop
endfacet
facet normal 1.3669961491256021e-15 1.8871786240389634e-14 -1.0
  outer loop
    vertex 26.18756443470204 5.300000000000263 33.65000152587903
    vertex 24.348669168243116 8.216842846679958 33.65000152587914
    vertex 24.400000000000198 9.000000000000199 33.65000152587915
  endloop
endfacet
facet normal 1.3669961491256021e-15 1.8871786240389634e-14 -1.0
  outer loop
    vertex 26.18756443470204 5.300000000000263 33.65000152587903
    vertex 24.400000000000198 9.000000000000199 33.65000152587915
    vertex 26.047703843195556 5.637653336856733 33.650001525879034
  endloop
endfacet
facet normal 1.3669961491256021e-15 1.8871786240389634e-14 -1.0
  outer loop
    vertex 26.047703843195556 5.637653336856733 33.650001525879034
    vertex 24.400000000000198 9.000000000000199 33.65000152587915
    vertex 26.000000000000256 6.000000000000263 33.650001525879034
  endloop
endfacet
facet normal 1.3669961491256021e-15 1.8871786240389634e-14 -1.0
  outer loop
    vertex 35.61684284667993 3.0513308317573187 33.650001525879034
    vertex 27.037653336856724 4.6477038431955675 33.65000152587901
    vertex 27.400000000000254 4.600000000000263 33.65000152587901
  endloop
endfacet
facet normal 1.3669961491256021e-15 1.8871786240389634e-14 -1.0
  outer loop
    vertex 35.61684284667993 3.0513308317573187 33.650001525879034
    vertex 27.400000000000254 4.600000000000263 33.65000152587901
    vertex 34.84708572938512 3.204445042265769 33.650001525879034
  endloop
endfacet
facet normal 1.3669961491256021e-15 1.8871786240389634e-14 -1.0
  outer loop
    vertex 34.84708572938512 3.204445042265769 33.650001525879034
    vertex 27.400000000000254 4.600000000000263 33.65000152587901
    vertex 27.762346663143784 4.6477038431955675 33.65000152587901
  endloop
endfacet
facet normal 1.3669961491256021e-15 1.8871786240389634e-14 -1.0
  outer loop
    vertex 34.84708572938512 3.204445042265769 33.650001525879034
    vertex 27.762346663143784 4.6477038431955675 33.65000152587901
    vertex 28.100000000000254 4.787564434702049 33.65000152587901
  endloop
endfacet
facet normal 1.3669961491256021e-15 1.8871786240389634e-14 -1.0
  outer loop
    vertex 34.84708572938512 3.204445042265769 33.650001525879034
    vertex 28.100000000000254 4.787564434702049 33.65000152587901
    vertex 28.389949493661423 5.0100505063390965 33.65000152587903
  endloop
endfacet
facet normal 1.3669961491256021e-15 1.8871786240389634e-14 -1.0
  outer loop
    vertex 34.84708572938512 3.204445042265769 33.650001525879034
    vertex 28.389949493661423 5.0100505063390965 33.65000152587903
    vertex 28.61243556529847 5.300000000000263 33.650001525879034
  endloop
endfacet
facet normal 1.3669961491256021e-15 1.8871786240389634e-14 -1.0
  outer loop
    vertex 34.84708572938512 3.204445042265769 33.650001525879034
    vertex 28.61243556529847 5.300000000000263 33.650001525879034
    vertex 34.103899405809706 3.4567228049324563 33.65000152587904
  endloop
endfacet
facet normal 1.3669961491256021e-15 1.8871786240389634e-14 -1.0
  outer loop
    vertex 34.103899405809706 3.4567228049324563 33.65000152587904
    vertex 28.61243556529847 5.300000000000263 33.650001525879034
    vertex 28.752296156804952 5.637653336856735 33.650001525879034
  endloop
endfacet
facet normal 1.3669961491256021e-15 1.8871786240389634e-14 -1.0
  outer loop
    vertex 34.103899405809706 3.4567228049324563 33.65000152587904
    vertex 28.752296156804952 5.637653336856735 33.650001525879034
    vertex 28.800000000000253 6.000000000000263 33.65000152587905
  endloop
endfacet
facet normal 1.3669961491256021e-15 1.8871786240389634e-14 -1.0
  outer loop
    vertex 34.103899405809706 3.4567228049324563 33.65000152587904
    vertex 28.800000000000253 6.000000000000263 33.65000152587905
    vertex 33.40000000000025 3.8038475772935416 33.65000152587904
  endloop
endfacet
facet normal 1.3669961491256021e-15 1.8871786240389634e-14 -1.0
  outer loop
    vertex 33.40000000000025 3.8038475772935416 33.65000152587904
    vertex 28.800000000000253 6.000000000000263 33.65000152587905
    vertex 32.74743142594793 4.239879958252759 33.650001525879055
  endloop
endfacet
facet normal 1.3669961491256021e-15 1.8871786240389634e-14 -1.0
  outer loop
    vertex 32.74743142594793 4.239879958252759 33.650001525879055
    vertex 28.800000000000253 6.000000000000263 33.65000152587905
    vertex 32.15735931288097 4.757359312880879 33.650001525879055
  endloop
endfacet
facet normal 1.3669961491256021e-15 1.8871786240389634e-14 -1.0
  outer loop
    vertex 32.15735931288097 4.757359312880879 33.650001525879055
    vertex 28.800000000000253 6.000000000000263 33.65000152587905
    vertex 31.639879958252845 5.347431425947835 33.65000152587906
  endloop
endfacet
facet normal 1.3669961491256021e-15 1.8871786240389634e-14 -1.0
  outer loop
    vertex 31.639879958252845 5.347431425947835 33.65000152587906
    vertex 28.800000000000253 6.000000000000263 33.65000152587905
    vertex 31.203847577293626 6.000000000000152 33.65000152587906
  endloop
endfacet
facet normal 1.3669961491256021e-15 1.8871786240389634e-14 -1.0
  outer loop
    vertex 31.203847577293626 6.000000000000152 33.65000152587906
    vertex 28.800000000000253 6.000000000000263 33.65000152587905
    vertex 30.85672280493253 6.703899405809614 33.65000152587906
  endloop
endfacet
facet normal 1.3669961491256021e-15 1.8871786240389634e-14 -1.0
  outer loop
    vertex 30.85672280493253 6.703899405809614 33.65000152587906
    vertex 28.800000000000253 6.000000000000263 33.65000152587905
    vertex 30.60444504226584 7.447085729385022 33.65000152587906
  endloop
endfacet
facet normal 1.3669961491256021e-15 1.8871786240389634e-14 -1.0
  outer loop
    vertex 30.60444504226584 7.447085729385022 33.65000152587906
    vertex 28.800000000000253 6.000000000000263 33.65000152587905
    vertex 30.45133083175738 8.216842846679832 33.65000152587906
  endloop
endfacet
facet normal 1.3669961491256021e-15 1.8871786240389634e-14 -1.0
  outer loop
    vertex 30.45133083175738 8.216842846679832 33.65000152587906
    vertex 28.800000000000253 6.000000000000263 33.65000152587905
    vertex 30.400000000000208 9.0000000000002 33.65000152587909
  endloop
endfacet
facet normal 0.19509032201612694 0.9807852804032307 1.1895430819513679e-14
  outer loop
    vertex 34.84708572938513 3.2044450422657245 39.65000152587906
    vertex 35.61684284667993 3.0513308317573187 33.650001525879034
    vertex 34.84708572938512 3.204445042265769 33.650001525879034
  endloop
endfacet
facet normal 0.19509032201612694 0.9807852804032307 1.1895430819513679e-14
  outer loop
    vertex 35.61684284667993 3.0513308317573187 33.650001525879034
    vertex 34.84708572938513 3.2044450422657245 39.65000152587906
    vertex 35.616842846679944 3.0513308317572734 39.650001525879055
  endloop
endfacet
facet normal 0.5555702330196004 0.8314696123025466 1.1377645543268415e-14
  outer loop
    vertex 32.74743142594793 4.239879958252759 33.650001525879055
    vertex 33.40000000000026 3.803847577293497 39.65000152587907
    vertex 33.40000000000025 3.8038475772935416 33.65000152587904
  endloop
endfacet
facet normal 0.5555702330196004 0.8314696123025466 1.1377645543268415e-14
  outer loop
    vertex 33.40000000000026 3.803847577293497 39.65000152587907
    vertex 32.74743142594793 4.239879958252759 33.650001525879055
    vertex 32.74743142594794 4.239879958252715 39.65000152587908
  endloop
endfacet
facet normal 0.7518398074789745 0.6593458151000723 1.0054022172077052e-14
  outer loop
    vertex 32.15735931288097 4.757359312880879 33.650001525879055
    vertex 31.639879958252855 5.34743142594779 39.650001525879084
    vertex 32.157359312880985 4.757359312880834 39.650001525879084
  endloop
endfacet
facet normal 0.7518398074789745 0.6593458151000723 1.0054022172077052e-14
  outer loop
    vertex 31.639879958252855 5.34743142594779 39.650001525879084
    vertex 32.15735931288097 4.757359312880879 33.650001525879055
    vertex 31.639879958252845 5.347431425947835 33.65000152587906
  endloop
endfacet
facet normal -0.751839807478973 0.659345815100074 1.423472027541076e-14
  outer loop
    vertex 23.160120041747636 5.347431425947792 39.650001525879034
    vertex 22.642640687119524 4.757359312881012 33.650001525879034
    vertex 22.642640687119506 4.757359312880836 39.65000152587902
  endloop
endfacet
facet normal -0.751839807478973 0.659345815100074 1.423472027541076e-14
  outer loop
    vertex 22.642640687119524 4.757359312881012 33.650001525879034
    vertex 23.160120041747636 5.347431425947792 39.650001525879034
    vertex 23.160120041747653 5.347431425947968 33.650001525879055
  endloop
endfacet
facet normal -0.19509032201612608 0.9807852804032309 2.4766192613217493e-14
  outer loop
    vertex 19.18315715332055 3.0513308317572787 39.65000152587897
    vertex 19.95291427061538 3.2044450422659057 33.65000152587899
    vertex 19.18315715332057 3.051330831757456 33.650001525878984
  endloop
endfacet
facet normal -0.19509032201612608 0.9807852804032309 2.4766192613217493e-14
  outer loop
    vertex 19.95291427061538 3.2044450422659057 33.65000152587899
    vertex 19.18315715332055 3.0513308317572787 39.65000152587897
    vertex 19.952914270615363 3.2044450422657293 39.65000152587898
  endloop
endfacet
facet normal -0.9978589232386054 0.06540312923011546 1.485885690700786e-15
  outer loop
    vertex 24.400000000000244 9.000000000000082 39.65000152587915
    vertex 24.348669168243116 8.216842846679958 33.65000152587914
    vertex 24.3486691682431 8.216842846679778 39.65000152587913
  endloop
endfacet
facet normal -0.9978589232386054 0.06540312923011546 1.485885690700786e-15
  outer loop
    vertex 24.348669168243116 8.216842846679958 33.65000152587914
    vertex 24.400000000000244 9.000000000000082 39.65000152587915
    vertex 24.400000000000198 9.000000000000199 33.65000152587915
  endloop
endfacet
facet normal 4.4850311065564305e-15 4.4320488284841e-16 -1.0
  outer loop
    vertex 82.60000000000022 9.000000000000027 33.65000152587929
    vertex 84.2477038431955 6.362346663143535 33.65000152587932
    vertex 84.2000000000002 6.000000000000002 33.65000152587932
  endloop
endfacet
facet normal 4.4850311065564305e-15 4.4320488284841e-16 -1.0
  outer loop
    vertex 84.2477038431955 6.362346663143535 33.65000152587932
    vertex 82.60000000000022 9.000000000000027 33.65000152587929
    vertex 84.38756443470197 6.700000000000005 33.65000152587932
  endloop
endfacet
facet normal 4.4850311065564305e-15 4.4320488284841e-16 -1.0
  outer loop
    vertex 84.38756443470197 6.700000000000005 33.65000152587932
    vertex 82.60000000000022 9.000000000000027 33.65000152587929
    vertex 84.61005050633902 6.989949493661173 33.65000152587932
  endloop
endfacet
facet normal 4.4850311065564305e-15 4.4320488284841e-16 -1.0
  outer loop
    vertex 84.61005050633902 6.989949493661173 33.65000152587932
    vertex 82.60000000000022 9.000000000000027 33.65000152587929
    vertex 84.90000000000019 7.212435565298219 33.65000152587932
  endloop
endfacet
facet normal 4.4850311065564305e-15 4.4320488284841e-16 -1.0
  outer loop
    vertex 84.90000000000019 7.212435565298219 33.65000152587932
    vertex 82.60000000000022 9.000000000000027 33.65000152587929
    vertex 88.60000000000022 9.000000000000023 33.650001525879304
  endloop
endfacet
facet normal 4.4850311065564305e-15 4.4320488284841e-16 -1.0
  outer loop
    vertex 84.90000000000019 7.212435565298219 33.65000152587932
    vertex 88.60000000000022 9.000000000000023 33.650001525879304
    vertex 85.23765333685667 7.352296156804701 33.65000152587932
  endloop
endfacet
facet normal 4.4850311065564305e-15 4.4320488284841e-16 -1.0
  outer loop
    vertex 85.23765333685667 7.352296156804701 33.65000152587932
    vertex 88.60000000000022 9.000000000000023 33.650001525879304
    vertex 85.6000000000002 7.400000000000007 33.65000152587932
  endloop
endfacet
facet normal 4.4850311065564305e-15 4.4320488284841e-16 -1.0
  outer loop
    vertex 85.6000000000002 7.400000000000007 33.65000152587932
    vertex 88.60000000000022 9.000000000000023 33.650001525879304
    vertex 85.96234666314372 7.352296156804702 33.65000152587932
  endloop
endfacet
facet normal 4.4850311065564305e-15 4.4320488284841e-16 -1.0
  outer loop
    vertex 85.96234666314372 7.352296156804702 33.65000152587932
    vertex 88.60000000000022 9.000000000000023 33.650001525879304
    vertex 86.3000000000002 7.212435565298221 33.65000152587932
  endloop
endfacet
facet normal 4.4850311065564305e-15 4.4320488284841e-16 -1.0
  outer loop
    vertex 86.3000000000002 7.212435565298221 33.65000152587932
    vertex 88.60000000000022 9.000000000000023 33.650001525879304
    vertex 86.58994949366136 6.989949493661173 33.65000152587932
  endloop
endfacet
facet normal 4.4850311065564305e-15 4.4320488284841e-16 -1.0
  outer loop
    vertex 86.58994949366136 6.989949493661173 33.65000152587932
    vertex 88.60000000000022 9.000000000000023 33.650001525879304
    vertex 86.81243556529841 6.700000000000006 33.65000152587932
  endloop
endfacet
facet normal 4.4850311065564305e-15 4.4320488284841e-16 -1.0
  outer loop
    vertex 86.81243556529841 6.700000000000006 33.65000152587932
    vertex 88.60000000000022 9.000000000000023 33.650001525879304
    vertex 86.95229615680489 6.362346663143535 33.65000152587933
  endloop
endfacet
facet normal 4.4850311065564305e-15 4.4320488284841e-16 -1.0
  outer loop
    vertex 86.95229615680489 6.362346663143535 33.65000152587933
    vertex 88.60000000000022 9.000000000000023 33.650001525879304
    vertex 87.00000000000018 6.000000000000002 33.65000152587933
  endloop
endfacet
facet normal 4.4850311065564305e-15 4.4320488284841e-16 -1.0
  outer loop
    vertex 77.38315715332054 3.051330831757179 33.65000152587925
    vertex 94.60000000000022 3.000000000000012 33.65000152587933
    vertex 76.60000000000024 3.0000000000000395 33.65000152587923
  endloop
endfacet
facet normal 4.4850311065564305e-15 4.4320488284841e-16 -1.0
  outer loop
    vertex 94.60000000000022 3.000000000000012 33.65000152587933
    vertex 77.38315715332054 3.051330831757179 33.65000152587925
    vertex 78.15291427061536 3.2044450422656308 33.65000152587925
  endloop
endfacet
facet normal 4.4850311065564305e-15 4.4320488284841e-16 -1.0
  outer loop
    vertex 94.60000000000022 3.000000000000012 33.65000152587933
    vertex 78.15291427061536 3.2044450422656308 33.65000152587925
    vertex 78.89610059419077 3.4567228049323195 33.650001525879254
  endloop
endfacet
facet normal 4.4850311065564305e-15 4.4320488284841e-16 -1.0
  outer loop
    vertex 94.60000000000022 3.000000000000012 33.65000152587933
    vertex 78.89610059419077 3.4567228049323195 33.650001525879254
    vertex 79.60000000000022 3.803847577293406 33.65000152587927
  endloop
endfacet
facet normal 4.4850311065564305e-15 4.4320488284841e-16 -1.0
  outer loop
    vertex 94.60000000000022 3.000000000000012 33.65000152587933
    vertex 79.60000000000022 3.803847577293406 33.65000152587927
    vertex 93.8168428466799 3.0513308317571504 33.65000152587933
  endloop
endfacet
facet normal 4.4850311065564305e-15 4.4320488284841e-16 -1.0
  outer loop
    vertex 93.8168428466799 3.0513308317571504 33.65000152587933
    vertex 79.60000000000022 3.803847577293406 33.65000152587927
    vertex 80.25256857405255 4.239879958252625 33.65000152587927
  endloop
endfacet
facet normal 4.4850311065564305e-15 4.4320488284841e-16 -1.0
  outer loop
    vertex 93.8168428466799 3.0513308317571504 33.65000152587933
    vertex 80.25256857405255 4.239879958252625 33.65000152587927
    vertex 80.8426406871195 4.75735931288075 33.65000152587927
  endloop
endfacet
facet normal 4.4850311065564305e-15 4.4320488284841e-16 -1.0
  outer loop
    vertex 93.8168428466799 3.0513308317571504 33.65000152587933
    vertex 80.8426406871195 4.75735931288075 33.65000152587927
    vertex 81.36012004174763 5.3474314259477085 33.650001525879276
  endloop
endfacet
facet normal 4.4850311065564305e-15 4.4320488284841e-16 -1.0
  outer loop
    vertex 93.8168428466799 3.0513308317571504 33.65000152587933
    vertex 81.36012004174763 5.3474314259477085 33.650001525879276
    vertex 85.23765333685667 4.647703843195306 33.65000152587933
  endloop
endfacet
facet normal 4.4850311065564305e-15 4.4320488284841e-16 -1.0
  outer loop
    vertex 85.23765333685667 4.647703843195306 33.65000152587933
    vertex 81.36012004174763 5.3474314259477085 33.650001525879276
    vertex 81.79615242270685 6.00000000000003 33.650001525879276
  endloop
endfacet
facet normal 4.4850311065564305e-15 4.4320488284841e-16 -1.0
  outer loop
    vertex 85.23765333685667 4.647703843195306 33.65000152587933
    vertex 81.79615242270685 6.00000000000003 33.650001525879276
    vertex 84.90000000000019 4.787564434701788 33.65000152587932
  endloop
endfacet
facet normal 4.4850311065564305e-15 4.4320488284841e-16 -1.0
  outer loop
    vertex 84.90000000000019 4.787564434701788 33.65000152587932
    vertex 81.79615242270685 6.00000000000003 33.650001525879276
    vertex 82.14327719506795 6.703899405809494 33.650001525879276
  endloop
endfacet
facet normal 4.4850311065564305e-15 4.4320488284841e-16 -1.0
  outer loop
    vertex 84.90000000000019 4.787564434701788 33.65000152587932
    vertex 82.14327719506795 6.703899405809494 33.650001525879276
    vertex 84.61005050633902 5.0100505063388345 33.65000152587932
  endloop
endfacet
facet normal 4.4850311065564305e-15 4.4320488284841e-16 -1.0
  outer loop
    vertex 84.61005050633902 5.0100505063388345 33.65000152587932
    vertex 82.14327719506795 6.703899405809494 33.650001525879276
    vertex 82.39555495773463 7.447085729384906 33.650001525879276
  endloop
endfacet
facet normal 4.4850311065564305e-15 4.4320488284841e-16 -1.0
  outer loop
    vertex 84.61005050633902 5.0100505063388345 33.65000152587932
    vertex 82.39555495773463 7.447085729384906 33.650001525879276
    vertex 84.38756443470197 5.300000000000002 33.65000152587932
  endloop
endfacet
facet normal 4.4850311065564305e-15 4.4320488284841e-16 -1.0
  outer loop
    vertex 84.38756443470197 5.300000000000002 33.65000152587932
    vertex 82.39555495773463 7.447085729384906 33.650001525879276
    vertex 82.5486691682431 8.216842846679718 33.65000152587927
  endloop
endfacet
facet normal 4.4850311065564305e-15 4.4320488284841e-16 -1.0
  outer loop
    vertex 84.38756443470197 5.300000000000002 33.65000152587932
    vertex 82.5486691682431 8.216842846679718 33.65000152587927
    vertex 82.60000000000022 9.000000000000027 33.65000152587929
  endloop
endfacet
facet normal 4.4850311065564305e-15 4.4320488284841e-16 -1.0
  outer loop
    vertex 84.38756443470197 5.300000000000002 33.65000152587932
    vertex 82.60000000000022 9.000000000000027 33.65000152587929
    vertex 84.2477038431955 5.637653336856472 33.65000152587932
  endloop
endfacet
facet normal 4.4850311065564305e-15 4.4320488284841e-16 -1.0
  outer loop
    vertex 84.2477038431955 5.637653336856472 33.65000152587932
    vertex 82.60000000000022 9.000000000000027 33.65000152587929
    vertex 84.2000000000002 6.000000000000002 33.65000152587932
  endloop
endfacet
facet normal 4.4850311065564305e-15 4.4320488284841e-16 -1.0
  outer loop
    vertex 93.8168428466799 3.0513308317571504 33.65000152587933
    vertex 85.23765333685667 4.647703843195306 33.65000152587933
    vertex 85.6000000000002 4.600000000000002 33.65000152587933
  endloop
endfacet
facet normal 4.4850311065564305e-15 4.4320488284841e-16 -1.0
  outer loop
    vertex 93.8168428466799 3.0513308317571504 33.65000152587933
    vertex 85.6000000000002 4.600000000000002 33.65000152587933
    vertex 93.0470857293851 3.204445042265604 33.65000152587932
  endloop
endfacet
facet normal 4.4850311065564305e-15 4.4320488284841e-16 -1.0
  outer loop
    vertex 93.0470857293851 3.204445042265604 33.65000152587932
    vertex 85.6000000000002 4.600000000000002 33.65000152587933
    vertex 85.96234666314372 4.647703843195307 33.65000152587933
  endloop
endfacet
facet normal 4.4850311065564305e-15 4.4320488284841e-16 -1.0
  outer loop
    vertex 93.0470857293851 3.204445042265604 33.65000152587932
    vertex 85.96234666314372 4.647703843195307 33.65000152587933
    vertex 86.3000000000002 4.787564434701789 33.65000152587933
  endloop
endfacet
facet normal 4.4850311065564305e-15 4.4320488284841e-16 -1.0
  outer loop
    vertex 93.0470857293851 3.204445042265604 33.65000152587932
    vertex 86.3000000000002 4.787564434701789 33.65000152587933
    vertex 86.58994949366136 5.010050506338835 33.65000152587933
  endloop
endfacet
facet normal 4.4850311065564305e-15 4.4320488284841e-16 -1.0
  outer loop
    vertex 93.0470857293851 3.204445042265604 33.65000152587932
    vertex 86.58994949366136 5.010050506338835 33.65000152587933
    vertex 86.81243556529841 5.3000000000000025 33.65000152587933
  endloop
endfacet
facet normal 4.4850311065564305e-15 4.4320488284841e-16 -1.0
  outer loop
    vertex 93.0470857293851 3.204445042265604 33.65000152587932
    vertex 86.81243556529841 5.3000000000000025 33.65000152587933
    vertex 92.30389940580969 3.4567228049322942 33.65000152587932
  endloop
endfacet
facet normal 4.4850311065564305e-15 4.4320488284841e-16 -1.0
  outer loop
    vertex 92.30389940580969 3.4567228049322942 33.65000152587932
    vertex 86.81243556529841 5.3000000000000025 33.65000152587933
    vertex 86.95229615680489 5.637653336856473 33.65000152587933
  endloop
endfacet
facet normal 4.4850311065564305e-15 4.4320488284841e-16 -1.0
  outer loop
    vertex 92.30389940580969 3.4567228049322942 33.65000152587932
    vertex 86.95229615680489 5.637653336856473 33.65000152587933
    vertex 87.00000000000018 6.000000000000002 33.65000152587933
  endloop
endfacet
facet normal 4.4850311065564305e-15 4.4320488284841e-16 -1.0
  outer loop
    vertex 92.30389940580969 3.4567228049322942 33.65000152587932
    vertex 87.00000000000018 6.000000000000002 33.65000152587933
    vertex 91.60000000000022 3.8038475772933844 33.65000152587932
  endloop
endfacet
facet normal 4.4850311065564305e-15 4.4320488284841e-16 -1.0
  outer loop
    vertex 91.60000000000022 3.8038475772933844 33.65000152587932
    vertex 87.00000000000018 6.000000000000002 33.65000152587933
    vertex 90.9474314259479 4.239879958252606 33.650001525879304
  endloop
endfacet
facet normal 4.4850311065564305e-15 4.4320488284841e-16 -1.0
  outer loop
    vertex 90.9474314259479 4.239879958252606 33.650001525879304
    vertex 87.00000000000018 6.000000000000002 33.65000152587933
    vertex 90.35735931288093 4.757359312880733 33.650001525879304
  endloop
endfacet
facet normal 4.4850311065564305e-15 4.4320488284841e-16 -1.0
  outer loop
    vertex 90.35735931288093 4.757359312880733 33.650001525879304
    vertex 87.00000000000018 6.000000000000002 33.65000152587933
    vertex 89.83987995825281 5.347431425947695 33.650001525879304
  endloop
endfacet
facet normal 4.4850311065564305e-15 4.4320488284841e-16 -1.0
  outer loop
    vertex 89.83987995825281 5.347431425947695 33.650001525879304
    vertex 87.00000000000018 6.000000000000002 33.65000152587933
    vertex 89.40384757729359 6.00000000000002 33.650001525879304
  endloop
endfacet
facet normal 4.4850311065564305e-15 4.4320488284841e-16 -1.0
  outer loop
    vertex 89.40384757729359 6.00000000000002 33.650001525879304
    vertex 87.00000000000018 6.000000000000002 33.65000152587933
    vertex 89.0567228049325 6.703899405809484 33.6500015258793
  endloop
endfacet
facet normal 4.4850311065564305e-15 4.4320488284841e-16 -1.0
  outer loop
    vertex 89.0567228049325 6.703899405809484 33.6500015258793
    vertex 87.00000000000018 6.000000000000002 33.65000152587933
    vertex 88.80444504226581 7.447085729384898 33.6500015258793
  endloop
endfacet
facet normal 4.4850311065564305e-15 4.4320488284841e-16 -1.0
  outer loop
    vertex 88.80444504226581 7.447085729384898 33.6500015258793
    vertex 87.00000000000018 6.000000000000002 33.65000152587933
    vertex 88.65133083175736 8.216842846679713 33.6500015258793
  endloop
endfacet
facet normal 4.4850311065564305e-15 4.4320488284841e-16 -1.0
  outer loop
    vertex 88.65133083175736 8.216842846679713 33.6500015258793
    vertex 87.00000000000018 6.000000000000002 33.65000152587933
    vertex 88.60000000000022 9.000000000000023 33.650001525879304
  endloop
endfacet
facet normal -0.9807852804032292 0.19509032201613546 1.2616936130749322e-15
  outer loop
    vertex 24.3486691682431 8.216842846679778 39.65000152587913
    vertex 24.195554957734657 7.447085729385148 33.65000152587911
    vertex 24.19555495773464 7.44708572938497 39.6500015258791
  endloop
endfacet
facet normal -0.9807852804032292 0.19509032201613546 1.2616936130749322e-15
  outer loop
    vertex 24.195554957734657 7.447085729385148 33.65000152587911
    vertex 24.3486691682431 8.216842846679778 39.65000152587913
    vertex 24.348669168243116 8.216842846679958 33.65000152587914
  endloop
endfacet
facet normal -0.3214394653031607 0.946930129495106 2.3393565135467294e-14
  outer loop
    vertex 19.952914270615363 3.2044450422657293 39.65000152587898
    vertex 20.69610059419079 3.456722804932592 33.650001525879
    vertex 19.95291427061538 3.2044450422659057 33.65000152587899
  endloop
endfacet
facet normal -0.3214394653031607 0.946930129495106 2.3393565135467294e-14
  outer loop
    vertex 20.69610059419079 3.456722804932592 33.650001525879
    vertex 19.952914270615363 3.2044450422657293 39.65000152587898
    vertex 20.69610059419077 3.4567228049324163 39.65000152587898
  endloop
endfacet
facet normal -0.8314696123025413 0.5555702330196081 1.1224151353628313e-14
  outer loop
    vertex 23.596152422706858 6.000000000000108 39.650001525879055
    vertex 23.160120041747653 5.347431425947968 33.650001525879055
    vertex 23.160120041747636 5.347431425947792 39.650001525879034
  endloop
endfacet
facet normal -0.8314696123025413 0.5555702330196081 1.1224151353628313e-14
  outer loop
    vertex 23.160120041747653 5.347431425947968 33.650001525879055
    vertex 23.596152422706858 6.000000000000108 39.650001525879055
    vertex 23.596152422706876 6.000000000000284 33.65000152587907
  endloop
endfacet
facet normal -0.06540312923014319 0.9978589232386036 2.571506366886969e-14
  outer loop
    vertex 18.400000000000244 3.0000000000001417 39.65000152587897
    vertex 19.18315715332057 3.051330831757456 33.650001525878984
    vertex 18.40000000000026 3.0000000000003184 33.650001525878984
  endloop
endfacet
facet normal -0.06540312923014319 0.9978589232386036 2.571506366886969e-14
  outer loop
    vertex 19.18315715332057 3.051330831757456 33.650001525878984
    vertex 18.400000000000244 3.0000000000001417 39.65000152587897
    vertex 19.18315715332055 3.0513308317572787 39.65000152587897
  endloop
endfacet
facet normal 0.06540312923014338 0.9978589232386036 2.652193770151582e-16
  outer loop
    vertex 93.81684284667989 3.05133083175715 39.65000152587933
    vertex 94.60000000000022 3.000000000000012 33.65000152587933
    vertex 93.8168428466799 3.0513308317571504 33.65000152587933
  endloop
endfacet
facet normal 0.06540312923014338 0.9978589232386036 2.652193770151582e-16
  outer loop
    vertex 94.60000000000022 3.000000000000012 33.65000152587933
    vertex 93.81684284667989 3.05133083175715 39.65000152587933
    vertex 94.60000000000021 3.000000000000012 39.65000152587934
  endloop
endfacet
facet normal -0.6593458151000668 0.7518398074789793 1.7001729186670795e-14
  outer loop
    vertex 22.05256857405255 4.2398799582527165 39.650001525879006
    vertex 22.642640687119524 4.757359312881012 33.650001525879034
    vertex 22.052568574052568 4.239879958252893 33.65000152587902
  endloop
endfacet
facet normal -0.6593458151000668 0.7518398074789793 1.7001729186670795e-14
  outer loop
    vertex 22.642640687119524 4.757359312881012 33.650001525879034
    vertex 22.05256857405255 4.2398799582527165 39.650001525879006
    vertex 22.642640687119506 4.757359312880836 39.65000152587902
  endloop
endfacet
facet normal -0.896872741532687 0.44228869021900413 8.021534090262519e-15
  outer loop
    vertex 23.943277195067946 6.703899405809563 39.65000152587908
    vertex 23.596152422706876 6.000000000000284 33.65000152587907
    vertex 23.596152422706858 6.000000000000108 39.650001525879055
  endloop
endfacet
facet normal -0.896872741532687 0.44228869021900413 8.021534090262519e-15
  outer loop
    vertex 23.596152422706876 6.000000000000284 33.65000152587907
    vertex 23.943277195067946 6.703899405809563 39.65000152587908
    vertex 23.943277195067964 6.703899405809741 33.65000152587909
  endloop
endfacet
facet normal -0.9469301294951026 0.3214394653031709 4.681666154623185e-15
  outer loop
    vertex 24.19555495773464 7.44708572938497 39.6500015258791
    vertex 23.943277195067964 6.703899405809741 33.65000152587909
    vertex 23.943277195067946 6.703899405809563 39.65000152587908
  endloop
endfacet
facet normal -0.9469301294951026 0.3214394653031709 4.681666154623185e-15
  outer loop
    vertex 23.943277195067964 6.703899405809741 33.65000152587909
    vertex 24.19555495773464 7.44708572938497 39.6500015258791
    vertex 24.195554957734657 7.447085729385148 33.65000152587911
  endloop
endfacet
facet normal -0.5555702330195997 0.8314696123025469 1.9477833797777114e-14
  outer loop
    vertex 21.40000000000023 3.8038475772935 39.65000152587899
    vertex 22.052568574052568 4.239879958252893 33.65000152587902
    vertex 21.400000000000247 3.803847577293676 33.650001525879006
  endloop
endfacet
facet normal -0.5555702330195997 0.8314696123025469 1.9477833797777114e-14
  outer loop
    vertex 22.052568574052568 4.239879958252893 33.65000152587902
    vertex 21.40000000000023 3.8038475772935 39.65000152587899
    vertex 22.05256857405255 4.2398799582527165 39.650001525879006
  endloop
endfacet
facet normal -0.4422886902189983 0.8968727415326898 2.1620667272327703e-14
  outer loop
    vertex 20.69610059419077 3.4567228049324163 39.65000152587898
    vertex 21.400000000000247 3.803847577293676 33.650001525879006
    vertex 20.69610059419079 3.456722804932592 33.650001525879
  endloop
endfacet
facet normal -0.4422886902189983 0.8968727415326898 2.1620667272327703e-14
  outer loop
    vertex 21.400000000000247 3.803847577293676 33.650001525879006
    vertex 20.69610059419077 3.4567228049324163 39.65000152587898
    vertex 21.40000000000023 3.8038475772935 39.65000152587899
  endloop
endfacet
facet normal 0.9469301294951047 0.321439465303165 5.217494940772116e-15
  outer loop
    vertex 88.80444504226581 7.447085729384898 33.6500015258793
    vertex 89.05672280493249 6.703899405809484 39.650001525879304
    vertex 89.0567228049325 6.703899405809484 33.6500015258793
  endloop
endfacet
facet normal 0.9469301294951047 0.321439465303165 5.217494940772116e-15
  outer loop
    vertex 89.05672280493249 6.703899405809484 39.650001525879304
    vertex 88.80444504226581 7.447085729384898 33.6500015258793
    vertex 88.8044450422658 7.447085729384898 39.650001525879304
  endloop
endfacet
facet normal 0.32143946530316475 0.9469301294951048 1.6893974616152212e-15
  outer loop
    vertex 92.30389940580967 3.4567228049322942 39.65000152587933
    vertex 93.0470857293851 3.204445042265604 33.65000152587932
    vertex 92.30389940580969 3.4567228049322942 33.65000152587932
  endloop
endfacet
facet normal 0.32143946530316475 0.9469301294951048 1.6893974616152212e-15
  outer loop
    vertex 93.0470857293851 3.204445042265604 33.65000152587932
    vertex 92.30389940580967 3.4567228049322942 39.65000152587933
    vertex 93.04708572938509 3.204445042265604 39.65000152587933
  endloop
endfacet
facet normal 0.6593458151000724 0.7518398074789744 3.581440272308859e-15
  outer loop
    vertex 90.35735931288093 4.757359312880733 39.65000152587932
    vertex 90.9474314259479 4.239879958252606 33.650001525879304
    vertex 90.35735931288093 4.757359312880733 33.650001525879304
  endloop
endfacet
facet normal 0.6593458151000724 0.7518398074789744 3.581440272308859e-15
  outer loop
    vertex 90.9474314259479 4.239879958252606 33.650001525879304
    vertex 90.35735931288093 4.757359312880733 39.65000152587932
    vertex 90.94743142594788 4.239879958252606 39.65000152587932
  endloop
endfacet
facet normal 0.5555702330196041 0.831469612302544 2.9984459010674933e-15
  outer loop
    vertex 90.94743142594788 4.239879958252606 39.65000152587932
    vertex 91.60000000000022 3.8038475772933844 33.65000152587932
    vertex 90.9474314259479 4.239879958252606 33.650001525879304
  endloop
endfacet
facet normal 0.5555702330196041 0.831469612302544 2.9984459010674933e-15
  outer loop
    vertex 91.60000000000022 3.8038475772933844 33.65000152587932
    vertex 90.94743142594788 4.239879958252606 39.65000152587932
    vertex 91.60000000000021 3.8038475772933844 39.650001525879325
  endloop
endfacet
facet normal 0.8314696123025467 0.5555702330196002 4.554664019537126e-15
  outer loop
    vertex 89.40384757729359 6.00000000000002 33.650001525879304
    vertex 89.8398799582528 5.347431425947695 39.65000152587931
    vertex 89.83987995825281 5.347431425947695 33.650001525879304
  endloop
endfacet
facet normal 0.8314696123025467 0.5555702330196002 4.554664019537126e-15
  outer loop
    vertex 89.8398799582528 5.347431425947695 39.65000152587931
    vertex 89.40384757729359 6.00000000000002 33.650001525879304
    vertex 89.40384757729358 6.00000000000002 39.65000152587931
  endloop
endfacet
facet normal 0.9978589232386036 0.06540312923014453 2.5009494604730963e-15
  outer loop
    vertex 88.60000000000022 9.000000000000023 33.650001525879304
    vertex 88.65133083175735 8.216842846679713 39.650001525879304
    vertex 88.65133083175736 8.216842846679713 33.6500015258793
  endloop
endfacet
facet normal 0.9978589232386036 0.06540312923014453 2.5009494604730963e-15
  outer loop
    vertex 88.65133083175735 8.216842846679713 39.650001525879304
    vertex 88.60000000000022 9.000000000000023 33.650001525879304
    vertex 88.60000000000021 9.000000000000023 39.650001525879304
  endloop
endfacet
facet normal 0.19509032201613047 0.9807852804032302 9.85741575140114e-16
  outer loop
    vertex 93.04708572938509 3.204445042265604 39.65000152587933
    vertex 93.8168428466799 3.0513308317571504 33.65000152587933
    vertex 93.0470857293851 3.204445042265604 33.65000152587932
  endloop
endfacet
facet normal 0.19509032201613047 0.9807852804032302 9.85741575140114e-16
  outer loop
    vertex 93.8168428466799 3.0513308317571504 33.65000152587933
    vertex 93.04708572938509 3.204445042265604 39.65000152587933
    vertex 93.81684284667989 3.05133083175715 39.65000152587933
  endloop
endfacet
facet normal 0.8968727415326919 0.44228869021899403 4.928241267380388e-15
  outer loop
    vertex 89.0567228049325 6.703899405809484 33.6500015258793
    vertex 89.40384757729358 6.00000000000002 39.65000152587931
    vertex 89.40384757729359 6.00000000000002 33.650001525879304
  endloop
endfacet
facet normal 0.8968727415326919 0.44228869021899403 4.928241267380388e-15
  outer loop
    vertex 89.40384757729358 6.00000000000002 39.65000152587931
    vertex 89.0567228049325 6.703899405809484 33.6500015258793
    vertex 89.05672280493249 6.703899405809484 39.650001525879304
  endloop
endfacet
facet normal 0.4422886902189977 0.89687274153269 2.364147289132583e-15
  outer loop
    vertex 91.60000000000021 3.8038475772933844 39.650001525879325
    vertex 92.30389940580969 3.4567228049322942 33.65000152587932
    vertex 91.60000000000022 3.8038475772933844 33.65000152587932
  endloop
endfacet
facet normal 0.4422886902189977 0.89687274153269 2.364147289132583e-15
  outer loop
    vertex 92.30389940580969 3.4567228049322942 33.65000152587932
    vertex 91.60000000000021 3.8038475772933844 39.650001525879325
    vertex 92.30389940580967 3.4567228049322942 39.65000152587933
  endloop
endfacet
facet normal -0.997858923238604 0.06540312923013758 -3.126540686903963e-15
  outer loop
    vertex 82.60000000000021 9.000000000000027 39.65000152587929
    vertex 82.5486691682431 8.216842846679718 33.65000152587927
    vertex 82.54866916824307 8.216842846679718 39.6500015258793
  endloop
endfacet
facet normal -0.997858923238604 0.06540312923013758 -3.126540686903963e-15
  outer loop
    vertex 82.5486691682431 8.216842846679718 33.65000152587927
    vertex 82.60000000000021 9.000000000000027 39.65000152587929
    vertex 82.60000000000022 9.000000000000027 33.65000152587929
  endloop
endfacet
facet normal -0.9807852804032278 0.19509032201614165 -6.42387309093059e-15
  outer loop
    vertex 82.54866916824307 8.216842846679718 39.6500015258793
    vertex 82.39555495773463 7.447085729384906 33.650001525879276
    vertex 82.3955549577346 7.447085729384906 39.650001525879304
  endloop
endfacet
facet normal -0.9807852804032278 0.19509032201614165 -6.42387309093059e-15
  outer loop
    vertex 82.39555495773463 7.447085729384906 33.650001525879276
    vertex 82.54866916824307 8.216842846679718 39.6500015258793
    vertex 82.5486691682431 8.216842846679718 33.65000152587927
  endloop
endfacet
facet normal 0.9807852804032308 0.19509032201612717 5.4174758291643815e-15
  outer loop
    vertex 88.65133083175736 8.216842846679713 33.6500015258793
    vertex 88.8044450422658 7.447085729384898 39.650001525879304
    vertex 88.80444504226581 7.447085729384898 33.6500015258793
  endloop
endfacet
facet normal 0.9807852804032308 0.19509032201612717 5.4174758291643815e-15
  outer loop
    vertex 88.8044450422658 7.447085729384898 39.650001525879304
    vertex 88.65133083175736 8.216842846679713 33.6500015258793
    vertex 88.65133083175735 8.216842846679713 39.650001525879304
  endloop
endfacet
facet normal -0.9469301294951086 0.32143946530315315 -6.296648474736673e-15
  outer loop
    vertex 82.3955549577346 7.447085729384906 39.650001525879304
    vertex 82.14327719506795 6.703899405809494 33.650001525879276
    vertex 82.14327719506792 6.703899405809494 39.650001525879304
  endloop
endfacet
facet normal -0.9469301294951086 0.32143946530315315 -6.296648474736673e-15
  outer loop
    vertex 82.14327719506795 6.703899405809494 33.650001525879276
    vertex 82.3955549577346 7.447085729384906 39.650001525879304
    vertex 82.39555495773463 7.447085729384906 33.650001525879276
  endloop
endfacet
facet normal -0.8968727415326854 0.4422886902190074 -6.061686457379196e-15
  outer loop
    vertex 81.79615242270684 6.000000000000035 39.650001525879304
    vertex 82.14327719506795 6.703899405809494 33.650001525879276
    vertex 81.79615242270685 6.00000000000003 33.650001525879276
  endloop
endfacet
facet normal -0.8968727415326854 0.4422886902190074 -6.061686457379196e-15
  outer loop
    vertex 82.14327719506795 6.703899405809494 33.650001525879276
    vertex 81.79615242270684 6.000000000000035 39.650001525879304
    vertex 82.14327719506792 6.703899405809494 39.650001525879304
  endloop
endfacet
facet normal -0.8314696123025449 0.5555702330196026 -5.723007304119005e-15
  outer loop
    vertex 81.3601200417476 5.347431425947714 39.650001525879304
    vertex 81.79615242270685 6.00000000000003 33.650001525879276
    vertex 81.36012004174763 5.3474314259477085 33.650001525879276
  endloop
endfacet
facet normal -0.8314696123025449 0.5555702330196026 -5.723007304119005e-15
  outer loop
    vertex 81.79615242270685 6.00000000000003 33.650001525879276
    vertex 81.3601200417476 5.347431425947714 39.650001525879304
    vertex 81.79615242270684 6.000000000000035 39.650001525879304
  endloop
endfacet
facet normal -0.7518398074789729 0.6593458151000742 -5.286405909167913e-15
  outer loop
    vertex 80.84264068711948 4.757359312880755 39.6500015258793
    vertex 81.36012004174763 5.3474314259477085 33.650001525879276
    vertex 80.8426406871195 4.75735931288075 33.65000152587927
  endloop
endfacet
facet normal -0.7518398074789729 0.6593458151000742 -5.286405909167913e-15
  outer loop
    vertex 81.36012004174763 5.3474314259477085 33.650001525879276
    vertex 80.84264068711948 4.757359312880755 39.6500015258793
    vertex 81.3601200417476 5.347431425947714 39.650001525879304
  endloop
endfacet
facet normal 0.7518398074789744 0.6593458151000723 4.103155207528136e-15
  outer loop
    vertex 89.83987995825281 5.347431425947695 33.650001525879304
    vertex 90.35735931288093 4.757359312880733 39.65000152587932
    vertex 90.35735931288093 4.757359312880733 33.650001525879304
  endloop
endfacet
facet normal 0.7518398074789744 0.6593458151000723 4.103155207528136e-15
  outer loop
    vertex 90.35735931288093 4.757359312880733 39.65000152587932
    vertex 89.83987995825281 5.347431425947695 33.650001525879304
    vertex 89.8398799582528 5.347431425947695 39.65000152587931
  endloop
endfacet
facet normal -0.5555702330196016 0.8314696123025458 -4.1508655344456954e-15
  outer loop
    vertex 79.60000000000021 3.803847577293411 39.65000152587929
    vertex 80.25256857405255 4.239879958252625 33.65000152587927
    vertex 79.60000000000022 3.803847577293406 33.65000152587927
  endloop
endfacet
facet normal -0.5555702330196016 0.8314696123025458 -4.1508655344456954e-15
  outer loop
    vertex 80.25256857405255 4.239879958252625 33.65000152587927
    vertex 79.60000000000021 3.803847577293411 39.65000152587929
    vertex 80.25256857405253 4.23987995825263 39.6500015258793
  endloop
endfacet
facet normal -0.1950903220161251 0.9807852804032312 -1.9467921148427822e-15
  outer loop
    vertex 77.38315715332051 3.0513308317571837 39.65000152587927
    vertex 78.15291427061536 3.2044450422656308 33.65000152587925
    vertex 77.38315715332054 3.051330831757179 33.65000152587925
  endloop
endfacet
facet normal -0.1950903220161251 0.9807852804032312 -1.9467921148427822e-15
  outer loop
    vertex 78.15291427061536 3.2044450422656308 33.65000152587925
    vertex 77.38315715332051 3.0513308317571837 39.65000152587927
    vertex 78.15291427061534 3.2044450422656356 39.650001525879276
  endloop
endfacet
facet normal -0.4422886902189998 0.896872741532689 -3.4713559653172874e-15
  outer loop
    vertex 78.89610059419074 3.4567228049323244 39.65000152587928
    vertex 79.60000000000022 3.803847577293406 33.65000152587927
    vertex 78.89610059419077 3.4567228049323195 33.650001525879254
  endloop
endfacet
facet normal -0.4422886902189998 0.896872741532689 -3.4713559653172874e-15
  outer loop
    vertex 79.60000000000022 3.803847577293406 33.65000152587927
    vertex 78.89610059419074 3.4567228049323244 39.65000152587928
    vertex 79.60000000000021 3.803847577293411 39.65000152587929
  endloop
endfacet
facet normal -0.32143946530316314 0.9469301294951051 -2.732450533180625e-15
  outer loop
    vertex 78.15291427061534 3.2044450422656356 39.650001525879276
    vertex 78.89610059419077 3.4567228049323195 33.650001525879254
    vertex 78.15291427061536 3.2044450422656308 33.65000152587925
  endloop
endfacet
facet normal -0.32143946530316314 0.9469301294951051 -2.732450533180625e-15
  outer loop
    vertex 78.89610059419077 3.4567228049323195 33.650001525879254
    vertex 78.15291427061534 3.2044450422656356 39.650001525879276
    vertex 78.89610059419074 3.4567228049323244 39.65000152587928
  endloop
endfacet
facet normal -0.06540312923014566 0.9978589232386035 -1.1278235436672994e-15
  outer loop
    vertex 76.60000000000021 3.0000000000000444 39.650001525879254
    vertex 77.38315715332054 3.051330831757179 33.65000152587925
    vertex 76.60000000000024 3.0000000000000395 33.65000152587923
  endloop
endfacet
facet normal -0.06540312923014566 0.9978589232386035 -1.1278235436672994e-15
  outer loop
    vertex 77.38315715332054 3.051330831757179 33.65000152587925
    vertex 76.60000000000021 3.0000000000000444 39.650001525879254
    vertex 77.38315715332051 3.0513308317571837 39.65000152587927
  endloop
endfacet
facet normal -0.6593458151000708 0.7518398074789756 -4.759352643442402e-15
  outer loop
    vertex 80.25256857405253 4.23987995825263 39.6500015258793
    vertex 80.8426406871195 4.75735931288075 33.65000152587927
    vertex 80.25256857405255 4.239879958252625 33.65000152587927
  endloop
endfacet
facet normal -0.6593458151000708 0.7518398074789756 -4.759352643442402e-15
  outer loop
    vertex 80.8426406871195 4.75735931288075 33.65000152587927
    vertex 80.25256857405253 4.23987995825263 39.6500015258793
    vertex 80.84264068711948 4.757359312880755 39.6500015258793
  endloop
endfacet
facet normal -3.804300173615236e-15 -4.686424727243035e-16 1.0
  outer loop
    vertex 24.400000000000244 126.50000000000028 39.650001525879
    vertex 26.047703843195553 129.13765333685674 39.650001525879006
    vertex 26.000000000000245 129.50000000000028 39.650001525879006
  endloop
endfacet
facet normal -3.804300173615236e-15 -4.686424727243035e-16 1.0
  outer loop
    vertex 26.047703843195553 129.13765333685674 39.650001525879006
    vertex 24.400000000000244 126.50000000000028 39.650001525879
    vertex 26.187564434702033 128.8000000000003 39.650001525879006
  endloop
endfacet
facet normal -3.804300173615236e-15 -4.686424727243035e-16 1.0
  outer loop
    vertex 26.187564434702033 128.8000000000003 39.650001525879006
    vertex 24.400000000000244 126.50000000000028 39.650001525879
    vertex 26.410050506339076 128.51005050633913 39.650001525879006
  endloop
endfacet
facet normal -3.804300173615236e-15 -4.686424727243035e-16 1.0
  outer loop
    vertex 26.410050506339076 128.51005050633913 39.650001525879006
    vertex 24.400000000000244 126.50000000000028 39.650001525879
    vertex 26.700000000000244 128.28756443470206 39.650001525879006
  endloop
endfacet
facet normal -3.804300173615236e-15 -4.686424727243035e-16 1.0
  outer loop
    vertex 26.700000000000244 128.28756443470206 39.650001525879006
    vertex 24.400000000000244 126.50000000000028 39.650001525879
    vertex 30.400000000000244 126.50000000000028 39.65000152587901
  endloop
endfacet
facet normal -3.804300173615236e-15 -4.686424727243035e-16 1.0
  outer loop
    vertex 26.700000000000244 128.28756443470206 39.650001525879006
    vertex 30.400000000000244 126.50000000000028 39.65000152587901
    vertex 27.037653336856714 128.1477038431956 39.650001525879006
  endloop
endfacet
facet normal -3.804300173615236e-15 -4.686424727243035e-16 1.0
  outer loop
    vertex 27.037653336856714 128.1477038431956 39.650001525879006
    vertex 30.400000000000244 126.50000000000028 39.65000152587901
    vertex 27.400000000000244 128.10000000000028 39.650001525879006
  endloop
endfacet
facet normal -3.804300173615236e-15 -4.686424727243035e-16 1.0
  outer loop
    vertex 27.400000000000244 128.10000000000028 39.650001525879006
    vertex 30.400000000000244 126.50000000000028 39.65000152587901
    vertex 27.762346663143774 128.1477038431956 39.650001525879006
  endloop
endfacet
facet normal -3.804300173615236e-15 -4.686424727243035e-16 1.0
  outer loop
    vertex 27.762346663143774 128.1477038431956 39.650001525879006
    vertex 30.400000000000244 126.50000000000028 39.65000152587901
    vertex 28.100000000000243 128.28756443470206 39.650001525879006
  endloop
endfacet
facet normal -3.804300173615236e-15 -4.686424727243035e-16 1.0
  outer loop
    vertex 28.100000000000243 128.28756443470206 39.650001525879006
    vertex 30.400000000000244 126.50000000000028 39.65000152587901
    vertex 28.38994949366141 128.51005050633913 39.65000152587901
  endloop
endfacet
facet normal -3.804300173615236e-15 -4.686424727243035e-16 1.0
  outer loop
    vertex 28.38994949366141 128.51005050633913 39.65000152587901
    vertex 30.400000000000244 126.50000000000028 39.65000152587901
    vertex 28.612435565298455 128.8000000000003 39.65000152587901
  endloop
endfacet
facet normal -3.804300173615236e-15 -4.686424727243035e-16 1.0
  outer loop
    vertex 28.612435565298455 128.8000000000003 39.65000152587901
    vertex 30.400000000000244 126.50000000000028 39.65000152587901
    vertex 28.752296156804935 129.13765333685674 39.65000152587901
  endloop
endfacet
facet normal -3.804300173615236e-15 -4.686424727243035e-16 1.0
  outer loop
    vertex 28.752296156804935 129.13765333685674 39.65000152587901
    vertex 30.400000000000244 126.50000000000028 39.65000152587901
    vertex 28.80000000000024 129.50000000000028 39.65000152587901
  endloop
endfacet
facet normal -3.804300173615236e-15 -4.686424727243035e-16 1.0
  outer loop
    vertex 19.183157153320554 132.44866916824316 39.65000152587898
    vertex 36.40000000000024 132.50000000000026 39.65000152587905
    vertex 18.400000000000244 132.50000000000028 39.65000152587898
  endloop
endfacet
facet normal -3.804300173615236e-15 -4.686424727243035e-16 1.0
  outer loop
    vertex 36.40000000000024 132.50000000000026 39.65000152587905
    vertex 19.183157153320554 132.44866916824316 39.65000152587898
    vertex 19.952914270615366 132.2955549577347 39.65000152587898
  endloop
endfacet
facet normal -3.804300173615236e-15 -4.686424727243035e-16 1.0
  outer loop
    vertex 36.40000000000024 132.50000000000026 39.65000152587905
    vertex 19.952914270615366 132.2955549577347 39.65000152587898
    vertex 20.69610059419078 132.04327719506801 39.650001525878984
  endloop
endfacet
facet normal -3.804300173615236e-15 -4.686424727243035e-16 1.0
  outer loop
    vertex 36.40000000000024 132.50000000000026 39.65000152587905
    vertex 20.69610059419078 132.04327719506801 39.650001525878984
    vertex 21.400000000000244 131.69615242270692 39.650001525878984
  endloop
endfacet
facet normal -3.804300173615236e-15 -4.686424727243035e-16 1.0
  outer loop
    vertex 36.40000000000024 132.50000000000026 39.65000152587905
    vertex 21.400000000000244 131.69615242270692 39.650001525878984
    vertex 35.61684284667994 132.44866916824313 39.65000152587904
  endloop
endfacet
facet normal -3.804300173615236e-15 -4.686424727243035e-16 1.0
  outer loop
    vertex 35.61684284667994 132.44866916824313 39.65000152587904
    vertex 21.400000000000244 131.69615242270692 39.650001525878984
    vertex 22.052568574052568 131.26012004174768 39.650001525878984
  endloop
endfacet
facet normal -3.804300173615236e-15 -4.686424727243035e-16 1.0
  outer loop
    vertex 35.61684284667994 132.44866916824313 39.65000152587904
    vertex 22.052568574052568 131.26012004174768 39.650001525878984
    vertex 22.64264068711953 130.74264068711955 39.65000152587899
  endloop
endfacet
facet normal -3.804300173615236e-15 -4.686424727243035e-16 1.0
  outer loop
    vertex 35.61684284667994 132.44866916824313 39.65000152587904
    vertex 22.64264068711953 130.74264068711955 39.65000152587899
    vertex 23.160120041747657 130.15256857405262 39.65000152587899
  endloop
endfacet
facet normal -3.804300173615236e-15 -4.686424727243035e-16 1.0
  outer loop
    vertex 35.61684284667994 132.44866916824313 39.65000152587904
    vertex 23.160120041747657 130.15256857405262 39.65000152587899
    vertex 27.037653336856714 130.85229615680498 39.650001525879006
  endloop
endfacet
facet normal -3.804300173615236e-15 -4.686424727243035e-16 1.0
  outer loop
    vertex 27.037653336856714 130.85229615680498 39.650001525879006
    vertex 23.160120041747657 130.15256857405262 39.65000152587899
    vertex 23.596152422706876 129.50000000000028 39.65000152587899
  endloop
endfacet
facet normal -3.804300173615236e-15 -4.686424727243035e-16 1.0
  outer loop
    vertex 27.037653336856714 130.85229615680498 39.650001525879006
    vertex 23.596152422706876 129.50000000000028 39.65000152587899
    vertex 26.700000000000244 130.7124355652985 39.650001525879006
  endloop
endfacet
facet normal -3.804300173615236e-15 -4.686424727243035e-16 1.0
  outer loop
    vertex 26.700000000000244 130.7124355652985 39.650001525879006
    vertex 23.596152422706876 129.50000000000028 39.65000152587899
    vertex 23.943277195067967 128.79610059419082 39.650001525879
  endloop
endfacet
facet normal -3.804300173615236e-15 -4.686424727243035e-16 1.0
  outer loop
    vertex 26.700000000000244 130.7124355652985 39.650001525879006
    vertex 23.943277195067967 128.79610059419082 39.650001525879
    vertex 26.410050506339076 130.48994949366144 39.650001525879006
  endloop
endfacet
facet normal -3.804300173615236e-15 -4.686424727243035e-16 1.0
  outer loop
    vertex 26.410050506339076 130.48994949366144 39.650001525879006
    vertex 23.943277195067967 128.79610059419082 39.650001525879
    vertex 24.195554957734654 128.0529142706154 39.650001525879
  endloop
endfacet
facet normal -3.804300173615236e-15 -4.686424727243035e-16 1.0
  outer loop
    vertex 26.410050506339076 130.48994949366144 39.650001525879006
    vertex 24.195554957734654 128.0529142706154 39.650001525879
    vertex 26.187564434702033 130.20000000000027 39.650001525879006
  endloop
endfacet
facet normal -3.804300173615236e-15 -4.686424727243035e-16 1.0
  outer loop
    vertex 26.187564434702033 130.20000000000027 39.650001525879006
    vertex 24.195554957734654 128.0529142706154 39.650001525879
    vertex 24.348669168243106 127.2831571533206 39.650001525879
  endloop
endfacet
facet normal -3.804300173615236e-15 -4.686424727243035e-16 1.0
  outer loop
    vertex 26.187564434702033 130.20000000000027 39.650001525879006
    vertex 24.348669168243106 127.2831571533206 39.650001525879
    vertex 24.400000000000244 126.50000000000028 39.650001525879
  endloop
endfacet
facet normal -3.804300173615236e-15 -4.686424727243035e-16 1.0
  outer loop
    vertex 26.187564434702033 130.20000000000027 39.650001525879006
    vertex 24.400000000000244 126.50000000000028 39.650001525879
    vertex 26.047703843195553 129.8623466631438 39.650001525879006
  endloop
endfacet
facet normal -3.804300173615236e-15 -4.686424727243035e-16 1.0
  outer loop
    vertex 26.047703843195553 129.8623466631438 39.650001525879006
    vertex 24.400000000000244 126.50000000000028 39.650001525879
    vertex 26.000000000000245 129.50000000000028 39.650001525879006
  endloop
endfacet
facet normal -3.804300173615236e-15 -4.686424727243035e-16 1.0
  outer loop
    vertex 35.61684284667994 132.44866916824313 39.65000152587904
    vertex 27.037653336856714 130.85229615680498 39.650001525879006
    vertex 27.400000000000244 130.9000000000003 39.650001525879006
  endloop
endfacet
facet normal -3.804300173615236e-15 -4.686424727243035e-16 1.0
  outer loop
    vertex 35.61684284667994 132.44866916824313 39.65000152587904
    vertex 27.400000000000244 130.9000000000003 39.650001525879006
    vertex 34.84708572938512 132.29555495773468 39.650001525879034
  endloop
endfacet
facet normal -3.804300173615236e-15 -4.686424727243035e-16 1.0
  outer loop
    vertex 34.84708572938512 132.29555495773468 39.650001525879034
    vertex 27.400000000000244 130.9000000000003 39.650001525879006
    vertex 27.762346663143767 130.85229615680498 39.650001525879006
  endloop
endfacet
facet normal -3.804300173615236e-15 -4.686424727243035e-16 1.0
  outer loop
    vertex 34.84708572938512 132.29555495773468 39.650001525879034
    vertex 27.762346663143767 130.85229615680498 39.650001525879006
    vertex 28.100000000000243 130.7124355652985 39.650001525879006
  endloop
endfacet
facet normal -3.804300173615236e-15 -4.686424727243035e-16 1.0
  outer loop
    vertex 34.84708572938512 132.29555495773468 39.650001525879034
    vertex 28.100000000000243 130.7124355652985 39.650001525879006
    vertex 28.38994949366141 130.48994949366144 39.65000152587901
  endloop
endfacet
facet normal -3.804300173615236e-15 -4.686424727243035e-16 1.0
  outer loop
    vertex 34.84708572938512 132.29555495773468 39.650001525879034
    vertex 28.38994949366141 130.48994949366144 39.65000152587901
    vertex 28.612435565298455 130.20000000000027 39.65000152587901
  endloop
endfacet
facet normal -3.804300173615236e-15 -4.686424727243035e-16 1.0
  outer loop
    vertex 34.84708572938512 132.29555495773468 39.650001525879034
    vertex 28.612435565298455 130.20000000000027 39.65000152587901
    vertex 34.103899405809706 132.043277195068 39.650001525879034
  endloop
endfacet
facet normal -3.804300173615236e-15 -4.686424727243035e-16 1.0
  outer loop
    vertex 34.103899405809706 132.043277195068 39.650001525879034
    vertex 28.612435565298455 130.20000000000027 39.65000152587901
    vertex 28.752296156804935 129.8623466631438 39.65000152587901
  endloop
endfacet
facet normal -3.804300173615236e-15 -4.686424727243035e-16 1.0
  outer loop
    vertex 34.103899405809706 132.043277195068 39.650001525879034
    vertex 28.752296156804935 129.8623466631438 39.65000152587901
    vertex 28.80000000000024 129.50000000000028 39.65000152587901
  endloop
endfacet
facet normal -3.804300173615236e-15 -4.686424727243035e-16 1.0
  outer loop
    vertex 34.103899405809706 132.043277195068 39.650001525879034
    vertex 28.80000000000024 129.50000000000028 39.65000152587901
    vertex 33.400000000000254 131.6961524227069 39.650001525879034
  endloop
endfacet
facet normal -3.804300173615236e-15 -4.686424727243035e-16 1.0
  outer loop
    vertex 33.400000000000254 131.6961524227069 39.650001525879034
    vertex 28.80000000000024 129.50000000000028 39.65000152587901
    vertex 32.74743142594793 131.26012004174765 39.650001525879034
  endloop
endfacet
facet normal -3.804300173615236e-15 -4.686424727243035e-16 1.0
  outer loop
    vertex 32.74743142594793 131.26012004174765 39.650001525879034
    vertex 28.80000000000024 129.50000000000028 39.65000152587901
    vertex 32.15735931288097 130.74264068711955 39.65000152587903
  endloop
endfacet
facet normal -3.804300173615236e-15 -4.686424727243035e-16 1.0
  outer loop
    vertex 32.15735931288097 130.74264068711955 39.65000152587903
    vertex 28.80000000000024 129.50000000000028 39.65000152587901
    vertex 31.639879958252845 130.1525685740526 39.65000152587903
  endloop
endfacet
facet normal -3.804300173615236e-15 -4.686424727243035e-16 1.0
  outer loop
    vertex 31.639879958252845 130.1525685740526 39.65000152587903
    vertex 28.80000000000024 129.50000000000028 39.65000152587901
    vertex 31.203847577293626 129.50000000000028 39.65000152587902
  endloop
endfacet
facet normal -3.804300173615236e-15 -4.686424727243035e-16 1.0
  outer loop
    vertex 31.203847577293626 129.50000000000028 39.65000152587902
    vertex 28.80000000000024 129.50000000000028 39.65000152587901
    vertex 30.856722804932538 128.79610059419082 39.65000152587902
  endloop
endfacet
facet normal -3.804300173615236e-15 -4.686424727243035e-16 1.0
  outer loop
    vertex 30.856722804932538 128.79610059419082 39.65000152587902
    vertex 28.80000000000024 129.50000000000028 39.65000152587901
    vertex 30.604445042265844 128.0529142706154 39.65000152587902
  endloop
endfacet
facet normal -3.804300173615236e-15 -4.686424727243035e-16 1.0
  outer loop
    vertex 30.604445042265844 128.0529142706154 39.65000152587902
    vertex 28.80000000000024 129.50000000000028 39.65000152587901
    vertex 30.45133083175739 127.2831571533206 39.65000152587901
  endloop
endfacet
facet normal -3.804300173615236e-15 -4.686424727243035e-16 1.0
  outer loop
    vertex 30.45133083175739 127.2831571533206 39.65000152587901
    vertex 28.80000000000024 129.50000000000028 39.65000152587901
    vertex 30.400000000000244 126.50000000000028 39.65000152587901
  endloop
endfacet
facet normal -8.338354625870984e-16 -1.0 1.696252105545498e-16
  outer loop
    vertex 76.60000000000021 132.5000000000002 33.65000152587922
    vertex 36.40000000000024 132.50000000000026 39.65000152587905
    vertex 36.400000000000254 132.50000000000026 33.65000152587907
  endloop
endfacet
facet normal -8.338354625870984e-16 -1.0 1.696252105545498e-16
  outer loop
    vertex 36.40000000000024 132.50000000000026 39.65000152587905
    vertex 76.60000000000021 132.5000000000002 33.65000152587922
    vertex 76.60000000000021 132.5000000000002 39.650001525879254
  endloop
endfacet
facet normal -8.338354625870984e-16 -1.0 1.696252105545498e-16
  outer loop
    vertex 105.00000000000017 132.5000000000002 42.65000152587936
    vertex 86.80000019073556 132.5000000000004 7.200000047683749
    vertex 105.00000000000026 132.5000000000002 3.0000000000004596
  endloop
endfacet
facet normal -8.338354625870984e-16 -1.0 1.696252105545498e-16
  outer loop
    vertex 86.80000019073556 132.5000000000004 7.200000047683749
    vertex 105.00000000000017 132.5000000000002 42.65000152587936
    vertex 86.80000019073556 132.5000000000004 13.402112722396913
  endloop
endfacet
facet normal -8.338354625870984e-16 -1.0 1.696252105545498e-16
  outer loop
    vertex 86.80000019073556 132.5000000000004 13.402112722396913
    vertex 105.00000000000017 132.5000000000002 42.65000152587936
    vertex 77.39999961853086 132.50000000000037 13.402112722396913
  endloop
endfacet
facet normal -8.338354625870984e-16 -1.0 1.696252105545498e-16
  outer loop
    vertex 77.39999961853086 132.50000000000037 13.402112722396913
    vertex 105.00000000000017 132.5000000000002 42.65000152587936
    vertex 94.6000000000002 132.5000000000002 33.65000152587933
  endloop
endfacet
facet normal -8.338354625870984e-16 -1.0 1.696252105545498e-16
  outer loop
    vertex 77.39999961853086 132.50000000000037 13.402112722396913
    vertex 94.6000000000002 132.5000000000002 33.65000152587933
    vertex 71.10000038147011 132.50000000000028 13.402112722396913
  endloop
endfacet
facet normal -8.338354625870984e-16 -1.0 1.696252105545498e-16
  outer loop
    vertex 71.10000038147011 132.50000000000028 13.402112722396913
    vertex 94.6000000000002 132.5000000000002 33.65000152587933
    vertex 63.50000000000049 132.5000000000003 13.402112722396913
  endloop
endfacet
facet normal -8.338354625870984e-16 -1.0 1.696252105545498e-16
  outer loop
    vertex 63.50000000000049 132.5000000000003 13.402112722396913
    vertex 94.6000000000002 132.5000000000002 33.65000152587933
    vertex 57.700000762939816 132.50000000000037 13.402112722396913
  endloop
endfacet
facet normal -8.338354625870984e-16 -1.0 1.696252105545498e-16
  outer loop
    vertex 57.700000762939816 132.50000000000037 13.402112722396913
    vertex 94.6000000000002 132.5000000000002 33.65000152587933
    vertex 50.09999847412157 132.50000000000028 13.402112722396913
  endloop
endfacet
facet normal -8.338354625870984e-16 -1.0 1.696252105545498e-16
  outer loop
    vertex 50.09999847412157 132.50000000000028 13.402112722396913
    vertex 94.6000000000002 132.5000000000002 33.65000152587933
    vertex 8.000000000000256 132.50000000000028 26.000000000000036
  endloop
endfacet
facet normal -8.338354625870984e-16 -1.0 1.696252105545498e-16
  outer loop
    vertex 50.09999847412157 132.50000000000028 13.402112722396913
    vertex 8.000000000000256 132.50000000000028 26.000000000000036
    vertex 1.8047785488306544e-13 132.50000000000028 26.000000000000014
  endloop
endfacet
facet normal -8.338354625870984e-16 -1.0 1.696252105545498e-16
  outer loop
    vertex 8.000000000000256 132.50000000000028 26.000000000000036
    vertex 94.6000000000002 132.5000000000002 33.65000152587933
    vertex 76.60000000000021 132.5000000000002 33.65000152587922
  endloop
endfacet
facet normal -8.338354625870984e-16 -1.0 1.696252105545498e-16
  outer loop
    vertex 8.000000000000256 132.50000000000028 26.000000000000036
    vertex 76.60000000000021 132.5000000000002 33.65000152587922
    vertex 18.400000000000247 132.50000000000028 33.65000152587896
  endloop
endfacet
facet normal -8.338354625870984e-16 -1.0 1.696252105545498e-16
  outer loop
    vertex 18.400000000000247 132.50000000000028 33.65000152587896
    vertex 76.60000000000021 132.5000000000002 33.65000152587922
    vertex 36.400000000000254 132.50000000000026 33.65000152587907
  endloop
endfacet
facet normal -8.338354625870984e-16 -1.0 1.696252105545498e-16
  outer loop
    vertex 94.6000000000002 132.5000000000002 33.65000152587933
    vertex 105.00000000000017 132.5000000000002 42.65000152587936
    vertex 94.60000000000021 132.5000000000002 39.65000152587932
  endloop
endfacet
facet normal -8.338354625870984e-16 -1.0 1.696252105545498e-16
  outer loop
    vertex 94.60000000000021 132.5000000000002 39.65000152587932
    vertex 105.00000000000017 132.5000000000002 42.65000152587936
    vertex 8.000000000000256 132.50000000000028 42.65000152587892
  endloop
endfacet
facet normal -8.338354625870984e-16 -1.0 1.696252105545498e-16
  outer loop
    vertex 18.400000000000247 132.50000000000028 33.65000152587896
    vertex 8.000000000000256 132.50000000000028 42.65000152587892
    vertex 8.000000000000256 132.50000000000028 26.000000000000036
  endloop
endfacet
facet normal -8.338354625870984e-16 -1.0 1.696252105545498e-16
  outer loop
    vertex 8.000000000000256 132.50000000000028 42.65000152587892
    vertex 18.400000000000247 132.50000000000028 33.65000152587896
    vertex 18.400000000000244 132.50000000000028 39.65000152587898
  endloop
endfacet
facet normal -8.338354625870984e-16 -1.0 1.696252105545498e-16
  outer loop
    vertex 8.000000000000256 132.50000000000028 42.65000152587892
    vertex 18.400000000000244 132.50000000000028 39.65000152587898
    vertex 36.40000000000024 132.50000000000026 39.65000152587905
  endloop
endfacet
facet normal -8.338354625870984e-16 -1.0 1.696252105545498e-16
  outer loop
    vertex 8.000000000000256 132.50000000000028 42.65000152587892
    vertex 36.40000000000024 132.50000000000026 39.65000152587905
    vertex 76.60000000000021 132.5000000000002 39.650001525879254
  endloop
endfacet
facet normal -8.338354625870984e-16 -1.0 1.696252105545498e-16
  outer loop
    vertex 8.000000000000256 132.50000000000028 42.65000152587892
    vertex 76.60000000000021 132.5000000000002 39.650001525879254
    vertex 94.60000000000021 132.5000000000002 39.65000152587932
  endloop
endfacet
facet normal -8.338354625870984e-16 -1.0 1.696252105545498e-16
  outer loop
    vertex 50.09999847412157 132.50000000000028 7.200000047683749
    vertex 40.298034667969205 132.5000000000003 7.402506232261694
    vertex 39.5724258422857 132.50000000000014 7.223659157753028
  endloop
endfacet
facet normal -8.338354625870984e-16 -1.0 1.696252105545498e-16
  outer loop
    vertex 40.298034667969205 132.5000000000003 7.402506232261694
    vertex 50.09999847412157 132.50000000000028 7.200000047683749
    vertex 40.959762573242664 132.5000000000002 7.749806642532382
  endloop
endfacet
facet normal -8.338354625870984e-16 -1.0 1.696252105545498e-16
  outer loop
    vertex 40.959762573242664 132.5000000000002 7.749806642532382
    vertex 50.09999847412157 132.50000000000028 7.200000047683749
    vertex 50.09999847412157 132.50000000000028 13.402112722396913
  endloop
endfacet
facet normal -8.338354625870984e-16 -1.0 1.696252105545498e-16
  outer loop
    vertex 40.959762573242664 132.5000000000002 7.749806642532382
    vertex 50.09999847412157 132.50000000000028 13.402112722396913
    vertex 41.51914596557676 132.50000000000037 8.245376348495517
  endloop
endfacet
facet normal -8.338354625870984e-16 -1.0 1.696252105545498e-16
  outer loop
    vertex 41.51914596557676 132.50000000000037 8.245376348495517
    vertex 50.09999847412157 132.50000000000028 13.402112722396913
    vertex 41.94367599487349 132.5000000000002 8.860414743423494
  endloop
endfacet
facet normal -8.338354625870984e-16 -1.0 1.696252105545498e-16
  outer loop
    vertex 41.94367599487349 132.5000000000002 8.860414743423494
    vertex 50.09999847412157 132.50000000000028 13.402112722396913
    vertex 42.20867919921937 132.50000000000045 9.559178113937408
  endloop
endfacet
facet normal -8.338354625870984e-16 -1.0 1.696252105545498e-16
  outer loop
    vertex 42.20867919921937 132.50000000000045 9.559178113937408
    vertex 50.09999847412157 132.50000000000028 13.402112722396913
    vertex 42.29875946044977 132.50000000000014 10.301056385040315
  endloop
endfacet
facet normal -8.338354625870984e-16 -1.0 1.696252105545498e-16
  outer loop
    vertex 42.29875946044977 132.50000000000014 10.301056385040315
    vertex 50.09999847412157 132.50000000000028 13.402112722396913
    vertex 42.20867919921937 132.50000000000045 11.042934656143222
  endloop
endfacet
facet normal -8.338354625870984e-16 -1.0 1.696252105545498e-16
  outer loop
    vertex 42.20867919921937 132.50000000000045 11.042934656143222
    vertex 50.09999847412157 132.50000000000028 13.402112722396913
    vertex 41.94367599487349 132.5000000000002 11.741698026657147
  endloop
endfacet
facet normal -8.338354625870984e-16 -1.0 1.696252105545498e-16
  outer loop
    vertex 41.94367599487349 132.5000000000002 11.741698026657147
    vertex 50.09999847412157 132.50000000000028 13.402112722396913
    vertex 41.51914596557676 132.50000000000037 12.35673642158514
  endloop
endfacet
facet normal -8.338354625870984e-16 -1.0 1.696252105545498e-16
  outer loop
    vertex 41.51914596557676 132.50000000000037 12.35673642158514
    vertex 50.09999847412157 132.50000000000028 13.402112722396913
    vertex 40.959762573242664 132.5000000000002 12.852306127548271
  endloop
endfacet
facet normal -8.338354625870984e-16 -1.0 1.696252105545498e-16
  outer loop
    vertex 40.959762573242664 132.5000000000002 12.852306127548271
    vertex 50.09999847412157 132.50000000000028 13.402112722396913
    vertex 40.29803466796939 132.50000000000028 13.199606537818957
  endloop
endfacet
facet normal -8.338354625870984e-16 -1.0 1.696252105545498e-16
  outer loop
    vertex 40.29803466796939 132.50000000000028 13.199606537818957
    vertex 50.09999847412157 132.50000000000028 13.402112722396913
    vertex 39.5724258422857 132.50000000000014 13.378453612327624
  endloop
endfacet
facet normal -8.338354625870984e-16 -1.0 1.696252105545498e-16
  outer loop
    vertex 39.5724258422857 132.50000000000014 13.378453612327624
    vertex 50.09999847412157 132.50000000000028 13.402112722396913
    vertex 38.825096130371605 132.5000000000004 13.378453612327624
  endloop
endfacet
facet normal -8.338354625870984e-16 -1.0 1.696252105545498e-16
  outer loop
    vertex 1.8047785488306544e-13 132.50000000000028 3.0000000000000133
    vertex 38.0994873046881 132.5000000000002 7.402506232261694
    vertex 1.8047785488306544e-13 132.50000000000028 26.000000000000014
  endloop
endfacet
facet normal -8.338354625870984e-16 -1.0 1.696252105545498e-16
  outer loop
    vertex 38.0994873046881 132.5000000000002 7.402506232261694
    vertex 1.8047785488306544e-13 132.50000000000028 3.0000000000000133
    vertex 38.825096130371605 132.5000000000004 7.223659157753028
  endloop
endfacet
facet normal -8.338354625870984e-16 -1.0 1.696252105545498e-16
  outer loop
    vertex 38.825096130371605 132.5000000000004 7.223659157753028
    vertex 1.8047785488306544e-13 132.50000000000028 3.0000000000000133
    vertex 105.00000000000026 132.5000000000002 3.0000000000004596
  endloop
endfacet
facet normal -8.338354625870984e-16 -1.0 1.696252105545498e-16
  outer loop
    vertex 38.825096130371605 132.5000000000004 7.223659157753028
    vertex 105.00000000000026 132.5000000000002 3.0000000000004596
    vertex 50.09999847412157 132.50000000000028 7.200000047683749
  endloop
endfacet
facet normal -8.338354625870984e-16 -1.0 1.696252105545498e-16
  outer loop
    vertex 50.09999847412157 132.50000000000028 7.200000047683749
    vertex 105.00000000000026 132.5000000000002 3.0000000000004596
    vertex 86.80000019073556 132.5000000000004 7.200000047683749
  endloop
endfacet
facet normal -8.338354625870984e-16 -1.0 1.696252105545498e-16
  outer loop
    vertex 50.09999847412157 132.50000000000028 7.200000047683749
    vertex 86.80000019073556 132.5000000000004 7.200000047683749
    vertex 77.39999961853086 132.50000000000037 7.200000047683749
  endloop
endfacet
facet normal -8.338354625870984e-16 -1.0 1.696252105545498e-16
  outer loop
    vertex 50.09999847412157 132.50000000000028 7.200000047683749
    vertex 77.39999961853086 132.50000000000037 7.200000047683749
    vertex 71.10000038147011 132.50000000000028 7.200000047683749
  endloop
endfacet
facet normal -8.338354625870984e-16 -1.0 1.696252105545498e-16
  outer loop
    vertex 50.09999847412157 132.50000000000028 7.200000047683749
    vertex 71.10000038147011 132.50000000000028 7.200000047683749
    vertex 63.50000000000049 132.5000000000003 7.200000047683749
  endloop
endfacet
facet normal -8.338354625870984e-16 -1.0 1.696252105545498e-16
  outer loop
    vertex 50.09999847412157 132.50000000000028 7.200000047683749
    vertex 63.50000000000049 132.5000000000003 7.200000047683749
    vertex 57.700000762939816 132.50000000000037 7.200000047683749
  endloop
endfacet
facet normal -8.338354625870984e-16 -1.0 1.696252105545498e-16
  outer loop
    vertex 38.825096130371605 132.5000000000004 7.223659157753028
    vertex 50.09999847412157 132.50000000000028 7.200000047683749
    vertex 39.5724258422857 132.50000000000014 7.223659157753028
  endloop
endfacet
facet normal -8.338354625870984e-16 -1.0 1.696252105545498e-16
  outer loop
    vertex 1.8047785488306544e-13 132.50000000000028 26.000000000000014
    vertex 38.0994873046881 132.5000000000002 7.402506232261694
    vertex 37.43775939941446 132.5000000000003 7.749806642532382
  endloop
endfacet
facet normal -8.338354625870984e-16 -1.0 1.696252105545498e-16
  outer loop
    vertex 1.8047785488306544e-13 132.50000000000028 26.000000000000014
    vertex 37.43775939941446 132.5000000000003 7.749806642532382
    vertex 36.87837600708055 132.50000000000028 8.245376348495517
  endloop
endfacet
facet normal -8.338354625870984e-16 -1.0 1.696252105545498e-16
  outer loop
    vertex 1.8047785488306544e-13 132.50000000000028 26.000000000000014
    vertex 36.87837600708055 132.50000000000028 8.245376348495517
    vertex 36.453845977783644 132.50000000000028 8.860414743423494
  endloop
endfacet
facet normal -8.338354625870984e-16 -1.0 1.696252105545498e-16
  outer loop
    vertex 1.8047785488306544e-13 132.50000000000028 26.000000000000014
    vertex 36.453845977783644 132.50000000000028 8.860414743423494
    vertex 36.18884277343794 132.50000000000028 9.559178113937408
  endloop
endfacet
facet normal -8.338354625870984e-16 -1.0 1.696252105545498e-16
  outer loop
    vertex 1.8047785488306544e-13 132.50000000000028 26.000000000000014
    vertex 36.18884277343794 132.50000000000028 9.559178113937408
    vertex 36.098762512207536 132.5000000000002 10.301056385040315
  endloop
endfacet
facet normal -8.338354625870984e-16 -1.0 1.696252105545498e-16
  outer loop
    vertex 1.8047785488306544e-13 132.50000000000028 26.000000000000014
    vertex 36.098762512207536 132.5000000000002 10.301056385040315
    vertex 36.18884277343794 132.5000000000003 11.042934656143222
  endloop
endfacet
facet normal -8.338354625870984e-16 -1.0 1.696252105545498e-16
  outer loop
    vertex 1.8047785488306544e-13 132.50000000000028 26.000000000000014
    vertex 36.18884277343794 132.5000000000003 11.042934656143222
    vertex 36.45384597778382 132.5000000000003 11.741698026657147
  endloop
endfacet
facet normal -8.338354625870984e-16 -1.0 1.696252105545498e-16
  outer loop
    vertex 1.8047785488306544e-13 132.50000000000028 26.000000000000014
    vertex 36.45384597778382 132.5000000000003 11.741698026657147
    vertex 36.87837600708055 132.50000000000028 12.35673642158514
  endloop
endfacet
facet normal -8.338354625870984e-16 -1.0 1.696252105545498e-16
  outer loop
    vertex 1.8047785488306544e-13 132.50000000000028 26.000000000000014
    vertex 36.87837600708055 132.50000000000028 12.35673642158514
    vertex 37.43775939941446 132.5000000000003 12.852306127548271
  endloop
endfacet
facet normal -8.338354625870984e-16 -1.0 1.696252105545498e-16
  outer loop
    vertex 1.8047785488306544e-13 132.50000000000028 26.000000000000014
    vertex 37.43775939941446 132.5000000000003 12.852306127548271
    vertex 38.0994873046881 132.5000000000002 13.199606537818957
  endloop
endfacet
facet normal -8.338354625870984e-16 -1.0 1.696252105545498e-16
  outer loop
    vertex 1.8047785488306544e-13 132.50000000000028 26.000000000000014
    vertex 38.0994873046881 132.5000000000002 13.199606537818957
    vertex 38.825096130371605 132.5000000000004 13.378453612327624
  endloop
endfacet
facet normal -8.338354625870984e-16 -1.0 1.696252105545498e-16
  outer loop
    vertex 1.8047785488306544e-13 132.50000000000028 26.000000000000014
    vertex 38.825096130371605 132.5000000000004 13.378453612327624
    vertex 50.09999847412157 132.50000000000028 13.402112722396913
  endloop
endfacet
facet normal -8.338354625870984e-16 -1.0 1.696252105545498e-16
  outer loop
    vertex 63.50000000000049 132.5000000000003 13.402112722396913
    vertex 57.700000762939816 132.50000000000037 7.200000047683749
    vertex 63.50000000000049 132.5000000000003 7.200000047683749
  endloop
endfacet
facet normal -8.338354625870984e-16 -1.0 1.696252105545498e-16
  outer loop
    vertex 57.700000762939816 132.50000000000037 7.200000047683749
    vertex 63.50000000000049 132.5000000000003 13.402112722396913
    vertex 57.700000762939816 132.50000000000037 13.402112722396913
  endloop
endfacet
facet normal -8.338354625870984e-16 -1.0 1.696252105545498e-16
  outer loop
    vertex 77.39999961853086 132.50000000000037 13.402112722396913
    vertex 71.10000038147011 132.50000000000028 7.200000047683749
    vertex 77.39999961853086 132.50000000000037 7.200000047683749
  endloop
endfacet
facet normal -8.338354625870984e-16 -1.0 1.696252105545498e-16
  outer loop
    vertex 71.10000038147011 132.50000000000028 7.200000047683749
    vertex 77.39999961853086 132.50000000000037 13.402112722396913
    vertex 71.10000038147011 132.50000000000028 13.402112722396913
  endloop
endfacet
facet normal -3.0205353770645334e-15 3.733998347083006e-16 1.0
  outer loop
    vertex 82.60000000000021 126.50000000000028 39.65000152587929
    vertex 84.24770384319551 129.13765333685672 39.65000152587928
    vertex 84.2000000000002 129.50000000000023 39.65000152587928
  endloop
endfacet
facet normal -3.0205353770645334e-15 3.733998347083006e-16 1.0
  outer loop
    vertex 84.24770384319551 129.13765333685672 39.65000152587928
    vertex 82.60000000000021 126.50000000000028 39.65000152587929
    vertex 84.38756443470199 128.80000000000024 39.65000152587928
  endloop
endfacet
facet normal -3.0205353770645334e-15 3.733998347083006e-16 1.0
  outer loop
    vertex 84.38756443470199 128.80000000000024 39.65000152587928
    vertex 82.60000000000021 126.50000000000028 39.65000152587929
    vertex 84.61005050633904 128.51005050633907 39.65000152587928
  endloop
endfacet
facet normal -3.0205353770645334e-15 3.733998347083006e-16 1.0
  outer loop
    vertex 84.61005050633904 128.51005050633907 39.65000152587928
    vertex 82.60000000000021 126.50000000000028 39.65000152587929
    vertex 84.9000000000002 128.28756443470203 39.65000152587929
  endloop
endfacet
facet normal -3.0205353770645334e-15 3.733998347083006e-16 1.0
  outer loop
    vertex 84.9000000000002 128.28756443470203 39.65000152587929
    vertex 82.60000000000021 126.50000000000028 39.65000152587929
    vertex 88.60000000000021 126.50000000000028 39.65000152587929
  endloop
endfacet
facet normal -3.0205353770645334e-15 3.733998347083006e-16 1.0
  outer loop
    vertex 84.9000000000002 128.28756443470203 39.65000152587929
    vertex 88.60000000000021 126.50000000000028 39.65000152587929
    vertex 85.23765333685668 128.14770384319553 39.65000152587929
  endloop
endfacet
facet normal -3.0205353770645334e-15 3.733998347083006e-16 1.0
  outer loop
    vertex 85.23765333685668 128.14770384319553 39.65000152587929
    vertex 88.60000000000021 126.50000000000028 39.65000152587929
    vertex 85.60000000000021 128.10000000000025 39.65000152587929
  endloop
endfacet
facet normal -3.0205353770645334e-15 3.733998347083006e-16 1.0
  outer loop
    vertex 85.60000000000021 128.10000000000025 39.65000152587929
    vertex 88.60000000000021 126.50000000000028 39.65000152587929
    vertex 85.96234666314373 128.14770384319553 39.65000152587929
  endloop
endfacet
facet normal -3.0205353770645334e-15 3.733998347083006e-16 1.0
  outer loop
    vertex 85.96234666314373 128.14770384319553 39.65000152587929
    vertex 88.60000000000021 126.50000000000028 39.65000152587929
    vertex 86.3000000000002 128.28756443470203 39.65000152587929
  endloop
endfacet
facet normal -3.0205353770645334e-15 3.733998347083006e-16 1.0
  outer loop
    vertex 86.3000000000002 128.28756443470203 39.65000152587929
    vertex 88.60000000000021 126.50000000000028 39.65000152587929
    vertex 86.58994949366136 128.51005050633907 39.6500015258793
  endloop
endfacet
facet normal -3.0205353770645334e-15 3.733998347083006e-16 1.0
  outer loop
    vertex 86.58994949366136 128.51005050633907 39.6500015258793
    vertex 88.60000000000021 126.50000000000028 39.65000152587929
    vertex 86.81243556529841 128.80000000000024 39.6500015258793
  endloop
endfacet
facet normal -3.0205353770645334e-15 3.733998347083006e-16 1.0
  outer loop
    vertex 86.81243556529841 128.80000000000024 39.6500015258793
    vertex 88.60000000000021 126.50000000000028 39.65000152587929
    vertex 86.95229615680489 129.13765333685672 39.6500015258793
  endloop
endfacet
facet normal -3.0205353770645334e-15 3.733998347083006e-16 1.0
  outer loop
    vertex 86.95229615680489 129.13765333685672 39.6500015258793
    vertex 88.60000000000021 126.50000000000028 39.65000152587929
    vertex 87.0000000000002 129.50000000000023 39.6500015258793
  endloop
endfacet
facet normal -3.0205353770645334e-15 3.733998347083006e-16 1.0
  outer loop
    vertex 77.38315715332051 132.44866916824307 39.650001525879254
    vertex 94.60000000000021 132.5000000000002 39.65000152587932
    vertex 76.60000000000021 132.5000000000002 39.650001525879254
  endloop
endfacet
facet normal -3.0205353770645334e-15 3.733998347083006e-16 1.0
  outer loop
    vertex 94.60000000000021 132.5000000000002 39.65000152587932
    vertex 77.38315715332051 132.44866916824307 39.650001525879254
    vertex 78.15291427061533 132.29555495773462 39.65000152587926
  endloop
endfacet
facet normal -3.0205353770645334e-15 3.733998347083006e-16 1.0
  outer loop
    vertex 94.60000000000021 132.5000000000002 39.65000152587932
    vertex 78.15291427061533 132.29555495773462 39.65000152587926
    vertex 78.89610059419073 132.04327719506793 39.65000152587927
  endloop
endfacet
facet normal -3.0205353770645334e-15 3.733998347083006e-16 1.0
  outer loop
    vertex 94.60000000000021 132.5000000000002 39.65000152587932
    vertex 78.89610059419073 132.04327719506793 39.65000152587927
    vertex 79.6000000000002 131.69615242270686 39.650001525879276
  endloop
endfacet
facet normal -3.0205353770645334e-15 3.733998347083006e-16 1.0
  outer loop
    vertex 94.60000000000021 132.5000000000002 39.65000152587932
    vertex 79.6000000000002 131.69615242270686 39.650001525879276
    vertex 93.8168428466799 132.44866916824307 39.65000152587932
  endloop
endfacet
facet normal -3.0205353770645334e-15 3.733998347083006e-16 1.0
  outer loop
    vertex 93.8168428466799 132.44866916824307 39.65000152587932
    vertex 79.6000000000002 131.69615242270686 39.650001525879276
    vertex 80.25256857405252 131.26012004174765 39.650001525879276
  endloop
endfacet
facet normal -3.0205353770645334e-15 3.733998347083006e-16 1.0
  outer loop
    vertex 93.8168428466799 132.44866916824307 39.65000152587932
    vertex 80.25256857405252 131.26012004174765 39.650001525879276
    vertex 80.84264068711947 130.74264068711955 39.65000152587928
  endloop
endfacet
facet normal -3.0205353770645334e-15 3.733998347083006e-16 1.0
  outer loop
    vertex 93.8168428466799 132.44866916824307 39.65000152587932
    vertex 80.84264068711947 130.74264068711955 39.65000152587928
    vertex 81.3601200417476 130.15256857405257 39.65000152587928
  endloop
endfacet
facet normal -3.0205353770645334e-15 3.733998347083006e-16 1.0
  outer loop
    vertex 93.8168428466799 132.44866916824307 39.65000152587932
    vertex 81.3601200417476 130.15256857405257 39.65000152587928
    vertex 85.23765333685668 130.85229615680493 39.65000152587929
  endloop
endfacet
facet normal -3.0205353770645334e-15 3.733998347083006e-16 1.0
  outer loop
    vertex 85.23765333685668 130.85229615680493 39.65000152587929
    vertex 81.3601200417476 130.15256857405257 39.65000152587928
    vertex 81.79615242270683 129.50000000000026 39.65000152587929
  endloop
endfacet
facet normal -3.0205353770645334e-15 3.733998347083006e-16 1.0
  outer loop
    vertex 85.23765333685668 130.85229615680493 39.65000152587929
    vertex 81.79615242270683 129.50000000000026 39.65000152587929
    vertex 84.9000000000002 130.71243556529845 39.65000152587929
  endloop
endfacet
facet normal -3.0205353770645334e-15 3.733998347083006e-16 1.0
  outer loop
    vertex 84.9000000000002 130.71243556529845 39.65000152587929
    vertex 81.79615242270683 129.50000000000026 39.65000152587929
    vertex 82.14327719506791 128.7961005941908 39.65000152587929
  endloop
endfacet
facet normal -3.0205353770645334e-15 3.733998347083006e-16 1.0
  outer loop
    vertex 84.9000000000002 130.71243556529845 39.65000152587929
    vertex 82.14327719506791 128.7961005941908 39.65000152587929
    vertex 84.61005050633904 130.48994949366138 39.65000152587928
  endloop
endfacet
facet normal -3.0205353770645334e-15 3.733998347083006e-16 1.0
  outer loop
    vertex 84.61005050633904 130.48994949366138 39.65000152587928
    vertex 82.14327719506791 128.7961005941908 39.65000152587929
    vertex 82.3955549577346 128.0529142706154 39.65000152587929
  endloop
endfacet
facet normal -3.0205353770645334e-15 3.733998347083006e-16 1.0
  outer loop
    vertex 84.61005050633904 130.48994949366138 39.65000152587928
    vertex 82.3955549577346 128.0529142706154 39.65000152587929
    vertex 84.38756443470199 130.20000000000024 39.65000152587928
  endloop
endfacet
facet normal -3.0205353770645334e-15 3.733998347083006e-16 1.0
  outer loop
    vertex 84.38756443470199 130.20000000000024 39.65000152587928
    vertex 82.3955549577346 128.0529142706154 39.65000152587929
    vertex 82.54866916824307 127.2831571533206 39.65000152587929
  endloop
endfacet
facet normal -3.0205353770645334e-15 3.733998347083006e-16 1.0
  outer loop
    vertex 84.38756443470199 130.20000000000024 39.65000152587928
    vertex 82.54866916824307 127.2831571533206 39.65000152587929
    vertex 82.60000000000021 126.50000000000028 39.65000152587929
  endloop
endfacet
facet normal -3.0205353770645334e-15 3.733998347083006e-16 1.0
  outer loop
    vertex 84.38756443470199 130.20000000000024 39.65000152587928
    vertex 82.60000000000021 126.50000000000028 39.65000152587929
    vertex 84.24770384319551 129.86234666314377 39.65000152587928
  endloop
endfacet
facet normal -3.0205353770645334e-15 3.733998347083006e-16 1.0
  outer loop
    vertex 84.24770384319551 129.86234666314377 39.65000152587928
    vertex 82.60000000000021 126.50000000000028 39.65000152587929
    vertex 84.2000000000002 129.50000000000023 39.65000152587928
  endloop
endfacet
facet normal -3.0205353770645334e-15 3.733998347083006e-16 1.0
  outer loop
    vertex 93.8168428466799 132.44866916824307 39.65000152587932
    vertex 85.23765333685668 130.85229615680493 39.65000152587929
    vertex 85.60000000000021 130.90000000000023 39.65000152587929
  endloop
endfacet
facet normal -3.0205353770645334e-15 3.733998347083006e-16 1.0
  outer loop
    vertex 93.8168428466799 132.44866916824307 39.65000152587932
    vertex 85.60000000000021 130.90000000000023 39.65000152587929
    vertex 93.0470857293851 132.29555495773462 39.65000152587931
  endloop
endfacet
facet normal -3.0205353770645334e-15 3.733998347083006e-16 1.0
  outer loop
    vertex 93.0470857293851 132.29555495773462 39.65000152587931
    vertex 85.60000000000021 130.90000000000023 39.65000152587929
    vertex 85.96234666314373 130.85229615680493 39.65000152587929
  endloop
endfacet
facet normal -3.0205353770645334e-15 3.733998347083006e-16 1.0
  outer loop
    vertex 93.0470857293851 132.29555495773462 39.65000152587931
    vertex 85.96234666314373 130.85229615680493 39.65000152587929
    vertex 86.3000000000002 130.71243556529845 39.65000152587929
  endloop
endfacet
facet normal -3.0205353770645334e-15 3.733998347083006e-16 1.0
  outer loop
    vertex 93.0470857293851 132.29555495773462 39.65000152587931
    vertex 86.3000000000002 130.71243556529845 39.65000152587929
    vertex 86.58994949366136 130.48994949366138 39.6500015258793
  endloop
endfacet
facet normal -3.0205353770645334e-15 3.733998347083006e-16 1.0
  outer loop
    vertex 93.0470857293851 132.29555495773462 39.65000152587931
    vertex 86.58994949366136 130.48994949366138 39.6500015258793
    vertex 86.81243556529841 130.20000000000024 39.6500015258793
  endloop
endfacet
facet normal -3.0205353770645334e-15 3.733998347083006e-16 1.0
  outer loop
    vertex 93.0470857293851 132.29555495773462 39.65000152587931
    vertex 86.81243556529841 130.20000000000024 39.6500015258793
    vertex 92.30389940580969 132.04327719506793 39.65000152587931
  endloop
endfacet
facet normal -3.0205353770645334e-15 3.733998347083006e-16 1.0
  outer loop
    vertex 92.30389940580969 132.04327719506793 39.65000152587931
    vertex 86.81243556529841 130.20000000000024 39.6500015258793
    vertex 86.95229615680489 129.86234666314377 39.6500015258793
  endloop
endfacet
facet normal -3.0205353770645334e-15 3.733998347083006e-16 1.0
  outer loop
    vertex 92.30389940580969 132.04327719506793 39.65000152587931
    vertex 86.95229615680489 129.86234666314377 39.6500015258793
    vertex 87.0000000000002 129.50000000000023 39.6500015258793
  endloop
endfacet
facet normal -3.0205353770645334e-15 3.733998347083006e-16 1.0
  outer loop
    vertex 92.30389940580969 132.04327719506793 39.65000152587931
    vertex 87.0000000000002 129.50000000000023 39.6500015258793
    vertex 91.60000000000022 131.69615242270686 39.65000152587931
  endloop
endfacet
facet normal -3.0205353770645334e-15 3.733998347083006e-16 1.0
  outer loop
    vertex 91.60000000000022 131.69615242270686 39.65000152587931
    vertex 87.0000000000002 129.50000000000023 39.6500015258793
    vertex 90.9474314259479 131.26012004174765 39.650001525879304
  endloop
endfacet
facet normal -3.0205353770645334e-15 3.733998347083006e-16 1.0
  outer loop
    vertex 90.9474314259479 131.26012004174765 39.650001525879304
    vertex 87.0000000000002 129.50000000000023 39.6500015258793
    vertex 90.35735931288093 130.74264068711955 39.650001525879304
  endloop
endfacet
facet normal -3.0205353770645334e-15 3.733998347083006e-16 1.0
  outer loop
    vertex 90.35735931288093 130.74264068711955 39.650001525879304
    vertex 87.0000000000002 129.50000000000023 39.6500015258793
    vertex 89.83987995825281 130.15256857405257 39.650001525879304
  endloop
endfacet
facet normal -3.0205353770645334e-15 3.733998347083006e-16 1.0
  outer loop
    vertex 89.83987995825281 130.15256857405257 39.650001525879304
    vertex 87.0000000000002 129.50000000000023 39.6500015258793
    vertex 89.40384757729359 129.50000000000026 39.650001525879304
  endloop
endfacet
facet normal -3.0205353770645334e-15 3.733998347083006e-16 1.0
  outer loop
    vertex 89.40384757729359 129.50000000000026 39.650001525879304
    vertex 87.0000000000002 129.50000000000023 39.6500015258793
    vertex 89.05672280493249 128.7961005941908 39.6500015258793
  endloop
endfacet
facet normal -3.0205353770645334e-15 3.733998347083006e-16 1.0
  outer loop
    vertex 89.05672280493249 128.7961005941908 39.6500015258793
    vertex 87.0000000000002 129.50000000000023 39.6500015258793
    vertex 88.8044450422658 128.0529142706154 39.6500015258793
  endloop
endfacet
facet normal -3.0205353770645334e-15 3.733998347083006e-16 1.0
  outer loop
    vertex 88.8044450422658 128.0529142706154 39.6500015258793
    vertex 87.0000000000002 129.50000000000023 39.6500015258793
    vertex 88.65133083175735 127.2831571533206 39.65000152587929
  endloop
endfacet
facet normal -3.0205353770645334e-15 3.733998347083006e-16 1.0
  outer loop
    vertex 88.65133083175735 127.2831571533206 39.65000152587929
    vertex 87.0000000000002 129.50000000000023 39.6500015258793
    vertex 88.60000000000021 126.50000000000028 39.65000152587929
  endloop
endfacet
facet normal -3.2830116393537862e-15 8.636622392890892e-16 1.0
  outer loop
    vertex 94.60000000000021 3.000000000000012 39.65000152587934
    vertex 77.38315715332051 3.0513308317571837 39.65000152587927
    vertex 76.60000000000021 3.0000000000000444 39.650001525879254
  endloop
endfacet
facet normal -3.2830116393537862e-15 8.636622392890892e-16 1.0
  outer loop
    vertex 77.38315715332051 3.0513308317571837 39.65000152587927
    vertex 94.60000000000021 3.000000000000012 39.65000152587934
    vertex 78.15291427061534 3.2044450422656356 39.650001525879276
  endloop
endfacet
facet normal -3.2830116393537862e-15 8.636622392890892e-16 1.0
  outer loop
    vertex 78.15291427061534 3.2044450422656356 39.650001525879276
    vertex 94.60000000000021 3.000000000000012 39.65000152587934
    vertex 78.89610059419074 3.4567228049323244 39.65000152587928
  endloop
endfacet
facet normal -3.2830116393537862e-15 8.636622392890892e-16 1.0
  outer loop
    vertex 78.89610059419074 3.4567228049323244 39.65000152587928
    vertex 94.60000000000021 3.000000000000012 39.65000152587934
    vertex 79.60000000000021 3.803847577293411 39.65000152587929
  endloop
endfacet
facet normal -3.2830116393537862e-15 8.636622392890892e-16 1.0
  outer loop
    vertex 79.60000000000021 3.803847577293411 39.65000152587929
    vertex 94.60000000000021 3.000000000000012 39.65000152587934
    vertex 93.81684284667989 3.05133083175715 39.65000152587933
  endloop
endfacet
facet normal -3.2830116393537862e-15 8.636622392890892e-16 1.0
  outer loop
    vertex 79.60000000000021 3.803847577293411 39.65000152587929
    vertex 93.81684284667989 3.05133083175715 39.65000152587933
    vertex 80.25256857405253 4.23987995825263 39.6500015258793
  endloop
endfacet
facet normal -3.2830116393537862e-15 8.636622392890892e-16 1.0
  outer loop
    vertex 80.25256857405253 4.23987995825263 39.6500015258793
    vertex 93.81684284667989 3.05133083175715 39.65000152587933
    vertex 80.84264068711948 4.757359312880755 39.6500015258793
  endloop
endfacet
facet normal -3.2830116393537862e-15 8.636622392890892e-16 1.0
  outer loop
    vertex 80.84264068711948 4.757359312880755 39.6500015258793
    vertex 93.81684284667989 3.05133083175715 39.65000152587933
    vertex 81.3601200417476 5.347431425947714 39.650001525879304
  endloop
endfacet
facet normal -3.2830116393537862e-15 8.636622392890892e-16 1.0
  outer loop
    vertex 81.3601200417476 5.347431425947714 39.650001525879304
    vertex 93.81684284667989 3.05133083175715 39.65000152587933
    vertex 85.23765333685668 4.647703843195331 39.650001525879304
  endloop
endfacet
facet normal -3.2830116393537862e-15 8.636622392890892e-16 1.0
  outer loop
    vertex 81.3601200417476 5.347431425947714 39.650001525879304
    vertex 85.23765333685668 4.647703843195331 39.650001525879304
    vertex 81.79615242270684 6.000000000000035 39.650001525879304
  endloop
endfacet
facet normal -3.2830116393537862e-15 8.636622392890892e-16 1.0
  outer loop
    vertex 81.79615242270684 6.000000000000035 39.650001525879304
    vertex 85.23765333685668 4.647703843195331 39.650001525879304
    vertex 84.9000000000002 4.787564434701813 39.650001525879304
  endloop
endfacet
facet normal -3.2830116393537862e-15 8.636622392890892e-16 1.0
  outer loop
    vertex 81.79615242270684 6.000000000000035 39.650001525879304
    vertex 84.9000000000002 4.787564434701813 39.650001525879304
    vertex 82.14327719506792 6.703899405809494 39.650001525879304
  endloop
endfacet
facet normal -3.2830116393537862e-15 8.636622392890892e-16 1.0
  outer loop
    vertex 82.14327719506792 6.703899405809494 39.650001525879304
    vertex 84.9000000000002 4.787564434701813 39.650001525879304
    vertex 84.61005050633904 5.010050506338859 39.650001525879304
  endloop
endfacet
facet normal -3.2830116393537862e-15 8.636622392890892e-16 1.0
  outer loop
    vertex 82.14327719506792 6.703899405809494 39.650001525879304
    vertex 84.61005050633904 5.010050506338859 39.650001525879304
    vertex 82.3955549577346 7.447085729384906 39.650001525879304
  endloop
endfacet
facet normal -3.2830116393537862e-15 8.636622392890892e-16 1.0
  outer loop
    vertex 82.3955549577346 7.447085729384906 39.650001525879304
    vertex 84.61005050633904 5.010050506338859 39.650001525879304
    vertex 84.38756443470199 5.3000000000000265 39.650001525879304
  endloop
endfacet
facet normal -3.2830116393537862e-15 8.636622392890892e-16 1.0
  outer loop
    vertex 82.3955549577346 7.447085729384906 39.650001525879304
    vertex 84.38756443470199 5.3000000000000265 39.650001525879304
    vertex 82.54866916824307 8.216842846679718 39.6500015258793
  endloop
endfacet
facet normal -3.2830116393537862e-15 8.636622392890892e-16 1.0
  outer loop
    vertex 82.54866916824307 8.216842846679718 39.6500015258793
    vertex 84.38756443470199 5.3000000000000265 39.650001525879304
    vertex 82.60000000000021 9.000000000000027 39.65000152587929
  endloop
endfacet
facet normal -3.2830116393537862e-15 8.636622392890892e-16 1.0
  outer loop
    vertex 82.60000000000021 9.000000000000027 39.65000152587929
    vertex 84.38756443470199 5.3000000000000265 39.650001525879304
    vertex 84.24770384319551 5.637653336856497 39.6500015258793
  endloop
endfacet
facet normal -3.2830116393537862e-15 8.636622392890892e-16 1.0
  outer loop
    vertex 82.60000000000021 9.000000000000027 39.65000152587929
    vertex 84.24770384319551 5.637653336856497 39.6500015258793
    vertex 84.2000000000002 6.000000000000027 39.6500015258793
  endloop
endfacet
facet normal -3.2830116393537862e-15 8.636622392890892e-16 1.0
  outer loop
    vertex 85.23765333685668 4.647703843195331 39.650001525879304
    vertex 93.81684284667989 3.05133083175715 39.65000152587933
    vertex 85.60000000000021 4.600000000000027 39.650001525879304
  endloop
endfacet
facet normal -3.2830116393537862e-15 8.636622392890892e-16 1.0
  outer loop
    vertex 85.60000000000021 4.600000000000027 39.650001525879304
    vertex 93.81684284667989 3.05133083175715 39.65000152587933
    vertex 93.04708572938509 3.204445042265604 39.65000152587933
  endloop
endfacet
facet normal -3.2830116393537862e-15 8.636622392890892e-16 1.0
  outer loop
    vertex 85.60000000000021 4.600000000000027 39.650001525879304
    vertex 93.04708572938509 3.204445042265604 39.65000152587933
    vertex 85.96234666314373 4.647703843195332 39.650001525879304
  endloop
endfacet
facet normal -3.2830116393537862e-15 8.636622392890892e-16 1.0
  outer loop
    vertex 85.96234666314373 4.647703843195332 39.650001525879304
    vertex 93.04708572938509 3.204445042265604 39.65000152587933
    vertex 86.3000000000002 4.787564434701813 39.650001525879304
  endloop
endfacet
facet normal -3.2830116393537862e-15 8.636622392890892e-16 1.0
  outer loop
    vertex 86.3000000000002 4.787564434701813 39.650001525879304
    vertex 93.04708572938509 3.204445042265604 39.65000152587933
    vertex 86.58994949366136 5.01005050633886 39.650001525879304
  endloop
endfacet
facet normal -3.2830116393537862e-15 8.636622392890892e-16 1.0
  outer loop
    vertex 86.58994949366136 5.01005050633886 39.650001525879304
    vertex 93.04708572938509 3.204445042265604 39.65000152587933
    vertex 86.81243556529841 5.300000000000027 39.650001525879304
  endloop
endfacet
facet normal -3.2830116393537862e-15 8.636622392890892e-16 1.0
  outer loop
    vertex 86.81243556529841 5.300000000000027 39.650001525879304
    vertex 93.04708572938509 3.204445042265604 39.65000152587933
    vertex 92.30389940580967 3.4567228049322942 39.65000152587933
  endloop
endfacet
facet normal -3.2830116393537862e-15 8.636622392890892e-16 1.0
  outer loop
    vertex 86.81243556529841 5.300000000000027 39.650001525879304
    vertex 92.30389940580967 3.4567228049322942 39.65000152587933
    vertex 86.95229615680489 5.637653336856498 39.650001525879304
  endloop
endfacet
facet normal -3.2830116393537862e-15 8.636622392890892e-16 1.0
  outer loop
    vertex 86.95229615680489 5.637653336856498 39.650001525879304
    vertex 92.30389940580967 3.4567228049322942 39.65000152587933
    vertex 87.0000000000002 6.000000000000027 39.650001525879304
  endloop
endfacet
facet normal -3.2830116393537862e-15 8.636622392890892e-16 1.0
  outer loop
    vertex 87.0000000000002 6.000000000000027 39.650001525879304
    vertex 92.30389940580967 3.4567228049322942 39.65000152587933
    vertex 91.60000000000021 3.8038475772933844 39.650001525879325
  endloop
endfacet
facet normal -3.2830116393537862e-15 8.636622392890892e-16 1.0
  outer loop
    vertex 87.0000000000002 6.000000000000027 39.650001525879304
    vertex 91.60000000000021 3.8038475772933844 39.650001525879325
    vertex 90.94743142594788 4.239879958252606 39.65000152587932
  endloop
endfacet
facet normal -3.2830116393537862e-15 8.636622392890892e-16 1.0
  outer loop
    vertex 87.0000000000002 6.000000000000027 39.650001525879304
    vertex 90.94743142594788 4.239879958252606 39.65000152587932
    vertex 90.35735931288093 4.757359312880733 39.65000152587932
  endloop
endfacet
facet normal -3.2830116393537862e-15 8.636622392890892e-16 1.0
  outer loop
    vertex 87.0000000000002 6.000000000000027 39.650001525879304
    vertex 90.35735931288093 4.757359312880733 39.65000152587932
    vertex 89.8398799582528 5.347431425947695 39.65000152587931
  endloop
endfacet
facet normal -3.2830116393537862e-15 8.636622392890892e-16 1.0
  outer loop
    vertex 87.0000000000002 6.000000000000027 39.650001525879304
    vertex 89.8398799582528 5.347431425947695 39.65000152587931
    vertex 89.40384757729358 6.00000000000002 39.65000152587931
  endloop
endfacet
facet normal -3.2830116393537862e-15 8.636622392890892e-16 1.0
  outer loop
    vertex 87.0000000000002 6.000000000000027 39.650001525879304
    vertex 89.40384757729358 6.00000000000002 39.65000152587931
    vertex 89.05672280493249 6.703899405809484 39.650001525879304
  endloop
endfacet
facet normal -3.2830116393537862e-15 8.636622392890892e-16 1.0
  outer loop
    vertex 87.0000000000002 6.000000000000027 39.650001525879304
    vertex 89.05672280493249 6.703899405809484 39.650001525879304
    vertex 88.8044450422658 7.447085729384898 39.650001525879304
  endloop
endfacet
facet normal -3.2830116393537862e-15 8.636622392890892e-16 1.0
  outer loop
    vertex 87.0000000000002 6.000000000000027 39.650001525879304
    vertex 88.8044450422658 7.447085729384898 39.650001525879304
    vertex 88.65133083175735 8.216842846679713 39.650001525879304
  endloop
endfacet
facet normal -3.2830116393537862e-15 8.636622392890892e-16 1.0
  outer loop
    vertex 87.0000000000002 6.000000000000027 39.650001525879304
    vertex 88.65133083175735 8.216842846679713 39.650001525879304
    vertex 88.60000000000021 9.000000000000023 39.650001525879304
  endloop
endfacet
facet normal -3.2830116393537862e-15 8.636622392890892e-16 1.0
  outer loop
    vertex 82.60000000000021 9.000000000000027 39.65000152587929
    vertex 84.9000000000002 7.212435565298239 39.6500015258793
    vertex 88.60000000000021 9.000000000000023 39.650001525879304
  endloop
endfacet
facet normal -3.2830116393537862e-15 8.636622392890892e-16 1.0
  outer loop
    vertex 84.9000000000002 7.212435565298239 39.6500015258793
    vertex 82.60000000000021 9.000000000000027 39.65000152587929
    vertex 84.61005050633904 6.989949493661192 39.6500015258793
  endloop
endfacet
facet normal -3.2830116393537862e-15 8.636622392890892e-16 1.0
  outer loop
    vertex 84.61005050633904 6.989949493661192 39.6500015258793
    vertex 82.60000000000021 9.000000000000027 39.65000152587929
    vertex 84.38756443470199 6.700000000000024 39.6500015258793
  endloop
endfacet
facet normal -3.2830116393537862e-15 8.636622392890892e-16 1.0
  outer loop
    vertex 84.38756443470199 6.700000000000024 39.6500015258793
    vertex 82.60000000000021 9.000000000000027 39.65000152587929
    vertex 84.24770384319551 6.362346663143555 39.6500015258793
  endloop
endfacet
facet normal -3.2830116393537862e-15 8.636622392890892e-16 1.0
  outer loop
    vertex 84.24770384319551 6.362346663143555 39.6500015258793
    vertex 82.60000000000021 9.000000000000027 39.65000152587929
    vertex 84.2000000000002 6.000000000000027 39.6500015258793
  endloop
endfacet
facet normal -3.2830116393537862e-15 8.636622392890892e-16 1.0
  outer loop
    vertex 88.60000000000021 9.000000000000023 39.650001525879304
    vertex 84.9000000000002 7.212435565298239 39.6500015258793
    vertex 85.23765333685668 7.35229615680472 39.6500015258793
  endloop
endfacet
facet normal -3.2830116393537862e-15 8.636622392890892e-16 1.0
  outer loop
    vertex 88.60000000000021 9.000000000000023 39.650001525879304
    vertex 85.23765333685668 7.35229615680472 39.6500015258793
    vertex 85.60000000000021 7.400000000000026 39.6500015258793
  endloop
endfacet
facet normal -3.2830116393537862e-15 8.636622392890892e-16 1.0
  outer loop
    vertex 88.60000000000021 9.000000000000023 39.650001525879304
    vertex 85.60000000000021 7.400000000000026 39.6500015258793
    vertex 85.96234666314373 7.352296156804722 39.6500015258793
  endloop
endfacet
facet normal -3.2830116393537862e-15 8.636622392890892e-16 1.0
  outer loop
    vertex 88.60000000000021 9.000000000000023 39.650001525879304
    vertex 85.96234666314373 7.352296156804722 39.6500015258793
    vertex 86.3000000000002 7.21243556529824 39.650001525879304
  endloop
endfacet
facet normal -3.2830116393537862e-15 8.636622392890892e-16 1.0
  outer loop
    vertex 88.60000000000021 9.000000000000023 39.650001525879304
    vertex 86.3000000000002 7.21243556529824 39.650001525879304
    vertex 86.58994949366136 6.989949493661192 39.650001525879304
  endloop
endfacet
facet normal -3.2830116393537862e-15 8.636622392890892e-16 1.0
  outer loop
    vertex 88.60000000000021 9.000000000000023 39.650001525879304
    vertex 86.58994949366136 6.989949493661192 39.650001525879304
    vertex 86.81243556529841 6.700000000000026 39.650001525879304
  endloop
endfacet
facet normal -3.2830116393537862e-15 8.636622392890892e-16 1.0
  outer loop
    vertex 88.60000000000021 9.000000000000023 39.650001525879304
    vertex 86.81243556529841 6.700000000000026 39.650001525879304
    vertex 86.95229615680489 6.362346663143555 39.650001525879304
  endloop
endfacet
facet normal -3.2830116393537862e-15 8.636622392890892e-16 1.0
  outer loop
    vertex 88.60000000000021 9.000000000000023 39.650001525879304
    vertex 86.95229615680489 6.362346663143555 39.650001525879304
    vertex 87.0000000000002 6.000000000000027 39.650001525879304
  endloop
endfacet
facet normal -4.598092502542089e-15 -1.9534323833481296e-14 1.0
  outer loop
    vertex 36.40000000000024 3.0000000000001363 39.65000152587904
    vertex 19.18315715332055 3.0513308317572787 39.65000152587897
    vertex 18.400000000000244 3.0000000000001417 39.65000152587897
  endloop
endfacet
facet normal -4.598092502542089e-15 -1.9534323833481296e-14 1.0
  outer loop
    vertex 19.18315715332055 3.0513308317572787 39.65000152587897
    vertex 36.40000000000024 3.0000000000001363 39.65000152587904
    vertex 19.952914270615363 3.2044450422657293 39.65000152587898
  endloop
endfacet
facet normal -4.598092502542089e-15 -1.9534323833481296e-14 1.0
  outer loop
    vertex 19.952914270615363 3.2044450422657293 39.65000152587898
    vertex 36.40000000000024 3.0000000000001363 39.65000152587904
    vertex 20.69610059419077 3.4567228049324163 39.65000152587898
  endloop
endfacet
facet normal -4.598092502542089e-15 -1.9534323833481296e-14 1.0
  outer loop
    vertex 20.69610059419077 3.4567228049324163 39.65000152587898
    vertex 36.40000000000024 3.0000000000001363 39.65000152587904
    vertex 21.40000000000023 3.8038475772935 39.65000152587899
  endloop
endfacet
facet normal -4.598092502542089e-15 -1.9534323833481296e-14 1.0
  outer loop
    vertex 21.40000000000023 3.8038475772935 39.65000152587899
    vertex 36.40000000000024 3.0000000000001363 39.65000152587904
    vertex 35.616842846679944 3.0513308317572734 39.650001525879055
  endloop
endfacet
facet normal -4.598092502542089e-15 -1.9534323833481296e-14 1.0
  outer loop
    vertex 21.40000000000023 3.8038475772935 39.65000152587899
    vertex 35.616842846679944 3.0513308317572734 39.650001525879055
    vertex 22.05256857405255 4.2398799582527165 39.650001525879006
  endloop
endfacet
facet normal -4.598092502542089e-15 -1.9534323833481296e-14 1.0
  outer loop
    vertex 22.05256857405255 4.2398799582527165 39.650001525879006
    vertex 35.616842846679944 3.0513308317572734 39.650001525879055
    vertex 22.642640687119506 4.757359312880836 39.65000152587902
  endloop
endfacet
facet normal -4.598092502542089e-15 -1.9534323833481296e-14 1.0
  outer loop
    vertex 22.642640687119506 4.757359312880836 39.65000152587902
    vertex 35.616842846679944 3.0513308317572734 39.650001525879055
    vertex 23.160120041747636 5.347431425947792 39.650001525879034
  endloop
endfacet
facet normal -4.598092502542089e-15 -1.9534323833481296e-14 1.0
  outer loop
    vertex 23.160120041747636 5.347431425947792 39.650001525879034
    vertex 35.616842846679944 3.0513308317572734 39.650001525879055
    vertex 27.037653336856714 4.647703843195416 39.650001525879034
  endloop
endfacet
facet normal -4.598092502542089e-15 -1.9534323833481296e-14 1.0
  outer loop
    vertex 23.160120041747636 5.347431425947792 39.650001525879034
    vertex 27.037653336856714 4.647703843195416 39.650001525879034
    vertex 23.596152422706858 6.000000000000108 39.650001525879055
  endloop
endfacet
facet normal -4.598092502542089e-15 -1.9534323833481296e-14 1.0
  outer loop
    vertex 23.596152422706858 6.000000000000108 39.650001525879055
    vertex 27.037653336856714 4.647703843195416 39.650001525879034
    vertex 26.700000000000244 4.787564434701897 39.650001525879034
  endloop
endfacet
facet normal -4.598092502542089e-15 -1.9534323833481296e-14 1.0
  outer loop
    vertex 23.596152422706858 6.000000000000108 39.650001525879055
    vertex 26.700000000000244 4.787564434701897 39.650001525879034
    vertex 23.943277195067946 6.703899405809563 39.65000152587908
  endloop
endfacet
facet normal -4.598092502542089e-15 -1.9534323833481296e-14 1.0
  outer loop
    vertex 23.943277195067946 6.703899405809563 39.65000152587908
    vertex 26.700000000000244 4.787564434701897 39.650001525879034
    vertex 26.410050506339076 5.010050506338945 39.650001525879034
  endloop
endfacet
facet normal -4.598092502542089e-15 -1.9534323833481296e-14 1.0
  outer loop
    vertex 23.943277195067946 6.703899405809563 39.65000152587908
    vertex 26.410050506339076 5.010050506338945 39.650001525879034
    vertex 24.19555495773464 7.44708572938497 39.6500015258791
  endloop
endfacet
facet normal -4.598092502542089e-15 -1.9534323833481296e-14 1.0
  outer loop
    vertex 24.19555495773464 7.44708572938497 39.6500015258791
    vertex 26.410050506339076 5.010050506338945 39.650001525879034
    vertex 26.187564434702026 5.300000000000111 39.65000152587904
  endloop
endfacet
facet normal -4.598092502542089e-15 -1.9534323833481296e-14 1.0
  outer loop
    vertex 24.19555495773464 7.44708572938497 39.6500015258791
    vertex 26.187564434702026 5.300000000000111 39.65000152587904
    vertex 24.3486691682431 8.216842846679778 39.65000152587913
  endloop
endfacet
facet normal -4.598092502542089e-15 -1.9534323833481296e-14 1.0
  outer loop
    vertex 24.3486691682431 8.216842846679778 39.65000152587913
    vertex 26.187564434702026 5.300000000000111 39.65000152587904
    vertex 24.400000000000244 9.000000000000082 39.65000152587915
  endloop
endfacet
facet normal -4.598092502542089e-15 -1.9534323833481296e-14 1.0
  outer loop
    vertex 24.400000000000244 9.000000000000082 39.65000152587915
    vertex 26.187564434702026 5.300000000000111 39.65000152587904
    vertex 26.047703843195546 5.637653336856582 39.650001525879055
  endloop
endfacet
facet normal -4.598092502542089e-15 -1.9534323833481296e-14 1.0
  outer loop
    vertex 24.400000000000244 9.000000000000082 39.65000152587915
    vertex 26.047703843195546 5.637653336856582 39.650001525879055
    vertex 26.000000000000245 6.000000000000112 39.65000152587906
  endloop
endfacet
facet normal -4.598092502542089e-15 -1.9534323833481296e-14 1.0
  outer loop
    vertex 27.037653336856714 4.647703843195416 39.650001525879034
    vertex 35.616842846679944 3.0513308317572734 39.650001525879055
    vertex 27.400000000000244 4.6000000000001116 39.650001525879034
  endloop
endfacet
facet normal -4.598092502542089e-15 -1.9534323833481296e-14 1.0
  outer loop
    vertex 27.400000000000244 4.6000000000001116 39.650001525879034
    vertex 35.616842846679944 3.0513308317572734 39.650001525879055
    vertex 34.84708572938513 3.2044450422657245 39.65000152587906
  endloop
endfacet
facet normal -4.598092502542089e-15 -1.9534323833481296e-14 1.0
  outer loop
    vertex 27.400000000000244 4.6000000000001116 39.650001525879034
    vertex 34.84708572938513 3.2044450422657245 39.65000152587906
    vertex 27.762346663143774 4.647703843195416 39.650001525879034
  endloop
endfacet
facet normal -4.598092502542089e-15 -1.9534323833481296e-14 1.0
  outer loop
    vertex 27.762346663143774 4.647703843195416 39.650001525879034
    vertex 34.84708572938513 3.2044450422657245 39.65000152587906
    vertex 28.100000000000243 4.787564434701898 39.650001525879034
  endloop
endfacet
facet normal -4.598092502542089e-15 -1.9534323833481296e-14 1.0
  outer loop
    vertex 28.100000000000243 4.787564434701898 39.650001525879034
    vertex 34.84708572938513 3.2044450422657245 39.65000152587906
    vertex 28.38994949366141 5.010050506338945 39.65000152587904
  endloop
endfacet
facet normal -4.598092502542089e-15 -1.9534323833481296e-14 1.0
  outer loop
    vertex 28.38994949366141 5.010050506338945 39.65000152587904
    vertex 34.84708572938513 3.2044450422657245 39.65000152587906
    vertex 28.61243556529846 5.300000000000112 39.650001525879055
  endloop
endfacet
facet normal -4.598092502542089e-15 -1.9534323833481296e-14 1.0
  outer loop
    vertex 28.61243556529846 5.300000000000112 39.650001525879055
    vertex 34.84708572938513 3.2044450422657245 39.65000152587906
    vertex 34.10389940580972 3.456722804932412 39.65000152587906
  endloop
endfacet
facet normal -4.598092502542089e-15 -1.9534323833481296e-14 1.0
  outer loop
    vertex 28.61243556529846 5.300000000000112 39.650001525879055
    vertex 34.10389940580972 3.456722804932412 39.65000152587906
    vertex 28.75229615680494 5.637653336856583 39.65000152587906
  endloop
endfacet
facet normal -4.598092502542089e-15 -1.9534323833481296e-14 1.0
  outer loop
    vertex 28.75229615680494 5.637653336856583 39.65000152587906
    vertex 34.10389940580972 3.456722804932412 39.65000152587906
    vertex 28.80000000000024 6.000000000000112 39.65000152587907
  endloop
endfacet
facet normal -4.598092502542089e-15 -1.9534323833481296e-14 1.0
  outer loop
    vertex 28.80000000000024 6.000000000000112 39.65000152587907
    vertex 34.10389940580972 3.456722804932412 39.65000152587906
    vertex 33.40000000000026 3.803847577293497 39.65000152587907
  endloop
endfacet
facet normal -4.598092502542089e-15 -1.9534323833481296e-14 1.0
  outer loop
    vertex 28.80000000000024 6.000000000000112 39.65000152587907
    vertex 33.40000000000026 3.803847577293497 39.65000152587907
    vertex 32.74743142594794 4.239879958252715 39.65000152587908
  endloop
endfacet
facet normal -4.598092502542089e-15 -1.9534323833481296e-14 1.0
  outer loop
    vertex 28.80000000000024 6.000000000000112 39.65000152587907
    vertex 32.74743142594794 4.239879958252715 39.65000152587908
    vertex 32.157359312880985 4.757359312880834 39.650001525879084
  endloop
endfacet
facet normal -4.598092502542089e-15 -1.9534323833481296e-14 1.0
  outer loop
    vertex 28.80000000000024 6.000000000000112 39.65000152587907
    vertex 32.157359312880985 4.757359312880834 39.650001525879084
    vertex 31.639879958252855 5.34743142594779 39.650001525879084
  endloop
endfacet
facet normal -4.598092502542089e-15 -1.9534323833481296e-14 1.0
  outer loop
    vertex 28.80000000000024 6.000000000000112 39.65000152587907
    vertex 31.639879958252855 5.34743142594779 39.650001525879084
    vertex 31.203847577293637 6.0000000000001075 39.650001525879084
  endloop
endfacet
facet normal -4.598092502542089e-15 -1.9534323833481296e-14 1.0
  outer loop
    vertex 28.80000000000024 6.000000000000112 39.65000152587907
    vertex 31.203847577293637 6.0000000000001075 39.650001525879084
    vertex 30.85672280493254 6.703899405809563 39.65000152587909
  endloop
endfacet
facet normal -4.598092502542089e-15 -1.9534323833481296e-14 1.0
  outer loop
    vertex 28.80000000000024 6.000000000000112 39.65000152587907
    vertex 30.85672280493254 6.703899405809563 39.65000152587909
    vertex 30.60444504226585 7.44708572938497 39.65000152587909
  endloop
endfacet
facet normal -4.598092502542089e-15 -1.9534323833481296e-14 1.0
  outer loop
    vertex 28.80000000000024 6.000000000000112 39.65000152587907
    vertex 30.60444504226585 7.44708572938497 39.65000152587909
    vertex 30.451330831757392 8.216842846679778 39.65000152587909
  endloop
endfacet
facet normal -4.598092502542089e-15 -1.9534323833481296e-14 1.0
  outer loop
    vertex 28.80000000000024 6.000000000000112 39.65000152587907
    vertex 30.451330831757392 8.216842846679778 39.65000152587909
    vertex 30.400000000000247 9.000000000000083 39.65000152587909
  endloop
endfacet
facet normal -4.598092502542089e-15 -1.9534323833481296e-14 1.0
  outer loop
    vertex 24.400000000000244 9.000000000000082 39.65000152587915
    vertex 26.700000000000244 7.2124355652983265 39.65000152587909
    vertex 30.400000000000247 9.000000000000083 39.65000152587909
  endloop
endfacet
facet normal -4.598092502542089e-15 -1.9534323833481296e-14 1.0
  outer loop
    vertex 26.700000000000244 7.2124355652983265 39.65000152587909
    vertex 24.400000000000244 9.000000000000082 39.65000152587915
    vertex 26.410050506339076 6.989949493661278 39.650001525879084
  endloop
endfacet
facet normal -4.598092502542089e-15 -1.9534323833481296e-14 1.0
  outer loop
    vertex 26.410050506339076 6.989949493661278 39.650001525879084
    vertex 24.400000000000244 9.000000000000082 39.65000152587915
    vertex 26.187564434702026 6.70000000000011 39.65000152587908
  endloop
endfacet
facet normal -4.598092502542089e-15 -1.9534323833481296e-14 1.0
  outer loop
    vertex 26.187564434702026 6.70000000000011 39.65000152587908
    vertex 24.400000000000244 9.000000000000082 39.65000152587915
    vertex 26.047703843195546 6.362346663143639 39.65000152587907
  endloop
endfacet
facet normal -4.598092502542089e-15 -1.9534323833481296e-14 1.0
  outer loop
    vertex 26.047703843195546 6.362346663143639 39.65000152587907
    vertex 24.400000000000244 9.000000000000082 39.65000152587915
    vertex 26.000000000000245 6.000000000000112 39.65000152587906
  endloop
endfacet
facet normal -4.598092502542089e-15 -1.9534323833481296e-14 1.0
  outer loop
    vertex 30.400000000000247 9.000000000000083 39.65000152587909
    vertex 26.700000000000244 7.2124355652983265 39.65000152587909
    vertex 27.037653336856714 7.352296156804808 39.6500015258791
  endloop
endfacet
facet normal -4.598092502542089e-15 -1.9534323833481296e-14 1.0
  outer loop
    vertex 30.400000000000247 9.000000000000083 39.65000152587909
    vertex 27.037653336856714 7.352296156804808 39.6500015258791
    vertex 27.400000000000244 7.400000000000112 39.6500015258791
  endloop
endfacet
facet normal -4.598092502542089e-15 -1.9534323833481296e-14 1.0
  outer loop
    vertex 30.400000000000247 9.000000000000083 39.65000152587909
    vertex 27.400000000000244 7.400000000000112 39.6500015258791
    vertex 27.762346663143774 7.352296156804808 39.6500015258791
  endloop
endfacet
facet normal -4.598092502542089e-15 -1.9534323833481296e-14 1.0
  outer loop
    vertex 30.400000000000247 9.000000000000083 39.65000152587909
    vertex 27.762346663143774 7.352296156804808 39.6500015258791
    vertex 28.100000000000243 7.2124355652983265 39.6500015258791
  endloop
endfacet
facet normal -4.598092502542089e-15 -1.9534323833481296e-14 1.0
  outer loop
    vertex 30.400000000000247 9.000000000000083 39.65000152587909
    vertex 28.100000000000243 7.2124355652983265 39.6500015258791
    vertex 28.38994949366141 6.989949493661278 39.65000152587909
  endloop
endfacet
facet normal -4.598092502542089e-15 -1.9534323833481296e-14 1.0
  outer loop
    vertex 30.400000000000247 9.000000000000083 39.65000152587909
    vertex 28.38994949366141 6.989949493661278 39.65000152587909
    vertex 28.61243556529846 6.700000000000112 39.650001525879084
  endloop
endfacet
facet normal -4.598092502542089e-15 -1.9534323833481296e-14 1.0
  outer loop
    vertex 30.400000000000247 9.000000000000083 39.65000152587909
    vertex 28.61243556529846 6.700000000000112 39.650001525879084
    vertex 28.75229615680494 6.362346663143641 39.65000152587908
  endloop
endfacet
facet normal -4.598092502542089e-15 -1.9534323833481296e-14 1.0
  outer loop
    vertex 30.400000000000247 9.000000000000083 39.65000152587909
    vertex 28.75229615680494 6.362346663143641 39.65000152587908
    vertex 28.80000000000024 6.000000000000112 39.65000152587907
  endloop
endfacet
facet normal 1.570492038526156e-15 1.0 -2.4233134875503406e-16
  outer loop
    vertex 8.000000000000256 3.000000000000085 3.0000000000000346
    vertex 18.40000000000026 3.0000000000003184 33.650001525878984
    vertex 105.00000000000026 2.9999999999999947 3.0000000000004596
  endloop
endfacet
facet normal 1.570492038526156e-15 1.0 -2.4233134875503406e-16
  outer loop
    vertex 18.40000000000026 3.0000000000003184 33.650001525878984
    vertex 8.000000000000256 3.000000000000085 3.0000000000000346
    vertex 8.000000000000256 3.000000000000085 42.65000152587892
  endloop
endfacet
facet normal 1.570492038526156e-15 1.0 -2.4233134875503406e-16
  outer loop
    vertex 18.40000000000026 3.0000000000003184 33.650001525878984
    vertex 8.000000000000256 3.000000000000085 42.65000152587892
    vertex 18.400000000000244 3.0000000000001417 39.65000152587897
  endloop
endfacet
facet normal 1.570492038526156e-15 1.0 -2.4233134875503406e-16
  outer loop
    vertex 18.400000000000244 3.0000000000001417 39.65000152587897
    vertex 8.000000000000256 3.000000000000085 42.65000152587892
    vertex 36.40000000000024 3.0000000000001363 39.65000152587904
  endloop
endfacet
facet normal 1.570492038526156e-15 1.0 -2.4233134875503406e-16
  outer loop
    vertex 36.40000000000024 3.0000000000001363 39.65000152587904
    vertex 8.000000000000256 3.000000000000085 42.65000152587892
    vertex 76.60000000000021 3.0000000000000444 39.650001525879254
  endloop
endfacet
facet normal 1.570492038526156e-15 1.0 -2.4233134875503406e-16
  outer loop
    vertex 76.60000000000021 3.0000000000000444 39.650001525879254
    vertex 8.000000000000256 3.000000000000085 42.65000152587892
    vertex 94.60000000000021 3.000000000000012 39.65000152587934
  endloop
endfacet
facet normal 1.570492038526156e-15 1.0 -2.4233134875503406e-16
  outer loop
    vertex 105.00000000000026 2.9999999999999947 3.0000000000004596
    vertex 94.60000000000022 3.000000000000012 33.65000152587933
    vertex 104.99999999999999 2.9999999999999947 42.6500015258794
  endloop
endfacet
facet normal 1.570492038526156e-15 1.0 -2.4233134875503406e-16
  outer loop
    vertex 94.60000000000022 3.000000000000012 33.65000152587933
    vertex 105.00000000000026 2.9999999999999947 3.0000000000004596
    vertex 36.40000000000023 3.0000000000001816 33.65000152587902
  endloop
endfacet
facet normal 1.570492038526156e-15 1.0 -2.4233134875503406e-16
  outer loop
    vertex 36.40000000000023 3.0000000000001816 33.65000152587902
    vertex 105.00000000000026 2.9999999999999947 3.0000000000004596
    vertex 18.40000000000026 3.0000000000003184 33.650001525878984
  endloop
endfacet
facet normal 1.570492038526156e-15 1.0 -2.4233134875503406e-16
  outer loop
    vertex 94.60000000000022 3.000000000000012 33.65000152587933
    vertex 36.40000000000023 3.0000000000001816 33.65000152587902
    vertex 76.60000000000024 3.0000000000000395 33.65000152587923
  endloop
endfacet
facet normal 1.570492038526156e-15 1.0 -2.4233134875503406e-16
  outer loop
    vertex 104.99999999999999 2.9999999999999947 42.6500015258794
    vertex 94.60000000000022 3.000000000000012 33.65000152587933
    vertex 94.60000000000021 3.000000000000012 39.65000152587934
  endloop
endfacet
facet normal 1.570492038526156e-15 1.0 -2.4233134875503406e-16
  outer loop
    vertex 104.99999999999999 2.9999999999999947 42.6500015258794
    vertex 94.60000000000021 3.000000000000012 39.65000152587934
    vertex 8.000000000000256 3.000000000000085 42.65000152587892
  endloop
endfacet
facet normal 1.570492038526156e-15 1.0 -2.4233134875503406e-16
  outer loop
    vertex 36.40000000000024 3.0000000000001363 39.65000152587904
    vertex 76.60000000000024 3.0000000000000395 33.65000152587923
    vertex 36.40000000000023 3.0000000000001816 33.65000152587902
  endloop
endfacet
facet normal 1.570492038526156e-15 1.0 -2.4233134875503406e-16
  outer loop
    vertex 76.60000000000024 3.0000000000000395 33.65000152587923
    vertex 36.40000000000024 3.0000000000001363 39.65000152587904
    vertex 76.60000000000021 3.0000000000000444 39.650001525879254
  endloop
endfacet
endsolid oleander_2
