solid oleander_2
facet normal 2.31342722756267e-14 -5.046562295434296e-08 0.9999999999999988
  outer loop
    vertex 431.9740721998044 87.65923859995367 8.147948588475376
    vertex 431.9740721998044 88.18020417612566 8.147948588475376
    vertex 431.95127556894505 87.91970612925047 8.147948588475986
  endloop
endfacet
facet normal 2.31342722756267e-14 -5.046562295434296e-08 0.9999999999999988
  outer loop
    vertex 431.9740721998044 88.18020417612566 8.147948588475376
    vertex 431.9740721998044 87.65923859995367 8.147948588475376
    vertex 432.0417449292969 87.40670564096939 8.147948588475703
  endloop
endfacet
facet normal 2.31342722756267e-14 -5.046562295434296e-08 0.9999999999999988
  outer loop
    vertex 431.9740721998044 88.18020417612566 8.147948588475376
    vertex 432.0417449292969 87.40670564096939 8.147948588475703
    vertex 432.0417449292969 88.43273713510992 8.147948588475703
  endloop
endfacet
facet normal 2.31342722756267e-14 -5.046562295434296e-08 0.9999999999999988
  outer loop
    vertex 432.0417449292969 88.43273713510992 8.147948588475703
    vertex 432.0417449292969 87.40670564096939 8.147948588475703
    vertex 432.1522490796887 87.16970612925066 8.14794858847505
  endloop
endfacet
facet normal 2.31342722756267e-14 -5.046562295434296e-08 0.9999999999999988
  outer loop
    vertex 432.0417449292969 88.43273713510992 8.147948588475703
    vertex 432.1522490796887 87.16970612925066 8.14794858847505
    vertex 432.1522490796887 88.66970612925049 8.14794858847505
  endloop
endfacet
facet normal 2.31342722756267e-14 -5.046562295434296e-08 0.9999999999999988
  outer loop
    vertex 432.1522490796887 88.66970612925049 8.14794858847505
    vertex 432.1522490796887 87.16970612925066 8.14794858847505
    vertex 432.3022124585937 86.95553376596918 8.147948588475185
  endloop
endfacet
facet normal 2.31342722756267e-14 -5.046562295434296e-08 0.9999999999999988
  outer loop
    vertex 432.1522490796887 88.66970612925049 8.14794858847505
    vertex 432.3022124585937 86.95553376596918 8.147948588475185
    vertex 432.3022124585937 88.88390901010979 8.147948588475185
  endloop
endfacet
facet normal 2.31342722756267e-14 -5.046562295434296e-08 0.9999999999999988
  outer loop
    vertex 432.3022124585937 88.88390901010979 8.147948588475185
    vertex 432.3022124585937 86.95553376596918 8.147948588475185
    vertex 432.4871032056635 86.77065827768794 8.147948588474959
  endloop
endfacet
facet normal 2.31342722756267e-14 -5.046562295434296e-08 0.9999999999999988
  outer loop
    vertex 432.3022124585937 88.88390901010979 8.147948588475185
    vertex 432.4871032056635 86.77065827768794 8.147948588474959
    vertex 432.4871032056635 89.06878449839103 8.147948588474959
  endloop
endfacet
facet normal 2.31342722756267e-14 -5.046562295434296e-08 0.9999999999999988
  outer loop
    vertex 432.4871032056635 89.06878449839103 8.147948588474959
    vertex 432.4871032056635 86.77065827768794 8.147948588474959
    vertex 432.55128167246045 87.91970612925049 8.147948588474936
  endloop
endfacet
facet normal 2.31342722756267e-14 -5.046562295434296e-08 0.9999999999999988
  outer loop
    vertex 432.55128167246045 87.91970612925049 8.147948588474936
    vertex 432.4871032056635 86.77065827768794 8.147948588474959
    vertex 432.5649535474607 87.76342561167233 8.147948588474689
  endloop
endfacet
facet normal 2.31342722756267e-14 -5.046562295434296e-08 0.9999999999999988
  outer loop
    vertex 432.5649535474607 87.76342561167233 8.147948588474689
    vertex 432.4871032056635 86.77065827768794 8.147948588474959
    vertex 432.7012755689444 86.62069489878178 8.14794858847506
  endloop
endfacet
facet normal 2.31342722756267e-14 -5.046562295434296e-08 0.9999999999999988
  outer loop
    vertex 432.5649535474607 87.76342561167233 8.147948588474689
    vertex 432.7012755689444 86.62069489878178 8.14794858847506
    vertex 432.6055571851557 87.6119058362818 8.14794858847533
  endloop
endfacet
facet normal 2.31342722756267e-14 -5.046562295434296e-08 0.9999999999999988
  outer loop
    vertex 432.6055571851557 87.6119058362818 8.14794858847533
    vertex 432.7012755689444 86.62069489878178 8.14794858847506
    vertex 432.6718566236327 87.46972443979739 8.14794858847479
  endloop
endfacet
facet normal 2.31342722756267e-14 -5.046562295434296e-08 0.9999999999999988
  outer loop
    vertex 432.6718566236327 87.46972443979739 8.14794858847479
    vertex 432.7012755689444 86.62069489878178 8.14794858847506
    vertex 432.7618377027343 87.34121491831313 8.147948588475353
  endloop
endfacet
facet normal 2.31342722756267e-14 -5.046562295434296e-08 0.9999999999999988
  outer loop
    vertex 432.7618377027343 87.34121491831313 8.147948588475353
    vertex 432.7012755689444 86.62069489878178 8.14794858847506
    vertex 432.93825982187434 86.51019074839112 8.147948469266133
  endloop
endfacet
facet normal 2.31342722756267e-14 -5.046562295434296e-08 0.9999999999999988
  outer loop
    vertex 432.7618377027343 87.34121491831313 8.147948588475353
    vertex 432.93825982187434 86.51019074839112 8.147948469266133
    vertex 432.87276909921934 87.2302835218287 8.147948588475455
  endloop
endfacet
facet normal 2.31342722756267e-14 -5.046562295434296e-08 0.9999999999999988
  outer loop
    vertex 432.87276909921934 87.2302835218287 8.147948588475455
    vertex 432.93825982187434 86.51019074839112 8.147948469266133
    vertex 433.0012786207028 87.140287183938 8.147948588474982
  endloop
endfacet
facet normal 2.31342722756267e-14 -5.046562295434296e-08 0.9999999999999988
  outer loop
    vertex 433.0012786207028 87.140287183938 8.147948588474982
    vertex 432.93825982187434 86.51019074839112 8.147948469266133
    vertex 433.1908080396483 86.44250276010989 8.147948469265557
  endloop
endfacet
facet normal 2.31342722756267e-14 -5.046562295434296e-08 0.9999999999999988
  outer loop
    vertex 433.0012786207028 87.140287183938 8.147948588474982
    vertex 433.1908080396483 86.44250276010989 8.147948469265557
    vertex 433.1434600171864 87.07400300425054 8.14794858847542
  endloop
endfacet
facet normal 2.31342722756267e-14 -5.046562295434296e-08 0.9999999999999988
  outer loop
    vertex 433.1434600171864 87.07400300425054 8.14794858847542
    vertex 433.1908080396483 86.44250276010989 8.147948469265557
    vertex 433.2949950513663 87.03338410776622 8.147948588475094
  endloop
endfacet
facet normal 2.31342722756267e-14 -5.046562295434296e-08 0.9999999999999988
  outer loop
    vertex 433.2949950513663 87.03338410776622 8.147948588475094
    vertex 433.1908080396483 86.44250276010989 8.147948469265557
    vertex 433.4512755689461 86.41970612925043 8.14794846926646
  endloop
endfacet
facet normal 2.31342722756267e-14 -5.046562295434296e-08 0.9999999999999988
  outer loop
    vertex 433.2949950513663 87.03338410776622 8.147948588475094
    vertex 433.4512755689461 86.41970612925043 8.14794846926646
    vertex 433.4512755689453 87.01971223276625 8.147948588474653
  endloop
endfacet
facet normal 2.31342722756267e-14 -5.046562295434296e-08 0.9999999999999988
  outer loop
    vertex 433.4512755689453 87.01971223276625 8.147948588474653
    vertex 433.4512755689461 86.41970612925043 8.14794846926646
    vertex 433.60757134531224 87.03338410776622 8.14794858847515
  endloop
endfacet
facet normal 2.31342722756267e-14 -5.046562295434296e-08 0.9999999999999988
  outer loop
    vertex 433.60757134531224 87.03338410776622 8.14794858847515
    vertex 433.4512755689461 86.41970612925043 8.14794846926646
    vertex 433.7117583570318 86.44250276010989 8.14794846926637
  endloop
endfacet
facet normal 2.31342722756267e-14 -5.046562295434296e-08 0.9999999999999988
  outer loop
    vertex 433.60757134531224 87.03338410776622 8.14794858847515
    vertex 433.7117583570318 86.44250276010989 8.14794846926637
    vertex 433.7591063794928 87.07400300425051 8.147948588475387
  endloop
endfacet
facet normal 2.31342722756267e-14 -5.046562295434296e-08 0.9999999999999988
  outer loop
    vertex 433.7591063794928 87.07400300425051 8.147948588475387
    vertex 433.7117583570318 86.44250276010989 8.14794846926637
    vertex 433.9643065748044 86.51019074839111 8.147948469266774
  endloop
endfacet
facet normal 2.31342722756267e-14 -5.046562295434296e-08 0.9999999999999988
  outer loop
    vertex 433.7591063794928 87.07400300425051 8.147948588475387
    vertex 433.9643065748044 86.51019074839111 8.147948469266774
    vertex 433.90128777597636 87.14028718393799 8.147948588475467
  endloop
endfacet
facet normal 2.31342722756267e-14 -5.046562295434296e-08 0.9999999999999988
  outer loop
    vertex 433.90128777597636 87.14028718393799 8.147948588475467
    vertex 433.9643065748044 86.51019074839111 8.147948469266774
    vertex 434.0297972974606 87.23028352182867 8.147948588475105
  endloop
endfacet
facet normal 2.31342722756267e-14 -5.046562295434296e-08 0.9999999999999988
  outer loop
    vertex 434.0297972974606 87.23028352182867 8.147948588475105
    vertex 433.9643065748044 86.51019074839111 8.147948469266774
    vertex 434.20127556894596 86.62069489878172 8.147948588474327
  endloop
endfacet
facet normal 2.31342722756267e-14 -5.046562295434296e-08 0.9999999999999988
  outer loop
    vertex 434.0297972974606 87.23028352182867 8.147948588475105
    vertex 434.20127556894596 86.62069489878172 8.147948588474327
    vertex 434.1407286939444 87.34121491831309 8.147948588474982
  endloop
endfacet
facet normal 2.31342722756267e-14 -5.046562295434296e-08 0.9999999999999988
  outer loop
    vertex 434.1407286939444 87.34121491831309 8.147948588474982
    vertex 434.20127556894596 86.62069489878172 8.147948588474327
    vertex 434.23070977304656 87.46972443979735 8.147948588475016
  endloop
endfacet
facet normal 2.31342722756267e-14 -5.046562295434296e-08 0.9999999999999988
  outer loop
    vertex 434.23070977304656 87.46972443979735 8.147948588475016
    vertex 434.20127556894596 86.62069489878172 8.147948588474327
    vertex 434.415463191015 86.7706582776879 8.147948588474845
  endloop
endfacet
facet normal 2.31342722756267e-14 -5.046562295434296e-08 0.9999999999999988
  outer loop
    vertex 434.23070977304656 87.46972443979735 8.147948588475016
    vertex 434.415463191015 86.7706582776879 8.147948588474845
    vertex 434.2970092115234 87.61190583628175 8.147948588475366
  endloop
endfacet
facet normal 2.31342722756267e-14 -5.046562295434296e-08 0.9999999999999988
  outer loop
    vertex 434.2970092115234 87.61190583628175 8.147948588475366
    vertex 434.415463191015 86.7706582776879 8.147948588474845
    vertex 434.3376128492185 87.76342561167228 8.147948588475296
  endloop
endfacet
facet normal 2.31342722756267e-14 -5.046562295434296e-08 0.9999999999999988
  outer loop
    vertex 434.3376128492185 87.76342561167228 8.147948588475296
    vertex 434.415463191015 86.7706582776879 8.147948588474845
    vertex 434.351284724219 87.91970612925044 8.147948588474756
  endloop
endfacet
facet normal 2.31342722756267e-14 -5.046562295434296e-08 0.9999999999999988
  outer loop
    vertex 432.4871032056635 89.06878449839103 8.147948588474959
    vertex 432.5649535474607 88.07601716440665 8.147948588474689
    vertex 432.70127556894596 89.21874787729739 8.147948707683977
  endloop
endfacet
facet normal 2.31342722756267e-14 -5.046562295434296e-08 0.9999999999999988
  outer loop
    vertex 432.5649535474607 88.07601716440665 8.147948588474689
    vertex 432.4871032056635 89.06878449839103 8.147948588474959
    vertex 432.55128167246045 87.91970612925049 8.147948588474936
  endloop
endfacet
facet normal 2.31342722756267e-14 -5.046562295434296e-08 0.9999999999999988
  outer loop
    vertex 432.70127556894596 89.21874787729739 8.147948707683977
    vertex 432.5649535474607 88.07601716440665 8.147948588474689
    vertex 432.6055571851557 88.22753693979736 8.14794858847533
  endloop
endfacet
facet normal 2.31342722756267e-14 -5.046562295434296e-08 0.9999999999999988
  outer loop
    vertex 432.70127556894596 89.21874787729739 8.147948707683977
    vertex 432.6055571851557 88.22753693979736 8.14794858847533
    vertex 432.6718566236327 88.36971833628176 8.14794858847479
  endloop
endfacet
facet normal 2.31342722756267e-14 -5.046562295434296e-08 0.9999999999999988
  outer loop
    vertex 432.70127556894596 89.21874787729739 8.147948707683977
    vertex 432.6718566236327 88.36971833628176 8.14794858847479
    vertex 432.7618377027343 88.49822785776621 8.147948588475353
  endloop
endfacet
facet normal 2.31342722756267e-14 -5.046562295434296e-08 0.9999999999999988
  outer loop
    vertex 432.70127556894596 89.21874787729739 8.147948707683977
    vertex 432.7618377027343 88.49822785776621 8.147948588475353
    vertex 432.93825982187536 89.329252027688 8.147948707684563
  endloop
endfacet
facet normal 2.31342722756267e-14 -5.046562295434296e-08 0.9999999999999988
  outer loop
    vertex 432.93825982187536 89.329252027688 8.147948707684563
    vertex 432.7618377027343 88.49822785776621 8.147948588475353
    vertex 432.87276909921934 88.60915925425061 8.147948588475455
  endloop
endfacet
facet normal 2.31342722756267e-14 -5.046562295434296e-08 0.9999999999999988
  outer loop
    vertex 432.93825982187536 89.329252027688 8.147948707684563
    vertex 432.87276909921934 88.60915925425061 8.147948588475455
    vertex 433.0012786207028 88.69915559214112 8.147948588474982
  endloop
endfacet
facet normal 2.31342722756267e-14 -5.046562295434296e-08 0.9999999999999988
  outer loop
    vertex 432.93825982187536 89.329252027688 8.147948707684563
    vertex 433.0012786207028 88.69915559214112 8.147948588474982
    vertex 433.19080803964744 89.39694001596922 8.147948707684575
  endloop
endfacet
facet normal 2.31342722756267e-14 -5.046562295434296e-08 0.9999999999999988
  outer loop
    vertex 433.19080803964744 89.39694001596922 8.147948707684575
    vertex 433.0012786207028 88.69915559214112 8.147948588474982
    vertex 433.1434600171864 88.76543977182878 8.14794858847542
  endloop
endfacet
facet normal 2.31342722756267e-14 -5.046562295434296e-08 0.9999999999999988
  outer loop
    vertex 433.19080803964744 89.39694001596922 8.147948707684575
    vertex 433.1434600171864 88.76543977182878 8.14794858847542
    vertex 433.2949950513663 88.80605866831306 8.147948588475094
  endloop
endfacet
facet normal 2.31342722756267e-14 -5.046562295434296e-08 0.9999999999999988
  outer loop
    vertex 433.19080803964744 89.39694001596922 8.147948707684575
    vertex 433.2949950513663 88.80605866831306 8.147948588475094
    vertex 433.45127556894454 89.41970612925047 8.147948707684495
  endloop
endfacet
facet normal 2.31342722756267e-14 -5.046562295434296e-08 0.9999999999999988
  outer loop
    vertex 433.45127556894454 89.41970612925047 8.147948707684495
    vertex 433.2949950513663 88.80605866831306 8.147948588475094
    vertex 433.4512755689453 88.81973054331301 8.147948588474653
  endloop
endfacet
facet normal 2.31342722756267e-14 -5.046562295434296e-08 0.9999999999999988
  outer loop
    vertex 433.45127556894454 89.41970612925047 8.147948707684495
    vertex 433.4512755689453 88.81973054331301 8.147948588474653
    vertex 433.71175835703053 89.39694001596921 8.147948707684384
  endloop
endfacet
facet normal 2.31342722756267e-14 -5.046562295434296e-08 0.9999999999999988
  outer loop
    vertex 433.71175835703053 89.39694001596921 8.147948707684384
    vertex 433.4512755689453 88.81973054331301 8.147948588474653
    vertex 433.60757134531224 88.80605866831306 8.14794858847515
  endloop
endfacet
facet normal 2.31342722756267e-14 -5.046562295434296e-08 0.9999999999999988
  outer loop
    vertex 433.71175835703053 89.39694001596921 8.147948707684384
    vertex 433.60757134531224 88.80605866831306 8.14794858847515
    vertex 433.7591063794928 88.76543977182875 8.147948588475387
  endloop
endfacet
facet normal 2.31342722756267e-14 -5.046562295434296e-08 0.9999999999999988
  outer loop
    vertex 433.71175835703053 89.39694001596921 8.147948707684384
    vertex 433.7591063794928 88.76543977182875 8.147948588475387
    vertex 433.96430657480545 89.32925202768799 8.147948707684666
  endloop
endfacet
facet normal 2.31342722756267e-14 -5.046562295434296e-08 0.9999999999999988
  outer loop
    vertex 433.96430657480545 89.32925202768799 8.147948707684666
    vertex 433.7591063794928 88.76543977182875 8.147948588475387
    vertex 433.90128777597636 88.69915559214111 8.147948588475467
  endloop
endfacet
facet normal 2.31342722756267e-14 -5.046562295434296e-08 0.9999999999999988
  outer loop
    vertex 433.96430657480545 89.32925202768799 8.147948707684666
    vertex 433.90128777597636 88.69915559214111 8.147948588475467
    vertex 434.0297972974606 88.6091592542506 8.147948588475105
  endloop
endfacet
facet normal 2.31342722756267e-14 -5.046562295434296e-08 0.9999999999999988
  outer loop
    vertex 433.96430657480545 89.32925202768799 8.147948707684666
    vertex 434.0297972974606 88.6091592542506 8.147948588475105
    vertex 434.2012755689451 89.21874787729733 8.147948707684801
  endloop
endfacet
facet normal 2.31342722756267e-14 -5.046562295434296e-08 0.9999999999999988
  outer loop
    vertex 434.2012755689451 89.21874787729733 8.147948707684801
    vertex 434.0297972974606 88.6091592542506 8.147948588475105
    vertex 434.1407286939444 88.49822785776617 8.147948588474982
  endloop
endfacet
facet normal 2.31342722756267e-14 -5.046562295434296e-08 0.9999999999999988
  outer loop
    vertex 434.2012755689451 89.21874787729733 8.147948707684801
    vertex 434.1407286939444 88.49822785776617 8.147948588474982
    vertex 434.23070977304656 88.36971833628172 8.147948588475016
  endloop
endfacet
facet normal 2.31342722756267e-14 -5.046562295434296e-08 0.9999999999999988
  outer loop
    vertex 434.2012755689451 89.21874787729733 8.147948707684801
    vertex 434.23070977304656 88.36971833628172 8.147948588475016
    vertex 434.415463191015 89.06878449839098 8.147948588474845
  endloop
endfacet
facet normal 2.31342722756267e-14 -5.046562295434296e-08 0.9999999999999988
  outer loop
    vertex 434.415463191015 89.06878449839098 8.147948588474845
    vertex 434.23070977304656 88.36971833628172 8.147948588475016
    vertex 434.2970092115234 88.2275369397973 8.147948588475366
  endloop
endfacet
facet normal 2.31342722756267e-14 -5.046562295434296e-08 0.9999999999999988
  outer loop
    vertex 434.415463191015 89.06878449839098 8.147948588474845
    vertex 434.2970092115234 88.2275369397973 8.147948588475366
    vertex 434.3376128492185 88.07601716440661 8.147948588475296
  endloop
endfacet
facet normal 2.31342722756267e-14 -5.046562295434296e-08 0.9999999999999988
  outer loop
    vertex 434.415463191015 89.06878449839098 8.147948588474845
    vertex 434.3376128492185 88.07601716440661 8.147948588475296
    vertex 434.351284724219 87.91970612925044 8.147948588474756
  endloop
endfacet
facet normal 2.31342722756267e-14 -5.046562295434296e-08 0.9999999999999988
  outer loop
    vertex 434.415463191015 89.06878449839098 8.147948588474845
    vertex 434.351284724219 87.91970612925044 8.147948588474756
    vertex 434.415463191015 86.7706582776879 8.147948588474845
  endloop
endfacet
facet normal 2.31342722756267e-14 -5.046562295434296e-08 0.9999999999999988
  outer loop
    vertex 434.415463191015 89.06878449839098 8.147948588474845
    vertex 434.415463191015 86.7706582776879 8.147948588474845
    vertex 434.60035393808664 86.95553376596911 8.147948588474915
  endloop
endfacet
facet normal 2.31342722756267e-14 -5.046562295434296e-08 0.9999999999999988
  outer loop
    vertex 434.415463191015 89.06878449839098 8.147948588474845
    vertex 434.60035393808664 86.95553376596911 8.147948588474915
    vertex 434.60035393808664 88.88390901010972 8.147948588474915
  endloop
endfacet
facet normal 2.31342722756267e-14 -5.046562295434296e-08 0.9999999999999988
  outer loop
    vertex 434.60035393808664 88.88390901010972 8.147948588474915
    vertex 434.60035393808664 86.95553376596911 8.147948588474915
    vertex 434.75031731699187 87.16970612925057 8.1479485884754
  endloop
endfacet
facet normal 2.31342722756267e-14 -5.046562295434296e-08 0.9999999999999988
  outer loop
    vertex 434.60035393808664 88.88390901010972 8.147948588474915
    vertex 434.75031731699187 87.16970612925057 8.1479485884754
    vertex 434.75031731699187 88.66970612925041 8.1479485884754
  endloop
endfacet
facet normal 2.31342722756267e-14 -5.046562295434296e-08 0.9999999999999988
  outer loop
    vertex 434.75031731699187 88.66970612925041 8.1479485884754
    vertex 434.75031731699187 87.16970612925057 8.1479485884754
    vertex 434.86082146738306 87.40670564096934 8.147948588475296
  endloop
endfacet
facet normal 2.31342722756267e-14 -5.046562295434296e-08 0.9999999999999988
  outer loop
    vertex 434.75031731699187 88.66970612925041 8.1479485884754
    vertex 434.86082146738306 87.40670564096934 8.147948588475296
    vertex 434.86082146738306 88.43273713510985 8.147948588475296
  endloop
endfacet
facet normal 2.31342722756267e-14 -5.046562295434296e-08 0.9999999999999988
  outer loop
    vertex 434.86082146738306 88.43273713510985 8.147948588475296
    vertex 434.86082146738306 87.40670564096934 8.147948588475296
    vertex 434.9284941968752 87.6592385999536 8.1479485884747
  endloop
endfacet
facet normal 2.31342722756267e-14 -5.046562295434296e-08 0.9999999999999988
  outer loop
    vertex 434.86082146738306 88.43273713510985 8.147948588475296
    vertex 434.9284941968752 87.6592385999536 8.1479485884747
    vertex 434.9284941968752 88.18020417612559 8.1479485884747
  endloop
endfacet
facet normal 2.31342722756267e-14 -5.046562295434296e-08 0.9999999999999988
  outer loop
    vertex 434.9284941968752 88.18020417612559 8.1479485884747
    vertex 434.9284941968752 87.6592385999536 8.1479485884747
    vertex 434.9512755689456 87.9197061292504 8.14794858847497
  endloop
endfacet
facet normal -0.965932424194211 0.2587944201297529 -7.388534228880417e-14
  outer loop
    vertex 432.58981011484275 64.7326944105004 11.347947324855756
    vertex 432.54920647714914 64.58114411753179 8.14794751559068
    vertex 432.54920647714846 64.58114411753168 11.347947324856184
  endloop
endfacet
facet normal -0.965932424194211 0.2587944201297529 -7.388534228880417e-14
  outer loop
    vertex 432.54920647714914 64.58114411753179 8.14794751559068
    vertex 432.58981011484275 64.7326944105004 11.347947324855756
    vertex 432.58981011484303 64.73269441050051 8.147947515590726
  endloop
endfacet
facet normal 0.3826834323650822 -0.9238795325112901 -2.6645352591003757e-14
  outer loop
    vertex 392.17216570713185 3.2046293264486376 4.347947071090628
    vertex 391.786276179296 3.044788650441161 7.347947071091299
    vertex 391.78627617929584 3.0447886504412507 4.3479470710906165
  endloop
endfacet
facet normal 0.3826834323650822 -0.9238795325112901 -2.6645352591003757e-14
  outer loop
    vertex 391.786276179296 3.044788650441161 7.347947071091299
    vertex 392.17216570713185 3.2046293264486376 4.347947071090628
    vertex 392.1721657071316 3.2046293264485475 7.34794707109078
  endloop
endfacet
facet normal -0.6087614290087434 0.7933533402912178 1.3489209749195652e-14
  outer loop
    vertex 451.5862761792958 0.2735073583310139 4.347947071091113
    vertex 451.9176470291943 0.5277771544875611 7.34794707109078
    vertex 451.9176470291942 0.5277771544876512 4.347947071090775
  endloop
endfacet
facet normal -0.6087614290087434 0.7933533402912178 1.3489209749195652e-14
  outer loop
    vertex 451.9176470291943 0.5277771544875611 7.34794707109078
    vertex 451.5862761792958 0.2735073583310139 4.347947071091113
    vertex 451.58627617929534 0.273507358330924 7.3479470710909265
  endloop
endfacet
facet normal -0.7933533402912438 -0.6087614290087093 -6.286637876939949e-15
  outer loop
    vertex 451.9176470291942 2.790518854284503 7.347947071090746
    vertex 452.1719168253502 2.4591480043861194 4.347947071091305
    vertex 452.17191682535065 2.4591480043860305 7.347947071091073
  endloop
endfacet
facet normal -0.7933533402912438 -0.6087614290087093 -6.286637876939949e-15
  outer loop
    vertex 452.1719168253502 2.4591480043861194 4.347947071091305
    vertex 451.9176470291942 2.790518854284503 7.347947071090746
    vertex 451.9176470291941 2.7905188542845902 4.347947071090775
  endloop
endfacet
facet normal 0.9914448613738159 -0.13052619222000972 -4.565792188770956e-15
  outer loop
    vertex 449.18627617929604 1.659148004386124 4.347947071091169
    vertex 449.24079485723365 2.0732584765500666 7.347947071091108
    vertex 449.18627617929553 1.6591480043860352 7.347947071091108
  endloop
endfacet
facet normal 0.9914448613738159 -0.13052619222000972 -4.565792188770956e-15
  outer loop
    vertex 449.24079485723365 2.0732584765500666 7.347947071091108
    vertex 449.18627617929604 1.659148004386124 4.347947071091169
    vertex 449.2407948572333 2.073258476550156 4.3479470710911015
  endloop
endfacet
facet normal -0.9238795325112596 -0.3826834323651558 -1.3905543383430089e-14
  outer loop
    vertex 393.9719168253507 2.459148004386052 7.3479470710907915
    vertex 394.1317575013582 2.073258476550174 4.347947071091079
    vertex 394.1317575013582 2.0732584765500874 7.347947071091152
  endloop
endfacet
facet normal -0.9238795325112596 -0.3826834323651558 -1.3905543383430089e-14
  outer loop
    vertex 394.1317575013582 2.073258476550174 4.347947071091079
    vertex 393.9719168253507 2.459148004386052 7.3479470710907915
    vertex 393.97191682535066 2.4591480043861407 4.34794707109109
  endloop
endfacet
facet normal -0.13052619222006942 0.991444861373808 1.482147737874584e-14
  outer loop
    vertex 450.78627617929607 0.059148004386124775 4.3479470710912596
    vertex 451.2003866514597 0.11366668232352985 7.347947071091231
    vertex 451.20038665145984 0.11366668232362004 4.347947071091124
  endloop
endfacet
facet normal -0.13052619222006942 0.991444861373808 1.482147737874584e-14
  outer loop
    vertex 451.2003866514597 0.11366668232352985 7.347947071091231
    vertex 450.78627617929607 0.059148004386124775 4.3479470710912596
    vertex 450.7862761792956 0.05914800438603456 7.3479470710906
  endloop
endfacet
facet normal 0.991444861373816 0.13052619222000988 5.898059818321144e-15
  outer loop
    vertex 391.0407948572329 1.2450375322221123 4.347947071090741
    vertex 390.9862761792957 1.6591480043860556 7.347947071091108
    vertex 391.0407948572338 1.2450375322220224 7.34794707109113
  endloop
endfacet
facet normal 0.991444861373816 0.13052619222000988 5.898059818321144e-15
  outer loop
    vertex 390.9862761792957 1.6591480043860556 7.347947071091108
    vertex 391.0407948572329 1.2450375322221123 4.347947071090741
    vertex 390.9862761792955 1.6591480043861417 4.347947071090989
  endloop
endfacet
facet normal 0.6087614290087434 -0.7933533402912178 -1.3489209749195652e-14
  outer loop
    vertex 449.98627617929577 3.044788650441139 7.347947071090611
    vertex 449.65490532939725 2.7905188542845907 4.347947071091293
    vertex 449.98627617929577 3.044788650441229 4.347947071090831
  endloop
endfacet
facet normal 0.6087614290087434 -0.7933533402912178 -1.3489209749195652e-14
  outer loop
    vertex 449.65490532939725 2.7905188542845907 4.347947071091293
    vertex 449.98627617929577 3.044788650441139 7.347947071090611
    vertex 449.65490532939725 2.7905188542845027 7.34794707109078
  endloop
endfacet
facet normal 0.13052619222005538 -0.99144486137381 -1.481627320831791e-14
  outer loop
    vertex 450.78627617929595 3.259148004386126 4.347947071091282
    vertex 450.3721657071319 3.2046293264485377 7.347947071090769
    vertex 450.37216570713156 3.20462932644863 4.347947071090898
  endloop
endfacet
facet normal 0.13052619222005538 -0.99144486137381 -1.481627320831791e-14
  outer loop
    vertex 450.3721657071319 3.2046293264485377 7.347947071090769
    vertex 450.78627617929595 3.259148004386126 4.347947071091282
    vertex 450.7862761792956 3.2591480043860366 7.347947071090645
  endloop
endfacet
facet normal 0.9914448613738159 0.13052619222000977 -1.942890293094024e-15
  outer loop
    vertex 449.2407948572333 1.2450375322220901 4.34794707109109
    vertex 449.18627617929553 1.6591480043860352 7.347947071091108
    vertex 449.2407948572336 1.2450375322220015 7.347947071091073
  endloop
endfacet
facet normal 0.9914448613738159 0.13052619222000977 -1.942890293094024e-15
  outer loop
    vertex 449.18627617929553 1.6591480043860352 7.347947071091108
    vertex 449.2407948572333 1.2450375322220901 4.34794707109109
    vertex 449.18627617929604 1.659148004386124 4.347947071091169
  endloop
endfacet
facet normal -0.7933533402912438 0.6087614290087094 1.149080830487037e-14
  outer loop
    vertex 452.17191682535065 0.8591480043860324 7.347947071091164
    vertex 451.9176470291942 0.5277771544876512 4.347947071090775
    vertex 451.9176470291943 0.5277771544875611 7.34794707109078
  endloop
endfacet
facet normal -0.7933533402912438 0.6087614290087094 1.149080830487037e-14
  outer loop
    vertex 451.9176470291942 0.5277771544876512 4.347947071090775
    vertex 452.17191682535065 0.8591480043860324 7.347947071091164
    vertex 452.17191682535025 0.8591480043861219 4.347947071091406
  endloop
endfacet
facet normal 0.9914448613738159 -0.1305261922200098 -1.0824674490095276e-15
  outer loop
    vertex 390.9862761792955 1.6591480043861417 4.347947071090989
    vertex 391.0407948572338 2.0732584765500874 7.34794707109113
    vertex 390.9862761792957 1.6591480043860556 7.347947071091108
  endloop
endfacet
facet normal 0.9914448613738159 -0.1305261922200098 -1.0824674490095276e-15
  outer loop
    vertex 391.0407948572338 2.0732584765500874 7.34794707109113
    vertex 390.9862761792955 1.6591480043861417 4.347947071090989
    vertex 391.0407948572329 2.0732584765501745 4.347947071090741
  endloop
endfacet
facet normal 0.3826834323650827 0.9238795325112898 1.1796119636642288e-14
  outer loop
    vertex 449.98627617929577 0.27350735833101486 4.347947071090887
    vertex 450.3721657071317 0.11366668232352997 7.347947071090882
    vertex 450.37216570713156 0.11366668232362026 4.347947071090854
  endloop
endfacet
facet normal 0.3826834323650827 0.9238795325112898 1.1796119636642288e-14
  outer loop
    vertex 450.3721657071317 0.11366668232352997 7.347947071090882
    vertex 449.98627617929577 0.27350735833101486 4.347947071090887
    vertex 449.9862761792959 0.2735073583309247 7.347947071090667
  endloop
endfacet
facet normal -0.9914448613738159 0.1305261922200098 1.0824674490095276e-15
  outer loop
    vertex 394.18627617929565 1.6591480043860574 7.347947071090938
    vertex 394.1317575013582 1.2450375322221106 4.347947071091079
    vertex 394.1317575013582 1.2450375322220222 7.347947071091152
  endloop
endfacet
facet normal -0.9914448613738159 0.1305261922200098 1.0824674490095276e-15
  outer loop
    vertex 394.1317575013582 1.2450375322221106 4.347947071091079
    vertex 394.18627617929565 1.6591480043860574 7.347947071090938
    vertex 394.18627617929553 1.6591480043861413 4.3479470710906725
  endloop
endfacet
facet normal 0.6087614290087434 -0.7933533402912178 -2.2412627309620348e-14
  outer loop
    vertex 391.786276179296 3.044788650441161 7.347947071091299
    vertex 391.4549053293974 2.7905188542846133 4.347947071090831
    vertex 391.78627617929584 3.0447886504412507 4.3479470710906165
  endloop
endfacet
facet normal 0.6087614290087434 -0.7933533402912178 -2.2412627309620348e-14
  outer loop
    vertex 391.4549053293974 2.7905188542846133 4.347947071090831
    vertex 391.786276179296 3.044788650441161 7.347947071091299
    vertex 391.4549053293972 2.790518854284523 7.347947071091299
  endloop
endfacet
facet normal 0.7933533402912438 -0.6087614290087096 -1.6112111644872587e-14
  outer loop
    vertex 391.2006355332405 2.45914800438614 4.347947071090729
    vertex 391.4549053293972 2.790518854284523 7.347947071091299
    vertex 391.2006355332408 2.4591480043860536 7.347947071091118
  endloop
endfacet
facet normal 0.7933533402912438 -0.6087614290087096 -1.6112111644872587e-14
  outer loop
    vertex 391.4549053293972 2.790518854284523 7.347947071091299
    vertex 391.2006355332405 2.45914800438614 4.347947071090729
    vertex 391.4549053293974 2.7905188542846133 4.347947071090831
  endloop
endfacet
facet normal -0.9914448613738159 -0.13052619222000977 1.942890293094024e-15
  outer loop
    vertex 452.33175750135797 2.073258476550062 7.34794707109113
    vertex 452.3862761792955 1.6591480043861209 4.347947071091586
    vertex 452.3862761792946 1.659148004386031 7.347947071090916
  endloop
endfacet
facet normal -0.9914448613738159 -0.13052619222000977 1.942890293094024e-15
  outer loop
    vertex 452.3862761792955 1.6591480043861209 4.347947071091586
    vertex 452.33175750135797 2.073258476550062 7.34794707109113
    vertex 452.3317575013581 2.073258476550152 4.347947071091214
  endloop
endfacet
facet normal -0.3826834323650829 -0.9238795325112896 -2.873395965607983e-14
  outer loop
    vertex 393.38627617929546 3.04478865044116 7.3479470710909265
    vertex 393.0003866514599 3.204629326448642 4.347947071090955
    vertex 393.386276179296 3.0447886504412476 4.347947071090785
  endloop
endfacet
facet normal -0.3826834323650829 -0.9238795325112896 -2.873395965607983e-14
  outer loop
    vertex 393.0003866514599 3.204629326448642 4.347947071090955
    vertex 393.38627617929546 3.04478865044116 7.3479470710909265
    vertex 393.0003866514606 3.2046293264485426 7.3479470710908705
  endloop
endfacet
facet normal -0.3826834323650827 -0.9238795325112898 -1.1796119636642288e-14
  outer loop
    vertex 451.586276179296 3.0447886504412316 4.347947071091135
    vertex 451.20038665145984 3.204629326448535 7.347947071091175
    vertex 451.2003866514599 3.2046293264486287 4.347947071090977
  endloop
endfacet
facet normal -0.3826834323650827 -0.9238795325112898 -1.1796119636642288e-14
  outer loop
    vertex 451.20038665145984 3.204629326448535 7.347947071091175
    vertex 451.586276179296 3.0447886504412316 4.347947071091135
    vertex 451.5862761792955 3.0447886504411388 7.347947071090972
  endloop
endfacet
facet normal -0.7933533402912434 -0.6087614290087099 -2.0428103653102877e-14
  outer loop
    vertex 393.71764702919364 2.7905188542845263 7.34794707109096
    vertex 393.97191682535066 2.4591480043861407 4.34794707109109
    vertex 393.9719168253507 2.459148004386052 7.3479470710907915
  endloop
endfacet
facet normal -0.7933533402912434 -0.6087614290087099 -2.0428103653102877e-14
  outer loop
    vertex 393.97191682535066 2.4591480043861407 4.34794707109109
    vertex 393.71764702919364 2.7905188542845263 7.34794707109096
    vertex 393.71764702919404 2.7905188542846124 4.347947071090628
  endloop
endfacet
facet normal 0.7933533402912438 0.6087614290087093 6.286637876939949e-15
  outer loop
    vertex 449.6549053293971 0.5277771544876523 4.347947071091293
    vertex 449.4006355332411 0.8591480043860339 7.347947071091197
    vertex 449.65490532939725 0.5277771544875623 7.347947071090758
  endloop
endfacet
facet normal 0.7933533402912438 0.6087614290087093 6.286637876939949e-15
  outer loop
    vertex 449.4006355332411 0.8591480043860339 7.347947071091197
    vertex 449.6549053293971 0.5277771544876523 4.347947071091293
    vertex 449.4006355332408 0.8591480043861237 4.347947071091474
  endloop
endfacet
facet normal 0.13052619222005596 0.9914448613738098 1.395238091728146e-14
  outer loop
    vertex 450.3721657071317 0.11366668232352997 7.347947071090882
    vertex 450.78627617929607 0.059148004386124775 4.3479470710912596
    vertex 450.37216570713156 0.11366668232362026 4.347947071090854
  endloop
endfacet
facet normal 0.13052619222005596 0.9914448613738098 1.395238091728146e-14
  outer loop
    vertex 450.78627617929607 0.059148004386124775 4.3479470710912596
    vertex 450.3721657071317 0.11366668232352997 7.347947071090882
    vertex 450.7862761792956 0.05914800438603456 7.3479470710906
  endloop
endfacet
facet normal -0.6087614290087433 -0.7933533402912178 -9.950373858202965e-15
  outer loop
    vertex 451.9176470291942 2.790518854284503 7.347947071090746
    vertex 451.586276179296 3.0447886504412316 4.347947071091135
    vertex 451.9176470291941 2.7905188542845902 4.347947071090775
  endloop
endfacet
facet normal -0.6087614290087433 -0.7933533402912178 -9.950373858202965e-15
  outer loop
    vertex 451.586276179296 3.0447886504412316 4.347947071091135
    vertex 451.9176470291942 2.790518854284503 7.347947071090746
    vertex 451.5862761792955 3.0447886504411388 7.347947071090972
  endloop
endfacet
facet normal 0.13052619222001635 -0.991444861373815 -2.8548344244150314e-14
  outer loop
    vertex 450.7862761792965 126.75914800438706 4.3479470710946435
    vertex 450.37216570713247 126.70462932644952 7.347947071094266
    vertex 450.3721657071322 126.70462932644958 4.347947071093854
  endloop
endfacet
facet normal 0.13052619222001635 -0.991444861373815 -2.8548344244150314e-14
  outer loop
    vertex 450.37216570713247 126.70462932644952 7.347947071094266
    vertex 450.7862761792965 126.75914800438706 4.3479470710946435
    vertex 450.7862761792964 126.75914800438699 7.3479470710943
  endloop
endfacet
facet normal -0.13052619222005596 -0.9914448613738098 -1.395238091728146e-14
  outer loop
    vertex 451.20038665145984 3.204629326448535 7.347947071091175
    vertex 450.78627617929595 3.259148004386126 4.347947071091282
    vertex 451.2003866514599 3.2046293264486287 4.347947071090977
  endloop
endfacet
facet normal -0.13052619222005596 -0.9914448613738098 -1.395238091728146e-14
  outer loop
    vertex 450.78627617929595 3.259148004386126 4.347947071091282
    vertex 451.20038665145984 3.204629326448535 7.347947071091175
    vertex 450.7862761792956 3.2591480043860366 7.347947071090645
  endloop
endfacet
facet normal -0.9238795325112593 0.382683432365156 8.215650382226158e-15
  outer loop
    vertex 452.33175750135797 1.2450375322220004 7.347947071091186
    vertex 452.17191682535025 0.8591480043861219 4.347947071091406
    vertex 452.17191682535065 0.8591480043860324 7.347947071091164
  endloop
endfacet
facet normal -0.9238795325112593 0.382683432365156 8.215650382226158e-15
  outer loop
    vertex 452.17191682535025 0.8591480043861219 4.347947071091406
    vertex 452.33175750135797 1.2450375322220004 7.347947071091186
    vertex 452.3317575013581 1.2450375322220903 4.347947071091203
  endloop
endfacet
facet normal -0.6087614290087096 -0.7933533402912437 -2.5424107263916085e-14
  outer loop
    vertex 451.9176470291948 126.29051885428544 7.3479470710937695
    vertex 451.5862761792965 126.5447886504421 4.347947071094497
    vertex 451.9176470291948 126.29051885428548 4.347947071094226
  endloop
endfacet
facet normal -0.6087614290087096 -0.7933533402912437 -2.5424107263916085e-14
  outer loop
    vertex 451.5862761792965 126.5447886504421 4.347947071094497
    vertex 451.9176470291948 126.29051885428544 7.3479470710937695
    vertex 451.586276179296 126.54478865044206 7.347947071094492
  endloop
endfacet
facet normal 0.7933533402912435 0.6087614290087098 2.0414225865295066e-14
  outer loop
    vertex 449.6549053293978 124.0277771544886 4.347947071094768
    vertex 449.4006355332415 124.359148004387 7.347947071093995
    vertex 449.65490532939765 124.02777715448852 7.347947071093657
  endloop
endfacet
facet normal 0.7933533402912435 0.6087614290087098 2.0414225865295066e-14
  outer loop
    vertex 449.4006355332415 124.359148004387 7.347947071093995
    vertex 449.6549053293978 124.0277771544886 4.347947071094768
    vertex 449.4006355332417 124.35914800438708 4.347947071094463
  endloop
endfacet
facet normal 0.7933533402912438 -0.6087614290087094 -1.149080830487037e-14
  outer loop
    vertex 449.4006355332408 2.4591480043861202 4.347947071091497
    vertex 449.65490532939725 2.7905188542845027 7.34794707109078
    vertex 449.4006355332411 2.459148004386035 7.347947071091231
  endloop
endfacet
facet normal 0.7933533402912438 -0.6087614290087094 -1.149080830487037e-14
  outer loop
    vertex 449.65490532939725 2.7905188542845027 7.34794707109078
    vertex 449.4006355332408 2.4591480043861202 4.347947071091497
    vertex 449.65490532939725 2.7905188542845907 4.347947071091293
  endloop
endfacet
facet normal 0.38268343236508184 -0.9238795325112901 -1.427330476033717e-14
  outer loop
    vertex 450.37216570713156 3.20462932644863 4.347947071090898
    vertex 449.98627617929577 3.044788650441139 7.347947071090611
    vertex 449.98627617929577 3.044788650441229 4.347947071090831
  endloop
endfacet
facet normal 0.38268343236508184 -0.9238795325112901 -1.427330476033717e-14
  outer loop
    vertex 449.98627617929577 3.044788650441139 7.347947071090611
    vertex 450.37216570713156 3.20462932644863 4.347947071090898
    vertex 450.3721657071319 3.2046293264485377 7.347947071090769
  endloop
endfacet
facet normal -0.9238795325112517 -0.3826834323651749 -1.469657728847551e-14
  outer loop
    vertex 452.17191682535133 125.95914800438696 7.347947071094401
    vertex 452.3317575013584 125.57325847655106 4.347947071094632
    vertex 452.3317575013588 125.57325847655102 7.347947071094457
  endloop
endfacet
facet normal -0.9238795325112517 -0.3826834323651749 -1.469657728847551e-14
  outer loop
    vertex 452.3317575013584 125.57325847655106 4.347947071094632
    vertex 452.17191682535133 125.95914800438696 7.347947071094401
    vertex 452.1719168253511 125.959148004387 4.347947071094925
  endloop
endfacet
facet normal 0.7933533402912437 -0.6087614290087097 -1.5404344466674047e-14
  outer loop
    vertex 449.4006355332417 125.95914800438707 4.347947071094474
    vertex 449.65490532939765 126.29051885428547 7.347947071093667
    vertex 449.4006355332415 125.95914800438699 7.347947071093995
  endloop
endfacet
facet normal 0.7933533402912437 -0.6087614290087097 -1.5404344466674047e-14
  outer loop
    vertex 449.65490532939765 126.29051885428547 7.347947071093667
    vertex 449.4006355332417 125.95914800438707 4.347947071094474
    vertex 449.6549053293978 126.29051885428555 4.3479470710947785
  endloop
endfacet
facet normal -0.13052619222000297 -0.9914448613738169 -2.940529764128286e-14
  outer loop
    vertex 451.20038665146035 126.70462932644949 7.3479470710948185
    vertex 450.7862761792965 126.75914800438706 4.3479470710946435
    vertex 451.20038665146063 126.70462932644958 4.347947071094598
  endloop
endfacet
facet normal -0.13052619222000297 -0.9914448613738169 -2.940529764128286e-14
  outer loop
    vertex 450.7862761792965 126.75914800438706 4.3479470710946435
    vertex 451.20038665146035 126.70462932644949 7.3479470710948185
    vertex 450.7862761792964 126.75914800438699 7.3479470710943
  endloop
endfacet
facet normal -0.3826834323651749 -0.9238795325112514 -2.8192725931575063e-14
  outer loop
    vertex 451.586276179296 126.54478865044206 7.347947071094492
    vertex 451.20038665146063 126.70462932644958 4.347947071094598
    vertex 451.5862761792965 126.5447886504421 4.347947071094497
  endloop
endfacet
facet normal -0.3826834323651749 -0.9238795325112514 -2.8192725931575063e-14
  outer loop
    vertex 451.20038665146063 126.70462932644958 4.347947071094598
    vertex 451.586276179296 126.54478865044206 7.347947071094492
    vertex 451.20038665146035 126.70462932644949 7.3479470710948185
  endloop
endfacet
facet normal 0.9238795325112595 0.38268343236515545 3.0808688933348094e-15
  outer loop
    vertex 449.4006355332408 0.8591480043861237 4.347947071091474
    vertex 449.2407948572336 1.2450375322220015 7.347947071091073
    vertex 449.4006355332411 0.8591480043860339 7.347947071091197
  endloop
endfacet
facet normal 0.9238795325112595 0.38268343236515545 3.0808688933348094e-15
  outer loop
    vertex 449.2407948572336 1.2450375322220015 7.347947071091073
    vertex 449.4006355332408 0.8591480043861237 4.347947071091474
    vertex 449.2407948572333 1.2450375322220901 4.34794707109109
  endloop
endfacet
facet normal 0.9238795325112593 -0.382683432365156 -8.215650382226158e-15
  outer loop
    vertex 449.2407948572333 2.073258476550156 4.3479470710911015
    vertex 449.4006355332411 2.459148004386035 7.347947071091231
    vertex 449.24079485723365 2.0732584765500666 7.347947071091108
  endloop
endfacet
facet normal 0.9238795325112593 -0.382683432365156 -8.215650382226158e-15
  outer loop
    vertex 449.4006355332411 2.459148004386035 7.347947071091231
    vertex 449.2407948572333 2.073258476550156 4.3479470710911015
    vertex 449.4006355332408 2.4591480043861202 4.347947071091497
  endloop
endfacet
facet normal 0.9914448613738168 -0.13052619222000275 5.551115123125783e-17
  outer loop
    vertex 449.1862761792964 125.15914800438708 4.34794707109435
    vertex 449.240794857234 125.57325847655105 7.347947071094401
    vertex 449.1862761792962 125.15914800438699 7.347947071094401
  endloop
endfacet
facet normal 0.9914448613738168 -0.13052619222000275 5.551115123125783e-17
  outer loop
    vertex 449.240794857234 125.57325847655105 7.347947071094401
    vertex 449.1862761792964 125.15914800438708 4.34794707109435
    vertex 449.2407948572341 125.57325847655113 4.347947071094485
  endloop
endfacet
facet normal -0.9238795325112513 0.38268343236517544 7.813194535799539e-15
  outer loop
    vertex 452.3317575013588 124.74503753222291 7.347947071094457
    vertex 452.1719168253511 124.35914800438701 4.347947071094925
    vertex 452.1719168253513 124.35914800438697 7.347947071094435
  endloop
endfacet
facet normal -0.9238795325112513 0.38268343236517544 7.813194535799539e-15
  outer loop
    vertex 452.1719168253511 124.35914800438701 4.347947071094925
    vertex 452.3317575013588 124.74503753222291 7.347947071094457
    vertex 452.3317575013584 124.74503753222295 4.347947071094632
  endloop
endfacet
facet normal -0.7933533402912435 -0.6087614290087098 -2.0414225865295066e-14
  outer loop
    vertex 451.9176470291948 126.29051885428544 7.3479470710937695
    vertex 452.1719168253511 125.959148004387 4.347947071094925
    vertex 452.17191682535133 125.95914800438696 7.347947071094401
  endloop
endfacet
facet normal -0.7933533402912435 -0.6087614290087098 -2.0414225865295066e-14
  outer loop
    vertex 452.1719168253511 125.959148004387 4.347947071094925
    vertex 451.9176470291948 126.29051885428544 7.3479470710937695
    vertex 451.9176470291948 126.29051885428548 4.347947071094226
  endloop
endfacet
facet normal -0.7933533402912437 0.6087614290087097 1.5404344466674047e-14
  outer loop
    vertex 452.1719168253513 124.35914800438697 7.347947071094435
    vertex 451.9176470291948 124.02777715448855 4.3479470710942145
    vertex 451.9176470291948 124.02777715448849 7.3479470710937465
  endloop
endfacet
facet normal -0.7933533402912437 0.6087614290087097 1.5404344466674047e-14
  outer loop
    vertex 451.9176470291948 124.02777715448855 4.3479470710942145
    vertex 452.1719168253513 124.35914800438697 7.347947071094435
    vertex 452.1719168253511 124.35914800438701 4.347947071094925
  endloop
endfacet
facet normal 0.6087614290087096 0.7933533402912437 2.5424107263916085e-14
  outer loop
    vertex 449.6549053293978 124.0277771544886 4.347947071094768
    vertex 449.9862761792965 123.7735073583319 7.347947071094187
    vertex 449.9862761792964 123.77350735833197 4.347947071094125
  endloop
endfacet
facet normal 0.6087614290087096 0.7933533402912437 2.5424107263916085e-14
  outer loop
    vertex 449.9862761792965 123.7735073583319 7.347947071094187
    vertex 449.6549053293978 124.0277771544886 4.347947071094768
    vertex 449.65490532939765 124.02777715448852 7.347947071093657
  endloop
endfacet
facet normal -0.13052619222000228 0.9914448613738169 2.856742620238606e-14
  outer loop
    vertex 450.7862761792965 123.55914800438705 4.34794707109462
    vertex 451.20038665146046 123.61366668232444 7.34794707109483
    vertex 451.20038665146063 123.61366668232453 4.347947071094587
  endloop
endfacet
facet normal -0.13052619222000228 0.9914448613738169 2.856742620238606e-14
  outer loop
    vertex 451.20038665146046 123.61366668232444 7.34794707109483
    vertex 450.7862761792965 123.55914800438705 4.34794707109462
    vertex 450.7862761792964 123.559148004387 7.347947071094288
  endloop
endfacet
facet normal 0.3826834323651366 -0.9238795325112673 -2.539635168830045e-14
  outer loop
    vertex 450.37216570713247 126.70462932644952 7.347947071094266
    vertex 449.9862761792964 126.54478865044214 4.347947071094147
    vertex 450.3721657071322 126.70462932644958 4.347947071093854
  endloop
endfacet
facet normal 0.3826834323651366 -0.9238795325112673 -2.539635168830045e-14
  outer loop
    vertex 449.9862761792964 126.54478865044214 4.347947071094147
    vertex 450.37216570713247 126.70462932644952 7.347947071094266
    vertex 449.9862761792965 126.54478865044207 7.347947071094209
  endloop
endfacet
facet normal -0.9914448613738169 -0.13052619222000283 -6.453171330633722e-15
  outer loop
    vertex 452.3317575013588 125.57325847655102 7.347947071094457
    vertex 452.3862761792962 125.159148004387 4.347947071094802
    vertex 452.3862761792954 125.15914800438696 7.347947071094367
  endloop
endfacet
facet normal -0.9914448613738169 -0.13052619222000283 -6.453171330633722e-15
  outer loop
    vertex 452.3862761792962 125.159148004387 4.347947071094802
    vertex 452.3317575013588 125.57325847655102 7.347947071094457
    vertex 452.3317575013584 125.57325847655106 4.347947071094632
  endloop
endfacet
facet normal 0.9238795325112674 0.38268343236513647 1.419697692739419e-14
  outer loop
    vertex 449.4006355332417 124.35914800438708 4.347947071094463
    vertex 449.240794857234 124.74503753222298 7.347947071094401
    vertex 449.4006355332415 124.359148004387 7.347947071093995
  endloop
endfacet
facet normal 0.9238795325112674 0.38268343236513647 1.419697692739419e-14
  outer loop
    vertex 449.240794857234 124.74503753222298 7.347947071094401
    vertex 449.4006355332417 124.35914800438708 4.347947071094463
    vertex 449.2407948572341 124.74503753222307 4.347947071094485
  endloop
endfacet
facet normal -0.6087614290087094 0.7933533402912439 2.137179322403427e-14
  outer loop
    vertex 451.5862761792965 123.77350735833193 4.347947071094485
    vertex 451.9176470291948 124.02777715448849 7.3479470710937465
    vertex 451.9176470291948 124.02777715448855 4.3479470710942145
  endloop
endfacet
facet normal -0.6087614290087094 0.7933533402912439 2.137179322403427e-14
  outer loop
    vertex 451.9176470291948 124.02777715448849 7.3479470710937465
    vertex 451.5862761792965 123.77350735833193 4.347947071094485
    vertex 451.586276179296 123.77350735833188 7.34794707109448
  endloop
endfacet
facet normal -0.7933533402912439 0.6087614290087092 1.8457457784393227e-14
  outer loop
    vertex 393.9719168253515 124.35914800438667 7.347947071094006
    vertex 393.7176470291946 124.02777715448829 4.347947071094125
    vertex 393.71764702919455 124.0277771544882 7.347947071094604
  endloop
endfacet
facet normal -0.7933533402912439 0.6087614290087092 1.8457457784393227e-14
  outer loop
    vertex 393.7176470291946 124.02777715448829 4.347947071094125
    vertex 393.9719168253515 124.35914800438667 7.347947071094006
    vertex 393.9719168253513 124.35914800438678 4.347947071094485
  endloop
endfacet
facet normal 0.7933533402912439 -0.6087614290087092 -1.8457457784393227e-14
  outer loop
    vertex 391.20063553324127 125.95914800438679 4.3479470710940795
    vertex 391.4549053293981 126.29051885428512 7.347947071094852
    vertex 391.2006355332413 125.95914800438665 7.347947071094649
  endloop
endfacet
facet normal 0.7933533402912439 -0.6087614290087092 -1.8457457784393227e-14
  outer loop
    vertex 391.4549053293981 126.29051885428512 7.347947071094852
    vertex 391.20063553324127 125.95914800438679 4.3479470710940795
    vertex 391.4549053293983 126.29051885428525 4.34794707109462
  endloop
endfacet
facet normal 0.991444861373815 0.13052619222001685 6.564193633096238e-15
  outer loop
    vertex 449.2407948572341 124.74503753222307 4.347947071094485
    vertex 449.1862761792962 125.15914800438699 7.347947071094401
    vertex 449.240794857234 124.74503753222298 7.347947071094401
  endloop
endfacet
facet normal 0.991444861373815 0.13052619222001685 6.564193633096238e-15
  outer loop
    vertex 449.1862761792962 125.15914800438699 7.347947071094401
    vertex 449.2407948572341 124.74503753222307 4.347947071094485
    vertex 449.1862761792964 125.15914800438708 4.34794707109435
  endloop
endfacet
facet normal 6.522560269672795e-16 3.113258619110041e-14 -1.0
  outer loop
    vertex 449.8029428459623 28.597713753273343 4.347947071090718
    vertex 449.18627617929604 1.659148004386124 4.347947071091169
    vertex 448.99522639933565 29.217496381405137 4.347947071090707
  endloop
endfacet
facet normal 6.522560269672795e-16 3.113258619110041e-14 -1.0
  outer loop
    vertex 449.18627617929604 1.659148004386124 4.347947071091169
    vertex 449.8029428459623 28.597713753273343 4.347947071090718
    vertex 449.2407948572333 2.073258476550156 4.3479470710911015
  endloop
endfacet
facet normal 6.522560269672795e-16 3.113258619110041e-14 -1.0
  outer loop
    vertex 449.2407948572333 2.073258476550156 4.3479470710911015
    vertex 449.8029428459623 28.597713753273343 4.347947071090718
    vertex 449.4006355332408 2.4591480043861202 4.347947071091497
  endloop
endfacet
facet normal 6.522560269672795e-16 3.113258619110041e-14 -1.0
  outer loop
    vertex 449.4006355332408 2.4591480043861202 4.347947071091497
    vertex 449.8029428459623 28.597713753273343 4.347947071090718
    vertex 449.65490532939725 2.7905188542845907 4.347947071091293
  endloop
endfacet
facet normal 6.522560269672795e-16 3.113258619110041e-14 -1.0
  outer loop
    vertex 449.65490532939725 2.7905188542845907 4.347947071091293
    vertex 449.8029428459623 28.597713753273343 4.347947071090718
    vertex 449.98627617929577 3.044788650441229 4.347947071090831
  endloop
endfacet
facet normal 6.522560269672795e-16 3.113258619110041e-14 -1.0
  outer loop
    vertex 449.98627617929577 3.044788650441229 4.347947071090831
    vertex 449.8029428459623 28.597713753273343 4.347947071090718
    vertex 450.7435485700618 28.208102105505265 4.347947071091541
  endloop
endfacet
facet normal 6.522560269672795e-16 3.113258619110041e-14 -1.0
  outer loop
    vertex 449.98627617929577 3.044788650441229 4.347947071090831
    vertex 450.7435485700618 28.208102105505265 4.347947071091541
    vertex 450.37216570713156 3.20462932644863 4.347947071090898
  endloop
endfacet
facet normal 6.522560269672795e-16 3.113258619110041e-14 -1.0
  outer loop
    vertex 450.37216570713156 3.20462932644863 4.347947071090898
    vertex 450.7435485700618 28.208102105505265 4.347947071091541
    vertex 450.78627617929595 3.259148004386126 4.347947071091282
  endloop
endfacet
facet normal 6.522560269672795e-16 3.113258619110041e-14 -1.0
  outer loop
    vertex 450.78627617929595 3.259148004386126 4.347947071091282
    vertex 450.7435485700618 28.208102105505265 4.347947071091541
    vertex 451.7529428459622 28.075212828032726 4.34794707109144
  endloop
endfacet
facet normal 6.522560269672795e-16 3.113258619110041e-14 -1.0
  outer loop
    vertex 450.78627617929595 3.259148004386126 4.347947071091282
    vertex 451.7529428459622 28.075212828032726 4.34794707109144
    vertex 451.2003866514599 3.2046293264486287 4.347947071090977
  endloop
endfacet
facet normal 6.522560269672795e-16 3.113258619110041e-14 -1.0
  outer loop
    vertex 451.2003866514599 3.2046293264486287 4.347947071090977
    vertex 451.7529428459622 28.075212828032726 4.34794707109144
    vertex 451.586276179296 3.0447886504412316 4.347947071091135
  endloop
endfacet
facet normal 6.522560269672795e-16 3.113258619110041e-14 -1.0
  outer loop
    vertex 451.586276179296 3.0447886504412316 4.347947071091135
    vertex 451.7529428459622 28.075212828032726 4.34794707109144
    vertex 451.9176470291941 2.7905188542845902 4.347947071090775
  endloop
endfacet
facet normal 6.522560269672795e-16 3.113258619110041e-14 -1.0
  outer loop
    vertex 451.9176470291941 2.7905188542845902 4.347947071090775
    vertex 451.7529428459622 28.075212828032726 4.34794707109144
    vertex 452.76233712186263 28.208102105505272 4.347947071091158
  endloop
endfacet
facet normal 6.522560269672795e-16 3.113258619110041e-14 -1.0
  outer loop
    vertex 451.9176470291941 2.7905188542845902 4.347947071090775
    vertex 452.76233712186263 28.208102105505272 4.347947071091158
    vertex 452.1719168253502 2.4591480043861194 4.347947071091305
  endloop
endfacet
facet normal 6.522560269672795e-16 3.113258619110041e-14 -1.0
  outer loop
    vertex 452.1719168253502 2.4591480043861194 4.347947071091305
    vertex 452.76233712186263 28.208102105505272 4.347947071091158
    vertex 452.3317575013581 2.073258476550152 4.347947071091214
  endloop
endfacet
facet normal 6.522560269672795e-16 3.113258619110041e-14 -1.0
  outer loop
    vertex 452.3317575013581 2.073258476550152 4.347947071091214
    vertex 452.76233712186263 28.208102105505272 4.347947071091158
    vertex 452.3862761792955 1.6591480043861209 4.347947071091586
  endloop
endfacet
facet normal 6.522560269672795e-16 3.113258619110041e-14 -1.0
  outer loop
    vertex 373.3862761792965 127.95914800438672 4.347947071094508
    vertex 390.9862761792962 125.15914800438676 4.347947071093967
    vertex 387.7196095126294 31.97521282803271 4.347947071091507
  endloop
endfacet
facet normal 6.522560269672795e-16 3.113258619110041e-14 -1.0
  outer loop
    vertex 390.9862761792962 125.15914800438676 4.347947071093967
    vertex 373.3862761792965 127.95914800438672 4.347947071094508
    vertex 391.04079485723366 125.57325847655083 4.347947071094046
  endloop
endfacet
facet normal 6.522560269672795e-16 3.113258619110041e-14 -1.0
  outer loop
    vertex 391.04079485723366 125.57325847655083 4.347947071094046
    vertex 373.3862761792965 127.95914800438672 4.347947071094508
    vertex 391.20063553324127 125.95914800438679 4.3479470710940795
  endloop
endfacet
facet normal 6.522560269672795e-16 3.113258619110041e-14 -1.0
  outer loop
    vertex 391.20063553324127 125.95914800438679 4.3479470710940795
    vertex 373.3862761792965 127.95914800438672 4.347947071094508
    vertex 391.4549053293983 126.29051885428525 4.34794707109462
  endloop
endfacet
facet normal 6.522560269672795e-16 3.113258619110041e-14 -1.0
  outer loop
    vertex 391.4549053293983 126.29051885428525 4.34794707109462
    vertex 373.3862761792965 127.95914800438672 4.347947071094508
    vertex 391.7862761792965 126.54478865044187 4.347947071094169
  endloop
endfacet
facet normal 6.522560269672795e-16 3.113258619110041e-14 -1.0
  outer loop
    vertex 391.7862761792965 126.54478865044187 4.347947071094169
    vertex 373.3862761792965 127.95914800438672 4.347947071094508
    vertex 392.1721657071327 126.70462932644931 4.347947071094238
  endloop
endfacet
facet normal 6.522560269672795e-16 3.113258619110041e-14 -1.0
  outer loop
    vertex 392.1721657071327 126.70462932644931 4.347947071094238
    vertex 373.3862761792965 127.95914800438672 4.347947071094508
    vertex 392.586276179297 126.75914800438679 4.347947071094159
  endloop
endfacet
facet normal 6.522560269672795e-16 3.113258619110041e-14 -1.0
  outer loop
    vertex 392.586276179297 126.75914800438679 4.347947071094159
    vertex 373.3862761792965 127.95914800438672 4.347947071094508
    vertex 469.986276179296 127.9591480043868 4.347947071094655
  endloop
endfacet
facet normal 6.522560269672795e-16 3.113258619110041e-14 -1.0
  outer loop
    vertex 387.7196095126294 31.97521282803271 4.347947071091507
    vertex 390.9862761792962 125.15914800438676 4.347947071093967
    vertex 387.8524987901018 32.9846071039325 4.347947071091293
  endloop
endfacet
facet normal 6.522560269672795e-16 3.113258619110041e-14 -1.0
  outer loop
    vertex 387.8524987901018 32.9846071039325 4.347947071091293
    vertex 390.9862761792962 125.15914800438676 4.347947071093967
    vertex 388.24211043787034 33.92521282803262 4.347947071091192
  endloop
endfacet
facet normal 6.522560269672795e-16 3.113258619110041e-14 -1.0
  outer loop
    vertex 388.24211043787034 33.92521282803262 4.347947071091192
    vertex 390.9862761792962 125.15914800438676 4.347947071093967
    vertex 388.86189306600187 34.732929274660194 4.3479470710913946
  endloop
endfacet
facet normal 6.522560269672795e-16 3.113258619110041e-14 -1.0
  outer loop
    vertex 388.86189306600187 34.732929274660194 4.3479470710913946
    vertex 390.9862761792962 125.15914800438676 4.347947071093967
    vertex 389.66960951262934 35.35271190279203 4.347947071091305
  endloop
endfacet
facet normal 6.522560269672795e-16 3.113258619110041e-14 -1.0
  outer loop
    vertex 389.66960951262934 35.35271190279203 4.347947071091305
    vertex 390.9862761792962 125.15914800438676 4.347947071093967
    vertex 390.6102152367293 35.74232355056002 4.3479470710913946
  endloop
endfacet
facet normal 6.522560269672795e-16 3.113258619110041e-14 -1.0
  outer loop
    vertex 392.586276179297 126.75914800438679 4.347947071094159
    vertex 469.986276179296 127.9591480043868 4.347947071094655
    vertex 393.0003866514606 126.70462932644931 4.347947071094204
  endloop
endfacet
facet normal 6.522560269672795e-16 3.113258619110041e-14 -1.0
  outer loop
    vertex 393.0003866514606 126.70462932644931 4.347947071094204
    vertex 469.986276179296 127.9591480043868 4.347947071094655
    vertex 393.38627617929683 126.54478865044184 4.347947071094147
  endloop
endfacet
facet normal 6.522560269672795e-16 3.113258619110041e-14 -1.0
  outer loop
    vertex 393.38627617929683 126.54478865044184 4.347947071094147
    vertex 469.986276179296 127.9591480043868 4.347947071094655
    vertex 393.7176470291946 126.29051885428524 4.347947071094147
  endloop
endfacet
facet normal 6.522560269672795e-16 3.113258619110041e-14 -1.0
  outer loop
    vertex 393.7176470291946 126.29051885428524 4.347947071094147
    vertex 469.986276179296 127.9591480043868 4.347947071094655
    vertex 393.9719168253513 125.95914800438679 4.347947071094485
  endloop
endfacet
facet normal 6.522560269672795e-16 3.113258619110041e-14 -1.0
  outer loop
    vertex 393.9719168253513 125.95914800438679 4.347947071094485
    vertex 469.986276179296 127.9591480043868 4.347947071094655
    vertex 394.13175750135895 125.57325847655079 4.347947071094395
  endloop
endfacet
facet normal 6.522560269672795e-16 3.113258619110041e-14 -1.0
  outer loop
    vertex 394.13175750135895 125.57325847655079 4.347947071094395
    vertex 469.986276179296 127.9591480043868 4.347947071094655
    vertex 394.18627617929644 125.15914800438678 4.347947071094238
  endloop
endfacet
facet normal 6.522560269672795e-16 3.113258619110041e-14 -1.0
  outer loop
    vertex 394.18627617929644 125.15914800438678 4.347947071094238
    vertex 469.986276179296 127.9591480043868 4.347947071094655
    vertex 450.7862761792965 126.75914800438706 4.3479470710946435
  endloop
endfacet
facet normal 6.522560269672795e-16 3.113258619110041e-14 -1.0
  outer loop
    vertex 394.18627617929644 125.15914800438678 4.347947071094238
    vertex 450.7862761792965 126.75914800438706 4.3479470710946435
    vertex 450.3721657071322 126.70462932644958 4.347947071093854
  endloop
endfacet
facet normal 6.522560269672795e-16 3.113258619110041e-14 -1.0
  outer loop
    vertex 394.18627617929644 125.15914800438678 4.347947071094238
    vertex 450.3721657071322 126.70462932644958 4.347947071093854
    vertex 449.9862761792964 126.54478865044214 4.347947071094147
  endloop
endfacet
facet normal 6.522560269672795e-16 3.113258619110041e-14 -1.0
  outer loop
    vertex 394.18627617929644 125.15914800438678 4.347947071094238
    vertex 449.9862761792964 126.54478865044214 4.347947071094147
    vertex 449.6549053293978 126.29051885428555 4.3479470710947785
  endloop
endfacet
facet normal 6.522560269672795e-16 3.113258619110041e-14 -1.0
  outer loop
    vertex 394.18627617929644 125.15914800438678 4.347947071094238
    vertex 449.6549053293978 126.29051885428555 4.3479470710947785
    vertex 408.6862761792959 86.12954499643807 4.347946848019717
  endloop
endfacet
facet normal 6.522560269672795e-16 3.113258619110041e-14 -1.0
  outer loop
    vertex 394.18627617929644 125.15914800438678 4.347947071094238
    vertex 408.6862761792959 86.12954499643807 4.347946848019717
    vertex 394.3773259592566 34.7329292746602 4.347947071091214
  endloop
endfacet
facet normal 6.522560269672795e-16 3.113258619110041e-14 -1.0
  outer loop
    vertex 394.3773259592566 34.7329292746602 4.347947071091214
    vertex 408.6862761792959 86.12954499643807 4.347946848019717
    vertex 394.99710858738877 33.925212828032635 4.347947071091733
  endloop
endfacet
facet normal 6.522560269672795e-16 3.113258619110041e-14 -1.0
  outer loop
    vertex 394.99710858738877 33.925212828032635 4.347947071091733
    vertex 408.6862761792959 86.12954499643807 4.347946848019717
    vertex 395.3867202351567 32.98460710393251 4.347947071091519
  endloop
endfacet
facet normal 6.522560269672795e-16 3.113258619110041e-14 -1.0
  outer loop
    vertex 395.3867202351567 32.98460710393251 4.347947071091519
    vertex 408.6862761792959 86.12954499643807 4.347946848019717
    vertex 395.51960951262953 31.975212828032717 4.347947071091293
  endloop
endfacet
facet normal 6.522560269672795e-16 3.113258619110041e-14 -1.0
  outer loop
    vertex 395.51960951262953 31.975212828032717 4.347947071091293
    vertex 408.6862761792959 86.12954499643807 4.347946848019717
    vertex 402.7529428459622 31.97521282803271 4.347947071091553
  endloop
endfacet
facet normal 6.522560269672795e-16 3.113258619110041e-14 -1.0
  outer loop
    vertex 402.7529428459622 31.97521282803271 4.347947071091553
    vertex 408.6862761792959 86.12954499643807 4.347946848019717
    vertex 402.88583212343525 32.9846071039325 4.347947071091011
  endloop
endfacet
facet normal 6.522560269672795e-16 3.113258619110041e-14 -1.0
  outer loop
    vertex 402.88583212343525 32.9846071039325 4.347947071091011
    vertex 408.6862761792959 86.12954499643807 4.347946848019717
    vertex 403.2754437712033 33.925212828032635 4.347947071090943
  endloop
endfacet
facet normal 6.522560269672795e-16 3.113258619110041e-14 -1.0
  outer loop
    vertex 403.2754437712033 33.925212828032635 4.347947071090943
    vertex 408.6862761792959 86.12954499643807 4.347946848019717
    vertex 403.89522639933455 34.732929274660215 4.347947071091305
  endloop
endfacet
facet normal 6.522560269672795e-16 3.113258619110041e-14 -1.0
  outer loop
    vertex 403.89522639933455 34.732929274660215 4.347947071091305
    vertex 408.6862761792959 86.12954499643807 4.347946848019717
    vertex 404.70294284596235 35.352711902791995 4.347947071091418
  endloop
endfacet
facet normal 6.522560269672795e-16 3.113258619110041e-14 -1.0
  outer loop
    vertex 404.70294284596235 35.352711902791995 4.347947071091418
    vertex 408.6862761792959 86.12954499643807 4.347946848019717
    vertex 405.6435485700629 35.74232355055999 4.347947071091541
  endloop
endfacet
facet normal 6.522560269672795e-16 3.113258619110041e-14 -1.0
  outer loop
    vertex 405.6435485700629 35.74232355055999 4.347947071091541
    vertex 408.6862761792959 86.12954499643807 4.347946848019717
    vertex 406.6529428459628 35.87521282803262 4.347947071091226
  endloop
endfacet
facet normal 6.522560269672795e-16 3.113258619110041e-14 -1.0
  outer loop
    vertex 406.6529428459628 35.87521282803262 4.347947071091226
    vertex 408.6862761792959 86.12954499643807 4.347946848019717
    vertex 407.6623371218626 35.74232355055997 4.347947071091812
  endloop
endfacet
facet normal 6.522560269672795e-16 3.113258619110041e-14 -1.0
  outer loop
    vertex 407.6623371218626 35.74232355055997 4.347947071091812
    vertex 408.6862761792959 86.12954499643807 4.347946848019717
    vertex 408.6029428459624 35.35271190279198 4.347947071090515
  endloop
endfacet
facet normal 6.522560269672795e-16 3.113258619110041e-14 -1.0
  outer loop
    vertex 408.6862761792959 86.12954499643807 4.347946848019717
    vertex 449.6549053293978 126.29051885428555 4.3479470710947785
    vertex 449.4006355332417 125.95914800438707 4.347947071094474
  endloop
endfacet
facet normal 6.522560269672795e-16 3.113258619110041e-14 -1.0
  outer loop
    vertex 408.6862761792959 86.12954499643807 4.347946848019717
    vertex 449.4006355332417 125.95914800438707 4.347947071094474
    vertex 449.2407948572341 125.57325847655113 4.347947071094485
  endloop
endfacet
facet normal 6.522560269672795e-16 3.113258619110041e-14 -1.0
  outer loop
    vertex 408.6862761792959 86.12954499643807 4.347946848019717
    vertex 449.2407948572341 125.57325847655113 4.347947071094485
    vertex 434.68627617929627 86.12954499643803 4.347946848019604
  endloop
endfacet
facet normal 6.522560269672795e-16 3.113258619110041e-14 -1.0
  outer loop
    vertex 434.68627617929627 86.12954499643803 4.347946848019604
    vertex 449.2407948572341 125.57325847655113 4.347947071094485
    vertex 434.6862761792964 70.12960603159426 4.347946848019424
  endloop
endfacet
facet normal 6.522560269672795e-16 3.113258619110041e-14 -1.0
  outer loop
    vertex 434.6862761792964 70.12960603159426 4.347946848019424
    vertex 449.2407948572341 125.57325847655113 4.347947071094485
    vertex 434.76960951262913 35.35271190279206 4.347947071091349
  endloop
endfacet
facet normal 6.522560269672795e-16 3.113258619110041e-14 -1.0
  outer loop
    vertex 434.76960951262913 35.35271190279206 4.347947071091349
    vertex 449.2407948572341 125.57325847655113 4.347947071094485
    vertex 435.71021523672937 35.74232355056003 4.347947071091113
  endloop
endfacet
facet normal 6.522560269672795e-16 3.113258619110041e-14 -1.0
  outer loop
    vertex 435.71021523672937 35.74232355056003 4.347947071091113
    vertex 449.2407948572341 125.57325847655113 4.347947071094485
    vertex 436.7196095126292 35.87521282803266 4.347947071091169
  endloop
endfacet
facet normal 6.522560269672795e-16 3.113258619110041e-14 -1.0
  outer loop
    vertex 436.7196095126292 35.87521282803266 4.347947071091169
    vertex 449.2407948572341 125.57325847655113 4.347947071094485
    vertex 449.1862761792964 125.15914800438708 4.34794707109435
  endloop
endfacet
facet normal 6.522560269672795e-16 3.113258619110041e-14 -1.0
  outer loop
    vertex 436.7196095126292 35.87521282803266 4.347947071091169
    vertex 449.1862761792964 125.15914800438708 4.34794707109435
    vertex 437.7290037885295 35.74232355055999 4.3479470710909665
  endloop
endfacet
facet normal 6.522560269672795e-16 3.113258619110041e-14 -1.0
  outer loop
    vertex 437.7290037885295 35.74232355055999 4.3479470710909665
    vertex 449.1862761792964 125.15914800438708 4.34794707109435
    vertex 438.669609512629 35.35271190279198 4.347947071091305
  endloop
endfacet
facet normal 6.522560269672795e-16 3.113258619110041e-14 -1.0
  outer loop
    vertex 438.669609512629 35.35271190279198 4.347947071091305
    vertex 449.1862761792964 125.15914800438708 4.34794707109435
    vertex 439.47732595925646 34.73292927466019 4.347947071091034
  endloop
endfacet
facet normal 6.522560269672795e-16 3.113258619110041e-14 -1.0
  outer loop
    vertex 439.47732595925646 34.73292927466019 4.347947071091034
    vertex 449.1862761792964 125.15914800438708 4.34794707109435
    vertex 440.0971085873891 33.92521282803261 4.347947071090921
  endloop
endfacet
facet normal 6.522560269672795e-16 3.113258619110041e-14 -1.0
  outer loop
    vertex 440.0971085873891 33.92521282803261 4.347947071090921
    vertex 449.1862761792964 125.15914800438708 4.34794707109435
    vertex 440.48672023515604 32.98460710393249 4.347947071091349
  endloop
endfacet
facet normal 6.522560269672795e-16 3.113258619110041e-14 -1.0
  outer loop
    vertex 440.48672023515604 32.98460710393249 4.347947071091349
    vertex 449.1862761792964 125.15914800438708 4.34794707109435
    vertex 440.61960951262853 31.975212828032696 4.347947071091384
  endloop
endfacet
facet normal 6.522560269672795e-16 3.113258619110041e-14 -1.0
  outer loop
    vertex 440.61960951262853 31.975212828032696 4.347947071091384
    vertex 449.1862761792964 125.15914800438708 4.34794707109435
    vertex 447.8529428459627 31.97521282803268 4.3479470710910455
  endloop
endfacet
facet normal 6.522560269672795e-16 3.113258619110041e-14 -1.0
  outer loop
    vertex 447.8529428459627 31.97521282803268 4.3479470710910455
    vertex 449.1862761792964 125.15914800438708 4.34794707109435
    vertex 447.9858321234347 32.98460710393248 4.347947071091733
  endloop
endfacet
facet normal 6.522560269672795e-16 3.113258619110041e-14 -1.0
  outer loop
    vertex 447.9858321234347 32.98460710393248 4.347947071091733
    vertex 449.1862761792964 125.15914800438708 4.34794707109435
    vertex 448.37544377120315 33.92521282803262 4.347947071090594
  endloop
endfacet
facet normal 6.522560269672795e-16 3.113258619110041e-14 -1.0
  outer loop
    vertex 448.37544377120315 33.92521282803262 4.347947071090594
    vertex 449.1862761792964 125.15914800438708 4.34794707109435
    vertex 448.99522639933565 34.732929274660194 4.347947071090707
  endloop
endfacet
facet normal 6.522560269672795e-16 3.113258619110041e-14 -1.0
  outer loop
    vertex 450.7862761792965 126.75914800438706 4.3479470710946435
    vertex 469.986276179296 127.9591480043868 4.347947071094655
    vertex 451.20038665146063 126.70462932644958 4.347947071094598
  endloop
endfacet
facet normal 6.522560269672795e-16 3.113258619110041e-14 -1.0
  outer loop
    vertex 451.20038665146063 126.70462932644958 4.347947071094598
    vertex 469.986276179296 127.9591480043868 4.347947071094655
    vertex 451.5862761792965 126.5447886504421 4.347947071094497
  endloop
endfacet
facet normal 6.522560269672795e-16 3.113258619110041e-14 -1.0
  outer loop
    vertex 451.5862761792965 126.5447886504421 4.347947071094497
    vertex 469.986276179296 127.9591480043868 4.347947071094655
    vertex 451.9176470291948 126.29051885428548 4.347947071094226
  endloop
endfacet
facet normal 6.522560269672795e-16 3.113258619110041e-14 -1.0
  outer loop
    vertex 451.9176470291948 126.29051885428548 4.347947071094226
    vertex 469.986276179296 127.9591480043868 4.347947071094655
    vertex 452.1719168253511 125.959148004387 4.347947071094925
  endloop
endfacet
facet normal 6.522560269672795e-16 3.113258619110041e-14 -1.0
  outer loop
    vertex 452.1719168253511 125.959148004387 4.347947071094925
    vertex 469.986276179296 127.9591480043868 4.347947071094655
    vertex 452.3317575013584 125.57325847655106 4.347947071094632
  endloop
endfacet
facet normal 6.522560269672795e-16 3.113258619110041e-14 -1.0
  outer loop
    vertex 452.3317575013584 125.57325847655106 4.347947071094632
    vertex 469.986276179296 127.9591480043868 4.347947071094655
    vertex 452.3862761792962 125.159148004387 4.347947071094802
  endloop
endfacet
facet normal 6.522560269672795e-16 3.113258619110041e-14 -1.0
  outer loop
    vertex 452.3862761792962 125.159148004387 4.347947071094802
    vertex 469.986276179296 127.9591480043868 4.347947071094655
    vertex 452.76233712186263 35.74232355056 4.347947071091158
  endloop
endfacet
facet normal 6.522560269672795e-16 3.113258619110041e-14 -1.0
  outer loop
    vertex 452.76233712186263 35.74232355056 4.347947071091158
    vertex 469.986276179296 127.9591480043868 4.347947071094655
    vertex 453.7029428459621 35.35271190279202 4.347947071091068
  endloop
endfacet
facet normal 6.522560269672795e-16 3.113258619110041e-14 -1.0
  outer loop
    vertex 453.7029428459621 35.35271190279202 4.347947071091068
    vertex 469.986276179296 127.9591480043868 4.347947071094655
    vertex 454.5106592925903 34.73292927466024 4.347947071091688
  endloop
endfacet
facet normal 6.522560269672795e-16 3.113258619110041e-14 -1.0
  outer loop
    vertex 454.5106592925903 34.73292927466024 4.347947071091688
    vertex 469.986276179296 127.9591480043868 4.347947071094655
    vertex 455.1304419207223 33.92521282803268 4.3479470710911015
  endloop
endfacet
facet normal 6.522560269672795e-16 3.113258619110041e-14 -1.0
  outer loop
    vertex 455.1304419207223 33.92521282803268 4.3479470710911015
    vertex 469.986276179296 127.9591480043868 4.347947071094655
    vertex 455.52005356848974 32.984607103932554 4.347947071091293
  endloop
endfacet
facet normal 6.522560269672795e-16 3.113258619110041e-14 -1.0
  outer loop
    vertex 455.52005356848974 32.984607103932554 4.347947071091293
    vertex 469.986276179296 127.9591480043868 4.347947071094655
    vertex 455.6529428459625 31.975212828032763 4.347947071091011
  endloop
endfacet
facet normal 6.522560269672795e-16 3.113258619110041e-14 -1.0
  outer loop
    vertex 455.6529428459625 31.975212828032763 4.347947071091011
    vertex 469.986276179296 127.9591480043868 4.347947071094655
    vertex 469.9862761792954 -1.1408519956138115 4.347947071090887
  endloop
endfacet
facet normal 6.522560269672795e-16 3.113258619110041e-14 -1.0
  outer loop
    vertex 373.38627617929563 -1.140851995613773 4.347947071091214
    vertex 392.58627617929614 0.059148004386148624 4.3479470710909665
    vertex 469.9862761792954 -1.1408519956138115 4.347947071090887
  endloop
endfacet
facet normal 6.522560269672795e-16 3.113258619110041e-14 -1.0
  outer loop
    vertex 392.58627617929614 0.059148004386148624 4.3479470710909665
    vertex 373.38627617929563 -1.140851995613773 4.347947071091214
    vertex 392.17216570713185 0.11366668232364416 4.347947071090628
  endloop
endfacet
facet normal 6.522560269672795e-16 3.113258619110041e-14 -1.0
  outer loop
    vertex 392.17216570713185 0.11366668232364416 4.347947071090628
    vertex 373.38627617929563 -1.140851995613773 4.347947071091214
    vertex 391.78627617929584 0.2735073583310389 4.3479470710906165
  endloop
endfacet
facet normal 6.522560269672795e-16 3.113258619110041e-14 -1.0
  outer loop
    vertex 391.78627617929584 0.2735073583310389 4.3479470710906165
    vertex 373.38627617929563 -1.140851995613773 4.347947071091214
    vertex 391.4549053293974 0.5277771544876764 4.347947071090831
  endloop
endfacet
facet normal 6.522560269672795e-16 3.113258619110041e-14 -1.0
  outer loop
    vertex 391.4549053293974 0.5277771544876764 4.347947071090831
    vertex 373.38627617929563 -1.140851995613773 4.347947071091214
    vertex 391.2006355332405 0.8591480043861471 4.347947071090729
  endloop
endfacet
facet normal 6.522560269672795e-16 3.113258619110041e-14 -1.0
  outer loop
    vertex 391.2006355332405 0.8591480043861471 4.347947071090729
    vertex 373.38627617929563 -1.140851995613773 4.347947071091214
    vertex 391.0407948572329 1.2450375322221123 4.347947071090741
  endloop
endfacet
facet normal 6.522560269672795e-16 3.113258619110041e-14 -1.0
  outer loop
    vertex 391.0407948572329 1.2450375322221123 4.347947071090741
    vertex 373.38627617929563 -1.140851995613773 4.347947071091214
    vertex 373.3862761792965 127.95914800438672 4.347947071094508
  endloop
endfacet
facet normal 6.522560269672795e-16 3.113258619110041e-14 -1.0
  outer loop
    vertex 391.0407948572329 1.2450375322221123 4.347947071090741
    vertex 373.3862761792965 127.95914800438672 4.347947071094508
    vertex 390.9862761792955 1.6591480043861417 4.347947071090989
  endloop
endfacet
facet normal 6.522560269672795e-16 3.113258619110041e-14 -1.0
  outer loop
    vertex 390.9862761792955 1.6591480043861417 4.347947071090989
    vertex 373.3862761792965 127.95914800438672 4.347947071094508
    vertex 387.7196095126294 31.97521282803271 4.347947071091507
  endloop
endfacet
facet normal 6.522560269672795e-16 3.113258619110041e-14 -1.0
  outer loop
    vertex 390.9862761792955 1.6591480043861417 4.347947071090989
    vertex 387.7196095126294 31.97521282803271 4.347947071091507
    vertex 387.8524987901018 30.965818552132824 4.347947071091293
  endloop
endfacet
facet normal 6.522560269672795e-16 3.113258619110041e-14 -1.0
  outer loop
    vertex 390.9862761792955 1.6591480043861417 4.347947071090989
    vertex 387.8524987901018 30.965818552132824 4.347947071091293
    vertex 388.2421104378702 30.025212828032696 4.347947071091079
  endloop
endfacet
facet normal 6.522560269672795e-16 3.113258619110041e-14 -1.0
  outer loop
    vertex 390.9862761792955 1.6591480043861417 4.347947071090989
    vertex 388.2421104378702 30.025212828032696 4.347947071091079
    vertex 388.86189306600176 29.217496381405137 4.347947071091282
  endloop
endfacet
facet normal 6.522560269672795e-16 3.113258619110041e-14 -1.0
  outer loop
    vertex 390.9862761792955 1.6591480043861417 4.347947071090989
    vertex 388.86189306600176 29.217496381405137 4.347947071091282
    vertex 389.6696095126294 28.597713753273382 4.347947071091226
  endloop
endfacet
facet normal 6.522560269672795e-16 3.113258619110041e-14 -1.0
  outer loop
    vertex 390.9862761792955 1.6591480043861417 4.347947071090989
    vertex 389.6696095126294 28.597713753273382 4.347947071091226
    vertex 390.61021523672935 28.20810210550529 4.3479470710913155
  endloop
endfacet
facet normal 6.522560269672795e-16 3.113258619110041e-14 -1.0
  outer loop
    vertex 469.9862761792954 -1.1408519956138115 4.347947071090887
    vertex 392.58627617929614 0.059148004386148624 4.3479470710909665
    vertex 393.0003866514599 0.1136666823236437 4.347947071090955
  endloop
endfacet
facet normal 6.522560269672795e-16 3.113258619110041e-14 -1.0
  outer loop
    vertex 469.9862761792954 -1.1408519956138115 4.347947071090887
    vertex 393.0003866514599 0.1136666823236437 4.347947071090955
    vertex 393.386276179296 0.27350735833103823 4.347947071090785
  endloop
endfacet
facet normal 6.522560269672795e-16 3.113258619110041e-14 -1.0
  outer loop
    vertex 469.9862761792954 -1.1408519956138115 4.347947071090887
    vertex 393.386276179296 0.27350735833103823 4.347947071090785
    vertex 393.71764702919404 0.527777154487675 4.347947071090628
  endloop
endfacet
facet normal 6.522560269672795e-16 3.113258619110041e-14 -1.0
  outer loop
    vertex 469.9862761792954 -1.1408519956138115 4.347947071090887
    vertex 393.71764702919404 0.527777154487675 4.347947071090628
    vertex 393.97191682535066 0.859148004386145 4.34794707109109
  endloop
endfacet
facet normal 6.522560269672795e-16 3.113258619110041e-14 -1.0
  outer loop
    vertex 469.9862761792954 -1.1408519956138115 4.347947071090887
    vertex 393.97191682535066 0.859148004386145 4.34794707109109
    vertex 394.1317575013582 1.2450375322221106 4.347947071091079
  endloop
endfacet
facet normal 6.522560269672795e-16 3.113258619110041e-14 -1.0
  outer loop
    vertex 469.9862761792954 -1.1408519956138115 4.347947071090887
    vertex 394.1317575013582 1.2450375322221106 4.347947071091079
    vertex 394.18627617929553 1.6591480043861413 4.3479470710906725
  endloop
endfacet
facet normal 6.522560269672795e-16 3.113258619110041e-14 -1.0
  outer loop
    vertex 469.9862761792954 -1.1408519956138115 4.347947071090887
    vertex 394.18627617929553 1.6591480043861413 4.3479470710906725
    vertex 450.78627617929607 0.059148004386124775 4.3479470710912596
  endloop
endfacet
facet normal 6.522560269672795e-16 3.113258619110041e-14 -1.0
  outer loop
    vertex 450.78627617929607 0.059148004386124775 4.3479470710912596
    vertex 394.18627617929553 1.6591480043861413 4.3479470710906725
    vertex 450.37216570713156 0.11366668232362026 4.347947071090854
  endloop
endfacet
facet normal 6.522560269672795e-16 3.113258619110041e-14 -1.0
  outer loop
    vertex 450.37216570713156 0.11366668232362026 4.347947071090854
    vertex 394.18627617929553 1.6591480043861413 4.3479470710906725
    vertex 449.98627617929577 0.27350735833101486 4.347947071090887
  endloop
endfacet
facet normal 6.522560269672795e-16 3.113258619110041e-14 -1.0
  outer loop
    vertex 449.98627617929577 0.27350735833101486 4.347947071090887
    vertex 394.18627617929553 1.6591480043861413 4.3479470710906725
    vertex 394.37732595925655 29.217496381405144 4.347947071091169
  endloop
endfacet
facet normal 6.522560269672795e-16 3.113258619110041e-14 -1.0
  outer loop
    vertex 449.98627617929577 0.27350735833101486 4.347947071090887
    vertex 394.37732595925655 29.217496381405144 4.347947071091169
    vertex 394.9971085873887 30.02521282803271 4.347947071091711
  endloop
endfacet
facet normal 6.522560269672795e-16 3.113258619110041e-14 -1.0
  outer loop
    vertex 449.98627617929577 0.27350735833101486 4.347947071090887
    vertex 394.9971085873887 30.02521282803271 4.347947071091711
    vertex 395.3867202351567 30.965818552132834 4.347947071091519
  endloop
endfacet
facet normal 6.522560269672795e-16 3.113258619110041e-14 -1.0
  outer loop
    vertex 449.98627617929577 0.27350735833101486 4.347947071090887
    vertex 395.3867202351567 30.965818552132834 4.347947071091519
    vertex 395.51960951262953 31.975212828032717 4.347947071091293
  endloop
endfacet
facet normal 6.522560269672795e-16 3.113258619110041e-14 -1.0
  outer loop
    vertex 449.98627617929577 0.27350735833101486 4.347947071090887
    vertex 395.51960951262953 31.975212828032717 4.347947071091293
    vertex 404.70294284596235 28.59771375327335 4.347947071091418
  endloop
endfacet
facet normal 6.522560269672795e-16 3.113258619110041e-14 -1.0
  outer loop
    vertex 404.70294284596235 28.59771375327335 4.347947071091418
    vertex 395.51960951262953 31.975212828032717 4.347947071091293
    vertex 403.89522639933455 29.21749638140516 4.347947071091305
  endloop
endfacet
facet normal 6.522560269672795e-16 3.113258619110041e-14 -1.0
  outer loop
    vertex 403.89522639933455 29.21749638140516 4.347947071091305
    vertex 395.51960951262953 31.975212828032717 4.347947071091293
    vertex 403.2754437712033 30.02521282803271 4.347947071090943
  endloop
endfacet
facet normal 6.522560269672795e-16 3.113258619110041e-14 -1.0
  outer loop
    vertex 403.2754437712033 30.02521282803271 4.347947071090943
    vertex 395.51960951262953 31.975212828032717 4.347947071091293
    vertex 402.88583212343525 30.965818552132824 4.347947071091011
  endloop
endfacet
facet normal 6.522560269672795e-16 3.113258619110041e-14 -1.0
  outer loop
    vertex 402.88583212343525 30.965818552132824 4.347947071091011
    vertex 395.51960951262953 31.975212828032717 4.347947071091293
    vertex 402.7529428459622 31.97521282803271 4.347947071091553
  endloop
endfacet
facet normal 6.522560269672795e-16 3.113258619110041e-14 -1.0
  outer loop
    vertex 449.98627617929577 0.27350735833101486 4.347947071090887
    vertex 404.70294284596235 28.59771375327335 4.347947071091418
    vertex 405.6435485700629 28.208102105505255 4.347947071091541
  endloop
endfacet
facet normal 6.522560269672795e-16 3.113258619110041e-14 -1.0
  outer loop
    vertex 449.98627617929577 0.27350735833101486 4.347947071090887
    vertex 405.6435485700629 28.208102105505255 4.347947071091541
    vertex 406.6529428459628 28.07521282803268 4.347947071091203
  endloop
endfacet
facet normal 6.522560269672795e-16 3.113258619110041e-14 -1.0
  outer loop
    vertex 449.98627617929577 0.27350735833101486 4.347947071090887
    vertex 406.6529428459628 28.07521282803268 4.347947071091203
    vertex 407.6623371218626 28.208102105505237 4.347947071091812
  endloop
endfacet
facet normal 6.522560269672795e-16 3.113258619110041e-14 -1.0
  outer loop
    vertex 449.98627617929577 0.27350735833101486 4.347947071090887
    vertex 407.6623371218626 28.208102105505237 4.347947071091812
    vertex 408.6029428459624 28.59771375327334 4.347947071090515
  endloop
endfacet
facet normal 6.522560269672795e-16 3.113258619110041e-14 -1.0
  outer loop
    vertex 449.98627617929577 0.27350735833101486 4.347947071090887
    vertex 408.6029428459624 28.59771375327334 4.347947071090515
    vertex 409.41065929258957 29.21749638140513 4.347947071091462
  endloop
endfacet
facet normal 6.522560269672795e-16 3.113258619110041e-14 -1.0
  outer loop
    vertex 449.98627617929577 0.27350735833101486 4.347947071090887
    vertex 409.41065929258957 29.21749638140513 4.347947071091462
    vertex 410.03044192072144 30.025212828032686 4.3479470710915304
  endloop
endfacet
facet normal 6.522560269672795e-16 3.113258619110041e-14 -1.0
  outer loop
    vertex 449.98627617929577 0.27350735833101486 4.347947071090887
    vertex 410.03044192072144 30.025212828032686 4.3479470710915304
    vertex 449.6549053293971 0.5277771544876523 4.347947071091293
  endloop
endfacet
facet normal 6.522560269672795e-16 3.113258619110041e-14 -1.0
  outer loop
    vertex 449.6549053293971 0.5277771544876523 4.347947071091293
    vertex 410.03044192072144 30.025212828032686 4.3479470710915304
    vertex 410.42005356848966 30.965818552132813 4.347947071091372
  endloop
endfacet
facet normal 6.522560269672795e-16 3.113258619110041e-14 -1.0
  outer loop
    vertex 449.6549053293971 0.5277771544876523 4.347947071091293
    vertex 410.42005356848966 30.965818552132813 4.347947071091372
    vertex 410.5529428459623 31.97521282803269 4.347947071091135
  endloop
endfacet
facet normal 6.522560269672795e-16 3.113258619110041e-14 -1.0
  outer loop
    vertex 449.6549053293971 0.5277771544876523 4.347947071091293
    vertex 410.5529428459623 31.97521282803269 4.347947071091135
    vertex 418.92855973266825 29.217496381405194 4.347947071091248
  endloop
endfacet
facet normal 6.522560269672795e-16 3.113258619110041e-14 -1.0
  outer loop
    vertex 418.92855973266825 29.217496381405194 4.347947071091248
    vertex 410.5529428459623 31.97521282803269 4.347947071091135
    vertex 418.3087771045359 30.02521282803276 4.3479470710911805
  endloop
endfacet
facet normal 6.522560269672795e-16 3.113258619110041e-14 -1.0
  outer loop
    vertex 418.3087771045359 30.02521282803276 4.3479470710911805
    vertex 410.5529428459623 31.97521282803269 4.347947071091135
    vertex 417.9191654567679 30.96581855213289 4.347947071091372
  endloop
endfacet
facet normal 6.522560269672795e-16 3.113258619110041e-14 -1.0
  outer loop
    vertex 417.9191654567679 30.96581855213289 4.347947071091372
    vertex 410.5529428459623 31.97521282803269 4.347947071091135
    vertex 417.7862761792958 31.975212828032777 4.3479470710911805
  endloop
endfacet
facet normal 6.522560269672795e-16 3.113258619110041e-14 -1.0
  outer loop
    vertex 449.6549053293971 0.5277771544876523 4.347947071091293
    vertex 418.92855973266825 29.217496381405194 4.347947071091248
    vertex 419.7362761792957 28.59771375327339 4.3479470710913155
  endloop
endfacet
facet normal 6.522560269672795e-16 3.113258619110041e-14 -1.0
  outer loop
    vertex 449.6549053293971 0.5277771544876523 4.347947071091293
    vertex 419.7362761792957 28.59771375327339 4.3479470710913155
    vertex 420.6768819033962 28.20810210550532 4.347947071091507
  endloop
endfacet
facet normal 6.522560269672795e-16 3.113258619110041e-14 -1.0
  outer loop
    vertex 449.6549053293971 0.5277771544876523 4.347947071091293
    vertex 420.6768819033962 28.20810210550532 4.347947071091507
    vertex 421.6862761792959 28.075212828032768 4.347947071091485
  endloop
endfacet
facet normal 6.522560269672795e-16 3.113258619110041e-14 -1.0
  outer loop
    vertex 449.6549053293971 0.5277771544876523 4.347947071091293
    vertex 421.6862761792959 28.075212828032768 4.347947071091485
    vertex 422.6956704551957 28.208102105505333 4.34794707109091
  endloop
endfacet
facet normal 6.522560269672795e-16 3.113258619110041e-14 -1.0
  outer loop
    vertex 449.6549053293971 0.5277771544876523 4.347947071091293
    vertex 422.6956704551957 28.208102105505333 4.34794707109091
    vertex 423.63627617929626 28.597713753273418 4.347947071091282
  endloop
endfacet
facet normal 6.522560269672795e-16 3.113258619110041e-14 -1.0
  outer loop
    vertex 449.6549053293971 0.5277771544876523 4.347947071091293
    vertex 423.63627617929626 28.597713753273418 4.347947071091282
    vertex 424.4439926259234 29.217496381405205 4.347947071091282
  endloop
endfacet
facet normal 6.522560269672795e-16 3.113258619110041e-14 -1.0
  outer loop
    vertex 449.6549053293971 0.5277771544876523 4.347947071091293
    vertex 424.4439926259234 29.217496381405205 4.347947071091282
    vertex 425.06377525405446 30.02521282803278 4.3479470710912365
  endloop
endfacet
facet normal 6.522560269672795e-16 3.113258619110041e-14 -1.0
  outer loop
    vertex 449.6549053293971 0.5277771544876523 4.347947071091293
    vertex 425.06377525405446 30.02521282803278 4.3479470710912365
    vertex 425.4533869018232 30.965818552132895 4.347947071091226
  endloop
endfacet
facet normal 6.522560269672795e-16 3.113258619110041e-14 -1.0
  outer loop
    vertex 449.6549053293971 0.5277771544876523 4.347947071091293
    vertex 425.4533869018232 30.965818552132895 4.347947071091226
    vertex 449.4006355332408 0.8591480043861237 4.347947071091474
  endloop
endfacet
facet normal 6.522560269672795e-16 3.113258619110041e-14 -1.0
  outer loop
    vertex 449.4006355332408 0.8591480043861237 4.347947071091474
    vertex 425.4533869018232 30.965818552132895 4.347947071091226
    vertex 425.58627617929653 31.975212828032777 4.347947071091485
  endloop
endfacet
facet normal 6.522560269672795e-16 3.113258619110041e-14 -1.0
  outer loop
    vertex 449.4006355332408 0.8591480043861237 4.347947071091474
    vertex 425.58627617929653 31.975212828032777 4.347947071091485
    vertex 433.3421104378696 30.025212828032807 4.347947071091982
  endloop
endfacet
facet normal 6.522560269672795e-16 3.113258619110041e-14 -1.0
  outer loop
    vertex 433.3421104378696 30.025212828032807 4.347947071091982
    vertex 425.58627617929653 31.975212828032777 4.347947071091485
    vertex 432.9524987901018 30.96581855213293 4.347947071091497
  endloop
endfacet
facet normal 6.522560269672795e-16 3.113258619110041e-14 -1.0
  outer loop
    vertex 432.9524987901018 30.96581855213293 4.347947071091497
    vertex 425.58627617929653 31.975212828032777 4.347947071091485
    vertex 432.81960951262903 31.975212828032813 4.347947071091339
  endloop
endfacet
facet normal 6.522560269672795e-16 3.113258619110041e-14 -1.0
  outer loop
    vertex 449.4006355332408 0.8591480043861237 4.347947071091474
    vertex 433.3421104378696 30.025212828032807 4.347947071091982
    vertex 433.9618930660012 29.217496381405226 4.3479470710912596
  endloop
endfacet
facet normal 6.522560269672795e-16 3.113258619110041e-14 -1.0
  outer loop
    vertex 449.4006355332408 0.8591480043861237 4.347947071091474
    vertex 433.9618930660012 29.217496381405226 4.3479470710912596
    vertex 434.76960951262913 28.59771375327341 4.347947071091349
  endloop
endfacet
facet normal 6.522560269672795e-16 3.113258619110041e-14 -1.0
  outer loop
    vertex 449.4006355332408 0.8591480043861237 4.347947071091474
    vertex 434.76960951262913 28.59771375327341 4.347947071091349
    vertex 435.71021523672937 28.2081021055053 4.347947071091113
  endloop
endfacet
facet normal 6.522560269672795e-16 3.113258619110041e-14 -1.0
  outer loop
    vertex 449.4006355332408 0.8591480043861237 4.347947071091474
    vertex 435.71021523672937 28.2081021055053 4.347947071091113
    vertex 436.71960951262906 28.07521282803272 4.3479470710910455
  endloop
endfacet
facet normal 6.522560269672795e-16 3.113258619110041e-14 -1.0
  outer loop
    vertex 449.4006355332408 0.8591480043861237 4.347947071091474
    vertex 436.71960951262906 28.07521282803272 4.3479470710910455
    vertex 437.7290037885295 28.208102105505255 4.3479470710909665
  endloop
endfacet
facet normal 6.522560269672795e-16 3.113258619110041e-14 -1.0
  outer loop
    vertex 449.4006355332408 0.8591480043861237 4.347947071091474
    vertex 437.7290037885295 28.208102105505255 4.3479470710909665
    vertex 449.2407948572333 1.2450375322220901 4.34794707109109
  endloop
endfacet
facet normal 6.522560269672795e-16 3.113258619110041e-14 -1.0
  outer loop
    vertex 449.2407948572333 1.2450375322220901 4.34794707109109
    vertex 437.7290037885295 28.208102105505255 4.3479470710909665
    vertex 438.669609512629 28.59771375327334 4.347947071091305
  endloop
endfacet
facet normal 6.522560269672795e-16 3.113258619110041e-14 -1.0
  outer loop
    vertex 449.2407948572333 1.2450375322220901 4.34794707109109
    vertex 438.669609512629 28.59771375327334 4.347947071091305
    vertex 439.47732595925646 29.21749638140513 4.347947071091034
  endloop
endfacet
facet normal 6.522560269672795e-16 3.113258619110041e-14 -1.0
  outer loop
    vertex 449.2407948572333 1.2450375322220901 4.34794707109109
    vertex 439.47732595925646 29.21749638140513 4.347947071091034
    vertex 440.0971085873891 30.025212828032686 4.347947071090921
  endloop
endfacet
facet normal 6.522560269672795e-16 3.113258619110041e-14 -1.0
  outer loop
    vertex 449.2407948572333 1.2450375322220901 4.34794707109109
    vertex 440.0971085873891 30.025212828032686 4.347947071090921
    vertex 440.48672023515604 30.965818552132813 4.347947071091349
  endloop
endfacet
facet normal 6.522560269672795e-16 3.113258619110041e-14 -1.0
  outer loop
    vertex 449.2407948572333 1.2450375322220901 4.34794707109109
    vertex 440.48672023515604 30.965818552132813 4.347947071091349
    vertex 440.61960951262853 31.975212828032696 4.347947071091384
  endloop
endfacet
facet normal 6.522560269672795e-16 3.113258619110041e-14 -1.0
  outer loop
    vertex 449.2407948572333 1.2450375322220901 4.34794707109109
    vertex 440.61960951262853 31.975212828032696 4.347947071091384
    vertex 449.18627617929604 1.659148004386124 4.347947071091169
  endloop
endfacet
facet normal 6.522560269672795e-16 3.113258619110041e-14 -1.0
  outer loop
    vertex 449.18627617929604 1.659148004386124 4.347947071091169
    vertex 440.61960951262853 31.975212828032696 4.347947071091384
    vertex 447.8529428459627 31.97521282803268 4.3479470710910455
  endloop
endfacet
facet normal 6.522560269672795e-16 3.113258619110041e-14 -1.0
  outer loop
    vertex 449.18627617929604 1.659148004386124 4.347947071091169
    vertex 447.8529428459627 31.97521282803268 4.3479470710910455
    vertex 447.9858321234347 30.965818552132806 4.347947071091733
  endloop
endfacet
facet normal 6.522560269672795e-16 3.113258619110041e-14 -1.0
  outer loop
    vertex 449.18627617929604 1.659148004386124 4.347947071091169
    vertex 447.9858321234347 30.965818552132806 4.347947071091733
    vertex 448.37544377120315 30.025212828032693 4.347947071090594
  endloop
endfacet
facet normal 6.522560269672795e-16 3.113258619110041e-14 -1.0
  outer loop
    vertex 449.18627617929604 1.659148004386124 4.347947071091169
    vertex 448.37544377120315 30.025212828032693 4.347947071090594
    vertex 448.99522639933565 29.217496381405137 4.347947071090707
  endloop
endfacet
facet normal 6.522560269672795e-16 3.113258619110041e-14 -1.0
  outer loop
    vertex 469.9862761792954 -1.1408519956138115 4.347947071090887
    vertex 450.78627617929607 0.059148004386124775 4.3479470710912596
    vertex 451.20038665145984 0.11366668232362004 4.347947071091124
  endloop
endfacet
facet normal 6.522560269672795e-16 3.113258619110041e-14 -1.0
  outer loop
    vertex 469.9862761792954 -1.1408519956138115 4.347947071090887
    vertex 451.20038665145984 0.11366668232362004 4.347947071091124
    vertex 451.5862761792958 0.2735073583310139 4.347947071091113
  endloop
endfacet
facet normal 6.522560269672795e-16 3.113258619110041e-14 -1.0
  outer loop
    vertex 469.9862761792954 -1.1408519956138115 4.347947071090887
    vertex 451.5862761792958 0.2735073583310139 4.347947071091113
    vertex 451.9176470291942 0.5277771544876512 4.347947071090775
  endloop
endfacet
facet normal 6.522560269672795e-16 3.113258619110041e-14 -1.0
  outer loop
    vertex 469.9862761792954 -1.1408519956138115 4.347947071090887
    vertex 451.9176470291942 0.5277771544876512 4.347947071090775
    vertex 452.17191682535025 0.8591480043861219 4.347947071091406
  endloop
endfacet
facet normal 6.522560269672795e-16 3.113258619110041e-14 -1.0
  outer loop
    vertex 469.9862761792954 -1.1408519956138115 4.347947071090887
    vertex 452.17191682535025 0.8591480043861219 4.347947071091406
    vertex 452.3317575013581 1.2450375322220903 4.347947071091203
  endloop
endfacet
facet normal 6.522560269672795e-16 3.113258619110041e-14 -1.0
  outer loop
    vertex 469.9862761792954 -1.1408519956138115 4.347947071090887
    vertex 452.3317575013581 1.2450375322220903 4.347947071091203
    vertex 452.3862761792955 1.6591480043861209 4.347947071091586
  endloop
endfacet
facet normal 6.522560269672795e-16 3.113258619110041e-14 -1.0
  outer loop
    vertex 469.9862761792954 -1.1408519956138115 4.347947071090887
    vertex 452.3862761792955 1.6591480043861209 4.347947071091586
    vertex 452.76233712186263 28.208102105505272 4.347947071091158
  endloop
endfacet
facet normal 6.522560269672795e-16 3.113258619110041e-14 -1.0
  outer loop
    vertex 469.9862761792954 -1.1408519956138115 4.347947071090887
    vertex 452.76233712186263 28.208102105505272 4.347947071091158
    vertex 453.7029428459621 28.59771375327337 4.347947071091068
  endloop
endfacet
facet normal 6.522560269672795e-16 3.113258619110041e-14 -1.0
  outer loop
    vertex 469.9862761792954 -1.1408519956138115 4.347947071090887
    vertex 453.7029428459621 28.59771375327337 4.347947071091068
    vertex 454.5106592925903 29.217496381405187 4.347947071091688
  endloop
endfacet
facet normal 6.522560269672795e-16 3.113258619110041e-14 -1.0
  outer loop
    vertex 469.9862761792954 -1.1408519956138115 4.347947071090887
    vertex 454.5106592925903 29.217496381405187 4.347947071091688
    vertex 455.1304419207223 30.02521282803275 4.3479470710911015
  endloop
endfacet
facet normal 6.522560269672795e-16 3.113258619110041e-14 -1.0
  outer loop
    vertex 469.9862761792954 -1.1408519956138115 4.347947071090887
    vertex 455.1304419207223 30.02521282803275 4.3479470710911015
    vertex 455.52005356848974 30.96581855213288 4.347947071091293
  endloop
endfacet
facet normal 6.522560269672795e-16 3.113258619110041e-14 -1.0
  outer loop
    vertex 469.9862761792954 -1.1408519956138115 4.347947071090887
    vertex 455.52005356848974 30.96581855213288 4.347947071091293
    vertex 455.6529428459625 31.975212828032763 4.347947071091011
  endloop
endfacet
facet normal 6.522560269672795e-16 3.113258619110041e-14 -1.0
  outer loop
    vertex 449.1862761792964 125.15914800438708 4.34794707109435
    vertex 449.8029428459623 35.35271190279199 4.347947071090718
    vertex 448.99522639933565 34.732929274660194 4.347947071090707
  endloop
endfacet
facet normal 6.522560269672795e-16 3.113258619110041e-14 -1.0
  outer loop
    vertex 449.8029428459623 35.35271190279199 4.347947071090718
    vertex 449.1862761792964 125.15914800438708 4.34794707109435
    vertex 449.2407948572341 124.74503753222307 4.347947071094485
  endloop
endfacet
facet normal 6.522560269672795e-16 3.113258619110041e-14 -1.0
  outer loop
    vertex 449.8029428459623 35.35271190279199 4.347947071090718
    vertex 449.2407948572341 124.74503753222307 4.347947071094485
    vertex 449.4006355332417 124.35914800438708 4.347947071094463
  endloop
endfacet
facet normal 6.522560269672795e-16 3.113258619110041e-14 -1.0
  outer loop
    vertex 449.8029428459623 35.35271190279199 4.347947071090718
    vertex 449.4006355332417 124.35914800438708 4.347947071094463
    vertex 449.6549053293978 124.0277771544886 4.347947071094768
  endloop
endfacet
facet normal 6.522560269672795e-16 3.113258619110041e-14 -1.0
  outer loop
    vertex 449.8029428459623 35.35271190279199 4.347947071090718
    vertex 449.6549053293978 124.0277771544886 4.347947071094768
    vertex 449.9862761792964 123.77350735833197 4.347947071094125
  endloop
endfacet
facet normal 6.522560269672795e-16 3.113258619110041e-14 -1.0
  outer loop
    vertex 449.8029428459623 35.35271190279199 4.347947071090718
    vertex 449.9862761792964 123.77350735833197 4.347947071094125
    vertex 450.7435485700618 35.74232355056 4.347947071091541
  endloop
endfacet
facet normal 6.522560269672795e-16 3.113258619110041e-14 -1.0
  outer loop
    vertex 450.7435485700618 35.74232355056 4.347947071091541
    vertex 449.9862761792964 123.77350735833197 4.347947071094125
    vertex 450.37216570713207 123.61366668232453 4.34794707109382
  endloop
endfacet
facet normal 6.522560269672795e-16 3.113258619110041e-14 -1.0
  outer loop
    vertex 450.7435485700618 35.74232355056 4.347947071091541
    vertex 450.37216570713207 123.61366668232453 4.34794707109382
    vertex 450.7862761792965 123.55914800438705 4.34794707109462
  endloop
endfacet
facet normal 6.522560269672795e-16 3.113258619110041e-14 -1.0
  outer loop
    vertex 450.7435485700618 35.74232355056 4.347947071091541
    vertex 450.7862761792965 123.55914800438705 4.34794707109462
    vertex 451.7529428459623 35.875212828032666 4.347947071091541
  endloop
endfacet
facet normal 6.522560269672795e-16 3.113258619110041e-14 -1.0
  outer loop
    vertex 451.7529428459623 35.875212828032666 4.347947071091541
    vertex 450.7862761792965 123.55914800438705 4.34794707109462
    vertex 451.20038665146063 123.61366668232453 4.347947071094587
  endloop
endfacet
facet normal 6.522560269672795e-16 3.113258619110041e-14 -1.0
  outer loop
    vertex 451.7529428459623 35.875212828032666 4.347947071091541
    vertex 451.20038665146063 123.61366668232453 4.347947071094587
    vertex 451.5862761792965 123.77350735833193 4.347947071094485
  endloop
endfacet
facet normal 6.522560269672795e-16 3.113258619110041e-14 -1.0
  outer loop
    vertex 451.7529428459623 35.875212828032666 4.347947071091541
    vertex 451.5862761792965 123.77350735833193 4.347947071094485
    vertex 451.9176470291948 124.02777715448855 4.3479470710942145
  endloop
endfacet
facet normal 6.522560269672795e-16 3.113258619110041e-14 -1.0
  outer loop
    vertex 451.7529428459623 35.875212828032666 4.347947071091541
    vertex 451.9176470291948 124.02777715448855 4.3479470710942145
    vertex 452.76233712186263 35.74232355056 4.347947071091158
  endloop
endfacet
facet normal 6.522560269672795e-16 3.113258619110041e-14 -1.0
  outer loop
    vertex 452.76233712186263 35.74232355056 4.347947071091158
    vertex 451.9176470291948 124.02777715448855 4.3479470710942145
    vertex 452.1719168253511 124.35914800438701 4.347947071094925
  endloop
endfacet
facet normal 6.522560269672795e-16 3.113258619110041e-14 -1.0
  outer loop
    vertex 452.76233712186263 35.74232355056 4.347947071091158
    vertex 452.1719168253511 124.35914800438701 4.347947071094925
    vertex 452.3317575013584 124.74503753222295 4.347947071094632
  endloop
endfacet
facet normal 6.522560269672795e-16 3.113258619110041e-14 -1.0
  outer loop
    vertex 452.76233712186263 35.74232355056 4.347947071091158
    vertex 452.3317575013584 124.74503753222295 4.347947071094632
    vertex 452.3862761792962 125.159148004387 4.347947071094802
  endloop
endfacet
facet normal 6.522560269672795e-16 3.113258619110041e-14 -1.0
  outer loop
    vertex 408.6029428459624 35.35271190279198 4.347947071090515
    vertex 408.6862761792962 70.1296060315943 4.34794684801948
    vertex 409.41065929258957 34.73292927466019 4.347947071091462
  endloop
endfacet
facet normal 6.522560269672795e-16 3.113258619110041e-14 -1.0
  outer loop
    vertex 408.6862761792962 70.1296060315943 4.34794684801948
    vertex 408.6029428459624 35.35271190279198 4.347947071090515
    vertex 408.6862761792959 86.12954499643807 4.347946848019717
  endloop
endfacet
facet normal 6.522560269672795e-16 3.113258619110041e-14 -1.0
  outer loop
    vertex 409.41065929258957 34.73292927466019 4.347947071091462
    vertex 408.6862761792962 70.1296060315943 4.34794684801948
    vertex 434.6862761792964 70.12960603159426 4.347946848019424
  endloop
endfacet
facet normal 6.522560269672795e-16 3.113258619110041e-14 -1.0
  outer loop
    vertex 409.41065929258957 34.73292927466019 4.347947071091462
    vertex 434.6862761792964 70.12960603159426 4.347946848019424
    vertex 410.03044192072144 33.92521282803261 4.3479470710915304
  endloop
endfacet
facet normal 6.522560269672795e-16 3.113258619110041e-14 -1.0
  outer loop
    vertex 410.03044192072144 33.92521282803261 4.3479470710915304
    vertex 434.6862761792964 70.12960603159426 4.347946848019424
    vertex 410.42005356848966 32.98460710393249 4.347947071091372
  endloop
endfacet
facet normal 6.522560269672795e-16 3.113258619110041e-14 -1.0
  outer loop
    vertex 410.42005356848966 32.98460710393249 4.347947071091372
    vertex 434.6862761792964 70.12960603159426 4.347946848019424
    vertex 410.5529428459623 31.97521282803269 4.347947071091135
  endloop
endfacet
facet normal 6.522560269672795e-16 3.113258619110041e-14 -1.0
  outer loop
    vertex 410.5529428459623 31.97521282803269 4.347947071091135
    vertex 434.6862761792964 70.12960603159426 4.347946848019424
    vertex 418.3087771045359 33.925212828032684 4.3479470710911805
  endloop
endfacet
facet normal 6.522560269672795e-16 3.113258619110041e-14 -1.0
  outer loop
    vertex 410.5529428459623 31.97521282803269 4.347947071091135
    vertex 418.3087771045359 33.925212828032684 4.3479470710911805
    vertex 417.9191654567679 32.98460710393257 4.347947071091372
  endloop
endfacet
facet normal 6.522560269672795e-16 3.113258619110041e-14 -1.0
  outer loop
    vertex 410.5529428459623 31.97521282803269 4.347947071091135
    vertex 417.9191654567679 32.98460710393257 4.347947071091372
    vertex 417.7862761792958 31.975212828032777 4.3479470710911805
  endloop
endfacet
facet normal 6.522560269672795e-16 3.113258619110041e-14 -1.0
  outer loop
    vertex 418.3087771045359 33.925212828032684 4.3479470710911805
    vertex 434.6862761792964 70.12960603159426 4.347946848019424
    vertex 418.92855973266825 34.73292927466025 4.347947071091248
  endloop
endfacet
facet normal 6.522560269672795e-16 3.113258619110041e-14 -1.0
  outer loop
    vertex 418.92855973266825 34.73292927466025 4.347947071091248
    vertex 434.6862761792964 70.12960603159426 4.347946848019424
    vertex 419.7362761792957 35.35271190279203 4.3479470710913155
  endloop
endfacet
facet normal 6.522560269672795e-16 3.113258619110041e-14 -1.0
  outer loop
    vertex 419.7362761792957 35.35271190279203 4.3479470710913155
    vertex 434.6862761792964 70.12960603159426 4.347946848019424
    vertex 420.6768819033962 35.74232355056005 4.347947071091507
  endloop
endfacet
facet normal 6.522560269672795e-16 3.113258619110041e-14 -1.0
  outer loop
    vertex 420.6768819033962 35.74232355056005 4.347947071091507
    vertex 434.6862761792964 70.12960603159426 4.347946848019424
    vertex 421.686276179296 35.87521282803271 4.347947071091564
  endloop
endfacet
facet normal 6.522560269672795e-16 3.113258619110041e-14 -1.0
  outer loop
    vertex 421.686276179296 35.87521282803271 4.347947071091564
    vertex 434.6862761792964 70.12960603159426 4.347946848019424
    vertex 422.6956704551957 35.742323550560066 4.34794707109091
  endloop
endfacet
facet normal 6.522560269672795e-16 3.113258619110041e-14 -1.0
  outer loop
    vertex 422.6956704551957 35.742323550560066 4.34794707109091
    vertex 434.6862761792964 70.12960603159426 4.347946848019424
    vertex 423.63627617929626 35.35271190279206 4.347947071091282
  endloop
endfacet
facet normal 6.522560269672795e-16 3.113258619110041e-14 -1.0
  outer loop
    vertex 423.63627617929626 35.35271190279206 4.347947071091282
    vertex 434.6862761792964 70.12960603159426 4.347946848019424
    vertex 424.4439926259234 34.732929274660265 4.347947071091282
  endloop
endfacet
facet normal 6.522560269672795e-16 3.113258619110041e-14 -1.0
  outer loop
    vertex 424.4439926259234 34.732929274660265 4.347947071091282
    vertex 434.6862761792964 70.12960603159426 4.347946848019424
    vertex 425.06377525405446 33.925212828032706 4.3479470710912365
  endloop
endfacet
facet normal 6.522560269672795e-16 3.113258619110041e-14 -1.0
  outer loop
    vertex 425.06377525405446 33.925212828032706 4.3479470710912365
    vertex 434.6862761792964 70.12960603159426 4.347946848019424
    vertex 425.4533869018232 32.984607103932575 4.347947071091226
  endloop
endfacet
facet normal 6.522560269672795e-16 3.113258619110041e-14 -1.0
  outer loop
    vertex 425.4533869018232 32.984607103932575 4.347947071091226
    vertex 434.6862761792964 70.12960603159426 4.347946848019424
    vertex 425.58627617929653 31.975212828032777 4.347947071091485
  endloop
endfacet
facet normal 6.522560269672795e-16 3.113258619110041e-14 -1.0
  outer loop
    vertex 425.58627617929653 31.975212828032777 4.347947071091485
    vertex 434.6862761792964 70.12960603159426 4.347946848019424
    vertex 432.81960951262903 31.975212828032813 4.347947071091339
  endloop
endfacet
facet normal 6.522560269672795e-16 3.113258619110041e-14 -1.0
  outer loop
    vertex 432.81960951262903 31.975212828032813 4.347947071091339
    vertex 434.6862761792964 70.12960603159426 4.347946848019424
    vertex 432.9524987901018 32.9846071039326 4.347947071091497
  endloop
endfacet
facet normal 6.522560269672795e-16 3.113258619110041e-14 -1.0
  outer loop
    vertex 432.9524987901018 32.9846071039326 4.347947071091497
    vertex 434.6862761792964 70.12960603159426 4.347946848019424
    vertex 433.3421104378696 33.92521282803273 4.347947071091982
  endloop
endfacet
facet normal 6.522560269672795e-16 3.113258619110041e-14 -1.0
  outer loop
    vertex 433.3421104378696 33.92521282803273 4.347947071091982
    vertex 434.6862761792964 70.12960603159426 4.347946848019424
    vertex 433.9618930660012 34.732929274660286 4.3479470710912596
  endloop
endfacet
facet normal 6.522560269672795e-16 3.113258619110041e-14 -1.0
  outer loop
    vertex 433.9618930660012 34.732929274660286 4.3479470710912596
    vertex 434.6862761792964 70.12960603159426 4.347946848019424
    vertex 434.76960951262913 35.35271190279206 4.347947071091349
  endloop
endfacet
facet normal 6.522560269672795e-16 3.113258619110041e-14 -1.0
  outer loop
    vertex 391.61960951262944 28.07521282803273 4.347947071091203
    vertex 390.9862761792955 1.6591480043861417 4.347947071090989
    vertex 390.61021523672935 28.20810210550529 4.3479470710913155
  endloop
endfacet
facet normal 6.522560269672795e-16 3.113258619110041e-14 -1.0
  outer loop
    vertex 390.9862761792955 1.6591480043861417 4.347947071090989
    vertex 391.61960951262944 28.07521282803273 4.347947071091203
    vertex 391.0407948572329 2.0732584765501745 4.347947071090741
  endloop
endfacet
facet normal 6.522560269672795e-16 3.113258619110041e-14 -1.0
  outer loop
    vertex 391.0407948572329 2.0732584765501745 4.347947071090741
    vertex 391.61960951262944 28.07521282803273 4.347947071091203
    vertex 391.2006355332405 2.45914800438614 4.347947071090729
  endloop
endfacet
facet normal 6.522560269672795e-16 3.113258619110041e-14 -1.0
  outer loop
    vertex 391.2006355332405 2.45914800438614 4.347947071090729
    vertex 391.61960951262944 28.07521282803273 4.347947071091203
    vertex 391.4549053293974 2.7905188542846133 4.347947071090831
  endloop
endfacet
facet normal 6.522560269672795e-16 3.113258619110041e-14 -1.0
  outer loop
    vertex 391.4549053293974 2.7905188542846133 4.347947071090831
    vertex 391.61960951262944 28.07521282803273 4.347947071091203
    vertex 391.78627617929584 3.0447886504412507 4.3479470710906165
  endloop
endfacet
facet normal 6.522560269672795e-16 3.113258619110041e-14 -1.0
  outer loop
    vertex 391.78627617929584 3.0447886504412507 4.3479470710906165
    vertex 391.61960951262944 28.07521282803273 4.347947071091203
    vertex 392.62900378852913 28.208102105505283 4.3479470710912596
  endloop
endfacet
facet normal 6.522560269672795e-16 3.113258619110041e-14 -1.0
  outer loop
    vertex 391.78627617929584 3.0447886504412507 4.3479470710906165
    vertex 392.62900378852913 28.208102105505283 4.3479470710912596
    vertex 392.17216570713185 3.2046293264486376 4.347947071090628
  endloop
endfacet
facet normal 6.522560269672795e-16 3.113258619110041e-14 -1.0
  outer loop
    vertex 392.17216570713185 3.2046293264486376 4.347947071090628
    vertex 392.62900378852913 28.208102105505283 4.3479470710912596
    vertex 392.58627617929614 3.259148004386138 4.3479470710909665
  endloop
endfacet
facet normal 6.522560269672795e-16 3.113258619110041e-14 -1.0
  outer loop
    vertex 392.58627617929614 3.259148004386138 4.3479470710909665
    vertex 392.62900378852913 28.208102105505283 4.3479470710912596
    vertex 393.0003866514599 3.204629326448642 4.347947071090955
  endloop
endfacet
facet normal 6.522560269672795e-16 3.113258619110041e-14 -1.0
  outer loop
    vertex 393.0003866514599 3.204629326448642 4.347947071090955
    vertex 392.62900378852913 28.208102105505283 4.3479470710912596
    vertex 393.5696095126299 28.59771375327336 4.347947071091158
  endloop
endfacet
facet normal 6.522560269672795e-16 3.113258619110041e-14 -1.0
  outer loop
    vertex 393.0003866514599 3.204629326448642 4.347947071090955
    vertex 393.5696095126299 28.59771375327336 4.347947071091158
    vertex 393.386276179296 3.0447886504412476 4.347947071090785
  endloop
endfacet
facet normal 6.522560269672795e-16 3.113258619110041e-14 -1.0
  outer loop
    vertex 393.386276179296 3.0447886504412476 4.347947071090785
    vertex 393.5696095126299 28.59771375327336 4.347947071091158
    vertex 393.71764702919404 2.7905188542846124 4.347947071090628
  endloop
endfacet
facet normal 6.522560269672795e-16 3.113258619110041e-14 -1.0
  outer loop
    vertex 393.71764702919404 2.7905188542846124 4.347947071090628
    vertex 393.5696095126299 28.59771375327336 4.347947071091158
    vertex 394.37732595925655 29.217496381405144 4.347947071091169
  endloop
endfacet
facet normal 6.522560269672795e-16 3.113258619110041e-14 -1.0
  outer loop
    vertex 393.71764702919404 2.7905188542846124 4.347947071090628
    vertex 394.37732595925655 29.217496381405144 4.347947071091169
    vertex 393.97191682535066 2.4591480043861407 4.34794707109109
  endloop
endfacet
facet normal 6.522560269672795e-16 3.113258619110041e-14 -1.0
  outer loop
    vertex 393.97191682535066 2.4591480043861407 4.34794707109109
    vertex 394.37732595925655 29.217496381405144 4.347947071091169
    vertex 394.1317575013582 2.073258476550174 4.347947071091079
  endloop
endfacet
facet normal 6.522560269672795e-16 3.113258619110041e-14 -1.0
  outer loop
    vertex 394.1317575013582 2.073258476550174 4.347947071091079
    vertex 394.37732595925655 29.217496381405144 4.347947071091169
    vertex 394.18627617929553 1.6591480043861413 4.3479470710906725
  endloop
endfacet
facet normal 6.522560269672795e-16 3.113258619110041e-14 -1.0
  outer loop
    vertex 390.9862761792962 125.15914800438676 4.347947071093967
    vertex 391.61960951262967 35.87521282803267 4.347947071091418
    vertex 390.6102152367293 35.74232355056002 4.3479470710913946
  endloop
endfacet
facet normal 6.522560269672795e-16 3.113258619110041e-14 -1.0
  outer loop
    vertex 391.61960951262967 35.87521282803267 4.347947071091418
    vertex 390.9862761792962 125.15914800438676 4.347947071093967
    vertex 391.04079485723366 124.74503753222272 4.347947071094046
  endloop
endfacet
facet normal 6.522560269672795e-16 3.113258619110041e-14 -1.0
  outer loop
    vertex 391.61960951262967 35.87521282803267 4.347947071091418
    vertex 391.04079485723366 124.74503753222272 4.347947071094046
    vertex 391.20063553324127 124.35914800438678 4.3479470710940795
  endloop
endfacet
facet normal 6.522560269672795e-16 3.113258619110041e-14 -1.0
  outer loop
    vertex 391.61960951262967 35.87521282803267 4.347947071091418
    vertex 391.20063553324127 124.35914800438678 4.3479470710940795
    vertex 391.4549053293983 124.02777715448832 4.34794707109461
  endloop
endfacet
facet normal 6.522560269672795e-16 3.113258619110041e-14 -1.0
  outer loop
    vertex 391.61960951262967 35.87521282803267 4.347947071091418
    vertex 391.4549053293983 124.02777715448832 4.34794707109461
    vertex 391.78627617929646 123.7735073583317 4.347947071094147
  endloop
endfacet
facet normal 6.522560269672795e-16 3.113258619110041e-14 -1.0
  outer loop
    vertex 391.61960951262967 35.87521282803267 4.347947071091418
    vertex 391.78627617929646 123.7735073583317 4.347947071094147
    vertex 392.62900378852925 35.742323550560016 4.347947071091339
  endloop
endfacet
facet normal 6.522560269672795e-16 3.113258619110041e-14 -1.0
  outer loop
    vertex 392.62900378852925 35.742323550560016 4.347947071091339
    vertex 391.78627617929646 123.7735073583317 4.347947071094147
    vertex 392.17216570713265 123.61366668232426 4.3479470710942145
  endloop
endfacet
facet normal 6.522560269672795e-16 3.113258619110041e-14 -1.0
  outer loop
    vertex 392.62900378852925 35.742323550560016 4.347947071091339
    vertex 392.17216570713265 123.61366668232426 4.3479470710942145
    vertex 392.58627617929693 123.55914800438678 4.347947071094147
  endloop
endfacet
facet normal 6.522560269672795e-16 3.113258619110041e-14 -1.0
  outer loop
    vertex 392.62900378852925 35.742323550560016 4.347947071091339
    vertex 392.58627617929693 123.55914800438678 4.347947071094147
    vertex 393.0003866514606 123.61366668232426 4.347947071094181
  endloop
endfacet
facet normal 6.522560269672795e-16 3.113258619110041e-14 -1.0
  outer loop
    vertex 392.62900378852925 35.742323550560016 4.347947071091339
    vertex 393.0003866514606 123.61366668232426 4.347947071094181
    vertex 393.56960951263 35.352711902792 4.347947071091203
  endloop
endfacet
facet normal 6.522560269672795e-16 3.113258619110041e-14 -1.0
  outer loop
    vertex 393.56960951263 35.352711902792 4.347947071091203
    vertex 393.0003866514606 123.61366668232426 4.347947071094181
    vertex 393.3862761792968 123.77350735833168 4.347947071094113
  endloop
endfacet
facet normal 6.522560269672795e-16 3.113258619110041e-14 -1.0
  outer loop
    vertex 393.56960951263 35.352711902792 4.347947071091203
    vertex 393.3862761792968 123.77350735833168 4.347947071094113
    vertex 393.7176470291946 124.02777715448829 4.347947071094125
  endloop
endfacet
facet normal 6.522560269672795e-16 3.113258619110041e-14 -1.0
  outer loop
    vertex 393.56960951263 35.352711902792 4.347947071091203
    vertex 393.7176470291946 124.02777715448829 4.347947071094125
    vertex 394.3773259592566 34.7329292746602 4.347947071091214
  endloop
endfacet
facet normal 6.522560269672795e-16 3.113258619110041e-14 -1.0
  outer loop
    vertex 394.3773259592566 34.7329292746602 4.347947071091214
    vertex 393.7176470291946 124.02777715448829 4.347947071094125
    vertex 393.9719168253513 124.35914800438678 4.347947071094485
  endloop
endfacet
facet normal 6.522560269672795e-16 3.113258619110041e-14 -1.0
  outer loop
    vertex 394.3773259592566 34.7329292746602 4.347947071091214
    vertex 393.9719168253513 124.35914800438678 4.347947071094485
    vertex 394.13175750135895 124.74503753222272 4.347947071094395
  endloop
endfacet
facet normal 6.522560269672795e-16 3.113258619110041e-14 -1.0
  outer loop
    vertex 394.3773259592566 34.7329292746602 4.347947071091214
    vertex 394.13175750135895 124.74503753222272 4.347947071094395
    vertex 394.18627617929644 125.15914800438678 4.347947071094238
  endloop
endfacet
facet normal 0.6087614290087094 -0.7933533402912439 -2.137179322403427e-14
  outer loop
    vertex 449.9862761792965 126.54478865044207 7.347947071094209
    vertex 449.6549053293978 126.29051885428555 4.3479470710947785
    vertex 449.9862761792964 126.54478865044214 4.347947071094147
  endloop
endfacet
facet normal 0.6087614290087094 -0.7933533402912439 -2.137179322403427e-14
  outer loop
    vertex 449.6549053293978 126.29051885428555 4.3479470710947785
    vertex 449.9862761792965 126.54478865044207 7.347947071094209
    vertex 449.65490532939765 126.29051885428547 7.347947071093667
  endloop
endfacet
facet normal -0.9914448613738168 0.13052619222000275 -5.551115123125783e-17
  outer loop
    vertex 452.3862761792954 125.15914800438696 7.347947071094367
    vertex 452.3317575013584 124.74503753222295 4.347947071094632
    vertex 452.3317575013588 124.74503753222291 7.347947071094457
  endloop
endfacet
facet normal -0.9914448613738168 0.13052619222000275 -5.551115123125783e-17
  outer loop
    vertex 452.3317575013584 124.74503753222295 4.347947071094632
    vertex 452.3862761792954 125.15914800438696 7.347947071094367
    vertex 452.3862761792962 125.159148004387 4.347947071094802
  endloop
endfacet
facet normal -0.3826834323651743 0.9238795325112517 2.53477794309731e-14
  outer loop
    vertex 451.20038665146063 123.61366668232453 4.347947071094587
    vertex 451.586276179296 123.77350735833188 7.34794707109448
    vertex 451.5862761792965 123.77350735833193 4.347947071094485
  endloop
endfacet
facet normal -0.3826834323651743 0.9238795325112517 2.53477794309731e-14
  outer loop
    vertex 451.586276179296 123.77350735833188 7.34794707109448
    vertex 451.20038665146063 123.61366668232453 4.347947071094587
    vertex 451.20038665146046 123.61366668232444 7.34794707109483
  endloop
endfacet
facet normal 0.3826834323651749 0.9238795325112514 2.8192725931575063e-14
  outer loop
    vertex 449.9862761792964 123.77350735833197 4.347947071094125
    vertex 450.37216570713235 123.61366668232446 7.3479470710942545
    vertex 450.37216570713207 123.61366668232453 4.34794707109382
  endloop
endfacet
facet normal 0.3826834323651749 0.9238795325112514 2.8192725931575063e-14
  outer loop
    vertex 450.37216570713235 123.61366668232446 7.3479470710942545
    vertex 449.9862761792964 123.77350735833197 4.347947071094125
    vertex 449.9862761792965 123.7735073583319 7.347947071094187
  endloop
endfacet
facet normal 0.13052619222000297 0.9914448613738169 2.940529764128286e-14
  outer loop
    vertex 450.37216570713235 123.61366668232446 7.3479470710942545
    vertex 450.7862761792965 123.55914800438705 4.34794707109462
    vertex 450.37216570713207 123.61366668232453 4.34794707109382
  endloop
endfacet
facet normal 0.13052619222000297 0.9914448613738169 2.940529764128286e-14
  outer loop
    vertex 450.7862761792965 123.55914800438705 4.34794707109462
    vertex 450.37216570713235 123.61366668232446 7.3479470710942545
    vertex 450.7862761792964 123.559148004387 7.347947071094288
  endloop
endfacet
facet normal 0.9063098270302329 0.4226138869327766 -6.371292382567618e-14
  outer loop
    vertex 410.79188225839863 88.22555329721932 8.147948588475444
    vertex 410.7255828199217 88.36773469370344 11.34794875536869
    vertex 410.7918822583981 88.22555329721921 11.347948755368229
  endloop
endfacet
facet normal 0.9063098270302329 0.4226138869327766 -6.371292382567618e-14
  outer loop
    vertex 410.7255828199217 88.36773469370344 11.34794875536869
    vertex 410.79188225839863 88.22555329721932 8.147948588475444
    vertex 410.725582819922 88.36773469370355 8.147948588474845
  endloop
endfacet
facet normal 0.2587279821130021 0.9659502219430016 4.373237882937531e-14
  outer loop
    vertex 433.59180901621045 65.31118562143793 11.347947324855259
    vertex 433.74334405039065 65.27059724253172 8.147947515591165
    vertex 433.5918090162104 65.31118562143801 8.147947515590635
  endloop
endfacet
facet normal 0.2587279821130021 0.9659502219430016 4.373237882937531e-14
  outer loop
    vertex 433.74334405039065 65.27059724253172 8.147947515591165
    vertex 433.59180901621045 65.31118562143793 11.347947324855259
    vertex 433.74334405039025 65.27059724253164 11.347947324856285
  endloop
endfacet
facet normal 0.8108783634945856 -0.5852147294936643 -1.9068080447937064e-13
  outer loop
    vertex 409.8207671460938 84.7686746351099 5.48244663630395
    vertex 409.86805413339835 84.83419587534436 6.347947295054167
    vertex 409.82076714609343 84.76867463510987 6.34794729505543
  endloop
endfacet
facet normal 0.8108783634945856 -0.5852147294936643 -1.9068080447937064e-13
  outer loop
    vertex 409.86805413339835 84.83419587534436 6.347947295054167
    vertex 409.8207671460938 84.7686746351099 5.48244663630395
    vertex 409.86805413339783 84.83419587534438 5.5297342792595865
  endloop
endfacet
facet normal 0.2587594214075855 -0.9659418004376928 -2.9042740434803704e-14
  outer loop
    vertex 433.9485595044919 63.015317701516125 6.347946939071727
    vertex 433.69599602792914 62.947660230813035 8.147947396381797
    vertex 433.69599602792965 62.94766023081309 6.347946936101885
  endloop
endfacet
facet normal 0.2587594214075855 -0.9659418004376928 -2.9042740434803704e-14
  outer loop
    vertex 433.69599602792914 62.947660230813035 8.147947396381797
    vertex 433.9485595044919 63.015317701516125 6.347946939071727
    vertex 433.94855950449204 63.01531770151607 8.147947396381403
  endloop
endfacet
facet normal -0.573569215668772 0.8191511484266218 0.003122638060414017
  outer loop
    vertex 409.19614861582016 89.21676423471915 8.147948707685172
    vertex 409.09769890878937 89.15469148081303 6.347947078306682
    vertex 408.9819762525385 89.06680085581299 8.1479485884754
  endloop
endfacet
facet normal 0.9238795325112685 -0.38268343236513375 -1.1671219546371958e-14
  outer loop
    vertex 417.9191654567679 32.98460710393257 4.347947071091372
    vertex 418.3087771045367 33.925212828032635 7.3479470710914905
    vertex 417.91916545676827 32.98460710393252 7.347947071091186
  endloop
endfacet
facet normal 0.9238795325112685 -0.38268343236513375 -1.1671219546371958e-14
  outer loop
    vertex 418.3087771045367 33.925212828032635 7.3479470710914905
    vertex 417.9191654567679 32.98460710393257 4.347947071091372
    vertex 418.3087771045359 33.925212828032684 4.3479470710911805
  endloop
endfacet
facet normal -0.9961904450855096 0.08718854862324654 0.0016595509351745729
  outer loop
    vertex 408.4689452466796 88.17819001596925 8.147948588474959
    vertex 408.46244500253863 88.13818147104742 6.3479471086630905
    vertex 408.44614861581925 87.91772248667243 8.147948588475794
  endloop
endfacet
facet normal -0.2588829100398933 0.9659087114677435 -3.5704078582554644e-14
  outer loop
    vertex 409.43378899667914 65.82128693979729 8.147947634799959
    vertex 409.68633721445275 65.88897492807861 6.347947100111767
    vertex 409.43378899667994 65.82128693979737 6.34794709803511
  endloop
endfacet
facet normal -0.2588829100398933 0.9659087114677435 -3.5704078582554644e-14
  outer loop
    vertex 409.68633721445275 65.88897492807861 6.347947100111767
    vertex 409.43378899667914 65.82128693979729 8.147947634799959
    vertex 409.6863372144531 65.88897492807851 8.14794763480034
  endloop
endfacet
facet normal 0.9995926354979492 -0.028540219144255568 0.00013765704468382545
  outer loop
    vertex 434.9512755689456 87.9197061292504 8.14794858847497
    vertex 434.94935296152335 87.84368684214114 6.347947044193231
    vertex 434.95126031015525 87.91048982065679 6.347947043366304
  endloop
endfacet
facet normal -0.8190947915360501 -0.5736581930718977 -1.725009024511337e-14
  outer loop
    vertex 409.16672967050823 87.46771027964085 11.347948755368138
    vertex 409.2567107496091 87.3392312757347 8.147948588475522
    vertex 409.25671074960917 87.3392312757346 11.347948755368522
  endloop
endfacet
facet normal -0.8190947915360501 -0.5736581930718977 -1.725009024511337e-14
  outer loop
    vertex 409.2567107496091 87.3392312757347 8.147948588475522
    vertex 409.16672967050823 87.46771027964085 11.347948755368138
    vertex 409.16672967050766 87.46771027964097 8.14794858847497
  endloop
endfacet
facet normal -0.6087614290087174 0.7933533402912375 2.3897550605056488e-14
  outer loop
    vertex 423.6362761792964 28.59771375327331 7.3479470710907915
    vertex 424.4439926259234 29.217496381405205 4.347947071091282
    vertex 423.63627617929626 28.597713753273418 4.347947071091282
  endloop
endfacet
facet normal -0.6087614290087174 0.7933533402912375 2.3897550605056488e-14
  outer loop
    vertex 424.4439926259234 29.217496381405205 4.347947071091282
    vertex 423.6362761792964 28.59771375327331 7.3479470710907915
    vertex 424.4439926259235 29.217496381405127 7.347947071091265
  endloop
endfacet
facet normal 0.13052619222007103 -0.9914448613738079 -2.9932653577979806e-14
  outer loop
    vertex 391.61960951262967 35.87521282803267 4.347947071091418
    vertex 390.6102152367296 35.74232355055989 7.347947071091975
    vertex 390.6102152367293 35.74232355056002 4.3479470710913946
  endloop
endfacet
facet normal 0.13052619222007103 -0.9914448613738079 -2.9932653577979806e-14
  outer loop
    vertex 390.6102152367296 35.74232355055989 7.347947071091975
    vertex 391.61960951262967 35.87521282803267 4.347947071091418
    vertex 391.61960951262944 35.87521282803255 7.347947071091829
  endloop
endfacet
facet normal -0.8480030142593646 0.5299863980301026 -0.0023034127093955613
  outer loop
    vertex 408.7436950025386 88.81442048471922 6.347947084801978
    vertex 408.6131408033199 88.60552766245357 6.347947091040815
    vertex 408.64712212656207 88.66772248667228 8.147948588474902
  endloop
endfacet
facet normal -0.08718866868474326 0.9961918168972189 4.309400059021584e-14
  outer loop
    vertex 433.1750609693352 65.9020669690942 8.147947634799946
    vertex 433.43552849863266 65.92486359995368 6.3479470667164275
    vertex 433.1750609693356 65.90206696909422 6.347947065717562
  endloop
endfacet
facet normal -0.08718866868474326 0.9961918168972189 4.309400059021584e-14
  outer loop
    vertex 433.43552849863266 65.92486359995368 6.3479470667164275
    vertex 433.1750609693352 65.9020669690942 8.147947634799946
    vertex 433.43552849863283 65.92486359995362 8.1479476347998
  endloop
endfacet
facet normal -0.0871882981023502 -0.996187582734588 0.0029155924671026862
  outer loop
    vertex 433.4512755689461 86.41970612925043 8.14794846926646
    vertex 433.1908080396483 86.44250276010989 8.147948469265557
    vertex 433.2836882886718 86.42910554331299 6.347947187951975
  endloop
endfacet
facet normal 0.9063098270304378 -0.4226138869323369 6.421252418675749e-14
  outer loop
    vertex 434.23070977304656 87.46972443979735 8.147948588475016
    vertex 434.29700921152227 87.61190583628166 11.347948755368183
    vertex 434.2307097730464 87.46972443979726 11.347948755367845
  endloop
endfacet
facet normal 0.9063098270304378 -0.4226138869323369 6.421252418675749e-14
  outer loop
    vertex 434.29700921152227 87.61190583628166 11.347948755368183
    vertex 434.23070977304656 87.46972443979735 8.147948588475016
    vertex 434.2970092115234 87.61190583628175 8.147948588475366
  endloop
endfacet
facet normal 0.8191588025413044 0.573566784445453 1.7333356971960256e-14
  outer loop
    vertex 434.23070977304656 88.36971833628172 8.147948588475016
    vertex 434.1407286939449 88.49822785776608 11.347948755368318
    vertex 434.2307097730464 88.36971833628164 11.347948755367845
  endloop
endfacet
facet normal 0.8191588025413044 0.573566784445453 1.7333356971960256e-14
  outer loop
    vertex 434.1407286939449 88.49822785776608 11.347948755368318
    vertex 434.23070977304656 88.36971833628172 8.147948588475016
    vertex 434.1407286939444 88.49822785776617 8.147948588474982
  endloop
endfacet
facet normal 0.985611555441089 0.1689971517955548 -0.0031344004191611327
  outer loop
    vertex 434.90212700937525 88.30059602182861 6.347947022973446
    vertex 434.9284941968752 88.18020417612559 8.1479485884747
    vertex 434.9461180982423 88.0440347425317 6.347947042666704
  endloop
endfacet
facet normal -0.14955365530797537 0.9887535983927264 0.0001607776687462259
  outer loop
    vertex 409.6856810865235 89.39492585581282 8.147948707684677
    vertex 409.7442748365244 89.40408112925059 6.347947082501991
    vertex 409.69988701914014 89.39736726206301 6.34794708234335
  endloop
endfacet
facet normal 0.5736777469599533 -0.8190810964995786 8.892886427247504e-14
  outer loop
    vertex 410.5246550855475 87.22829987925049 8.147948588475241
    vertex 410.39616082285187 87.13830354135969 11.347948755368522
    vertex 410.39616082285187 87.13830354135979 8.147948588475195
  endloop
endfacet
facet normal 0.5736777469599533 -0.8190810964995786 8.892886427247504e-14
  outer loop
    vertex 410.39616082285187 87.13830354135969 11.347948755368522
    vertex 410.5246550855475 87.22829987925049 8.147948588475241
    vertex 410.52465508554553 87.22829987925039 11.347948755368387
  endloop
endfacet
facet normal -0.6314223916669419 0.7754342673030538 -0.0027313721415031665
  outer loop
    vertex 408.9819762525385 89.06680085581299 8.1479485884754
    vertex 409.09769890878937 89.15469148081303 6.347947078306682
    vertex 408.9066741285155 88.99914338510986 6.347947080519306
  endloop
endfacet
facet normal 0.4226298652854464 0.9063023761244398 4.867634073590921e-14
  outer loop
    vertex 410.45985100839783 65.82128693979736 6.347947096163905
    vertex 410.6968200025393 65.71078278940668 8.147947634799518
    vertex 410.69682000253886 65.71078278940674 6.347947091589152
  endloop
endfacet
facet normal 0.4226298652854464 0.9063023761244398 4.867634073590921e-14
  outer loop
    vertex 410.6968200025393 65.71078278940668 8.147947634799518
    vertex 410.45985100839783 65.82128693979736 6.347947096163905
    vertex 410.45985100839835 65.8212869397973 8.147947634800014
  endloop
endfacet
facet normal 0.7071325807343519 0.7070742268356358 0.0030904706378038355
  outer loop
    vertex 410.9103362378896 89.06680085581299 8.14794858847515
    vertex 411.09522698496124 88.88189484995355 8.147948588475817
    vertex 411.0211608228513 88.9638345472192 6.3479471047481875
  endloop
endfacet
facet normal -0.9238795325112689 -0.38268343236513297 -1.0824674490095276e-14
  outer loop
    vertex 425.06377525405526 33.92521282803262 7.347947071091389
    vertex 425.4533869018232 32.984607103932575 4.347947071091226
    vertex 425.4533869018234 32.98460710393249 7.347947071091141
  endloop
endfacet
facet normal -0.9238795325112689 -0.38268343236513297 -1.0824674490095276e-14
  outer loop
    vertex 425.4533869018232 32.984607103932575 4.347947071091226
    vertex 425.06377525405526 33.92521282803262 7.347947071091389
    vertex 425.06377525405446 33.925212828032706 4.3479470710912365
  endloop
endfacet
facet normal 0.9659193933573011 0.25884305193739227 8.93729534823251e-14
  outer loop
    vertex 434.3376128492185 88.07601716440661 8.147948588475296
    vertex 434.29700921152227 88.22753693979722 11.347948755368183
    vertex 434.33761284921866 88.07601716440651 11.34794875536798
  endloop
endfacet
facet normal 0.9659193933573011 0.25884305193739227 8.93729534823251e-14
  outer loop
    vertex 434.29700921152227 88.22753693979722 11.347948755368183
    vertex 434.3376128492185 88.07601716440661 8.147948588475296
    vertex 434.2970092115234 88.2275369397973 8.147948588475366
  endloop
endfacet
facet normal -2.0463713182954478e-16 -1.0 -1.5039821240256363e-14
  outer loop
    vertex 469.9862761792957 -1.1408519956139023 7.347947071091108
    vertex 373.38627617929563 -1.140851995613773 4.347947071091214
    vertex 469.9862761792954 -1.1408519956138115 4.347947071090887
  endloop
endfacet
facet normal -2.0463713182954478e-16 -1.0 -1.5039821240256363e-14
  outer loop
    vertex 373.38627617929563 -1.140851995613773 4.347947071091214
    vertex 469.9862761792957 -1.1408519956139023 7.347947071091108
    vertex 373.3862761792956 -1.1408519956138656 7.347947071091108
  endloop
endfacet
facet normal -0.1305261922200601 -0.9914448613738094 -2.999510362311497e-14
  outer loop
    vertex 392.6290037885289 35.74232355055989 7.347947071091603
    vertex 391.61960951262967 35.87521282803267 4.347947071091418
    vertex 392.62900378852925 35.742323550560016 4.347947071091339
  endloop
endfacet
facet normal -0.1305261922200601 -0.9914448613738094 -2.999510362311497e-14
  outer loop
    vertex 391.61960951262967 35.87521282803267 4.347947071091418
    vertex 392.6290037885289 35.74232355055989 7.347947071091603
    vertex 391.61960951262944 35.87521282803255 7.347947071091829
  endloop
endfacet
facet normal -0.9659193933590271 -0.25884305193095164 -8.89843754237063e-14
  outer loop
    vertex 432.54920647714846 64.26858308237554 11.347947324856184
    vertex 432.58981011484303 64.11706330698496 8.147947515590726
    vertex 432.58981011484275 64.11706330698485 11.347947324855756
  endloop
endfacet
facet normal -0.9659193933590271 -0.25884305193095164 -8.89843754237063e-14
  outer loop
    vertex 432.58981011484303 64.11706330698496 8.147947515590726
    vertex 432.54920647714846 64.26858308237554 11.347947324856184
    vertex 432.54920647714914 64.26858308237566 8.14794751559068
  endloop
endfacet
facet normal 0.9782469698021192 -0.20744363304888122 7.197536380855464e-05
  outer loop
    vertex 434.9284941968752 87.6592385999536 8.1479485884747
    vertex 434.90804741953116 87.56219270151621 6.347947054510801
    vertex 434.927746516211 87.65508820932862 6.3479470505700215
  endloop
endfacet
facet normal -0.09361223619095402 0.9956051370285665 0.0026758844628895183
  outer loop
    vertex 409.6856810865235 89.39492585581282 8.147948707684677
    vertex 409.82117913339783 89.4125039808131 6.347947082446618
    vertex 409.79002068613204 89.409574293313 6.347947082526604
  endloop
endfacet
facet normal 0.9961968841249379 0.08713075266382761 -1.9763357617108568e-13
  outer loop
    vertex 434.93552849863266 64.42486359995365 6.3479475196961035
    vertex 434.91274712656286 64.68533112925054 8.147947515591198
    vertex 434.9355284986328 64.42486359995355 8.147947515590342
  endloop
endfacet
facet normal 0.9961968841249379 0.08713075266382761 -1.9763357617108568e-13
  outer loop
    vertex 434.91274712656286 64.68533112925054 8.147947515591198
    vertex 434.93552849863266 64.42486359995365 6.3479475196961035
    vertex 434.91274712656235 64.68533112925063 6.347947012337728
  endloop
endfacet
facet normal 0.9063271982631853 -0.42257663173008614 -2.015002378660813e-06
  outer loop
    vertex 410.725582819922 87.46771027964098 8.147948588474845
    vertex 410.7918822583981 87.60989167612546 11.347948755368229
    vertex 410.7255828199217 87.46771027964087 11.34794875536869
  endloop
endfacet
facet normal 0.9063271982631853 -0.42257663173008614 -2.015002378660813e-06
  outer loop
    vertex 410.7918822583981 87.60989167612546 11.347948755368229
    vertex 410.725582819922 87.46771027964098 8.147948588474845
    vertex 410.79188225839863 87.60992219370358 8.147948588475444
  endloop
endfacet
facet normal -0.9961881043803944 0.08717812956242507 0.0030388183548048222
  outer loop
    vertex 431.9740721998044 88.18020417612566 8.147948588475376
    vertex 431.9595305738274 88.07678010385985 6.3479470729238505
    vertex 431.95127556894505 87.91970612925047 8.147948588475986
  endloop
endfacet
facet normal -0.1305261922200601 -0.9914448613738094 -2.999510362311497e-14
  outer loop
    vertex 452.76233712186195 35.7423235505599 7.347947071091062
    vertex 451.7529428459623 35.875212828032666 4.347947071091541
    vertex 452.76233712186263 35.74232355056 4.347947071091158
  endloop
endfacet
facet normal -0.1305261922200601 -0.9914448613738094 -2.999510362311497e-14
  outer loop
    vertex 451.7529428459623 35.875212828032666 4.347947071091541
    vertex 452.76233712186195 35.7423235505599 7.347947071091062
    vertex 451.7529428459624 35.87521282803254 7.347947071091175
  endloop
endfacet
facet normal -0.38268343236505725 -0.9238795325113004 -2.7394753132625738e-14
  outer loop
    vertex 393.5696095126292 35.3527119027919 7.347947071091367
    vertex 392.62900378852925 35.742323550560016 4.347947071091339
    vertex 393.56960951263 35.352711902792 4.347947071091203
  endloop
endfacet
facet normal -0.38268343236505725 -0.9238795325113004 -2.7394753132625738e-14
  outer loop
    vertex 392.62900378852925 35.742323550560016 4.347947071091339
    vertex 393.5696095126292 35.3527119027919 7.347947071091367
    vertex 392.6290037885289 35.74232355055989 7.347947071091603
  endloop
endfacet
facet normal 0.9914448613738093 0.13052619222005993 3.0531133177191797e-15
  outer loop
    vertex 417.9191654567679 30.96581855213289 4.347947071091372
    vertex 417.7862761792959 31.975212828032724 7.347947071091299
    vertex 417.91916545676827 30.96581855213284 7.347947071091186
  endloop
endfacet
facet normal 0.9914448613738093 0.13052619222005993 3.0531133177191797e-15
  outer loop
    vertex 417.7862761792959 31.975212828032724 7.347947071091299
    vertex 417.9191654567679 30.96581855213289 4.347947071091372
    vertex 417.7862761792958 31.975212828032777 4.3479470710911805
  endloop
endfacet
facet normal 0.9961918168973009 -0.08718866868380647 -5.1833537462186996e-14
  outer loop
    vertex 411.4240233716802 64.15127351206303 6.3479470317914926
    vertex 411.4468200025392 64.41174104135978 8.147947515590703
    vertex 411.42402337167886 64.15127351206296 8.147947515591662
  endloop
endfacet
facet normal 0.9961918168973009 -0.08718866868380647 -5.1833537462186996e-14
  outer loop
    vertex 411.4468200025392 64.41174104135978 8.147947515590703
    vertex 411.4240233716802 64.15127351206303 6.3479470317914926
    vertex 411.4468200025392 64.41174104135983 6.347947519099421
  endloop
endfacet
facet normal -0.9063098270310994 -0.42261388693091806 1.4067913500781515e-13
  outer loop
    vertex 432.605557185157 87.6119058362817 11.347948755368161
    vertex 432.6718566236327 87.46972443979739 8.14794858847479
    vertex 432.6718566236325 87.46972443979728 11.34794875536869
  endloop
endfacet
facet normal -0.9063098270310994 -0.42261388693091806 1.4067913500781515e-13
  outer loop
    vertex 432.6718566236327 87.46972443979739 8.14794858847479
    vertex 432.605557185157 87.6119058362817 11.347948755368161
    vertex 432.6055571851557 87.6119058362818 8.14794858847533
  endloop
endfacet
facet normal -0.9914448613738079 -0.13052619222007147 -3.524958103184872e-15
  outer loop
    vertex 440.4867202351571 32.98460710393241 7.347947071091378
    vertex 440.61960951262853 31.975212828032696 4.347947071091384
    vertex 440.61960951262944 31.97521282803262 7.3479470710912205
  endloop
endfacet
facet normal -0.9914448613738079 -0.13052619222007147 -3.524958103184872e-15
  outer loop
    vertex 440.61960951262853 31.975212828032696 4.347947071091384
    vertex 440.4867202351571 32.98460710393241 7.347947071091378
    vertex 440.48672023515604 32.98460710393249 4.347947071091349
  endloop
endfacet
facet normal 0.48940463322251426 -0.8720513108095237 -0.003101015273775703
  outer loop
    vertex 410.6961486158209 86.61868073862554 8.147948588475128
    vertex 410.5635344800782 86.550657056985 6.34794722452103
    vertex 410.79137871836 86.67852570932868 6.347947218174142
  endloop
endfacet
facet normal -0.38268343236505725 -0.9238795325113004 -2.7394753132625738e-14
  outer loop
    vertex 453.70294284596315 35.352711902791896 7.347947071091344
    vertex 452.76233712186263 35.74232355056 4.347947071091158
    vertex 453.7029428459621 35.35271190279202 4.347947071091068
  endloop
endfacet
facet normal -0.38268343236505725 -0.9238795325113004 -2.7394753132625738e-14
  outer loop
    vertex 452.76233712186263 35.74232355056 4.347947071091158
    vertex 453.70294284596315 35.352711902791896 7.347947071091344
    vertex 452.76233712186195 35.7423235505599 7.347947071091062
  endloop
endfacet
facet normal -0.9659148838623622 0.25884184350186856 0.003055680891974763
  outer loop
    vertex 432.0417449292969 88.43273713510992 8.147948588475703
    vertex 432.0091368970688 88.33230378550059 6.347947052282869
    vertex 431.9740721998044 88.18020417612566 8.147948588475376
  endloop
endfacet
facet normal 0.4226937747547291 0.9062725709098772 9.871964357088814e-14
  outer loop
    vertex 433.74334405039025 65.27059724253164 11.347947324856285
    vertex 433.8855254468754 65.20428254526625 8.147947515591403
    vertex 433.74334405039065 65.27059724253172 8.147947515591165
  endloop
endfacet
facet normal 0.4226937747547291 0.9062725709098772 9.871964357088814e-14
  outer loop
    vertex 433.8855254468754 65.20428254526625 8.147947515591403
    vertex 433.74334405039025 65.27059724253164 11.347947324856285
    vertex 433.88552544687485 65.20428254526615 11.347947324856138
  endloop
endfacet
facet normal -0.9961968841248728 -0.08713075266457256 -1.019184736605894e-13
  outer loop
    vertex 408.4468200025392 64.41174104135978 8.147947515591222
    vertex 408.46960137460866 64.15127351206304 6.3479470371788125
    vertex 408.4696013746091 64.15127351206296 8.147947515591323
  endloop
endfacet
facet normal -0.9961968841248728 -0.08713075266457256 -1.019184736605894e-13
  outer loop
    vertex 408.46960137460866 64.15127351206304 6.3479470371788125
    vertex 408.4468200025392 64.41174104135978 8.147947515591222
    vertex 408.4468200025398 64.41174104135985 6.347947046986013
  endloop
endfacet
facet normal 0.6087614290087173 -0.7933533402912378 -2.398081733190338e-14
  outer loop
    vertex 389.66960951262996 35.352711902791924 7.347947071091231
    vertex 388.86189306600187 34.732929274660194 4.3479470710913946
    vertex 389.66960951262934 35.35271190279203 4.347947071091305
  endloop
endfacet
facet normal 0.6087614290087173 -0.7933533402912378 -2.398081733190338e-14
  outer loop
    vertex 388.86189306600187 34.732929274660194 4.3479470710913946
    vertex 389.66960951262996 35.352711902791924 7.347947071091231
    vertex 388.861893066002 34.73292927466013 7.347947071091276
  endloop
endfacet
facet normal 0.707106781188273 -0.7071067811848222 -2.1468937738688965e-14
  outer loop
    vertex 410.525326472266 63.72231843393799 8.147947515591492
    vertex 410.6362578687498 63.83324983042231 11.347947324855925
    vertex 410.525326472265 63.72231843393789 11.347947324856026
  endloop
endfacet
facet normal 0.707106781188273 -0.7071067811848222 -2.1468937738688965e-14
  outer loop
    vertex 410.6362578687498 63.83324983042231 11.347947324855925
    vertex 410.525326472266 63.72231843393799 8.147947515591492
    vertex 410.63625786874945 63.83324983042241 8.147947515591255
  endloop
endfacet
facet normal -0.6087614290087178 -0.7933533402912375 -2.3953061756287752e-14
  outer loop
    vertex 424.4439926259235 34.73292927466019 7.347947071091265
    vertex 423.63627617929626 35.35271190279206 4.347947071091282
    vertex 424.4439926259234 34.732929274660265 4.347947071091282
  endloop
endfacet
facet normal -0.6087614290087178 -0.7933533402912375 -2.3953061756287752e-14
  outer loop
    vertex 423.63627617929626 35.35271190279206 4.347947071091282
    vertex 424.4439926259235 34.73292927466019 7.347947071091265
    vertex 423.6362761792964 35.35271190279195 7.3479470710907915
  endloop
endfacet
facet normal -0.5736320452955193 -0.8191131036737721 1.210281874719499e-13
  outer loop
    vertex 409.4968230542972 63.632322096047204 11.347947324856104
    vertex 409.3683135328117 63.722318433937986 8.147947515591403
    vertex 409.4968230542964 63.6323220960473 8.147947515591154
  endloop
endfacet
facet normal -0.5736320452955193 -0.8191131036737721 1.210281874719499e-13
  outer loop
    vertex 409.3683135328117 63.722318433937986 8.147947515591403
    vertex 409.4968230542972 63.632322096047204 11.347947324856104
    vertex 409.36831353281264 63.72231843393789 11.347947324856568
  endloop
endfacet
facet normal 0.9238795325112689 0.38268343236513297 1.0824674490095276e-14
  outer loop
    vertex 418.3087771045359 30.02521282803276 4.3479470710911805
    vertex 417.91916545676827 30.96581855213284 7.347947071091186
    vertex 418.3087771045367 30.02521282803271 7.3479470710914905
  endloop
endfacet
facet normal 0.9238795325112689 0.38268343236513297 1.0824674490095276e-14
  outer loop
    vertex 417.91916545676827 30.96581855213284 7.347947071091186
    vertex 418.3087771045359 30.02521282803276 4.3479470710911805
    vertex 417.9191654567679 30.96581855213289 4.347947071091372
  endloop
endfacet
facet normal 0.7071067811862599 -0.7071067811868352 3.8163916471489756e-14
  outer loop
    vertex 434.12496636484366 63.846372389016054 8.147947515590985
    vertex 434.0140349683588 63.735440992531544 11.347947324855992
    vertex 434.0140349683591 63.73544099253164 8.147947515590669
  endloop
endfacet
facet normal 0.7071067811862599 -0.7071067811868352 3.8163916471489756e-14
  outer loop
    vertex 434.0140349683588 63.735440992531544 11.347947324855992
    vertex 434.12496636484366 63.846372389016054 8.147947515590985
    vertex 434.1249663648434 63.84637238901596 11.347947324856488
  endloop
endfacet
facet normal 0.9914448613738078 -0.13052619222007142 -3.802513859341161e-15
  outer loop
    vertex 417.7862761792958 31.975212828032777 4.3479470710911805
    vertex 417.91916545676827 32.98460710393252 7.347947071091186
    vertex 417.7862761792959 31.975212828032724 7.347947071091299
  endloop
endfacet
facet normal 0.9914448613738078 -0.13052619222007142 -3.802513859341161e-15
  outer loop
    vertex 417.91916545676827 32.98460710393252 7.347947071091186
    vertex 417.7862761792958 31.975212828032777 4.3479470710911805
    vertex 417.9191654567679 32.98460710393257 4.347947071091372
  endloop
endfacet
facet normal -1.0 4.0927426366452205e-16 -1.801891968966629e-13
  outer loop
    vertex 433.6862761792959 84.28155305307864 6.347947295054415
    vertex 433.68627617929695 71.97759797495367 5.347946848019005
    vertex 433.68627617929604 71.97759797495367 6.347947295054562
  endloop
endfacet
facet normal -1.0 4.0927426366452205e-16 -1.801891968966629e-13
  outer loop
    vertex 433.68627617929695 71.97759797495367 5.347946848019005
    vertex 433.6862761792959 84.28155305307864 6.347947295054415
    vertex 433.68627617929684 84.28155305307864 5.3479468480191965
  endloop
endfacet
facet normal 0.7071067811871221 0.7071067811859729 1.4094281297616362e-13
  outer loop
    vertex 410.6355864820308 88.49624421518799 8.147948588475534
    vertex 410.52465508554553 88.60717561167212 11.347948755368387
    vertex 410.63558648203065 88.49624421518789 11.347948755368465
  endloop
endfacet
facet normal 0.7071067811871221 0.7071067811859729 1.4094281297616362e-13
  outer loop
    vertex 410.52465508554553 88.60717561167212 11.347948755368387
    vertex 410.6355864820308 88.49624421518799 8.147948588475534
    vertex 410.5246550855475 88.60717561167222 8.147948588475241
  endloop
endfacet
facet normal -0.42262986528557817 0.9063023761243785 -1.001213001394774e-13
  outer loop
    vertex 409.19682000253874 65.71078278940666 8.14794763479989
    vertex 409.43378899667994 65.82128693979737 6.34794709803511
    vertex 409.1968200025386 65.71078278940675 6.347947094323899
  endloop
endfacet
facet normal -0.42262986528557817 0.9063023761243785 -1.001213001394774e-13
  outer loop
    vertex 409.43378899667994 65.82128693979737 6.34794709803511
    vertex 409.19682000253874 65.71078278940666 8.14794763479989
    vertex 409.43378899667914 65.82128693979729 8.147947634799959
  endloop
endfacet
facet normal -0.7933533402912804 -0.6087614290086619 -1.8346435481930712e-14
  outer loop
    vertex 424.4439926259235 34.73292927466019 7.347947071091265
    vertex 425.06377525405446 33.925212828032706 4.3479470710912365
    vertex 425.06377525405526 33.92521282803262 7.347947071091389
  endloop
endfacet
facet normal -0.7933533402912804 -0.6087614290086619 -1.8346435481930712e-14
  outer loop
    vertex 425.06377525405446 33.925212828032706 4.3479470710912365
    vertex 424.4439926259235 34.73292927466019 7.347947071091265
    vertex 424.4439926259234 34.732929274660265 4.347947071091282
  endloop
endfacet
facet normal 0.6087614290087173 -0.7933533402912378 -2.398081733190338e-14
  outer loop
    vertex 404.70294284596235 35.352711902791995 4.347947071091418
    vertex 403.89522639933523 34.732929274660094 7.347947071091942
    vertex 403.89522639933455 34.732929274660215 4.347947071091305
  endloop
endfacet
facet normal 0.6087614290087173 -0.7933533402912378 -2.398081733190338e-14
  outer loop
    vertex 403.89522639933523 34.732929274660094 7.347947071091942
    vertex 404.70294284596235 35.352711902791995 4.347947071091418
    vertex 404.70294284596287 35.352711902791896 7.34794707109096
  endloop
endfacet
facet normal 0.42253398926000924 0.9063470791700178 -8.819334151866087e-15
  outer loop
    vertex 410.2546355542974 65.25747468393797 11.347947324855767
    vertex 410.39681695078167 65.19119050425043 8.14794751559112
    vertex 410.25463555429644 65.25747468393807 8.147947515590905
  endloop
endfacet
facet normal 0.42253398926000924 0.9063470791700178 -8.819334151866087e-15
  outer loop
    vertex 410.39681695078167 65.19119050425043 8.14794751559112
    vertex 410.2546355542974 65.25747468393797 11.347947324855767
    vertex 410.39681695078093 65.19119050425033 11.347947324856026
  endloop
endfacet
facet normal 1.665334536937735e-14 -5.046542663787275e-08 0.9999999999999989
  outer loop
    vertex 408.4689452466796 87.65725495737544 8.147948588474959
    vertex 408.4689452466796 88.17819001596925 8.147948588474959
    vertex 408.44614861581925 87.91772248667243 8.147948588475794
  endloop
endfacet
facet normal 1.665334536937735e-14 -5.046542663787275e-08 0.9999999999999989
  outer loop
    vertex 408.4689452466796 88.17819001596925 8.147948588474959
    vertex 408.4689452466796 87.65725495737544 8.147948588474959
    vertex 408.53661797617127 87.40469148081299 8.147948588475511
  endloop
endfacet
facet normal 1.665334536937735e-14 -5.046542663787275e-08 0.9999999999999989
  outer loop
    vertex 408.4689452466796 88.17819001596925 8.147948588474959
    vertex 408.53661797617127 87.40469148081299 8.147948588475511
    vertex 408.53661797617127 88.43075349253171 8.147948588475511
  endloop
endfacet
facet normal 1.665334536937735e-14 -5.046542663787275e-08 0.9999999999999989
  outer loop
    vertex 408.53661797617127 88.43075349253171 8.147948588475511
    vertex 408.53661797617127 87.40469148081299 8.147948588475511
    vertex 408.64712212656207 87.16772248667226 8.147948588474902
  endloop
endfacet
facet normal 1.665334536937735e-14 -5.046542663787275e-08 0.9999999999999989
  outer loop
    vertex 408.53661797617127 88.43075349253171 8.147948588475511
    vertex 408.64712212656207 87.16772248667226 8.147948588474902
    vertex 408.64712212656207 88.66772248667228 8.147948588474902
  endloop
endfacet
facet normal 1.665334536937735e-14 -5.046542663787275e-08 0.9999999999999989
  outer loop
    vertex 408.64712212656207 88.66772248667228 8.147948588474902
    vertex 408.64712212656207 87.16772248667226 8.147948588474902
    vertex 408.7970855054688 86.95355012339117 8.147948588475828
  endloop
endfacet
facet normal 1.665334536937735e-14 -5.046542663787275e-08 0.9999999999999989
  outer loop
    vertex 408.64712212656207 88.66772248667228 8.147948588474902
    vertex 408.7970855054688 86.95355012339117 8.147948588475828
    vertex 408.7970855054688 88.88189484995358 8.147948588475828
  endloop
endfacet
facet normal 1.665334536937735e-14 -5.046542663787275e-08 0.9999999999999989
  outer loop
    vertex 408.7970855054688 88.88189484995358 8.147948588475828
    vertex 408.7970855054688 86.95355012339117 8.147948588475828
    vertex 408.9819762525385 86.76864411753171 8.1479485884754
  endloop
endfacet
facet normal 1.665334536937735e-14 -5.046542663787275e-08 0.9999999999999989
  outer loop
    vertex 408.7970855054688 88.88189484995358 8.147948588475828
    vertex 408.9819762525385 86.76864411753171 8.1479485884754
    vertex 408.9819762525385 89.06680085581299 8.1479485884754
  endloop
endfacet
facet normal 1.665334536937735e-14 -5.046542663787275e-08 0.9999999999999989
  outer loop
    vertex 408.9819762525385 89.06680085581299 8.1479485884754
    vertex 408.9819762525385 86.76864411753171 8.1479485884754
    vertex 409.04615471933505 87.91772248667243 8.147948588475105
  endloop
endfacet
facet normal 1.665334536937735e-14 -5.046542663787275e-08 0.9999999999999989
  outer loop
    vertex 409.04615471933505 87.91772248667243 8.147948588475105
    vertex 408.9819762525385 86.76864411753171 8.1479485884754
    vertex 409.05982659433585 87.76144196909428 8.147948588475556
  endloop
endfacet
facet normal 1.665334536937735e-14 -5.046542663787275e-08 0.9999999999999989
  outer loop
    vertex 409.05982659433585 87.76144196909428 8.147948588475556
    vertex 408.9819762525385 86.76864411753171 8.1479485884754
    vertex 409.19614861582096 86.61868073862553 8.147948588475218
  endloop
endfacet
facet normal 1.665334536937735e-14 -5.046542663787275e-08 0.9999999999999989
  outer loop
    vertex 409.05982659433585 87.76144196909428 8.147948588475556
    vertex 409.19614861582096 86.61868073862553 8.147948588475218
    vertex 409.10043023203156 87.60992219370358 8.14794858847506
  endloop
endfacet
facet normal 1.665334536937735e-14 -5.046542663787275e-08 0.9999999999999989
  outer loop
    vertex 409.10043023203156 87.60992219370358 8.14794858847506
    vertex 409.19614861582096 86.61868073862553 8.147948588475218
    vertex 409.16672967050766 87.46771027964097 8.14794858847497
  endloop
endfacet
facet normal 1.665334536937735e-14 -5.046542663787275e-08 0.9999999999999989
  outer loop
    vertex 409.16672967050766 87.46771027964097 8.14794858847497
    vertex 409.19614861582096 86.61868073862553 8.147948588475218
    vertex 409.2567107496091 87.3392312757347 8.147948588475522
  endloop
endfacet
facet normal 1.665334536937735e-14 -5.046542663787275e-08 0.9999999999999989
  outer loop
    vertex 409.2567107496091 87.3392312757347 8.147948588475522
    vertex 409.19614861582096 86.61868073862553 8.147948588475218
    vertex 409.4331176099596 86.5081765882347 8.14794846926646
  endloop
endfacet
facet normal 1.665334536937735e-14 -5.046542663787275e-08 0.9999999999999989
  outer loop
    vertex 409.2567107496091 87.3392312757347 8.147948588475522
    vertex 409.4331176099596 86.5081765882347 8.14794846926646
    vertex 409.3676421460938 87.22829987925047 8.147948588475252
  endloop
endfacet
facet normal 1.665334536937735e-14 -5.046542663787275e-08 0.9999999999999989
  outer loop
    vertex 409.3676421460938 87.22829987925047 8.147948588475252
    vertex 409.4331176099596 86.5081765882347 8.14794846926646
    vertex 409.49615166757826 87.13830354135978 8.147948588475083
  endloop
endfacet
facet normal 1.665334536937735e-14 -5.046542663787275e-08 0.9999999999999989
  outer loop
    vertex 409.49615166757826 87.13830354135978 8.147948588475083
    vertex 409.4331176099596 86.5081765882347 8.14794846926646
    vertex 409.685681086523 86.44051911753168 8.147948469265895
  endloop
endfacet
facet normal 1.665334536937735e-14 -5.046542663787275e-08 0.9999999999999989
  outer loop
    vertex 409.49615166757826 87.13830354135978 8.147948588475083
    vertex 409.685681086523 86.44051911753168 8.147948469265895
    vertex 409.6383330640621 87.07198884409412 8.147948588475444
  endloop
endfacet
facet normal 1.665334536937735e-14 -5.046542663787275e-08 0.9999999999999989
  outer loop
    vertex 409.6383330640621 87.07198884409412 8.147948588475444
    vertex 409.685681086523 86.44051911753168 8.147948469265895
    vertex 409.78986809824227 87.03140046518783 8.147948588475488
  endloop
endfacet
facet normal 1.665334536937735e-14 -5.046542663787275e-08 0.9999999999999989
  outer loop
    vertex 409.78986809824227 87.03140046518783 8.147948588475488
    vertex 409.685681086523 86.44051911753168 8.147948469265895
    vertex 409.94614861582 86.41772248667239 8.147948469265963
  endloop
endfacet
facet normal 1.665334536937735e-14 -5.046542663787275e-08 0.9999999999999989
  outer loop
    vertex 409.78986809824227 87.03140046518783 8.147948588475488
    vertex 409.94614861582 86.41772248667239 8.147948469265963
    vertex 409.94614861582085 87.01772859018786 8.147948588475693
  endloop
endfacet
facet normal 1.665334536937735e-14 -5.046542663787275e-08 0.9999999999999989
  outer loop
    vertex 409.94614861582085 87.01772859018786 8.147948588475693
    vertex 409.94614861582 86.41772248667239 8.147948469265963
    vertex 410.2066314039065 86.4405191175317 8.147948469266437
  endloop
endfacet
facet normal 1.665334536937735e-14 -5.046542663787275e-08 0.9999999999999989
  outer loop
    vertex 409.94614861582085 87.01772859018786 8.147948588475693
    vertex 410.2066314039065 86.4405191175317 8.147948469266437
    vertex 410.1024443921875 87.03140046518783 8.147948588475343
  endloop
endfacet
facet normal 1.665334536937735e-14 -5.046542663787275e-08 0.9999999999999989
  outer loop
    vertex 410.1024443921875 87.03140046518783 8.147948588475343
    vertex 410.2066314039065 86.4405191175317 8.147948469266437
    vertex 410.2539641675781 87.07198884409414 8.147948588475748
  endloop
endfacet
facet normal 1.665334536937735e-14 -5.046542663787275e-08 0.9999999999999989
  outer loop
    vertex 410.2539641675781 87.07198884409414 8.147948588475748
    vertex 410.2066314039065 86.4405191175317 8.147948469266437
    vertex 410.45917962168005 86.50817658823472 8.14794846926629
  endloop
endfacet
facet normal 1.665334536937735e-14 -5.046542663787275e-08 0.9999999999999989
  outer loop
    vertex 410.2539641675781 87.07198884409414 8.147948588475748
    vertex 410.45917962168005 86.50817658823472 8.14794846926629
    vertex 410.39616082285187 87.13830354135979 8.147948588475195
  endloop
endfacet
facet normal 1.665334536937735e-14 -5.046542663787275e-08 0.9999999999999989
  outer loop
    vertex 410.39616082285187 87.13830354135979 8.147948588475195
    vertex 410.45917962168005 86.50817658823472 8.14794846926629
    vertex 410.5246550855475 87.22829987925049 8.147948588475241
  endloop
endfacet
facet normal 1.665334536937735e-14 -5.046542663787275e-08 0.9999999999999989
  outer loop
    vertex 410.5246550855475 87.22829987925049 8.147948588475241
    vertex 410.45917962168005 86.50817658823472 8.14794846926629
    vertex 410.6961486158209 86.61868073862554 8.147948588475128
  endloop
endfacet
facet normal 1.665334536937735e-14 -5.046542663787275e-08 0.9999999999999989
  outer loop
    vertex 410.5246550855475 87.22829987925049 8.147948588475241
    vertex 410.6961486158209 86.61868073862554 8.147948588475128
    vertex 410.6355864820308 87.33923127573472 8.147948588475534
  endloop
endfacet
facet normal 1.665334536937735e-14 -5.046542663787275e-08 0.9999999999999989
  outer loop
    vertex 410.6355864820308 87.33923127573472 8.147948588475534
    vertex 410.6961486158209 86.61868073862554 8.147948588475128
    vertex 410.725582819922 87.46771027964098 8.147948588474845
  endloop
endfacet
facet normal 1.665334536937735e-14 -5.046542663787275e-08 0.9999999999999989
  outer loop
    vertex 410.725582819922 87.46771027964098 8.147948588474845
    vertex 410.6961486158209 86.61868073862554 8.147948588475128
    vertex 410.9103362378896 86.76864411753171 8.14794858847515
  endloop
endfacet
facet normal 1.665334536937735e-14 -5.046542663787275e-08 0.9999999999999989
  outer loop
    vertex 410.725582819922 87.46771027964098 8.147948588474845
    vertex 410.9103362378896 86.76864411753171 8.14794858847515
    vertex 410.79188225839863 87.60992219370358 8.147948588475444
  endloop
endfacet
facet normal 1.665334536937735e-14 -5.046542663787275e-08 0.9999999999999989
  outer loop
    vertex 410.79188225839863 87.60992219370358 8.147948588475444
    vertex 410.9103362378896 86.76864411753171 8.14794858847515
    vertex 410.832485896094 87.76144196909429 8.147948588475128
  endloop
endfacet
facet normal 1.665334536937735e-14 -5.046542663787275e-08 0.9999999999999989
  outer loop
    vertex 410.832485896094 87.76144196909429 8.147948588475128
    vertex 410.9103362378896 86.76864411753171 8.14794858847515
    vertex 410.8461577710934 87.91772248667245 8.147948588474993
  endloop
endfacet
facet normal 1.665334536937735e-14 -5.046542663787275e-08 0.9999999999999989
  outer loop
    vertex 408.9819762525385 89.06680085581299 8.1479485884754
    vertex 409.05982659433585 88.07400300425041 8.147948588475556
    vertex 409.19614861582016 89.21676423471915 8.147948707685172
  endloop
endfacet
facet normal 1.665334536937735e-14 -5.046542663787275e-08 0.9999999999999989
  outer loop
    vertex 409.05982659433585 88.07400300425041 8.147948588475556
    vertex 408.9819762525385 89.06680085581299 8.1479485884754
    vertex 409.04615471933505 87.91772248667243 8.147948588475105
  endloop
endfacet
facet normal 1.665334536937735e-14 -5.046542663787275e-08 0.9999999999999989
  outer loop
    vertex 409.19614861582016 89.21676423471915 8.147948707685172
    vertex 409.05982659433585 88.07400300425041 8.147948588475556
    vertex 409.10043023203156 88.2255532972193 8.14794858847506
  endloop
endfacet
facet normal 1.665334536937735e-14 -5.046542663787275e-08 0.9999999999999989
  outer loop
    vertex 409.19614861582016 89.21676423471915 8.147948707685172
    vertex 409.10043023203156 88.2255532972193 8.14794858847506
    vertex 409.16672967050766 88.36773469370354 8.14794858847497
  endloop
endfacet
facet normal 1.665334536937735e-14 -5.046542663787275e-08 0.9999999999999989
  outer loop
    vertex 409.19614861582016 89.21676423471915 8.147948707685172
    vertex 409.16672967050766 88.36773469370354 8.14794858847497
    vertex 409.2567107496091 88.49624421518797 8.147948588475522
  endloop
endfacet
facet normal 1.665334536937735e-14 -5.046542663787275e-08 0.9999999999999989
  outer loop
    vertex 409.19614861582016 89.21676423471915 8.147948707685172
    vertex 409.2567107496091 88.49624421518797 8.147948588475522
    vertex 409.4331176099606 89.32726838510978 8.147948707684304
  endloop
endfacet
facet normal 1.665334536937735e-14 -5.046542663787275e-08 0.9999999999999989
  outer loop
    vertex 409.4331176099606 89.32726838510978 8.147948707684304
    vertex 409.2567107496091 88.49624421518797 8.147948588475522
    vertex 409.3676421460938 88.60717561167222 8.147948588475252
  endloop
endfacet
facet normal 1.665334536937735e-14 -5.046542663787275e-08 0.9999999999999989
  outer loop
    vertex 409.4331176099606 89.32726838510978 8.147948707684304
    vertex 409.3676421460938 88.60717561167222 8.147948588475252
    vertex 409.49615166757826 88.69714143198489 8.147948588475083
  endloop
endfacet
facet normal 1.665334536937735e-14 -5.046542663787275e-08 0.9999999999999989
  outer loop
    vertex 409.4331176099606 89.32726838510978 8.147948707684304
    vertex 409.49615166757826 88.69714143198489 8.147948588475083
    vertex 409.6856810865235 89.39492585581282 8.147948707684677
  endloop
endfacet
facet normal 1.665334536937735e-14 -5.046542663787275e-08 0.9999999999999989
  outer loop
    vertex 409.6856810865235 89.39492585581282 8.147948707684677
    vertex 409.49615166757826 88.69714143198489 8.147948588475083
    vertex 409.6383330640621 88.76345612925037 8.147948588475444
  endloop
endfacet
facet normal 1.665334536937735e-14 -5.046542663787275e-08 0.9999999999999989
  outer loop
    vertex 409.6856810865235 89.39492585581282 8.147948707684677
    vertex 409.6383330640621 88.76345612925037 8.147948588475444
    vertex 409.78986809824227 88.80404450815665 8.147948588475488
  endloop
endfacet
facet normal 1.665334536937735e-14 -5.046542663787275e-08 0.9999999999999989
  outer loop
    vertex 409.6856810865235 89.39492585581282 8.147948707684677
    vertex 409.78986809824227 88.80404450815665 8.147948588475488
    vertex 409.94614861582005 89.41772248667225 8.147948707685151
  endloop
endfacet
facet normal 1.665334536937735e-14 -5.046542663787275e-08 0.9999999999999989
  outer loop
    vertex 409.94614861582005 89.41772248667225 8.147948707685151
    vertex 409.78986809824227 88.80404450815665 8.147948588475488
    vertex 409.94614861582085 88.81771638315661 8.147948588475693
  endloop
endfacet
facet normal 1.665334536937735e-14 -5.046542663787275e-08 0.9999999999999989
  outer loop
    vertex 409.94614861582005 89.41772248667225 8.147948707685151
    vertex 409.94614861582085 88.81771638315661 8.147948588475693
    vertex 410.20663140390553 89.39492585581282 8.147948707684158
  endloop
endfacet
facet normal 1.665334536937735e-14 -5.046542663787275e-08 0.9999999999999989
  outer loop
    vertex 410.20663140390553 89.39492585581282 8.147948707684158
    vertex 409.94614861582085 88.81771638315661 8.147948588475693
    vertex 410.1024443921875 88.80404450815665 8.147948588475343
  endloop
endfacet
facet normal 1.665334536937735e-14 -5.046542663787275e-08 0.9999999999999989
  outer loop
    vertex 410.20663140390553 89.39492585581282 8.147948707684158
    vertex 410.1024443921875 88.80404450815665 8.147948588475343
    vertex 410.2539641675781 88.76345612925039 8.147948588475748
  endloop
endfacet
facet normal 1.665334536937735e-14 -5.046542663787275e-08 0.9999999999999989
  outer loop
    vertex 410.20663140390553 89.39492585581282 8.147948707684158
    vertex 410.2539641675781 88.76345612925039 8.147948588475748
    vertex 410.4591796216799 89.32726838510979 8.147948707684586
  endloop
endfacet
facet normal 1.665334536937735e-14 -5.046542663787275e-08 0.9999999999999989
  outer loop
    vertex 410.4591796216799 89.32726838510979 8.147948707684586
    vertex 410.2539641675781 88.76345612925039 8.147948588475748
    vertex 410.39616082285187 88.6971414319849 8.147948588475195
  endloop
endfacet
facet normal 1.665334536937735e-14 -5.046542663787275e-08 0.9999999999999989
  outer loop
    vertex 410.4591796216799 89.32726838510979 8.147948707684586
    vertex 410.39616082285187 88.6971414319849 8.147948588475195
    vertex 410.5246550855475 88.60717561167222 8.147948588475241
  endloop
endfacet
facet normal 1.665334536937735e-14 -5.046542663787275e-08 0.9999999999999989
  outer loop
    vertex 410.4591796216799 89.32726838510979 8.147948707684586
    vertex 410.5246550855475 88.60717561167222 8.147948588475241
    vertex 410.69614861582045 89.21676423471916 8.1479487076847
  endloop
endfacet
facet normal 1.665334536937735e-14 -5.046542663787275e-08 0.9999999999999989
  outer loop
    vertex 410.69614861582045 89.21676423471916 8.1479487076847
    vertex 410.5246550855475 88.60717561167222 8.147948588475241
    vertex 410.6355864820308 88.49624421518799 8.147948588475534
  endloop
endfacet
facet normal 1.665334536937735e-14 -5.046542663787275e-08 0.9999999999999989
  outer loop
    vertex 410.69614861582045 89.21676423471916 8.1479487076847
    vertex 410.6355864820308 88.49624421518799 8.147948588475534
    vertex 410.725582819922 88.36773469370355 8.147948588474845
  endloop
endfacet
facet normal 1.665334536937735e-14 -5.046542663787275e-08 0.9999999999999989
  outer loop
    vertex 410.69614861582045 89.21676423471916 8.1479487076847
    vertex 410.725582819922 88.36773469370355 8.147948588474845
    vertex 410.9103362378896 89.06680085581299 8.14794858847515
  endloop
endfacet
facet normal 1.665334536937735e-14 -5.046542663787275e-08 0.9999999999999989
  outer loop
    vertex 410.9103362378896 89.06680085581299 8.14794858847515
    vertex 410.725582819922 88.36773469370355 8.147948588474845
    vertex 410.79188225839863 88.22555329721932 8.147948588475444
  endloop
endfacet
facet normal 1.665334536937735e-14 -5.046542663787275e-08 0.9999999999999989
  outer loop
    vertex 410.9103362378896 89.06680085581299 8.14794858847515
    vertex 410.79188225839863 88.22555329721932 8.147948588475444
    vertex 410.832485896094 88.07400300425043 8.147948588475128
  endloop
endfacet
facet normal 1.665334536937735e-14 -5.046542663787275e-08 0.9999999999999989
  outer loop
    vertex 410.9103362378896 89.06680085581299 8.14794858847515
    vertex 410.832485896094 88.07400300425043 8.147948588475128
    vertex 410.8461577710934 87.91772248667245 8.147948588474993
  endloop
endfacet
facet normal 1.665334536937735e-14 -5.046542663787275e-08 0.9999999999999989
  outer loop
    vertex 410.9103362378896 89.06680085581299 8.14794858847515
    vertex 410.8461577710934 87.91772248667245 8.147948588474993
    vertex 410.9103362378896 86.76864411753171 8.14794858847515
  endloop
endfacet
facet normal 1.665334536937735e-14 -5.046542663787275e-08 0.9999999999999989
  outer loop
    vertex 410.9103362378896 89.06680085581299 8.14794858847515
    vertex 410.9103362378896 86.76864411753171 8.14794858847515
    vertex 411.09522698496124 86.95355012339114 8.147948588475817
  endloop
endfacet
facet normal 1.665334536937735e-14 -5.046542663787275e-08 0.9999999999999989
  outer loop
    vertex 410.9103362378896 89.06680085581299 8.14794858847515
    vertex 411.09522698496124 86.95355012339114 8.147948588475817
    vertex 411.09522698496124 88.88189484995355 8.147948588475817
  endloop
endfacet
facet normal 1.665334536937735e-14 -5.046542663787275e-08 0.9999999999999989
  outer loop
    vertex 411.09522698496124 88.88189484995355 8.147948588475817
    vertex 411.09522698496124 86.95355012339114 8.147948588475817
    vertex 411.2451903638675 87.16772248667226 8.147948588475794
  endloop
endfacet
facet normal 1.665334536937735e-14 -5.046542663787275e-08 0.9999999999999989
  outer loop
    vertex 411.09522698496124 88.88189484995355 8.147948588475817
    vertex 411.2451903638675 87.16772248667226 8.147948588475794
    vertex 411.2451903638675 88.66772248667228 8.147948588475794
  endloop
endfacet
facet normal 1.665334536937735e-14 -5.046542663787275e-08 0.9999999999999989
  outer loop
    vertex 411.2451903638675 88.66772248667228 8.147948588475794
    vertex 411.2451903638675 87.16772248667226 8.147948588475794
    vertex 411.3556945142575 87.40469148081299 8.147948588476087
  endloop
endfacet
facet normal 1.665334536937735e-14 -5.046542663787275e-08 0.9999999999999989
  outer loop
    vertex 411.2451903638675 88.66772248667228 8.147948588475794
    vertex 411.3556945142575 87.40469148081299 8.147948588476087
    vertex 411.3556945142575 88.43075349253171 8.147948588476087
  endloop
endfacet
facet normal 1.665334536937735e-14 -5.046542663787275e-08 0.9999999999999989
  outer loop
    vertex 411.3556945142575 88.43075349253171 8.147948588476087
    vertex 411.3556945142575 87.40469148081299 8.147948588476087
    vertex 411.42336724374974 87.65725495737544 8.147948588475602
  endloop
endfacet
facet normal 1.665334536937735e-14 -5.046542663787275e-08 0.9999999999999989
  outer loop
    vertex 411.3556945142575 88.43075349253171 8.147948588476087
    vertex 411.42336724374974 87.65725495737544 8.147948588475602
    vertex 411.42336724374974 88.17819001596925 8.147948588475602
  endloop
endfacet
facet normal 1.665334536937735e-14 -5.046542663787275e-08 0.9999999999999989
  outer loop
    vertex 411.42336724374974 88.17819001596925 8.147948588475602
    vertex 411.42336724374974 87.65725495737544 8.147948588475602
    vertex 411.4461486158206 87.91772248667243 8.147948588475105
  endloop
endfacet
facet normal 0.2587727763002365 0.9659332928637203 0.00308609515701911
  outer loop
    vertex 410.4591796216799 89.32726838510979 8.147948707684586
    vertex 410.3546569166012 89.36102082651615 6.347947085034637
    vertex 410.20663140390553 89.39492585581282 8.147948707684158
  endloop
endfacet
facet normal -0.9659149931361238 -0.2588418727845955 0.003018431414690756
  outer loop
    vertex 431.9740721998044 87.65923859995367 8.147948588475376
    vertex 431.99520562265604 87.55938508432871 6.347947113223822
    vertex 432.0417449292969 87.40670564096939 8.147948588475703
  endloop
endfacet
facet normal 0.9659193933573013 0.25884305193739215 -1.923461390163084e-14
  outer loop
    vertex 410.8331420240232 64.56805207651595 8.147947515591369
    vertex 410.7925383863283 64.71957185190654 11.347947324856467
    vertex 410.83314202402363 64.56805207651584 11.34794732485615
  endloop
endfacet
facet normal 0.9659193933573013 0.25884305193739215 -1.923461390163084e-14
  outer loop
    vertex 410.7925383863283 64.71957185190654 11.347947324856467
    vertex 410.8331420240232 64.56805207651595 8.147947515591369
    vertex 410.79253838632775 64.71957185190665 8.14794751559121
  endloop
endfacet
facet normal 0.31084269316194296 -0.9504613116664853 0.0003393126204852062
  outer loop
    vertex 433.9643065748044 86.51019074839111 8.147948469266774
    vertex 433.8936736402346 86.48644807260993 6.347947169641312
    vertex 433.9421965894532 86.502317213235 6.3479471649756105
  endloop
endfacet
facet normal 0.9961966724794592 0.08713317244800131 3.061439990403869e-14
  outer loop
    vertex 434.351284724219 87.91970612925044 8.147948588474756
    vertex 434.33761284921866 88.07601716440651 11.34794875536798
    vertex 434.3512847242182 87.91970612925033 11.347948755368769
  endloop
endfacet
facet normal 0.9961966724794592 0.08713317244800131 3.061439990403869e-14
  outer loop
    vertex 434.33761284921866 88.07601716440651 11.34794875536798
    vertex 434.351284724219 87.91970612925044 8.147948588474756
    vertex 434.3376128492185 88.07601716440661 8.147948588475296
  endloop
endfacet
facet normal -0.7441237766675077 -0.6680417689022784 -4.407169074127637e-13
  outer loop
    vertex 433.45075677011727 84.89404084604747 6.347947295054573
    vertex 433.5044829664059 84.8341958753444 5.529734160050569
    vertex 433.50448296640616 84.8341958753444 6.3479472950543245
  endloop
endfacet
facet normal -0.7441237766675077 -0.6680417689022784 -4.407169074127637e-13
  outer loop
    vertex 433.5044829664059 84.8341958753444 5.529734160050569
    vertex 433.45075677011727 84.89404084604747 6.347947295054573
    vertex 433.4507567701167 84.89404084604747 5.583462502106771
  endloop
endfacet
facet normal -0.991533395583175 -0.12985193661743766 8.452960553739786e-14
  outer loop
    vertex 433.67106316660175 84.45843293589132 6.347947295054358
    vertex 433.6824614820314 84.37139680307855 5.351751531704933
    vertex 433.6824614820311 84.37139680307855 6.347947295054595
  endloop
endfacet
facet normal -0.991533395583175 -0.12985193661743766 8.452960553739786e-14
  outer loop
    vertex 433.6824614820314 84.37139680307855 5.351751531704933
    vertex 433.67106316660175 84.45843293589132 6.347947295054358
    vertex 433.6710631666019 84.45843293589132 5.3631491318784414
  endloop
endfacet
facet normal 0.9870040569865861 0.16066557148867242 -0.0030928353073617224
  outer loop
    vertex 411.4000518140617 88.28677155893801 6.347947138352735
    vertex 411.42336724374974 88.17819001596925 8.147948588475602
    vertex 411.4420287427728 88.02889802378174 6.347947151151886
  endloop
endfacet
facet normal -0.12961400672990694 -0.9915645260190685 -6.551703624069206e-14
  outer loop
    vertex 433.01516411874945 85.11434724253178 5.363151277645758
    vertex 432.92808220956925 85.12573029917242 6.347947295053986
    vertex 432.9280822095699 85.12573029917242 5.351753856285625
  endloop
endfacet
facet normal -0.12961400672990694 -0.9915645260190685 -6.551703624069206e-14
  outer loop
    vertex 432.92808220956925 85.12573029917242 6.347947295053986
    vertex 433.01516411874945 85.11434724253178 5.363151277645758
    vertex 433.01516411874985 85.11434724253178 6.347947295054212
  endloop
endfacet
facet normal 0.8191540105284774 -0.5735712179717691 0.001662813727582868
  outer loop
    vertex 434.75031731699187 87.16970612925057 8.1479485884754
    vertex 434.60035393808664 86.95553376596911 8.147948588474915
    vertex 434.72939751718616 87.1346109144068 6.3479470828919355
  endloop
endfacet
facet normal 0.14819650957131364 -0.9889537648634792 -0.0028715001706212835
  outer loop
    vertex 433.7117583570318 86.44250276010989 8.14794846926637
    vertex 433.54389641855505 86.42257478159438 6.347947185603981
    vertex 433.8013121900384 86.46114900034434 6.347947179742432
  endloop
endfacet
facet normal -0.25875829615540347 -0.9659375999057204 0.002949111582978308
  outer loop
    vertex 409.4331176099596 86.5081765882347 8.14794846926646
    vertex 409.59168694589874 86.46020295542235 6.347947215259696
    vertex 409.685681086523 86.44051911753168 8.147948469265895
  endloop
endfacet
facet normal -0.9914448613738078 -0.1305261922200715 -3.4833247397614286e-15
  outer loop
    vertex 395.3867202351569 32.98460710393242 7.347947071091231
    vertex 395.51960951262953 31.975212828032717 4.347947071091293
    vertex 395.51960951262924 31.975212828032628 7.347947071091197
  endloop
endfacet
facet normal -0.9914448613738078 -0.1305261922200715 -3.4833247397614286e-15
  outer loop
    vertex 395.51960951262953 31.975212828032717 4.347947071091293
    vertex 395.3867202351569 32.98460710393242 7.347947071091231
    vertex 395.3867202351567 32.98460710393251 4.347947071091519
  endloop
endfacet
facet normal -0.7070744586345629 -0.7071328173686786 0.002981366611953501
  outer loop
    vertex 432.3022124585937 86.95553376596918 8.147948588475185
    vertex 432.3679930982422 86.88216950815676 6.347947162386385
    vertex 432.4871032056635 86.77065827768794 8.147948588474959
  endloop
endfacet
facet normal 0.5435313395464123 -0.8393886686042898 0.0005881748042678089
  outer loop
    vertex 434.20127556894596 86.62069489878172 8.147948588474327
    vertex 434.22254632089755 86.63320710581318 6.3479471384961705
    vertex 434.30973504160136 86.68966462534418 6.347947129973171
  endloop
endfacet
facet normal -0.5735015126723315 0.8192045013075475 -5.6288307348495424e-14
  outer loop
    vertex 432.85702202890593 65.11431672495348 11.347947324856252
    vertex 432.9855315503904 65.20428254526627 8.147947515590973
    vertex 432.85702202890684 65.1143167249536 8.147947515590838
  endloop
endfacet
facet normal -0.5735015126723315 0.8192045013075475 -5.6288307348495424e-14
  outer loop
    vertex 432.9855315503904 65.20428254526627 8.147947515590973
    vertex 432.85702202890593 65.11431672495348 11.347947324856252
    vertex 432.98553155039 65.20428254526617 11.347947324855868
  endloop
endfacet
facet normal -0.08715005810319323 -0.9961951954173489 -2.2615589956309634e-14
  outer loop
    vertex 409.9468200025384 63.51174714487556 8.147947515591515
    vertex 409.79053948496113 63.525419019875436 11.347947324856037
    vertex 409.79053948496085 63.52541901987552 8.147947515590861
  endloop
endfacet
facet normal -0.08715005810319323 -0.9961951954173489 -2.2615589956309634e-14
  outer loop
    vertex 409.79053948496113 63.525419019875436 11.347947324856037
    vertex 409.9468200025384 63.51174714487556 8.147947515591515
    vertex 409.9468200025392 63.511747144875486 11.347947324856083
  endloop
endfacet
facet normal -0.31209253056865705 -0.9500517103627845 -2.6000035457940385e-14
  outer loop
    vertex 433.1789519605471 85.06915070932864 5.408373679264815
    vertex 433.0989653882817 85.09542634409438 6.347947295054449
    vertex 433.0989653882811 85.09542634409438 5.382065261944717
  endloop
endfacet
facet normal -0.31209253056865705 -0.9500517103627845 -2.6000035457940385e-14
  outer loop
    vertex 433.0989653882817 85.09542634409438 6.347947295054449
    vertex 433.1789519605471 85.06915070932864 5.408373679264815
    vertex 433.1789519605471 85.06915070932864 6.347947295054348
  endloop
endfacet
facet normal -0.422693774754729 0.9062725709098772 -2.022687572988957e-14
  outer loop
    vertex 409.4961516675774 88.6971414319848 11.3479487553686
    vertex 409.6383330640621 88.76345612925037 8.147948588475444
    vertex 409.49615166757826 88.69714143198489 8.147948588475083
  endloop
endfacet
facet normal -0.422693774754729 0.9062725709098772 -2.022687572988957e-14
  outer loop
    vertex 409.6383330640621 88.76345612925037 8.147948588475444
    vertex 409.4961516675774 88.6971414319848 11.3479487553686
    vertex 409.63833306406246 88.76345612925027 11.347948755368229
  endloop
endfacet
facet normal 0.941527554182174 0.3369214726109069 -0.0031282598088352024
  outer loop
    vertex 434.8144347486327 88.54565217417232 6.347947004662749
    vertex 434.86082146738306 88.43273713510985 8.147948588475296
    vertex 434.90212700937525 88.30059602182861 6.347947022973446
  endloop
endfacet
facet normal -0.8108783634940393 -0.5852147294944213 -9.706124792785431e-14
  outer loop
    vertex 433.50448296640616 84.8341958753444 6.3479472950543245
    vertex 433.55176995371056 84.76867463510993 5.482446576699639
    vertex 433.55176995371045 84.76867463510993 6.347947295053919
  endloop
endfacet
facet normal -0.8108783634940393 -0.5852147294944213 -9.706124792785431e-14
  outer loop
    vertex 433.55176995371056 84.76867463510993 5.482446576699639
    vertex 433.50448296640616 84.8341958753444 6.3479472950543245
    vertex 433.5044829664059 84.8341958753444 5.529734160050569
  endloop
endfacet
facet normal -0.25719802105617334 0.9663533360899944 0.0032261110531015035
  outer loop
    vertex 409.4331176099606 89.32726838510978 8.147948707684304
    vertex 409.5782897291013 89.37191560190682 6.347947081015293
    vertex 409.5426299390625 89.36242463510993 6.347947080277094
  endloop
endfacet
facet normal -0.7071067811853395 0.7071067811877556 5.699607452669397e-14
  outer loop
    vertex 408.7977568921872 65.37594392221911 8.147947515591266
    vertex 408.98263238046934 65.56081941050041 6.347947089090978
    vertex 408.79775689218684 65.37594392221916 6.347947082496554
  endloop
endfacet
facet normal -0.7071067811853395 0.7071067811877556 5.699607452669397e-14
  outer loop
    vertex 408.98263238046934 65.56081941050041 6.347947089090978
    vertex 408.7977568921872 65.37594392221911 8.147947515591266
    vertex 408.9826323804689 65.56081941050032 8.147947515590962
  endloop
endfacet
facet normal -0.9238795325112689 -0.38268343236513297 -1.0824674490095276e-14
  outer loop
    vertex 394.9971085873892 33.925212828032556 7.347947071091333
    vertex 395.3867202351567 32.98460710393251 4.347947071091519
    vertex 395.3867202351569 32.98460710393242 7.347947071091231
  endloop
endfacet
facet normal -0.9238795325112689 -0.38268343236513297 -1.0824674490095276e-14
  outer loop
    vertex 395.3867202351567 32.98460710393251 4.347947071091519
    vertex 394.9971085873892 33.925212828032556 7.347947071091333
    vertex 394.99710858738877 33.925212828032635 4.347947071091733
  endloop
endfacet
facet normal -0.422605478951975 0.9063084360113598 0.003102897744827117
  outer loop
    vertex 432.93825982187536 89.329252027688 8.147948707684563
    vertex 432.83498833750036 89.287259840188 6.347946968099346
    vertex 432.70127556894596 89.21874787729739 8.147948707683977
  endloop
endfacet
facet normal -0.2589094786980357 -0.9659015901427596 -7.195632978351796e-15
  outer loop
    vertex 409.79053948496085 63.52541901987552 8.147947515590861
    vertex 409.6390044507807 63.56603791635974 11.34794732485562
    vertex 409.6390044507807 63.566037916359825 8.147947515590454
  endloop
endfacet
facet normal -0.2589094786980357 -0.9659015901427596 -7.195632978351796e-15
  outer loop
    vertex 409.6390044507807 63.56603791635974 11.34794732485562
    vertex 409.79053948496085 63.52541901987552 8.147947515590861
    vertex 409.79053948496113 63.525419019875436 11.347947324856037
  endloop
endfacet
facet normal 0.2589094786977484 0.9659015901428366 -2.186792413816363e-14
  outer loop
    vertex 410.1031005201167 65.29809358042235 8.147947515590996
    vertex 410.2546355542974 65.25747468393797 11.347947324855767
    vertex 410.25463555429644 65.25747468393807 8.147947515590905
  endloop
endfacet
facet normal 0.2589094786977484 0.9659015901428366 -2.186792413816363e-14
  outer loop
    vertex 410.2546355542974 65.25747468393797 11.347947324855767
    vertex 410.1031005201167 65.29809358042235 8.147947515590996
    vertex 410.103100520117 65.29809358042228 11.347947324856623
  endloop
endfacet
facet normal -0.3826834323651327 0.9238795325112692 2.7366997557010115e-14
  outer loop
    vertex 392.62900378852913 28.208102105505283 4.3479470710912596
    vertex 393.5696095126291 28.597713753273258 7.347947071091322
    vertex 393.5696095126299 28.59771375327336 4.347947071091158
  endloop
endfacet
facet normal -0.3826834323651327 0.9238795325112692 2.7366997557010115e-14
  outer loop
    vertex 393.5696095126291 28.597713753273258 7.347947071091322
    vertex 392.62900378852913 28.208102105505283 4.3479470710912596
    vertex 392.62900378852885 28.20810210550516 7.347947071091559
  endloop
endfacet
facet normal -0.9961951954173621 -0.08715005810304263 2.2266910537638296e-13
  outer loop
    vertex 432.55128167246176 87.91970612925037 11.347948755367856
    vertex 432.5649535474607 87.76342561167233 8.147948588474689
    vertex 432.56495354746096 87.76342561167222 11.347948755368364
  endloop
endfacet
facet normal -0.9961951954173621 -0.08715005810304263 2.2266910537638296e-13
  outer loop
    vertex 432.5649535474607 87.76342561167233 8.147948588474689
    vertex 432.55128167246176 87.91970612925037 11.347948755367856
    vertex 432.55128167246045 87.91970612925049 8.147948588474936
  endloop
endfacet
facet normal -0.7071067811868351 0.7071067811862601 -3.858025010572419e-14
  outer loop
    vertex 409.36764214609343 88.60717561167212 11.347948755367913
    vertex 409.2567107496091 88.49624421518797 8.147948588475522
    vertex 409.25671074960917 88.49624421518787 11.347948755368522
  endloop
endfacet
facet normal -0.7071067811868351 0.7071067811862601 -3.858025010572419e-14
  outer loop
    vertex 409.2567107496091 88.49624421518797 8.147948588475522
    vertex 409.36764214609343 88.60717561167212 11.347948755367913
    vertex 409.3676421460938 88.60717561167222 8.147948588475252
  endloop
endfacet
facet normal 0.5853388756013277 0.810788752209707 -4.725386748560824e-14
  outer loop
    vertex 409.98161004160187 71.31139924448493 5.529734875306066
    vertex 410.04713128183687 71.26409699839122 6.347947295053964
    vertex 410.04713128183596 71.26409699839124 5.482447768792665
  endloop
endfacet
facet normal 0.5853388756013277 0.810788752209707 -4.725386748560824e-14
  outer loop
    vertex 410.04713128183687 71.26409699839122 6.347947295053964
    vertex 409.98161004160187 71.31139924448493 5.529734875306066
    vertex 409.98161004160175 71.3113992444849 6.347947295054336
  endloop
endfacet
facet normal -0.08706777380183436 0.9962023904635005 2.9965613324023366e-14
  outer loop
    vertex 409.6863372144531 65.88897492807851 8.14794763480034
    vertex 409.9468200025392 65.91174104135986 6.347947100490737
    vertex 409.68633721445275 65.88897492807861 6.347947100111767
  endloop
endfacet
facet normal -0.08706777380183436 0.9962023904635005 2.9965613324023366e-14
  outer loop
    vertex 409.9468200025392 65.91174104135986 6.347947100490737
    vertex 409.6863372144531 65.88897492807851 8.14794763480034
    vertex 409.9468200025392 65.91174104135976 8.147947634799845
  endloop
endfacet
facet normal 0.5735418448428158 0.8191704163477946 0.0030953505262536415
  outer loop
    vertex 410.69614861582045 89.21676423471916 8.1479487076847
    vertex 410.9103362378896 89.06680085581299 8.14794858847515
    vertex 410.8233306226559 89.13451936167246 6.347947096277978
  endloop
endfacet
facet normal -0.8191588025409259 -0.5735667844459934 2.833844270355712e-14
  outer loop
    vertex 432.6718566236325 87.46972443979728 11.34794875536869
    vertex 432.7618377027343 87.34121491831313 8.147948588475353
    vertex 432.7618377027344 87.34121491831301 11.347948755367913
  endloop
endfacet
facet normal -0.8191588025409259 -0.5735667844459934 2.833844270355712e-14
  outer loop
    vertex 432.7618377027343 87.34121491831313 8.147948588475353
    vertex 432.6718566236325 87.46972443979728 11.34794875536869
    vertex 432.6718566236327 87.46972443979739 8.14794858847479
  endloop
endfacet
facet normal 0.5735417074602729 -0.8191702225881444 0.003171155695431276
  outer loop
    vertex 434.415463191015 86.7706582776879 8.147948588474845
    vertex 434.20127556894596 86.62069489878172 8.147948588474327
    vertex 434.30973504160136 86.68966462534418 6.347947129973171
  endloop
endfacet
facet normal 0.7275161058673174 -0.6860903779609112 -0.0005558534954856337
  outer loop
    vertex 434.6103179273438 86.96755769175059 6.347947098090991
    vertex 434.60035393808664 86.95553376596911 8.147948588474915
    vertex 434.4695555982416 86.81829621714121 6.347947113882961
  endloop
endfacet
facet normal -1.0 2.1007289855557655e-14 -3.595999886751855e-11
  outer loop
    vertex 442.1862761792761 54.725212828049536 7.34794707179593
    vertex 442.1862761793131 100.72521282804442 6.347947294121006
    vertex 442.1862761793118 54.725212828044505 6.347947294702765
  endloop
endfacet
facet normal -1.0 2.1007289855557655e-14 -3.595999886751855e-11
  outer loop
    vertex 442.1862761793131 100.72521282804442 6.347947294121006
    vertex 442.1862761792761 54.725212828049536 7.34794707179593
    vertex 442.1862761792775 100.72521282804945 7.347947071214633
  endloop
endfacet
facet normal 0.1296140067305689 -0.9915645260189819 -3.0296945507934936e-14
  outer loop
    vertex 410.44445489023457 85.12573029917236 6.347947295054257
    vertex 410.35737298105494 85.11434724253175 5.363151456459867
    vertex 410.44445489023326 85.12573029917239 5.351754035100196
  endloop
endfacet
facet normal 0.1296140067305689 -0.9915645260189819 -3.0296945507934936e-14
  outer loop
    vertex 410.35737298105494 85.11434724253175 5.363151456459867
    vertex 410.44445489023457 85.12573029917236 6.347947295054257
    vertex 410.3573729810544 85.11434724253172 6.3479472950541105
  endloop
endfacet
facet normal -0.12961400672854367 0.9915645260192465 -4.1541423079216593e-14
  outer loop
    vertex 432.92808220956914 71.13339021128188 6.347947295053817
    vertex 433.01516411874985 71.14477326792233 5.363151516063818
    vertex 432.92808220957096 71.13339021128188 5.3517540947040905
  endloop
endfacet
facet normal -0.12961400672854367 0.9915645260192465 -4.1541423079216593e-14
  outer loop
    vertex 433.01516411874985 71.14477326792233 5.363151516063818
    vertex 432.92808220956914 71.13339021128188 6.347947295053817
    vertex 433.01516411875 71.14477326792233 6.347947295054043
  endloop
endfacet
facet normal -0.8677939278713724 -0.496924238440404 7.176204075420856e-14
  outer loop
    vertex 433.55176995371045 84.76867463510993 6.347947295053919
    vertex 433.5923125562499 84.69787385386 5.441905345066894
    vertex 433.5923125562496 84.69787385386 6.347947295054167
  endloop
endfacet
facet normal -0.8677939278713724 -0.496924238440404 7.176204075420856e-14
  outer loop
    vertex 433.5923125562499 84.69787385386 5.441905345066894
    vertex 433.55176995371045 84.76867463510993 6.347947295053919
    vertex 433.55176995371056 84.76867463510993 5.482446576699639
  endloop
endfacet
facet normal 0.9961920967109135 -0.08713033394314758 0.0031002189712814885
  outer loop
    vertex 411.4461486158206 87.91772248667243 8.147948588475105
    vertex 411.42336724374974 87.65725495737544 8.147948588475602
    vertex 411.4386260328118 87.76766755503176 6.34794716411763
  endloop
endfacet
facet normal 0.08715005810309319 0.9961951954173578 2.256354825203033e-14
  outer loop
    vertex 433.4355284986323 65.32485749643797 8.147947515590928
    vertex 433.59180901621045 65.31118562143793 11.347947324855259
    vertex 433.5918090162104 65.31118562143801 8.147947515590635
  endloop
endfacet
facet normal 0.08715005810309319 0.9961951954173578 2.256354825203033e-14
  outer loop
    vertex 433.59180901621045 65.31118562143793 11.347947324855259
    vertex 433.4355284986323 65.32485749643797 8.147947515590928
    vertex 433.4355284986325 65.3248574964379 11.347947324856138
  endloop
endfacet
facet normal 0.6680310244567953 0.744133422420472 5.476452624719741e-13
  outer loop
    vertex 409.92178032968724 71.3651101819848 5.583462800129808
    vertex 409.98161004160175 71.3113992444849 6.347947295054336
    vertex 409.98161004160187 71.31139924448493 5.529734875306066
  endloop
endfacet
facet normal 0.6680310244567953 0.744133422420472 5.476452624719741e-13
  outer loop
    vertex 409.98161004160175 71.3113992444849 6.347947295054336
    vertex 409.92178032968724 71.3651101819848 5.583462800129808
    vertex 409.92178032968627 71.36511018198479 6.347947295054516
  endloop
endfacet
facet normal 0.9914448613738079 -0.13052619222007145 -4.024558464266193e-15
  outer loop
    vertex 402.7529428459622 31.97521282803271 4.347947071091553
    vertex 402.88583212343514 32.98460710393241 7.347947071091322
    vertex 402.7529428459627 31.97521282803262 7.347947071091468
  endloop
endfacet
facet normal 0.9914448613738079 -0.13052619222007145 -4.024558464266193e-15
  outer loop
    vertex 402.88583212343514 32.98460710393241 7.347947071091322
    vertex 402.7529428459622 31.97521282803271 4.347947071091553
    vertex 402.88583212343525 32.9846071039325 4.347947071091011
  endloop
endfacet
facet normal 0.40528288396067635 -0.9141913278786434 5.1694759584108864e-14
  outer loop
    vertex 410.1936003980463 85.0691507093286 6.34794729505428
    vertex 410.117947321875 85.03561189096928 5.4419067159737695
    vertex 410.19360039804667 85.06915070932861 5.4083737984747815
  endloop
endfacet
facet normal 0.40528288396067635 -0.9141913278786434 5.1694759584108864e-14
  outer loop
    vertex 410.117947321875 85.03561189096928 5.4419067159737695
    vertex 410.1936003980463 85.0691507093286 6.34794729505428
    vertex 410.11794732187536 85.03561189096926 6.34794729505402
  endloop
endfacet
facet normal -0.9914448613738095 0.13052619222005993 3.663735981263017e-15
  outer loop
    vertex 410.5529428459631 31.97521282803263 7.347947071091029
    vertex 410.42005356848966 30.965818552132813 4.347947071091372
    vertex 410.42005356848966 30.965818552132745 7.347947071091231
  endloop
endfacet
facet normal -0.9914448613738095 0.13052619222005993 3.663735981263017e-15
  outer loop
    vertex 410.42005356848966 30.965818552132813 4.347947071091372
    vertex 410.5529428459631 31.97521282803263 7.347947071091029
    vertex 410.5529428459623 31.97521282803269 4.347947071091135
  endloop
endfacet
facet normal -0.2202390655318777 0.9754459257250734 7.015221736850208e-14
  outer loop
    vertex 433.01516411875 71.14477326792233 6.347947295054043
    vertex 433.09896538828133 71.16369416635992 5.382065500362777
    vertex 433.01516411874985 71.14477326792233 5.363151516063818
  endloop
endfacet
facet normal -0.2202390655318777 0.9754459257250734 7.015221736850208e-14
  outer loop
    vertex 433.09896538828133 71.16369416635992 5.382065500362777
    vertex 433.01516411875 71.14477326792233 6.347947295054043
    vertex 433.09896538828156 71.16369416635992 6.347947295054099
  endloop
endfacet
facet normal 0.6680310244585395 -0.7441334224189063 2.714911628842742e-13
  outer loop
    vertex 409.98161004160175 84.94775178354749 6.347947295054348
    vertex 409.9217803296868 84.89404084604746 5.583462740525304
    vertex 409.98161004160124 84.94775178354753 5.529734756096687
  endloop
endfacet
facet normal 0.6680310244585395 -0.7441334224189063 2.714911628842742e-13
  outer loop
    vertex 409.9217803296868 84.89404084604746 5.583462740525304
    vertex 409.98161004160175 84.94775178354749 6.347947295054348
    vertex 409.9217803296863 84.89404084604743 6.347947295054957
  endloop
endfacet
facet normal 0.4226298652862393 0.90630237612407 -3.634592626866606e-14
  outer loop
    vertex 433.9485595044916 65.8344094983912 6.347947062747731
    vertex 434.1855284986325 65.72390534800049 8.147947634800138
    vertex 434.1855284986323 65.72390534800056 6.347947057900253
  endloop
endfacet
facet normal 0.4226298652862393 0.90630237612407 -3.634592626866606e-14
  outer loop
    vertex 434.1855284986325 65.72390534800049 8.147947634800138
    vertex 433.9485595044916 65.8344094983912 6.347947062747731
    vertex 433.94855950449164 65.83440949839114 8.147947634800115
  endloop
endfacet
facet normal 0.9063188253687852 -0.42258311443102 0.003114190091317719
  outer loop
    vertex 434.86082146738306 87.40670564096934 8.147948588475296
    vertex 434.75031731699187 87.16970612925057 8.1479485884754
    vertex 434.80360100839806 87.27071931284422 6.347947072555901
  endloop
endfacet
facet normal 0.8779967846281398 -0.4786657359051798 -0.0008714660066126562
  outer loop
    vertex 434.80360100839806 87.27071931284422 6.347947072555901
    vertex 434.75031731699187 87.16970612925057 8.1479485884754
    vertex 434.72939751718616 87.1346109144068 6.3479470828919355
  endloop
endfacet
facet normal 0.9575657857917305 -0.28821470196366306 0.00022683267544455765
  outer loop
    vertex 434.90804741953116 87.56219270151621 6.347947054510801
    vertex 434.86082146738306 87.40670564096934 8.147948588475296
    vertex 434.86336968515496 87.4137552015162 6.347947063062303
  endloop
endfacet
facet normal -4.0927425549269774e-16 -1.0 5.023301420677967e-12
  outer loop
    vertex 442.1862761792775 100.72521282804945 7.347947071214633
    vertex 401.1862761793137 100.72521282804453 6.347947294187535
    vertex 442.1862761793131 100.72521282804442 6.347947294121006
  endloop
endfacet
facet normal -4.0927425549269774e-16 -1.0 5.023301420677967e-12
  outer loop
    vertex 401.1862761793137 100.72521282804453 6.347947294187535
    vertex 442.1862761792775 100.72521282804945 7.347947071214633
    vertex 401.1862761792769 100.72521282804956 7.347947071280925
  endloop
endfacet
facet normal -0.9062725709100978 -0.4226937747542562 -8.910927551397663e-14
  outer loop
    vertex 409.10108635996096 64.10394074839097 11.347947324855935
    vertex 409.1674010572269 63.96175935190668 8.147947515590895
    vertex 409.1674010572259 63.96175935190656 11.34794732485615
  endloop
endfacet
facet normal -0.9062725709100978 -0.4226937747542562 -8.910927551397663e-14
  outer loop
    vertex 409.1674010572269 63.96175935190668 8.147947515590895
    vertex 409.10108635996096 64.10394074839097 11.347947324855935
    vertex 409.1010863599609 64.1039407483911 8.147947515591436
  endloop
endfacet
facet normal -0.5735445913153818 0.8191743415005572 -3.2945868255751514e-14
  outer loop
    vertex 408.9826323804689 65.56081941050032 8.147947515590962
    vertex 409.1968200025386 65.71078278940675 6.347947094323899
    vertex 408.98263238046934 65.56081941050041 6.347947089090978
  endloop
endfacet
facet normal -0.5735445913153818 0.8191743415005572 -3.2945868255751514e-14
  outer loop
    vertex 409.1968200025386 65.71078278940675 6.347947094323899
    vertex 408.9826323804689 65.56081941050032 8.147947515590962
    vertex 409.19682000253874 65.71078278940666 8.14794763479989
  endloop
endfacet
facet normal -0.996196672479609 0.08713317244628968 2.2698509738461325e-13
  outer loop
    vertex 432.56495354746096 88.07601716440654 11.347948755368364
    vertex 432.55128167246045 87.91970612925049 8.147948588474936
    vertex 432.55128167246176 87.91970612925037 11.347948755367856
  endloop
endfacet
facet normal -0.996196672479609 0.08713317244628968 2.2698509738461325e-13
  outer loop
    vertex 432.55128167246045 87.91970612925049 8.147948588474936
    vertex 432.56495354746096 88.07601716440654 11.347948755368364
    vertex 432.5649535474607 88.07601716440665 8.147948588474689
  endloop
endfacet
facet normal -0.08715005810269374 -0.9961951954173928 -4.226827221565088e-14
  outer loop
    vertex 409.94614861582085 87.01772859018786 8.147948588475693
    vertex 409.78986809824147 87.03140046518774 11.347948755368003
    vertex 409.78986809824227 87.03140046518783 8.147948588475488
  endloop
endfacet
facet normal -0.08715005810269374 -0.9961951954173928 -4.226827221565088e-14
  outer loop
    vertex 409.78986809824147 87.03140046518774 11.347948755368003
    vertex 409.94614861582085 87.01772859018786 8.147948588475693
    vertex 409.9461486158197 87.01772859018779 11.347948755368229
  endloop
endfacet
facet normal -8.990030941902205e-14 -3.0079073215001086e-14 1.0
  outer loop
    vertex 432.54920647714846 64.26858308237554 11.347947324856184
    vertex 432.54920647714846 64.58114411753168 11.347947324856184
    vertex 432.535534602148 64.42486359995353 11.347947324855982
  endloop
endfacet
facet normal -8.990030941902205e-14 -3.0079073215001086e-14 1.0
  outer loop
    vertex 432.54920647714846 64.58114411753168 11.347947324856184
    vertex 432.54920647714846 64.26858308237554 11.347947324856184
    vertex 432.58981011484275 64.11706330698485 11.347947324855756
  endloop
endfacet
facet normal -8.990030941902205e-14 -3.0079073215001086e-14 1.0
  outer loop
    vertex 432.54920647714846 64.58114411753168 11.347947324856184
    vertex 432.58981011484275 64.11706330698485 11.347947324855756
    vertex 432.58981011484275 64.7326944105004 11.347947324855756
  endloop
endfacet
facet normal -8.990030941902205e-14 -3.0079073215001086e-14 1.0
  outer loop
    vertex 432.58981011484275 64.7326944105004 11.347947324855756
    vertex 432.58981011484275 64.11706330698485 11.347947324855756
    vertex 432.6561095533201 63.97488191050043 11.347947324855552
  endloop
endfacet
facet normal -8.990030941902205e-14 -3.0079073215001086e-14 1.0
  outer loop
    vertex 432.58981011484275 64.7326944105004 11.347947324855756
    vertex 432.6561095533201 63.97488191050043 11.347947324855552
    vertex 432.6561095533201 64.8748758069848 11.347947324855552
  endloop
endfacet
facet normal -8.990030941902205e-14 -3.0079073215001086e-14 1.0
  outer loop
    vertex 432.6561095533201 64.8748758069848 11.347947324855552
    vertex 432.6561095533201 63.97488191050043 11.347947324855552
    vertex 432.74609063242144 63.84637238901598 11.347947324856376
  endloop
endfacet
facet normal -8.990030941902205e-14 -3.0079073215001086e-14 1.0
  outer loop
    vertex 432.6561095533201 64.8748758069848 11.347947324855552
    vertex 432.74609063242144 63.84637238901598 11.347947324856376
    vertex 432.74609063242144 65.00338532846907 11.347947324856376
  endloop
endfacet
facet normal -8.990030941902205e-14 -3.0079073215001086e-14 1.0
  outer loop
    vertex 432.74609063242144 65.00338532846907 11.347947324856376
    vertex 432.74609063242144 63.84637238901598 11.347947324856376
    vertex 432.85702202890593 63.735440992531565 11.347947324856252
  endloop
endfacet
facet normal -8.990030941902205e-14 -3.0079073215001086e-14 1.0
  outer loop
    vertex 432.74609063242144 65.00338532846907 11.347947324856376
    vertex 432.85702202890593 63.735440992531565 11.347947324856252
    vertex 432.85702202890593 65.11431672495348 11.347947324856252
  endloop
endfacet
facet normal -8.990030941902205e-14 -3.0079073215001086e-14 1.0
  outer loop
    vertex 432.85702202890593 65.11431672495348 11.347947324856252
    vertex 432.85702202890593 63.735440992531565 11.347947324856252
    vertex 432.9855315503902 63.645444654641054 11.347947324855676
  endloop
endfacet
facet normal -8.990030941902205e-14 -3.0079073215001086e-14 1.0
  outer loop
    vertex 432.85702202890593 65.11431672495348 11.347947324856252
    vertex 432.9855315503902 63.645444654641054 11.347947324855676
    vertex 432.98553155039 65.20428254526617 11.347947324855868
  endloop
endfacet
facet normal -8.990030941902205e-14 -3.0079073215001086e-14 1.0
  outer loop
    vertex 432.98553155039 65.20428254526617 11.347947324855868
    vertex 432.9855315503902 63.645444654641054 11.347947324855676
    vertex 433.1277129468752 65.27059724253165 11.347947324855992
  endloop
endfacet
facet normal -8.990030941902205e-14 -3.0079073215001086e-14 1.0
  outer loop
    vertex 433.1277129468752 65.27059724253165 11.347947324855992
    vertex 432.9855315503902 63.645444654641054 11.347947324855676
    vertex 433.1277129468751 63.5791299573754 11.34794732485579
  endloop
endfacet
facet normal -8.990030941902205e-14 -3.0079073215001086e-14 1.0
  outer loop
    vertex 433.1277129468752 65.27059724253165 11.347947324855992
    vertex 433.1277129468751 63.5791299573754 11.34794732485579
    vertex 433.27924798105494 63.538541578469115 11.347947324855925
  endloop
endfacet
facet normal -8.990030941902205e-14 -3.0079073215001086e-14 1.0
  outer loop
    vertex 433.1277129468752 65.27059724253165 11.347947324855992
    vertex 433.27924798105494 63.538541578469115 11.347947324855925
    vertex 433.27924798105494 65.31118562143793 11.347947324856195
  endloop
endfacet
facet normal -8.990030941902205e-14 -3.0079073215001086e-14 1.0
  outer loop
    vertex 433.27924798105494 65.31118562143793 11.347947324856195
    vertex 433.27924798105494 63.538541578469115 11.347947324855925
    vertex 433.43552849863266 63.52486970346915 11.347947324856161
  endloop
endfacet
facet normal -8.990030941902205e-14 -3.0079073215001086e-14 1.0
  outer loop
    vertex 433.27924798105494 65.31118562143793 11.347947324856195
    vertex 433.43552849863266 63.52486970346915 11.347947324856161
    vertex 433.4355284986325 65.3248574964379 11.347947324856138
  endloop
endfacet
facet normal -8.990030941902205e-14 -3.0079073215001086e-14 1.0
  outer loop
    vertex 433.4355284986325 65.3248574964379 11.347947324856138
    vertex 433.43552849863266 63.52486970346915 11.347947324856161
    vertex 433.59180901621045 65.31118562143793 11.347947324855259
  endloop
endfacet
facet normal -8.990030941902205e-14 -3.0079073215001086e-14 1.0
  outer loop
    vertex 433.59180901621045 65.31118562143793 11.347947324855259
    vertex 433.43552849863266 63.52486970346915 11.347947324856161
    vertex 433.59180901621045 63.538541578469115 11.347947324854989
  endloop
endfacet
facet normal -8.990030941902205e-14 -3.0079073215001086e-14 1.0
  outer loop
    vertex 433.59180901621045 65.31118562143793 11.347947324855259
    vertex 433.59180901621045 63.538541578469115 11.347947324854989
    vertex 433.74334405039053 63.579129957375386 11.347947324856026
  endloop
endfacet
facet normal -8.990030941902205e-14 -3.0079073215001086e-14 1.0
  outer loop
    vertex 433.59180901621045 65.31118562143793 11.347947324855259
    vertex 433.74334405039053 63.579129957375386 11.347947324856026
    vertex 433.74334405039025 65.27059724253164 11.347947324856285
  endloop
endfacet
facet normal -8.990030941902205e-14 -3.0079073215001086e-14 1.0
  outer loop
    vertex 433.74334405039025 65.27059724253164 11.347947324856285
    vertex 433.74334405039053 63.579129957375386 11.347947324856026
    vertex 433.88552544687485 65.20428254526615 11.347947324856138
  endloop
endfacet
facet normal -8.990030941902205e-14 -3.0079073215001086e-14 1.0
  outer loop
    vertex 433.88552544687485 65.20428254526615 11.347947324856138
    vertex 433.74334405039053 63.579129957375386 11.347947324856026
    vertex 433.88552544687485 63.64544465464103 11.347947324855959
  endloop
endfacet
facet normal -8.990030941902205e-14 -3.0079073215001086e-14 1.0
  outer loop
    vertex 433.88552544687485 65.20428254526615 11.347947324856138
    vertex 433.88552544687485 63.64544465464103 11.347947324855959
    vertex 434.0140349683588 63.735440992531544 11.347947324855992
  endloop
endfacet
facet normal -8.990030941902205e-14 -3.0079073215001086e-14 1.0
  outer loop
    vertex 433.88552544687485 65.20428254526615 11.347947324856138
    vertex 434.0140349683588 63.735440992531544 11.347947324855992
    vertex 434.0140349683588 65.11431672495347 11.347947324855992
  endloop
endfacet
facet normal -8.990030941902205e-14 -3.0079073215001086e-14 1.0
  outer loop
    vertex 434.0140349683588 65.11431672495347 11.347947324855992
    vertex 434.0140349683588 63.735440992531544 11.347947324855992
    vertex 434.1249663648434 63.84637238901596 11.347947324856488
  endloop
endfacet
facet normal -8.990030941902205e-14 -3.0079073215001086e-14 1.0
  outer loop
    vertex 434.0140349683588 65.11431672495347 11.347947324855992
    vertex 434.1249663648434 63.84637238901596 11.347947324856488
    vertex 434.1249663648434 65.00338532846905 11.347947324856488
  endloop
endfacet
facet normal -8.990030941902205e-14 -3.0079073215001086e-14 1.0
  outer loop
    vertex 434.1249663648434 65.00338532846905 11.347947324856488
    vertex 434.1249663648434 63.84637238901596 11.347947324856488
    vertex 434.21494744394477 63.97488191050041 11.347947324855665
  endloop
endfacet
facet normal -8.990030941902205e-14 -3.0079073215001086e-14 1.0
  outer loop
    vertex 434.1249663648434 65.00338532846905 11.347947324856488
    vertex 434.21494744394477 63.97488191050041 11.347947324855665
    vertex 434.21494744394477 64.87487580698479 11.347947324855665
  endloop
endfacet
facet normal -8.990030941902205e-14 -3.0079073215001086e-14 1.0
  outer loop
    vertex 434.21494744394477 64.87487580698479 11.347947324855665
    vertex 434.21494744394477 63.97488191050041 11.347947324855665
    vertex 434.28124688242116 64.11706330698482 11.347947324855777
  endloop
endfacet
facet normal -8.990030941902205e-14 -3.0079073215001086e-14 1.0
  outer loop
    vertex 434.21494744394477 64.87487580698479 11.347947324855665
    vertex 434.28124688242116 64.11706330698482 11.347947324855777
    vertex 434.28124688242116 64.73269441050037 11.347947324855777
  endloop
endfacet
facet normal -8.990030941902205e-14 -3.0079073215001086e-14 1.0
  outer loop
    vertex 434.28124688242116 64.73269441050037 11.347947324855777
    vertex 434.28124688242116 64.11706330698482 11.347947324855777
    vertex 434.3218505201171 64.26858308237551 11.347947324856488
  endloop
endfacet
facet normal -8.990030941902205e-14 -3.0079073215001086e-14 1.0
  outer loop
    vertex 434.28124688242116 64.73269441050037 11.347947324855777
    vertex 434.3218505201171 64.26858308237551 11.347947324856488
    vertex 434.3218505201171 64.58114411753165 11.347947324856488
  endloop
endfacet
facet normal -8.990030941902205e-14 -3.0079073215001086e-14 1.0
  outer loop
    vertex 434.3218505201171 64.58114411753165 11.347947324856488
    vertex 434.3218505201171 64.26858308237551 11.347947324856488
    vertex 434.3355376539057 64.42486359995348 11.34794732485607
  endloop
endfacet
facet normal -0.9238795325112689 -0.38268343236513297 -1.0824674490095276e-14
  outer loop
    vertex 455.13044192072175 33.92521282803256 7.347947071091524
    vertex 455.52005356848974 32.984607103932554 4.347947071091293
    vertex 455.52005356848986 32.98460710393245 7.347947071090938
  endloop
endfacet
facet normal -0.9238795325112689 -0.38268343236513297 -1.0824674490095276e-14
  outer loop
    vertex 455.52005356848974 32.984607103932554 4.347947071091293
    vertex 455.13044192072175 33.92521282803256 7.347947071091524
    vertex 455.1304419207223 33.92521282803268 4.3479470710911015
  endloop
endfacet
facet normal 0.8191277223738193 -0.5736111700783725 -1.8159085346525222e-13
  outer loop
    vertex 434.5845916089835 63.46069123667253 6.347946958609809
    vertex 434.7345702466789 63.67486359995355 8.147947515591504
    vertex 434.5845916089847 63.46069123667244 8.147947515590431
  endloop
endfacet
facet normal 0.8191277223738193 -0.5736111700783725 -1.8159085346525222e-13
  outer loop
    vertex 434.7345702466789 63.67486359995355 8.147947515591504
    vertex 434.5845916089835 63.46069123667253 6.347946958609809
    vertex 434.7345702466792 63.67486359995364 6.3479469680060046
  endloop
endfacet
facet normal -0.8191661206014992 0.5735563327683605 -2.3342439092743916e-14
  outer loop
    vertex 408.7977568921872 65.37594392221911 8.147947515591266
    vertex 408.64777825449147 65.16174104135987 6.347947074739695
    vertex 408.64777825449175 65.16174104135979 8.147947515590747
  endloop
endfacet
facet normal -0.8191661206014992 0.5735563327683605 -2.3342439092743916e-14
  outer loop
    vertex 408.64777825449147 65.16174104135987 6.347947074739695
    vertex 408.7977568921872 65.37594392221911 8.147947515591266
    vertex 408.79775689218684 65.37594392221916 6.347947082496554
  endloop
endfacet
facet normal 0.7933533402912806 -0.6087614290086617 -1.8415824420969784e-14
  outer loop
    vertex 448.37544377120315 33.92521282803262 4.347947071090594
    vertex 448.99522639933457 34.73292927466008 7.34794707109113
    vertex 448.37544377120355 33.92521282803253 7.347947071091276
  endloop
endfacet
facet normal 0.7933533402912806 -0.6087614290086617 -1.8415824420969784e-14
  outer loop
    vertex 448.99522639933457 34.73292927466008 7.34794707109113
    vertex 448.37544377120315 33.92521282803262 4.347947071090594
    vertex 448.99522639933565 34.732929274660194 4.347947071090707
  endloop
endfacet
facet normal 0.9063247283638739 -0.42258192904589537 -2.8504976157250894e-13
  outer loop
    vertex 411.2458617505853 63.66174104136002 6.347947013762398
    vertex 411.356350642188 63.89871003550032 8.147947515591108
    vertex 411.245861750586 63.66174104135995 8.14794751559139
  endloop
endfacet
facet normal 0.9063247283638739 -0.42258192904589537 -2.8504976157250894e-13
  outer loop
    vertex 411.356350642188 63.89871003550032 8.147947515591108
    vertex 411.2458617505853 63.66174104136002 6.347947013762398
    vertex 411.3563506421864 63.8987100355004 6.347947022445514
  endloop
endfacet
facet normal 1.0 -4.092743251019484e-16 3.591507646838466e-11
  outer loop
    vertex 401.1862761793137 100.72521282804453 6.347947294187535
    vertex 401.18627617927694 54.72521282804965 7.347947071202338
    vertex 401.1862761793135 54.72521282804462 6.347947294109027
  endloop
endfacet
facet normal 1.0 -4.092743251019484e-16 3.591507646838466e-11
  outer loop
    vertex 401.18627617927694 54.72521282804965 7.347947071202338
    vertex 401.1862761793137 100.72521282804453 6.347947294187535
    vertex 401.1862761792769 100.72521282804956 7.347947071280925
  endloop
endfacet
facet normal -0.9062725709100974 0.4226937747542572 -6.375455718909961e-14
  outer loop
    vertex 409.1674010572259 64.86175324839093 11.34794732485615
    vertex 409.1010863599609 64.71957185190664 8.147947515591436
    vertex 409.10108635996096 64.71957185190652 11.347947324855935
  endloop
endfacet
facet normal -0.9062725709100974 0.4226937747542572 -6.375455718909961e-14
  outer loop
    vertex 409.1010863599609 64.71957185190664 8.147947515591436
    vertex 409.1674010572259 64.86175324839093 11.34794732485615
    vertex 409.1674010572269 64.86175324839105 8.147947515590895
  endloop
endfacet
facet normal 0.9062980244492438 0.4226278359975738 0.0030988900280928553
  outer loop
    vertex 411.2451903638675 88.66772248667228 8.147948588475794
    vertex 411.3556945142575 88.43075349253171 8.147948588476087
    vertex 411.313961726172 88.53344514292229 6.347947126109602
  endloop
endfacet
facet normal 0.6087614290087177 0.7933533402912376 2.3925306180672123e-14
  outer loop
    vertex 448.99522639933457 29.217496381405024 7.34794707109113
    vertex 449.8029428459623 28.597713753273343 4.347947071090718
    vertex 448.99522639933565 29.217496381405137 4.347947071090707
  endloop
endfacet
facet normal 0.6087614290087177 0.7933533402912376 2.3925306180672123e-14
  outer loop
    vertex 449.8029428459623 28.597713753273343 4.347947071090718
    vertex 448.99522639933457 29.217496381405024 7.34794707109113
    vertex 449.80294284596204 28.597713753273226 7.347947071091299
  endloop
endfacet
facet normal 0.7070753311422621 -0.707133689952533 0.002533895060068153
  outer loop
    vertex 434.60035393808664 86.95553376596911 8.147948588474915
    vertex 434.415463191015 86.7706582776879 8.147948588474845
    vertex 434.4695555982416 86.81829621714121 6.347947113882961
  endloop
endfacet
facet normal 0.4843580072279195 -0.8748698148135591 -0.0003577181676829369
  outer loop
    vertex 434.20127556894596 86.62069489878172 8.147948588474327
    vertex 434.13164971445275 86.58288361948483 6.347947147079201
    vertex 434.22254632089755 86.63320710581318 6.3479471384961705
  endloop
endfacet
facet normal -0.9063098270310989 0.42261388693091906 1.6600609775707653e-13
  outer loop
    vertex 432.6718566236325 88.36971833628165 11.34794875536869
    vertex 432.6055571851557 88.22753693979736 8.14794858847533
    vertex 432.605557185157 88.22753693979725 11.347948755368161
  endloop
endfacet
facet normal -0.9063098270310989 0.42261388693091906 1.6600609775707653e-13
  outer loop
    vertex 432.6055571851557 88.22753693979736 8.14794858847533
    vertex 432.6718566236325 88.36971833628165 11.34794875536869
    vertex 432.6718566236327 88.36971833628176 8.14794858847479
  endloop
endfacet
facet normal 0.5736320452947482 -0.8191131036743118 8.847089727481714e-14
  outer loop
    vertex 434.0140349683588 63.735440992531544 11.347947324855992
    vertex 433.8855254468756 63.64544465464114 8.147947515591232
    vertex 434.0140349683591 63.73544099253164 8.147947515590669
  endloop
endfacet
facet normal 0.5736320452947482 -0.8191131036743118 8.847089727481714e-14
  outer loop
    vertex 433.8855254468756 63.64544465464114 8.147947515591232
    vertex 434.0140349683588 63.735440992531544 11.347947324855992
    vertex 433.88552544687485 63.64544465464103 11.347947324855959
  endloop
endfacet
facet normal 0.573544591313135 0.8191743415021305 -4.690692279041287e-15
  outer loop
    vertex 434.1855284986323 65.72390534800056 6.347947057900253
    vertex 434.39971612070235 65.57394196909432 8.14794751559015
    vertex 434.3997161207036 65.57394196909438 6.3479470513206735
  endloop
endfacet
facet normal 0.573544591313135 0.8191743415021305 -4.690692279041287e-15
  outer loop
    vertex 434.39971612070235 65.57394196909432 8.14794751559015
    vertex 434.1855284986323 65.72390534800056 6.347947057900253
    vertex 434.1855284986325 65.72390534800049 8.147947634800138
  endloop
endfacet
facet normal -0.6319283107436623 0.7750207971517216 -0.0030617091585278255
  outer loop
    vertex 432.4871032056635 89.06878449839103 8.147948588474959
    vertex 432.6078460035152 89.16012360971929 6.347946980595181
    vertex 432.40610955332016 88.9956338636256 6.3479469957497034
  endloop
endfacet
facet normal -0.9914448613738095 0.13052619222005993 3.663735981263017e-15
  outer loop
    vertex 455.6529428459625 31.97521282803266 7.347947071091141
    vertex 455.52005356848974 30.96581855213288 4.347947071091293
    vertex 455.52005356848986 30.965818552132774 7.347947071090938
  endloop
endfacet
facet normal -0.9914448613738095 0.13052619222005993 3.663735981263017e-15
  outer loop
    vertex 455.52005356848974 30.96581855213288 4.347947071091293
    vertex 455.6529428459625 31.97521282803266 7.347947071091141
    vertex 455.6529428459625 31.975212828032763 4.347947071091011
  endloop
endfacet
facet normal 0.9991070008289468 -0.04225163777402285 -2.775557561562892e-17
  outer loop
    vertex 409.686276179297 84.28155305307864 5.347946848019095
    vertex 409.69007561777283 84.37139680307853 6.347947295054223
    vertex 409.6862761792967 84.28155305307861 6.347947295054404
  endloop
endfacet
facet normal 0.9991070008289468 -0.04225163777402285 -2.775557561562892e-17
  outer loop
    vertex 409.69007561777283 84.37139680307853 6.347947295054223
    vertex 409.686276179297 84.28155305307864 5.347946848019095
    vertex 409.69007561777323 84.37139680307855 5.351751531705508
  endloop
endfacet
facet normal 0.975463147015543 0.22016277799513098 -3.5792202535134276e-13
  outer loop
    vertex 409.72039483164025 71.71688630503186 5.3820634738052116
    vertex 409.7014739332025 71.80071809214114 6.347947295053952
    vertex 409.7203948316404 71.71688630503184 6.347947295054223
  endloop
endfacet
facet normal 0.975463147015543 0.22016277799513098 -3.5792202535134276e-13
  outer loop
    vertex 409.7014739332025 71.80071809214114 6.347947295053952
    vertex 409.72039483164025 71.71688630503186 5.3820634738052116
    vertex 409.7014739332023 71.80071809214117 5.363149251087651
  endloop
endfacet
facet normal 0.6269952065223856 -0.779021090745833 -0.001775153831066079
  outer loop
    vertex 434.415463191015 86.7706582776879 8.147948588474845
    vertex 434.30973504160136 86.68966462534418 6.347947129973171
    vertex 434.4695555982416 86.81829621714121 6.347947113882961
  endloop
endfacet
facet normal 0.49698441358392664 0.8677594670498506 -7.064487883567949e-14
  outer loop
    vertex 410.04713128183596 71.26409699839124 5.482447768792665
    vertex 410.11794732187536 71.22353913706294 6.347947295053817
    vertex 410.117947321875 71.22353913706296 5.44190683518254
  endloop
endfacet
facet normal 0.49698441358392664 0.8677594670498506 -7.064487883567949e-14
  outer loop
    vertex 410.11794732187536 71.22353913706294 6.347947295053817
    vertex 410.04713128183596 71.26409699839124 5.482447768792665
    vertex 410.04713128183687 71.26409699839122 6.347947295053964
  endloop
endfacet
facet normal 0.130526192219973 0.9914448613738208 3.001071613439876e-14
  outer loop
    vertex 435.71021523672937 28.2081021055053 4.347947071091113
    vertex 436.7196095126287 28.07521282803267 7.347947071090803
    vertex 436.71960951262906 28.07521282803272 4.3479470710910455
  endloop
endfacet
facet normal 0.130526192219973 0.9914448613738208 3.001071613439876e-14
  outer loop
    vertex 436.7196095126287 28.07521282803267 7.347947071090803
    vertex 435.71021523672937 28.2081021055053 4.347947071091113
    vertex 435.71021523672937 28.208102105505244 7.347947071090859
  endloop
endfacet
facet normal 0.7441237766662442 -0.6680417689036859 2.1981028108797318e-13
  outer loop
    vertex 409.86805413339783 84.83419587534438 5.5297342792595865
    vertex 409.9217803296863 84.89404084604743 6.347947295054957
    vertex 409.86805413339835 84.83419587534436 6.347947295054167
  endloop
endfacet
facet normal 0.7441237766662442 -0.6680417689036859 2.1981028108797318e-13
  outer loop
    vertex 409.9217803296863 84.89404084604743 6.347947295054957
    vertex 409.86805413339783 84.83419587534438 5.5297342792595865
    vertex 409.9217803296868 84.89404084604746 5.583462740525304
  endloop
endfacet
facet normal -0.02509021763760836 -0.9996810302322089 -0.002884228279257183
  outer loop
    vertex 433.4512755689461 86.41970612925043 8.14794846926646
    vertex 433.2836882886718 86.42910554331299 6.347947187951975
    vertex 433.54389641855505 86.42257478159438 6.347947185603981
  endloop
endfacet
facet normal -1.0 4.092742636590781e-16 3.885780586188048e-16
  outer loop
    vertex 373.38627617929626 127.95914800438665 7.347947071094142
    vertex 373.38627617929563 -1.140851995613773 4.347947071091214
    vertex 373.3862761792956 -1.1408519956138656 7.347947071091108
  endloop
endfacet
facet normal -1.0 4.092742636590781e-16 3.885780586188048e-16
  outer loop
    vertex 373.38627617929563 -1.140851995613773 4.347947071091214
    vertex 373.38627617929626 127.95914800438665 7.347947071094142
    vertex 373.3862761792965 127.95914800438672 4.347947071094508
  endloop
endfacet
facet normal 0.6087614290087173 -0.7933533402912378 -2.398081733190338e-14
  outer loop
    vertex 449.8029428459623 35.35271190279199 4.347947071090718
    vertex 448.99522639933457 34.73292927466008 7.34794707109113
    vertex 448.99522639933565 34.732929274660194 4.347947071090707
  endloop
endfacet
facet normal 0.6087614290087173 -0.7933533402912378 -2.398081733190338e-14
  outer loop
    vertex 448.99522639933457 34.73292927466008 7.34794707109113
    vertex 449.8029428459623 35.35271190279199 4.347947071090718
    vertex 449.80294284596204 35.35271190279187 7.347947071091299
  endloop
endfacet
facet normal 0.4225339892595046 -0.9063470791702531 8.368306048112117e-15
  outer loop
    vertex 433.90128777597636 87.14028718393799 8.147948588475467
    vertex 433.7591063794923 87.07400300425043 11.34794875536825
    vertex 433.7591063794928 87.07400300425051 8.147948588475387
  endloop
endfacet
facet normal 0.4225339892595046 -0.9063470791702531 8.368306048112117e-15
  outer loop
    vertex 433.7591063794923 87.07400300425043 11.34794875536825
    vertex 433.90128777597636 87.14028718393799 8.147948588475467
    vertex 433.9012877759762 87.14028718393789 11.3479487553678
  endloop
endfacet
facet normal 0.3509033201676809 0.9364065545338222 -0.003102341276187851
  outer loop
    vertex 433.96430657480545 89.32925202768799 8.147948707684666
    vertex 434.09742425058585 89.27340485971925 6.347946955308813
    vertex 433.8536803541016 89.36474397104749 6.347946950807052
  endloop
endfacet
facet normal 0.6487098741700773 0.7610294220289574 -0.0031173643536553794
  outer loop
    vertex 434.415463191015 89.06878449839098 8.147948588474845
    vertex 434.51980279062406 88.97247102182855 6.3479469743354535
    vertex 434.32171319101604 89.14132478159429 6.347946963231948
  endloop
endfacet
facet normal 0.7071067811865477 -0.7071067811865475 -2.130240428499519e-14
  outer loop
    vertex 434.0297972974606 87.23028352182867 8.147948588475105
    vertex 434.1407286939449 87.34121491831299 11.347948755368318
    vertex 434.0297972974603 87.23028352182857 11.34794875536789
  endloop
endfacet
facet normal 0.7071067811865477 -0.7071067811865475 -2.130240428499519e-14
  outer loop
    vertex 434.1407286939449 87.34121491831299 11.347948755368318
    vertex 434.0297972974606 87.23028352182867 8.147948588475105
    vertex 434.1407286939444 87.34121491831309 8.147948588474982
  endloop
endfacet
facet normal 0.5853388756002386 -0.8107887522104931 -2.1764534618995407e-13
  outer loop
    vertex 410.0471312818366 84.99505402964118 6.347947295054223
    vertex 409.98161004160124 84.94775178354753 5.529734756096687
    vertex 410.0471312818359 84.9950540296412 5.482447530373985
  endloop
endfacet
facet normal 0.5853388756002386 -0.8107887522104931 -2.1764534618995407e-13
  outer loop
    vertex 409.98161004160124 84.94775178354753 5.529734756096687
    vertex 410.0471312818366 84.99505402964118 6.347947295054223
    vertex 409.98161004160175 84.94775178354749 6.347947295054348
  endloop
endfacet
facet normal -0.4226298652858813 -0.9063023761242369 -1.9653723093426829e-13
  outer loop
    vertex 432.9224974927733 63.01531770151609 8.147947396381696
    vertex 432.6855284986332 63.125821851906935 6.347946943919125
    vertex 432.9224974927735 63.015317701516125 6.347946939071705
  endloop
endfacet
facet normal -0.4226298652858813 -0.9063023761242369 -1.9653723093426829e-13
  outer loop
    vertex 432.6855284986332 63.125821851906935 6.347946943919125
    vertex 432.9224974927733 63.01531770151609 8.147947396381696
    vertex 432.6855284986319 63.12582185190691 8.147947515590905
  endloop
endfacet
facet normal 0.25872798211300085 -0.9659502219430021 -1.4498818812214154e-14
  outer loop
    vertex 433.7433440503907 63.57912995737548 8.147947515591131
    vertex 433.59180901621045 63.538541578469115 11.347947324854989
    vertex 433.5918090162103 63.53854157846919 8.1479475155905
  endloop
endfacet
facet normal 0.25872798211300085 -0.9659502219430021 -1.4498818812214154e-14
  outer loop
    vertex 433.59180901621045 63.538541578469115 11.347947324854989
    vertex 433.7433440503907 63.57912995737548 8.147947515591131
    vertex 433.74334405039053 63.579129957375386 11.347947324856026
  endloop
endfacet
facet normal -0.08715005810269277 0.9961951954173928 1.7649076644588035e-14
  outer loop
    vertex 409.78986809824147 88.80404450815657 11.347948755368003
    vertex 409.94614861582085 88.81771638315661 8.147948588475693
    vertex 409.78986809824227 88.80404450815665 8.147948588475488
  endloop
endfacet
facet normal -0.08715005810269277 0.9961951954173928 1.7649076644588035e-14
  outer loop
    vertex 409.94614861582085 88.81771638315661 8.147948588475693
    vertex 409.78986809824147 88.80404450815657 11.347948755368003
    vertex 409.9461486158197 88.81771638315654 11.347948755368229
  endloop
endfacet
facet normal -3.94124967384446e-09 -0.7071099926397716 -0.7071035697187381
  outer loop
    vertex 434.68627617929627 86.12954499643803 4.347946848019604
    vertex 432.8382842359366 85.1295755140161 5.347946848019919
    vertex 408.6862761792959 86.12954499643807 4.347946848019717
  endloop
endfacet
facet normal -3.94124967384446e-09 -0.7071099926397716 -0.7071035697187381
  outer loop
    vertex 432.8382842359366 85.1295755140161 5.347946848019919
    vertex 434.68627617929627 86.12954499643803 4.347946848019604
    vertex 432.9280822095699 85.12573029917242 5.351753856285625
  endloop
endfacet
facet normal -3.94124967384446e-09 -0.7071099926397716 -0.7071035697187381
  outer loop
    vertex 432.9280822095699 85.12573029917242 5.351753856285625
    vertex 434.68627617929627 86.12954499643803 4.347946848019604
    vertex 433.01516411874945 85.11434724253178 5.363151277645758
  endloop
endfacet
facet normal -3.94124967384446e-09 -0.7071099926397716 -0.7071035697187381
  outer loop
    vertex 433.01516411874945 85.11434724253178 5.363151277645758
    vertex 434.68627617929627 86.12954499643803 4.347946848019604
    vertex 433.0989653882811 85.09542634409438 5.382065261944717
  endloop
endfacet
facet normal -3.94124967384446e-09 -0.7071099926397716 -0.7071035697187381
  outer loop
    vertex 433.0989653882811 85.09542634409438 5.382065261944717
    vertex 434.68627617929627 86.12954499643803 4.347946848019604
    vertex 433.1789519605471 85.06915070932864 5.408373679264815
  endloop
endfacet
facet normal -3.94124967384446e-09 -0.7071099926397716 -0.7071035697187381
  outer loop
    vertex 433.1789519605471 85.06915070932864 5.408373679264815
    vertex 434.68627617929627 86.12954499643803 4.347946848019604
    vertex 433.2545897779302 85.03561189096932 5.441906537159481
  endloop
endfacet
facet normal -3.94124967384446e-09 -0.7071099926397716 -0.7071035697187381
  outer loop
    vertex 433.2545897779302 85.03561189096932 5.441906537159481
    vertex 434.68627617929627 86.12954499643803 4.347946848019604
    vertex 433.32540581796883 84.99505402964122 5.482447470769177
  endloop
endfacet
facet normal -3.94124967384446e-09 -0.7071099926397716 -0.7071035697187381
  outer loop
    vertex 433.32540581796883 84.99505402964122 5.482447470769177
    vertex 434.68627617929627 86.12954499643803 4.347946848019604
    vertex 433.39092705820246 84.94775178354755 5.529734577282939
  endloop
endfacet
facet normal -3.94124967384446e-09 -0.7071099926397716 -0.7071035697187381
  outer loop
    vertex 433.39092705820246 84.94775178354755 5.529734577282939
    vertex 434.68627617929627 86.12954499643803 4.347946848019604
    vertex 433.4507567701167 84.89404084604747 5.583462502106771
  endloop
endfacet
facet normal -3.94124967384446e-09 -0.7071099926397716 -0.7071035697187381
  outer loop
    vertex 408.6862761792959 86.12954499643807 4.347946848019717
    vertex 409.98161004160124 84.94775178354753 5.529734756096687
    vertex 409.9217803296868 84.89404084604746 5.583462740525304
  endloop
endfacet
facet normal -3.94124967384446e-09 -0.7071099926397716 -0.7071035697187381
  outer loop
    vertex 409.98161004160124 84.94775178354753 5.529734756096687
    vertex 408.6862761792959 86.12954499643807 4.347946848019717
    vertex 410.0471312818359 84.9950540296412 5.482447530373985
  endloop
endfacet
facet normal -3.94124967384446e-09 -0.7071099926397716 -0.7071035697187381
  outer loop
    vertex 410.0471312818359 84.9950540296412 5.482447530373985
    vertex 408.6862761792959 86.12954499643807 4.347946848019717
    vertex 410.117947321875 85.03561189096928 5.4419067159737695
  endloop
endfacet
facet normal -3.94124967384446e-09 -0.7071099926397716 -0.7071035697187381
  outer loop
    vertex 410.117947321875 85.03561189096928 5.4419067159737695
    vertex 408.6862761792959 86.12954499643807 4.347946848019717
    vertex 410.19360039804667 85.06915070932861 5.4083737984747815
  endloop
endfacet
facet normal -3.94124967384446e-09 -0.7071099926397716 -0.7071035697187381
  outer loop
    vertex 410.19360039804667 85.06915070932861 5.4083737984747815
    vertex 408.6862761792959 86.12954499643807 4.347946848019717
    vertex 410.27357171152386 85.09542634409435 5.382065440758544
  endloop
endfacet
facet normal -3.94124967384446e-09 -0.7071099926397716 -0.7071035697187381
  outer loop
    vertex 410.27357171152386 85.09542634409435 5.382065440758544
    vertex 408.6862761792959 86.12954499643807 4.347946848019717
    vertex 410.35737298105494 85.11434724253175 5.363151456459867
  endloop
endfacet
facet normal -3.94124967384446e-09 -0.7071099926397716 -0.7071035697187381
  outer loop
    vertex 410.35737298105494 85.11434724253175 5.363151456459867
    vertex 408.6862761792959 86.12954499643807 4.347946848019717
    vertex 410.44445489023326 85.12573029917239 5.351754035100196
  endloop
endfacet
facet normal -3.94124967384446e-09 -0.7071099926397716 -0.7071035697187381
  outer loop
    vertex 410.44445489023326 85.12573029917239 5.351754035100196
    vertex 408.6862761792959 86.12954499643807 4.347946848019717
    vertex 410.53426812265656 85.12957551401607 5.347946848019919
  endloop
endfacet
facet normal -3.94124967384446e-09 -0.7071099926397716 -0.7071035697187381
  outer loop
    vertex 410.53426812265656 85.12957551401607 5.347946848019919
    vertex 408.6862761792959 86.12954499643807 4.347946848019717
    vertex 432.8382842359366 85.1295755140161 5.347946848019919
  endloop
endfacet
facet normal -0.996195195416904 -0.08715005810828018 2.622901895676933e-14
  outer loop
    vertex 432.535534602148 64.42486359995353 11.347947324855982
    vertex 432.54920647714914 64.26858308237566 8.14794751559068
    vertex 432.54920647714846 64.26858308237554 11.347947324856184
  endloop
endfacet
facet normal -0.996195195416904 -0.08715005810828018 2.622901895676933e-14
  outer loop
    vertex 432.54920647714914 64.26858308237566 8.14794751559068
    vertex 432.535534602148 64.42486359995353 11.347947324855982
    vertex 432.5355346021472 64.42486359995364 8.14794751559103
  endloop
endfacet
facet normal 0.922686201933381 -0.38555172317654174 -0.0002037580707489467
  outer loop
    vertex 434.86336968515496 87.4137552015162 6.347947063062303
    vertex 434.86082146738306 87.40670564096934 8.147948588475296
    vertex 434.80360100839806 87.27071931284422 6.347947072555901
  endloop
endfacet
facet normal 0.9063098270299972 -0.4226138869332817 -8.978928711655954e-14
  outer loop
    vertex 410.72623894785096 63.96175935190669 8.147947515591063
    vertex 410.7925383863283 64.10394074839098 11.347947324856467
    vertex 410.7262389478516 63.96175935190658 11.347947324856026
  endloop
endfacet
facet normal 0.9063098270299972 -0.4226138869332817 -8.978928711655954e-14
  outer loop
    vertex 410.7925383863283 64.10394074839098 11.347947324856467
    vertex 410.72623894785096 63.96175935190669 8.147947515591063
    vertex 410.79253838632775 64.1039407483911 8.14794751559121
  endloop
endfacet
facet normal -0.08715005810319224 0.9961951954173491 3.73156366917371e-14
  outer loop
    vertex 409.79053948496096 65.29809358042228 11.347947324856026
    vertex 409.94682000253823 65.31176545542232 8.147947515591515
    vertex 409.79053948496096 65.29809358042235 8.147947515591131
  endloop
endfacet
facet normal -0.08715005810319224 0.9961951954173491 3.73156366917371e-14
  outer loop
    vertex 409.94682000253823 65.31176545542232 8.147947515591515
    vertex 409.79053948496096 65.29809358042228 11.347947324856026
    vertex 409.9468200025392 65.31176545542225 11.347947324856218
  endloop
endfacet
facet normal 0.08718318180165423 -0.99618748095172 0.003097677518104321
  outer loop
    vertex 410.2066314039065 86.4405191175317 8.147948469266437
    vertex 409.94614861582 86.41772248667239 8.147948469265963
    vertex 410.0962340650386 86.42526032846925 6.3479472293003205
  endloop
endfacet
facet normal 0.422533989259064 -0.9063470791704585 -6.285943987549558e-14
  outer loop
    vertex 410.39681695078167 63.632322096047304 8.147947515591007
    vertex 410.2546355542975 63.56603791635974 11.347947324855552
    vertex 410.2546355542965 63.56603791635984 8.147947515590793
  endloop
endfacet
facet normal 0.422533989259064 -0.9063470791704585 -6.285943987549558e-14
  outer loop
    vertex 410.2546355542975 63.56603791635974 11.347947324855552
    vertex 410.39681695078167 63.632322096047304 8.147947515591007
    vertex 410.39681695078104 63.632322096047204 11.347947324855857
  endloop
endfacet
facet normal 0.4226277869210432 0.9062979192027705 0.0031361394978688534
  outer loop
    vertex 434.2012755689451 89.21874787729733 8.147948707684801
    vertex 434.09742425058585 89.27340485971925 6.347946955308813
    vertex 433.96430657480545 89.32925202768799 8.147948707684666
  endloop
endfacet
facet normal -0.5736320452938986 -0.8191131036749068 -1.0502709812953978e-13
  outer loop
    vertex 409.4961516675774 87.13830354135969 11.3479487553686
    vertex 409.3676421460938 87.22829987925047 8.147948588475252
    vertex 409.49615166757826 87.13830354135978 8.147948588475083
  endloop
endfacet
facet normal -0.5736320452938986 -0.8191131036749068 -1.0502709812953978e-13
  outer loop
    vertex 409.3676421460938 87.22829987925047 8.147948588475252
    vertex 409.4961516675774 87.13830354135969 11.3479487553686
    vertex 409.36764214609343 87.22829987925039 11.347948755367913
  endloop
endfacet
facet normal -0.9499795480223906 -0.3123121168625619 5.281192150263792e-13
  outer loop
    vertex 433.62585137460877 84.62225129526607 6.3479472950540545
    vertex 433.652157526953 84.54223420542243 5.382063414200708
    vertex 433.652157526953 84.54223420542243 6.3479472950539755
  endloop
endfacet
facet normal -0.9499795480223906 -0.3123121168625619 5.281192150263792e-13
  outer loop
    vertex 433.652157526953 84.54223420542243 5.382063414200708
    vertex 433.62585137460877 84.62225129526607 6.3479472950540545
    vertex 433.62585137460843 84.62225129526607 5.408372069939046
  endloop
endfacet
facet normal 0.7933533402912804 0.6087614290086619 1.8346435481930712e-14
  outer loop
    vertex 388.86189306600176 29.217496381405137 4.347947071091282
    vertex 388.24211043786994 30.025212828032647 7.347947071091243
    vertex 388.8618930660019 29.217496381405077 7.347947071091243
  endloop
endfacet
facet normal 0.7933533402912804 0.6087614290086619 1.8346435481930712e-14
  outer loop
    vertex 388.24211043786994 30.025212828032647 7.347947071091243
    vertex 388.86189306600176 29.217496381405137 4.347947071091282
    vertex 388.2421104378702 30.025212828032696 4.347947071091079
  endloop
endfacet
facet normal 0.8191588025410341 0.5735667844458386 -9.82963710427498e-14
  outer loop
    vertex 410.72623894785096 64.86175324839107 8.147947515591063
    vertex 410.6362578687498 64.9902627698754 11.347947324855925
    vertex 410.7262389478516 64.86175324839095 11.347947324856026
  endloop
endfacet
facet normal 0.8191588025410341 0.5735667844458386 -9.82963710427498e-14
  outer loop
    vertex 410.6362578687498 64.9902627698754 11.347947324855925
    vertex 410.72623894785096 64.86175324839107 8.147947515591063
    vertex 410.63625786874945 64.9902627698755 8.147947515591255
  endloop
endfacet
facet normal -0.4884154181548476 0.8726058463949821 -0.003068573923255248
  outer loop
    vertex 432.70127556894596 89.21874787729739 8.147948707683977
    vertex 432.83498833750036 89.287259840188 6.347946968099346
    vertex 432.6078460035152 89.16012360971929 6.347946980595181
  endloop
endfacet
facet normal 0.3747891456519645 -0.9271099917752361 0.00039931440309898963
  outer loop
    vertex 433.9643065748044 86.51019074839111 8.147948469266774
    vertex 433.99015496347664 86.51986482065685 6.347947160322079
    vertex 434.03748772714835 86.53899934214122 6.347947155685377
  endloop
endfacet
facet normal 0.7071067811862595 0.7071067811868358 8.106015858544424e-14
  outer loop
    vertex 434.0140349683588 65.11431672495347 11.347947324855992
    vertex 434.12496636484366 65.00338532846914 8.147947515590985
    vertex 434.0140349683591 65.11431672495357 8.147947515590669
  endloop
endfacet
facet normal 0.7071067811862595 0.7071067811868358 8.106015858544424e-14
  outer loop
    vertex 434.12496636484366 65.00338532846914 8.147947515590985
    vertex 434.0140349683588 65.11431672495347 11.347947324855992
    vertex 434.1249663648434 65.00338532846905 11.347947324856488
  endloop
endfacet
facet normal -0.9878922113377095 -0.15511291212531417 -0.0029938721240077293
  outer loop
    vertex 431.9548308667958 87.81652619760983 6.347947093443641
    vertex 431.99520562265604 87.55938508432871 6.347947113223822
    vertex 431.9740721998044 87.65923859995367 8.147948588475376
  endloop
endfacet
facet normal -0.08715005810274368 -0.9961951954173883 -3.0008981410922786e-14
  outer loop
    vertex 433.4512755689465 87.01971223276618 11.347948755367428
    vertex 433.2949950513663 87.03338410776622 8.147948588475094
    vertex 433.4512755689453 87.01971223276625 8.147948588474653
  endloop
endfacet
facet normal -0.08715005810274368 -0.9961951954173883 -3.0008981410922786e-14
  outer loop
    vertex 433.2949950513663 87.03338410776622 8.147948588475094
    vertex 433.4512755689465 87.01971223276618 11.347948755367428
    vertex 433.29499505136727 87.03338410776614 11.34794875536851
  endloop
endfacet
facet normal -0.042781526210354026 -0.9990844513929305 -3.77493175607313e-14
  outer loop
    vertex 432.9280822095699 85.12573029917242 5.351753856285625
    vertex 432.8382842359368 85.1295755140161 6.347947295054302
    vertex 432.8382842359366 85.1295755140161 5.347946848019919
  endloop
endfacet
facet normal -0.042781526210354026 -0.9990844513929305 -3.77493175607313e-14
  outer loop
    vertex 432.8382842359368 85.1295755140161 6.347947295054302
    vertex 432.9280822095699 85.12573029917242 5.351753856285625
    vertex 432.92808220956925 85.12573029917242 6.347947295053986
  endloop
endfacet
facet normal -0.05418184567322941 -0.9985305231613164 0.001059204715829285
  outer loop
    vertex 409.94614861582 86.41772248667239 8.147948469265963
    vertex 409.83503411386675 86.42184235971918 6.347947223338573
    vertex 409.8946502027344 86.41860749643806 6.347947225439053
  endloop
endfacet
facet normal -0.7071053293744961 -1.6034639371796096e-09 -0.7071082329956183
  outer loop
    vertex 434.68627617929627 86.12954499643803 4.347946848019604
    vertex 433.5044829664059 84.8341958753444 5.529734160050569
    vertex 433.4507567701167 84.89404084604747 5.583462502106771
  endloop
endfacet
facet normal -0.7071053293744961 -1.6034639371796096e-09 -0.7071082329956183
  outer loop
    vertex 433.5044829664059 84.8341958753444 5.529734160050569
    vertex 434.68627617929627 86.12954499643803 4.347946848019604
    vertex 433.55176995371056 84.76867463510993 5.482446576699639
  endloop
endfacet
facet normal -0.7071053293744961 -1.6034639371796096e-09 -0.7071082329956183
  outer loop
    vertex 433.55176995371056 84.76867463510993 5.482446576699639
    vertex 434.68627617929627 86.12954499643803 4.347946848019604
    vertex 433.5923125562499 84.69787385386 5.441905345066894
  endloop
endfacet
facet normal -0.7071053293744961 -1.6034639371796096e-09 -0.7071082329956183
  outer loop
    vertex 433.5923125562499 84.69787385386 5.441905345066894
    vertex 434.68627617929627 86.12954499643803 4.347946848019604
    vertex 433.62585137460843 84.62225129526607 5.408372069939046
  endloop
endfacet
facet normal -0.7071053293744961 -1.6034639371796096e-09 -0.7071082329956183
  outer loop
    vertex 433.62585137460843 84.62225129526607 5.408372069939046
    vertex 434.68627617929627 86.12954499643803 4.347946848019604
    vertex 433.652157526953 84.54223420542243 5.382063414200708
  endloop
endfacet
facet normal -0.7071053293744961 -1.6034639371796096e-09 -0.7071082329956183
  outer loop
    vertex 433.652157526953 84.54223420542243 5.382063414200708
    vertex 434.68627617929627 86.12954499643803 4.347946848019604
    vertex 433.6710631666019 84.45843293589132 5.3631491318784414
  endloop
endfacet
facet normal -0.7071053293744961 -1.6034639371796096e-09 -0.7071082329956183
  outer loop
    vertex 433.6710631666019 84.45843293589132 5.3631491318784414
    vertex 434.68627617929627 86.12954499643803 4.347946848019604
    vertex 433.6824614820314 84.37139680307855 5.351751531704933
  endloop
endfacet
facet normal -0.7071053293744961 -1.6034639371796096e-09 -0.7071082329956183
  outer loop
    vertex 433.6824614820314 84.37139680307855 5.351751531704933
    vertex 434.68627617929627 86.12954499643803 4.347946848019604
    vertex 433.68627617929684 84.28155305307864 5.3479468480191965
  endloop
endfacet
facet normal -0.7071053293744961 -1.6034639371796096e-09 -0.7071082329956183
  outer loop
    vertex 433.68627617929684 84.28155305307864 5.3479468480191965
    vertex 434.68627617929627 86.12954499643803 4.347946848019604
    vertex 433.68627617929695 71.97759797495367 5.347946848019005
  endloop
endfacet
facet normal -0.7071053293744961 -1.6034639371796096e-09 -0.7071082329956183
  outer loop
    vertex 433.50448296640616 71.42492463510989 5.5297342196549595
    vertex 434.6862761792964 70.12960603159426 4.347946848019424
    vertex 433.45075677011687 71.36511018198483 5.583462680919864
  endloop
endfacet
facet normal -0.7071053293744961 -1.6034639371796096e-09 -0.7071082329956183
  outer loop
    vertex 434.6862761792964 70.12960603159426 4.347946848019424
    vertex 433.50448296640616 71.42492463510989 5.5297342196549595
    vertex 433.55176995371056 71.49044587534436 5.4824466363035445
  endloop
endfacet
facet normal -0.7071053293744961 -1.6034639371796096e-09 -0.7071082329956183
  outer loop
    vertex 434.6862761792964 70.12960603159426 4.347946848019424
    vertex 433.55176995371056 71.49044587534436 5.4824466363035445
    vertex 433.5923125562498 71.56124665659429 5.441905345066782
  endloop
endfacet
facet normal -0.7071053293744961 -1.6034639371796096e-09 -0.7071082329956183
  outer loop
    vertex 434.6862761792964 70.12960603159426 4.347946848019424
    vertex 433.5923125562498 71.56124665659429 5.441905345066782
    vertex 433.62585137460843 71.63689973276607 5.408372069938764
  endloop
endfacet
facet normal -0.7071053293744961 -1.6034639371796096e-09 -0.7071082329956183
  outer loop
    vertex 434.6862761792964 70.12960603159426 4.347946848019424
    vertex 433.62585137460843 71.63689973276607 5.408372069938764
    vertex 433.652157526953 71.71688630503186 5.382063414200652
  endloop
endfacet
facet normal -0.7071053293744961 -1.6034639371796096e-09 -0.7071082329956183
  outer loop
    vertex 434.6862761792964 70.12960603159426 4.347946848019424
    vertex 433.652157526953 71.71688630503186 5.382063414200652
    vertex 433.6710631666018 71.80071809214117 5.363149131878283
  endloop
endfacet
facet normal -0.7071053293744961 -1.6034639371796096e-09 -0.7071082329956183
  outer loop
    vertex 434.6862761792964 70.12960603159426 4.347946848019424
    vertex 433.6710631666018 71.80071809214117 5.363149131878283
    vertex 433.6824614820312 71.88775422495357 5.351751531704493
  endloop
endfacet
facet normal -0.7071053293744961 -1.6034639371796096e-09 -0.7071082329956183
  outer loop
    vertex 434.6862761792964 70.12960603159426 4.347946848019424
    vertex 433.6824614820312 71.88775422495357 5.351751531704493
    vertex 433.68627617929695 71.97759797495367 5.347946848019005
  endloop
endfacet
facet normal -0.7071053293744961 -1.6034639371796096e-09 -0.7071082329956183
  outer loop
    vertex 434.6862761792964 70.12960603159426 4.347946848019424
    vertex 433.68627617929695 71.97759797495367 5.347946848019005
    vertex 434.68627617929627 86.12954499643803 4.347946848019604
  endloop
endfacet
facet normal 0.25875942140741454 0.9659418004377386 1.0689019114273887e-13
  outer loop
    vertex 433.69599602792994 65.90206696909422 6.347947065716715
    vertex 433.94855950449164 65.83440949839114 8.147947634800115
    vertex 433.9485595044916 65.8344094983912 6.347947062747731
  endloop
endfacet
facet normal 0.25875942140741454 0.9659418004377386 1.0689019114273887e-13
  outer loop
    vertex 433.94855950449164 65.83440949839114 8.147947634800115
    vertex 433.69599602792994 65.90206696909422 6.347947065716715
    vertex 433.6959960279286 65.90206696909416 8.147947634800037
  endloop
endfacet
facet normal 0.7071067811867201 -0.707106781186375 -1.280225925270884e-13
  outer loop
    vertex 434.3997161207028 63.27581574839129 6.347946950498954
    vertex 434.5845916089847 63.46069123667244 8.147947515590431
    vertex 434.3997161207024 63.27581574839123 8.147947515589992
  endloop
endfacet
facet normal 0.7071067811867201 -0.707106781186375 -1.280225925270884e-13
  outer loop
    vertex 434.5845916089847 63.46069123667244 8.147947515590431
    vertex 434.3997161207028 63.27581574839129 6.347946950498954
    vertex 434.5845916089835 63.46069123667253 6.347946958609809
  endloop
endfacet
facet normal 0.04243540657654719 0.9990992124252142 3.388435365625497e-14
  outer loop
    vertex 410.44445489023434 71.13339021128186 5.351754213913876
    vertex 410.5342681226557 71.12957551401617 6.3479472950541105
    vertex 410.53426812265656 71.1295755140162 5.347946848019737
  endloop
endfacet
facet normal 0.04243540657654719 0.9990992124252142 3.388435365625497e-14
  outer loop
    vertex 410.5342681226557 71.12957551401617 6.3479472950541105
    vertex 410.44445489023434 71.13339021128186 5.351754213913876
    vertex 410.44445489023474 71.13339021128182 6.347947295054133
  endloop
endfacet
facet normal -0.9914448613738095 0.13052619222005996 3.663735981263017e-15
  outer loop
    vertex 425.58627617929574 31.9752128280327 7.347947071091186
    vertex 425.4533869018232 30.965818552132895 4.347947071091226
    vertex 425.4533869018234 30.965818552132816 7.347947071091141
  endloop
endfacet
facet normal -0.9914448613738095 0.13052619222005996 3.663735981263017e-15
  outer loop
    vertex 425.4533869018232 30.965818552132895 4.347947071091226
    vertex 425.58627617929574 31.9752128280327 7.347947071091186
    vertex 425.58627617929653 31.975212828032777 4.347947071091485
  endloop
endfacet
facet normal -0.4225339892590641 -0.9063470791704583 3.25503513032288e-14
  outer loop
    vertex 409.6390044507807 63.56603791635974 11.34794732485562
    vertex 409.4968230542964 63.6323220960473 8.147947515591154
    vertex 409.6390044507807 63.566037916359825 8.147947515590454
  endloop
endfacet
facet normal -0.4225339892590641 -0.9063470791704583 3.25503513032288e-14
  outer loop
    vertex 409.4968230542964 63.6323220960473 8.147947515591154
    vertex 409.6390044507807 63.56603791635974 11.34794732485562
    vertex 409.4968230542972 63.632322096047204 11.347947324856104
  endloop
endfacet
facet normal -0.4226298652862393 -0.90630237612407 7.879114027886658e-14
  outer loop
    vertex 409.43378899667977 63.002225660500415 8.147947396382033
    vertex 409.1968200025386 63.11272981089114 6.347946996913324
    vertex 409.43378899667965 63.00222566050049 6.347946992338131
  endloop
endfacet
facet normal -0.4226298652862393 -0.90630237612407 7.879114027886658e-14
  outer loop
    vertex 409.1968200025386 63.11272981089114 6.347946996913324
    vertex 409.43378899667977 63.002225660500415 8.147947396382033
    vertex 409.1968200025398 63.112729810891054 8.14794751559104
  endloop
endfacet
facet normal -0.08715005810319218 0.9961951954173491 4.2271741662602835e-14
  outer loop
    vertex 433.2792479810544 65.31118562143803 8.147947515591198
    vertex 433.4355284986325 65.3248574964379 11.347947324856138
    vertex 433.4355284986323 65.32485749643797 8.147947515590928
  endloop
endfacet
facet normal -0.08715005810319218 0.9961951954173491 4.2271741662602835e-14
  outer loop
    vertex 433.4355284986325 65.3248574964379 11.347947324856138
    vertex 433.2792479810544 65.31118562143803 8.147947515591198
    vertex 433.27924798105494 65.31118562143793 11.347947324856195
  endloop
endfacet
facet normal -0.1305261922200601 -0.9914448613738094 -2.999510362311497e-14
  outer loop
    vertex 422.69567045519506 35.74232355055997 7.347947071091457
    vertex 421.686276179296 35.87521282803271 4.347947071091564
    vertex 422.6956704551957 35.742323550560066 4.34794707109091
  endloop
endfacet
facet normal -0.1305261922200601 -0.9914448613738094 -2.999510362311497e-14
  outer loop
    vertex 421.686276179296 35.87521282803271 4.347947071091564
    vertex 422.69567045519506 35.74232355055997 7.347947071091457
    vertex 421.6862761792957 35.87521282803262 7.347947071091062
  endloop
endfacet
facet normal 0.9142596365427577 0.40512876593585023 7.269740365245525e-13
  outer loop
    vertex 409.78022454355516 71.56124665659428 5.441905464275496
    vertex 409.7467009839834 71.63689973276603 6.347947295054269
    vertex 409.7802245435547 71.56124665659426 6.347947295054449
  endloop
endfacet
facet normal 0.9142596365427577 0.40512876593585023 7.269740365245525e-13
  outer loop
    vertex 409.7467009839834 71.63689973276603 6.347947295054269
    vertex 409.78022454355516 71.56124665659428 5.441905464275496
    vertex 409.7467009839843 71.63689973276607 5.408372129544113
  endloop
endfacet
facet normal -0.6087614290087173 0.7933533402912378 2.398081733190338e-14
  outer loop
    vertex 408.6029428459624 28.597713753273265 7.347947071091299
    vertex 409.41065929258957 29.21749638140513 4.347947071091462
    vertex 408.6029428459624 28.59771375327334 4.347947071090515
  endloop
endfacet
facet normal -0.6087614290087173 0.7933533402912378 2.398081733190338e-14
  outer loop
    vertex 409.41065929258957 29.21749638140513 4.347947071091462
    vertex 408.6029428459624 28.597713753273265 7.347947071091299
    vertex 409.41065929258957 29.21749638140506 7.347947071091051
  endloop
endfacet
facet normal 0.9914448613738093 0.1305261922200599 3.0531133177191797e-15
  outer loop
    vertex 402.88583212343525 30.965818552132824 4.347947071091011
    vertex 402.7529428459627 31.97521282803262 7.347947071091468
    vertex 402.88583212343514 30.96581855213274 7.347947071091322
  endloop
endfacet
facet normal 0.9914448613738093 0.1305261922200599 3.0531133177191797e-15
  outer loop
    vertex 402.7529428459627 31.97521282803262 7.347947071091468
    vertex 402.88583212343525 30.965818552132824 4.347947071091011
    vertex 402.7529428459622 31.97521282803271 4.347947071091553
  endloop
endfacet
facet normal 0.923879532511269 0.38268343236513314 1.0894063429134352e-14
  outer loop
    vertex 403.2754437712033 30.02521282803271 4.347947071090943
    vertex 402.88583212343514 30.96581855213274 7.347947071091322
    vertex 403.27544377120296 30.025212828032615 7.3479470710913555
  endloop
endfacet
facet normal 0.923879532511269 0.38268343236513314 1.0894063429134352e-14
  outer loop
    vertex 402.88583212343514 30.96581855213274 7.347947071091322
    vertex 403.2754437712033 30.02521282803271 4.347947071090943
    vertex 402.88583212343525 30.965818552132824 4.347947071091011
  endloop
endfacet
facet normal -0.7933533402912804 -0.6087614290086619 -1.8346435481930712e-14
  outer loop
    vertex 409.41065929258957 34.732929274660115 7.347947071091051
    vertex 410.03044192072144 33.92521282803261 4.3479470710915304
    vertex 410.030441920722 33.92521282803254 7.347947071091536
  endloop
endfacet
facet normal -0.7933533402912804 -0.6087614290086619 -1.8346435481930712e-14
  outer loop
    vertex 410.03044192072144 33.92521282803261 4.3479470710915304
    vertex 409.41065929258957 34.732929274660115 7.347947071091051
    vertex 409.41065929258957 34.73292927466019 4.347947071091462
  endloop
endfacet
facet normal -0.9755012647658616 0.2199938236410388 4.586331314726522e-13
  outer loop
    vertex 433.67106316660175 71.80071809214117 6.347947295053952
    vertex 433.652157526953 71.71688630503186 5.382063414200652
    vertex 433.6521575269531 71.71688630503186 6.347947295053806
  endloop
endfacet
facet normal -0.9755012647658616 0.2199938236410388 4.586331314726522e-13
  outer loop
    vertex 433.652157526953 71.71688630503186 5.382063414200652
    vertex 433.67106316660175 71.80071809214117 6.347947295053952
    vertex 433.6710631666018 71.80071809214117 5.363149131878283
  endloop
endfacet
facet normal 0.6087614290087177 0.7933533402912376 2.3925306180672123e-14
  outer loop
    vertex 388.86189306600176 29.217496381405137 4.347947071091282
    vertex 389.6696095126299 28.597713753273275 7.347947071091197
    vertex 389.6696095126294 28.597713753273382 4.347947071091226
  endloop
endfacet
facet normal 0.6087614290087177 0.7933533402912376 2.3925306180672123e-14
  outer loop
    vertex 389.6696095126299 28.597713753273275 7.347947071091197
    vertex 388.86189306600176 29.217496381405137 4.347947071091282
    vertex 388.8618930660019 29.217496381405077 7.347947071091243
  endloop
endfacet
facet normal 0.22023906553142714 0.9754459257251751 7.090855680402797e-14
  outer loop
    vertex 410.2735717115228 71.16369416635989 5.382065559967619
    vertex 410.3573729810544 71.14477326792228 6.3479472950537605
    vertex 410.3573729810553 71.1447732679223 5.363151694878377
  endloop
endfacet
facet normal 0.22023906553142714 0.9754459257251751 7.090855680402797e-14
  outer loop
    vertex 410.3573729810544 71.14477326792228 6.3479472950537605
    vertex 410.2735717115228 71.16369416635989 5.382065559967619
    vertex 410.27357171152266 71.16369416635987 6.347947295054799
  endloop
endfacet
facet normal 0.7933533402912804 0.6087614290086619 1.8346435481930712e-14
  outer loop
    vertex 448.99522639933565 29.217496381405137 4.347947071090707
    vertex 448.37544377120355 30.0252128280326 7.347947071091276
    vertex 448.99522639933457 29.217496381405024 7.34794707109113
  endloop
endfacet
facet normal 0.7933533402912804 0.6087614290086619 1.8346435481930712e-14
  outer loop
    vertex 448.37544377120355 30.0252128280326 7.347947071091276
    vertex 448.99522639933565 29.217496381405137 4.347947071090707
    vertex 448.37544377120315 30.025212828032693 4.347947071090594
  endloop
endfacet
facet normal 0.9238795325112685 -0.3826834323651337 -1.176836406102666e-14
  outer loop
    vertex 402.88583212343525 32.9846071039325 4.347947071091011
    vertex 403.27544377120296 33.92521282803254 7.3479470710913555
    vertex 402.88583212343514 32.98460710393241 7.347947071091322
  endloop
endfacet
facet normal 0.9238795325112685 -0.3826834323651337 -1.176836406102666e-14
  outer loop
    vertex 403.27544377120296 33.92521282803254 7.3479470710913555
    vertex 402.88583212343525 32.9846071039325 4.347947071091011
    vertex 403.2754437712033 33.925212828032635 4.347947071090943
  endloop
endfacet
facet normal 0.9352498790234122 -0.3539746171589197 -0.0031038997872310237
  outer loop
    vertex 411.38995049570264 87.51098420542243 6.347947176858701
    vertex 411.3556945142575 87.40469148081299 8.147948588476087
    vertex 411.2974669751953 87.26662995737553 6.347947188986068
  endloop
endfacet
facet normal 0.9893958329435765 -0.14524420803168064 -7.607323184999348e-05
  outer loop
    vertex 434.9415404615245 87.74905183237559 6.347947047125455
    vertex 434.9284941968752 87.6592385999536 8.1479485884747
    vertex 434.927746516211 87.65508820932862 6.3479470505700215
  endloop
endfacet
facet normal -0.5736320452947481 -0.819113103674312 -1.0492995361488511e-13
  outer loop
    vertex 432.9855315503902 63.645444654641054 11.347947324855676
    vertex 432.85702202890684 63.735440992531665 8.147947515590838
    vertex 432.9855315503906 63.64544465464116 8.147947515590793
  endloop
endfacet
facet normal -0.5736320452947481 -0.819113103674312 -1.0492995361488511e-13
  outer loop
    vertex 432.85702202890684 63.735440992531665 8.147947515590838
    vertex 432.9855315503902 63.645444654641054 11.347947324855676
    vertex 432.85702202890593 63.735440992531565 11.347947324856252
  endloop
endfacet
facet normal -0.6087614290087177 -0.7933533402912376 -2.3925306180672123e-14
  outer loop
    vertex 409.41065929258957 34.73292927466019 4.347947071091462
    vertex 408.6029428459624 35.35271190279191 7.347947071091299
    vertex 408.6029428459624 35.35271190279198 4.347947071090515
  endloop
endfacet
facet normal -0.6087614290087177 -0.7933533402912376 -2.3925306180672123e-14
  outer loop
    vertex 408.6029428459624 35.35271190279191 7.347947071091299
    vertex 409.41065929258957 34.73292927466019 4.347947071091462
    vertex 409.41065929258957 34.732929274660115 7.347947071091051
  endloop
endfacet
facet normal 0.2589094786980345 -0.9659015901427598 -3.634939571561801e-14
  outer loop
    vertex 433.7591063794928 87.07400300425051 8.147948588475387
    vertex 433.6075713453126 87.03338410776614 11.347948755368048
    vertex 433.60757134531224 87.03338410776622 8.14794858847515
  endloop
endfacet
facet normal 0.2589094786980345 -0.9659015901427598 -3.634939571561801e-14
  outer loop
    vertex 433.6075713453126 87.03338410776614 11.347948755368048
    vertex 433.7591063794928 87.07400300425051 8.147948588475387
    vertex 433.7591063794923 87.07400300425043 11.34794875536825
  endloop
endfacet
facet normal -0.573572010921277 0.8191551429904611 -3.297362383136715e-14
  outer loop
    vertex 432.4713561353512 65.57394196909436 8.147947515591007
    vertex 432.6855284986328 65.72390534800056 6.347947057900502
    vertex 432.47135613535164 65.57394196909439 6.347947051320956
  endloop
endfacet
facet normal -0.573572010921277 0.8191551429904611 -3.297362383136715e-14
  outer loop
    vertex 432.6855284986328 65.72390534800056 6.347947057900502
    vertex 432.4713561353512 65.57394196909436 8.147947515591007
    vertex 432.6855284986336 65.72390534800054 8.147947634799642
  endloop
endfacet
facet normal -0.9914448613738095 0.13052619222005993 3.663735981263017e-15
  outer loop
    vertex 395.51960951262924 31.975212828032628 7.347947071091197
    vertex 395.3867202351567 30.965818552132834 4.347947071091519
    vertex 395.3867202351569 30.965818552132745 7.347947071091231
  endloop
endfacet
facet normal -0.9914448613738095 0.13052619222005993 3.663735981263017e-15
  outer loop
    vertex 395.3867202351567 30.965818552132834 4.347947071091519
    vertex 395.51960951262924 31.975212828032628 7.347947071091197
    vertex 395.51960951262953 31.975212828032717 4.347947071091293
  endloop
endfacet
facet normal -0.42269377475545383 -0.906272570909539 -3.9197811663171927e-14
  outer loop
    vertex 433.1277129468751 63.5791299573754 11.34794732485579
    vertex 432.9855315503906 63.64544465464116 8.147947515590793
    vertex 433.1277129468748 63.5791299573755 8.14794751559077
  endloop
endfacet
facet normal -0.42269377475545383 -0.906272570909539 -3.9197811663171927e-14
  outer loop
    vertex 432.9855315503906 63.64544465464116 8.147947515590793
    vertex 433.1277129468751 63.5791299573754 11.34794732485579
    vertex 432.9855315503902 63.645444654641054 11.347947324855676
  endloop
endfacet
facet normal -0.31241964597280425 0.9499441903660593 5.889039256246065e-14
  outer loop
    vertex 433.09896538828156 71.16369416635992 6.347947295054099
    vertex 433.178951960547 71.19000031870367 5.408373858078134
    vertex 433.09896538828133 71.16369416635992 5.382065500362777
  endloop
endfacet
facet normal -0.31241964597280425 0.9499441903660593 5.889039256246065e-14
  outer loop
    vertex 433.178951960547 71.19000031870367 5.408373858078134
    vertex 433.09896538828156 71.16369416635992 6.347947295054099
    vertex 433.1789519605469 71.19000031870367 6.347947295054065
  endloop
endfacet
facet normal 0.13052619222005962 -0.9914448613738094 -2.998643000573509e-14
  outer loop
    vertex 406.65294284596246 35.87521282803254 7.347947071091649
    vertex 405.6435485700629 35.74232355055999 4.347947071091541
    vertex 406.6529428459628 35.87521282803262 4.347947071091226
  endloop
endfacet
facet normal 0.13052619222005962 -0.9914448613738094 -2.998643000573509e-14
  outer loop
    vertex 405.6435485700629 35.74232355055999 4.347947071091541
    vertex 406.65294284596246 35.87521282803254 7.347947071091649
    vertex 405.6435485700624 35.742323550559895 7.347947071090983
  endloop
endfacet
facet normal -0.49698441357933276 -0.8677594670524817 -4.355474314543529e-13
  outer loop
    vertex 433.32540581796883 84.99505402964122 5.482447470769177
    vertex 433.25458977792886 85.03561189096932 6.34794729505384
    vertex 433.2545897779302 85.03561189096932 5.441906537159481
  endloop
endfacet
facet normal -0.49698441357933276 -0.8677594670524817 -4.355474314543529e-13
  outer loop
    vertex 433.25458977792886 85.03561189096932 6.34794729505384
    vertex 433.32540581796883 84.99505402964122 5.482447470769177
    vertex 433.325405817968 84.99505402964122 6.347947295054708
  endloop
endfacet
facet normal -0.7933533402912806 0.6087614290086617 1.8415824420969784e-14
  outer loop
    vertex 410.030441920722 30.02521282803262 7.347947071091536
    vertex 409.41065929258957 29.21749638140513 4.347947071091462
    vertex 409.41065929258957 29.21749638140506 7.347947071091051
  endloop
endfacet
facet normal -0.7933533402912806 0.6087614290086617 1.8415824420969784e-14
  outer loop
    vertex 409.41065929258957 29.21749638140513 4.347947071091462
    vertex 410.030441920722 30.02521282803262 7.347947071091536
    vertex 410.03044192072144 30.025212828032686 4.3479470710915304
  endloop
endfacet
facet normal -0.13052619221997222 0.9914448613738208 2.9870203532844635e-14
  outer loop
    vertex 436.71960951262906 28.07521282803272 4.3479470710910455
    vertex 437.7290037885291 28.208102105505226 7.347947071091367
    vertex 437.7290037885295 28.208102105505255 4.3479470710909665
  endloop
endfacet
facet normal -0.13052619221997222 0.9914448613738208 2.9870203532844635e-14
  outer loop
    vertex 437.7290037885291 28.208102105505226 7.347947071091367
    vertex 436.71960951262906 28.07521282803272 4.3479470710910455
    vertex 436.7196095126287 28.07521282803267 7.347947071090803
  endloop
endfacet
facet normal -0.9238795325112685 0.38268343236513375 1.1671219546371958e-14
  outer loop
    vertex 425.4533869018234 30.965818552132816 7.347947071091141
    vertex 425.06377525405446 30.02521282803278 4.3479470710912365
    vertex 425.06377525405526 30.025212828032696 7.347947071091389
  endloop
endfacet
facet normal -0.9238795325112685 0.38268343236513375 1.1671219546371958e-14
  outer loop
    vertex 425.06377525405446 30.02521282803278 4.3479470710912365
    vertex 425.4533869018234 30.965818552132816 7.347947071091141
    vertex 425.4533869018232 30.965818552132895 4.347947071091226
  endloop
endfacet
facet normal 0.3826834323651332 0.9238795325112688 2.7498836541184346e-14
  outer loop
    vertex 449.80294284596204 28.597713753273226 7.347947071091299
    vertex 450.7435485700618 28.208102105505265 4.347947071091541
    vertex 449.8029428459623 28.597713753273343 4.347947071090718
  endloop
endfacet
facet normal 0.3826834323651332 0.9238795325112688 2.7498836541184346e-14
  outer loop
    vertex 450.7435485700618 28.208102105505265 4.347947071091541
    vertex 449.80294284596204 28.597713753273226 7.347947071091299
    vertex 450.74354857006233 28.208102105505137 7.347947071091299
  endloop
endfacet
facet normal 0.3826834323651019 0.9238795325112817 2.7672308888782027e-14
  outer loop
    vertex 389.6696095126299 28.597713753273275 7.347947071091197
    vertex 390.61021523672935 28.20810210550529 4.3479470710913155
    vertex 389.6696095126294 28.597713753273382 4.347947071091226
  endloop
endfacet
facet normal 0.3826834323651019 0.9238795325112817 2.7672308888782027e-14
  outer loop
    vertex 390.61021523672935 28.20810210550529 4.3479470710913155
    vertex 389.6696095126299 28.597713753273275 7.347947071091197
    vertex 390.6102152367295 28.20810210550516 7.347947071091908
  endloop
endfacet
facet normal -0.9238795325112685 0.3826834323651337 1.176836406102666e-14
  outer loop
    vertex 410.42005356848966 30.965818552132745 7.347947071091231
    vertex 410.03044192072144 30.025212828032686 4.3479470710915304
    vertex 410.030441920722 30.02521282803262 7.347947071091536
  endloop
endfacet
facet normal -0.9238795325112685 0.3826834323651337 1.176836406102666e-14
  outer loop
    vertex 410.03044192072144 30.025212828032686 4.3479470710915304
    vertex 410.42005356848966 30.965818552132745 7.347947071091231
    vertex 410.42005356848966 30.965818552132813 4.347947071091372
  endloop
endfacet
facet normal -0.9238795325112685 0.38268343236513375 1.1671219546371958e-14
  outer loop
    vertex 440.4867202351571 30.96581855213274 7.347947071091378
    vertex 440.0971085873891 30.025212828032686 4.347947071090921
    vertex 440.0971085873887 30.025212828032615 7.347947071091017
  endloop
endfacet
facet normal -0.9238795325112685 0.38268343236513375 1.1671219546371958e-14
  outer loop
    vertex 440.0971085873891 30.025212828032686 4.347947071090921
    vertex 440.4867202351571 30.96581855213274 7.347947071091378
    vertex 440.48672023515604 30.965818552132813 4.347947071091349
  endloop
endfacet
facet normal -0.7563737498030886 0.6541325605982001 -0.0030567587502290947
  outer loop
    vertex 432.40610955332016 88.9956338636256 6.3479469957497034
    vertex 432.2358519849608 88.79876496714115 6.347947013104917
    vertex 432.3022124585937 88.88390901010979 8.147948588475185
  endloop
endfacet
facet normal 0.8108783634945851 0.585214729493665 -1.5620837956475953e-13
  outer loop
    vertex 409.8680541333979 71.42492463510987 5.52973427925926
    vertex 409.8207671460933 71.49044587534432 6.347947295054979
    vertex 409.8680541333985 71.42492463510985 6.347947295053998
  endloop
endfacet
facet normal 0.8108783634945851 0.585214729493665 -1.5620837956475953e-13
  outer loop
    vertex 409.8207671460933 71.49044587534432 6.347947295054979
    vertex 409.8680541333979 71.42492463510987 5.52973427925926
    vertex 409.82076714609394 71.49044587534435 5.482446755512743
  endloop
endfacet
facet normal 0.3826834323650565 -0.9238795325113006 -2.7575164374127326e-14
  outer loop
    vertex 405.6435485700629 35.74232355055999 4.347947071091541
    vertex 404.70294284596287 35.352711902791896 7.34794707109096
    vertex 404.70294284596235 35.352711902791995 4.347947071091418
  endloop
endfacet
facet normal 0.3826834323650565 -0.9238795325113006 -2.7575164374127326e-14
  outer loop
    vertex 404.70294284596287 35.352711902791896 7.34794707109096
    vertex 405.6435485700629 35.74232355055999 4.347947071091541
    vertex 405.6435485700624 35.742323550559895 7.347947071090983
  endloop
endfacet
facet normal -0.25888291003989455 -0.9659087114677433 -1.6053131046689373e-14
  outer loop
    vertex 409.68633721445286 62.93453767221919 8.14794739638147
    vertex 409.43378899667965 63.00222566050049 6.347946992338131
    vertex 409.6863372144526 62.934537672219285 6.347946989339874
  endloop
endfacet
facet normal -0.25888291003989455 -0.9659087114677433 -1.6053131046689373e-14
  outer loop
    vertex 409.43378899667965 63.00222566050049 6.347946992338131
    vertex 409.68633721445286 62.93453767221919 8.14794739638147
    vertex 409.43378899667977 63.002225660500415 8.147947396382033
  endloop
endfacet
facet normal 0.9914448613738078 -0.13052619222007142 -3.802513859341161e-15
  outer loop
    vertex 432.81960951262903 31.975212828032813 4.347947071091339
    vertex 432.9524987901017 32.98460710393249 7.34794707109148
    vertex 432.81960951262965 31.97521282803271 7.347947071091322
  endloop
endfacet
facet normal 0.9914448613738078 -0.13052619222007142 -3.802513859341161e-15
  outer loop
    vertex 432.9524987901017 32.98460710393249 7.34794707109148
    vertex 432.81960951262903 31.975212828032813 4.347947071091339
    vertex 432.9524987901018 32.9846071039326 4.347947071091497
  endloop
endfacet
facet normal -0.9063098270284551 0.42261388693658875 1.2143064331837647e-14
  outer loop
    vertex 432.6561095533201 64.8748758069848 11.347947324855552
    vertex 432.58981011484303 64.73269441050051 8.147947515590726
    vertex 432.58981011484275 64.7326944105004 11.347947324855756
  endloop
endfacet
facet normal -0.9063098270284551 0.42261388693658875 1.2143064331837647e-14
  outer loop
    vertex 432.58981011484303 64.73269441050051 8.147947515590726
    vertex 432.6561095533201 64.8748758069848 11.347947324855552
    vertex 432.6561095533207 64.87487580698492 8.147947515591424
  endloop
endfacet
facet normal -0.13052619222005998 -0.9914448613738094 -2.994653136578762e-14
  outer loop
    vertex 407.6623371218626 35.74232355055997 4.347947071091812
    vertex 406.65294284596246 35.87521282803254 7.347947071091649
    vertex 406.6529428459628 35.87521282803262 4.347947071091226
  endloop
endfacet
facet normal -0.13052619222005998 -0.9914448613738094 -2.994653136578762e-14
  outer loop
    vertex 406.65294284596246 35.87521282803254 7.347947071091649
    vertex 407.6623371218626 35.74232355055997 4.347947071091812
    vertex 407.66233712186244 35.742323550559895 7.3479470710914905
  endloop
endfacet
facet normal -0.1305261922200601 -0.9914448613738094 -2.999510362311497e-14
  outer loop
    vertex 437.7290037885291 35.74232355055996 7.347947071091367
    vertex 436.7196095126292 35.87521282803266 4.347947071091169
    vertex 437.7290037885295 35.74232355055999 4.3479470710909665
  endloop
endfacet
facet normal -0.1305261922200601 -0.9914448613738094 -2.999510362311497e-14
  outer loop
    vertex 436.7196095126292 35.87521282803266 4.347947071091169
    vertex 437.7290037885291 35.74232355055996 7.347947071091367
    vertex 436.7196095126287 35.87521282803261 7.347947071090847
  endloop
endfacet
facet normal -0.876043659244361 -0.48222264080525007 -0.0029718331986833824
  outer loop
    vertex 432.07941887949147 87.31310822886005 6.347947131668411
    vertex 432.20493767832033 87.08508088510983 6.347947148222483
    vertex 432.1522490796887 87.16970612925066 8.14794858847505
  endloop
endfacet
facet normal 0.38268343236513325 0.9238795325112688 2.7408630920433552e-14
  outer loop
    vertex 404.70294284596287 28.597713753273254 7.34794707109096
    vertex 405.6435485700629 28.208102105505255 4.347947071091541
    vertex 404.70294284596235 28.59771375327335 4.347947071091418
  endloop
endfacet
facet normal 0.38268343236513325 0.9238795325112688 2.7408630920433552e-14
  outer loop
    vertex 405.6435485700629 28.208102105505255 4.347947071091541
    vertex 404.70294284596287 28.597713753273254 7.34794707109096
    vertex 405.6435485700624 28.208102105505166 7.347947071090983
  endloop
endfacet
facet normal -0.9659250227580461 0.2588132839489409 0.0021294274894792936
  outer loop
    vertex 408.53661797617127 88.43075349253171 8.147948588475511
    vertex 408.5185363111329 88.37808015268809 6.347947099066046
    vertex 408.4689452466796 88.17819001596925 8.147948588474959
  endloop
endfacet
facet normal -0.38268343236513275 0.923879532511269 2.7373936450914016e-14
  outer loop
    vertex 407.6623371218626 28.208102105505237 4.347947071091812
    vertex 408.6029428459624 28.597713753273265 7.347947071091299
    vertex 408.6029428459624 28.59771375327334 4.347947071090515
  endloop
endfacet
facet normal -0.38268343236513275 0.923879532511269 2.7373936450914016e-14
  outer loop
    vertex 408.6029428459624 28.597713753273265 7.347947071091299
    vertex 407.6623371218626 28.208102105505237 4.347947071091812
    vertex 407.66233712186244 28.208102105505166 7.3479470710914905
  endloop
endfacet
facet normal 0.8191588025434668 -0.5735667844423643 -1.7333356971960256e-14
  outer loop
    vertex 434.12496636484366 63.846372389016054 8.147947515590985
    vertex 434.21494744394477 63.97488191050041 11.347947324855665
    vertex 434.1249663648434 63.84637238901596 11.347947324856488
  endloop
endfacet
facet normal 0.8191588025434668 -0.5735667844423643 -1.7333356971960256e-14
  outer loop
    vertex 434.21494744394477 63.97488191050041 11.347947324855665
    vertex 434.12496636484366 63.846372389016054 8.147947515590985
    vertex 434.2149474439454 63.9748819105005 8.147947515590815
  endloop
endfacet
facet normal 0.13052619221998435 0.9914448613738193 2.9917041066696015e-14
  outer loop
    vertex 390.61021523672935 28.20810210550529 4.3479470710913155
    vertex 391.61960951262927 28.075212828032612 7.347947071091705
    vertex 391.61960951262944 28.07521282803273 4.347947071091203
  endloop
endfacet
facet normal 0.13052619221998435 0.9914448613738193 2.9917041066696015e-14
  outer loop
    vertex 391.61960951262927 28.075212828032612 7.347947071091705
    vertex 390.61021523672935 28.20810210550529 4.3479470710913155
    vertex 390.6102152367295 28.20810210550516 7.347947071091908
  endloop
endfacet
facet normal -0.2587594214072408 0.9659418004377851 2.9094782139083e-14
  outer loop
    vertex 432.9224974927726 65.83440949839115 8.147947634800172
    vertex 433.1750609693356 65.90206696909422 6.347947065717562
    vertex 432.9224974927726 65.8344094983912 6.3479470627475845
  endloop
endfacet
facet normal -0.2587594214072408 0.9659418004377851 2.9094782139083e-14
  outer loop
    vertex 433.1750609693356 65.90206696909422 6.347947065717562
    vertex 432.9224974927726 65.83440949839115 8.147947634800172
    vertex 433.1750609693352 65.9020669690942 8.147947634799946
  endloop
endfacet
facet normal -0.3826834323651327 0.9238795325112692 2.7366997557010115e-14
  outer loop
    vertex 437.7290037885291 28.208102105505226 7.347947071091367
    vertex 438.669609512629 28.59771375327334 4.347947071091305
    vertex 437.7290037885295 28.208102105505255 4.3479470710909665
  endloop
endfacet
facet normal -0.3826834323651327 0.9238795325112692 2.7366997557010115e-14
  outer loop
    vertex 438.669609512629 28.59771375327334 4.347947071091305
    vertex 437.7290037885291 28.208102105505226 7.347947071091367
    vertex 438.66960951262945 28.597713753273293 7.347947071091108
  endloop
endfacet
facet normal -0.9914448613738078 -0.1305261922200715 -3.4833247397614286e-15
  outer loop
    vertex 455.52005356848986 32.98460710393245 7.347947071090938
    vertex 455.6529428459625 31.975212828032763 4.347947071091011
    vertex 455.6529428459625 31.97521282803266 7.347947071091141
  endloop
endfacet
facet normal -0.9914448613738078 -0.1305261922200715 -3.4833247397614286e-15
  outer loop
    vertex 455.6529428459625 31.975212828032763 4.347947071091011
    vertex 455.52005356848986 32.98460710393245 7.347947071090938
    vertex 455.52005356848974 32.984607103932554 4.347947071091293
  endloop
endfacet
facet normal -0.7933533402912806 0.6087614290086617 1.8415824420969784e-14
  outer loop
    vertex 394.99710858738916 30.02521282803263 7.34794707109131
    vertex 394.37732595925655 29.217496381405144 4.347947071091169
    vertex 394.3773259592569 29.21749638140505 7.347947071091389
  endloop
endfacet
facet normal -0.7933533402912806 0.6087614290086617 1.8415824420969784e-14
  outer loop
    vertex 394.37732595925655 29.217496381405144 4.347947071091169
    vertex 394.99710858738916 30.02521282803263 7.34794707109131
    vertex 394.9971085873887 30.02521282803271 4.347947071091711
  endloop
endfacet
facet normal 0.3826834323651332 0.9238795325112688 2.7498836541184346e-14
  outer loop
    vertex 434.76960951262913 28.59771375327341 4.347947071091349
    vertex 435.71021523672937 28.208102105505244 7.347947071090859
    vertex 435.71021523672937 28.2081021055053 4.347947071091113
  endloop
endfacet
facet normal 0.3826834323651332 0.9238795325112688 2.7498836541184346e-14
  outer loop
    vertex 435.71021523672937 28.208102105505244 7.347947071090859
    vertex 434.76960951262913 28.59771375327341 4.347947071091349
    vertex 434.7696095126291 28.59771375327334 7.347947071091344
  endloop
endfacet
facet normal -0.3826834323651327 0.9238795325112692 2.7366997557010115e-14
  outer loop
    vertex 452.76233712186263 28.208102105505272 4.347947071091158
    vertex 453.70294284596315 28.597713753273254 7.347947071091344
    vertex 453.7029428459621 28.59771375327337 4.347947071091068
  endloop
endfacet
facet normal -0.3826834323651327 0.9238795325112692 2.7366997557010115e-14
  outer loop
    vertex 453.70294284596315 28.597713753273254 7.347947071091344
    vertex 452.76233712186263 28.208102105505272 4.347947071091158
    vertex 452.76233712186195 28.20810210550517 7.347947071091062
  endloop
endfacet
facet normal 0.9238795325112689 0.38268343236513297 1.0824674490095276e-14
  outer loop
    vertex 448.37544377120315 30.025212828032693 4.347947071090594
    vertex 447.98583212343533 30.965818552132728 7.347947071090995
    vertex 448.37544377120355 30.0252128280326 7.347947071091276
  endloop
endfacet
facet normal 0.9238795325112689 0.38268343236513297 1.0824674490095276e-14
  outer loop
    vertex 447.98583212343533 30.965818552132728 7.347947071090995
    vertex 448.37544377120315 30.025212828032693 4.347947071090594
    vertex 447.9858321234347 30.965818552132806 4.347947071091733
  endloop
endfacet
facet normal -0.7933533402912804 -0.6087614290086619 -1.8346435481930712e-14
  outer loop
    vertex 439.47732595925726 34.73292927466012 7.347947071091367
    vertex 440.0971085873891 33.92521282803261 4.347947071090921
    vertex 440.0971085873887 33.92521282803254 7.347947071091017
  endloop
endfacet
facet normal -0.7933533402912804 -0.6087614290086619 -1.8346435481930712e-14
  outer loop
    vertex 440.0971085873891 33.92521282803261 4.347947071090921
    vertex 439.47732595925726 34.73292927466012 7.347947071091367
    vertex 439.47732595925646 34.73292927466019 4.347947071091034
  endloop
endfacet
facet normal -0.25888165490347226 0.9659040284716712 0.00311392624134978
  outer loop
    vertex 433.19080803964744 89.39694001596922 8.147948707684575
    vertex 433.08068535898303 89.37322785776621 6.347946958638572
    vertex 432.93825982187536 89.329252027688 8.147948707684563
  endloop
endfacet
facet normal -0.9141307245135649 -0.4054195586060261 3.517464097768652e-13
  outer loop
    vertex 433.5923125562496 84.69787385386 6.347947295054167
    vertex 433.62585137460843 84.62225129526607 5.408372069939046
    vertex 433.62585137460877 84.62225129526607 6.3479472950540545
  endloop
endfacet
facet normal -0.9141307245135649 -0.4054195586060261 3.517464097768652e-13
  outer loop
    vertex 433.62585137460843 84.62225129526607 5.408372069939046
    vertex 433.5923125562496 84.69787385386 6.347947295054167
    vertex 433.5923125562499 84.69787385386 5.441905345066894
  endloop
endfacet
facet normal 0.9914448613738079 -0.13052619222007145 -4.024558464266193e-15
  outer loop
    vertex 447.8529428459627 31.97521282803268 4.3479470710910455
    vertex 447.98583212343533 32.984607103932404 7.347947071090995
    vertex 447.85294284596273 31.97521282803261 7.3479470710914345
  endloop
endfacet
facet normal 0.9914448613738079 -0.13052619222007145 -4.024558464266193e-15
  outer loop
    vertex 447.98583212343533 32.984607103932404 7.347947071090995
    vertex 447.8529428459627 31.97521282803268 4.3479470710910455
    vertex 447.9858321234347 32.98460710393248 4.347947071091733
  endloop
endfacet
facet normal 0.9238795325112685 -0.38268343236513375 -1.1671219546371958e-14
  outer loop
    vertex 447.9858321234347 32.98460710393248 4.347947071091733
    vertex 448.37544377120355 33.92521282803253 7.347947071091276
    vertex 447.98583212343533 32.984607103932404 7.347947071090995
  endloop
endfacet
facet normal 0.9238795325112685 -0.38268343236513375 -1.1671219546371958e-14
  outer loop
    vertex 448.37544377120355 33.92521282803253 7.347947071091276
    vertex 447.9858321234347 32.98460710393248 4.347947071091733
    vertex 448.37544377120315 33.92521282803262 4.347947071090594
  endloop
endfacet
facet normal -0.13052619221997222 0.9914448613738208 2.9870203532844635e-14
  outer loop
    vertex 451.7529428459622 28.075212828032726 4.34794707109144
    vertex 452.76233712186195 28.20810210550517 7.347947071091062
    vertex 452.76233712186263 28.208102105505272 4.347947071091158
  endloop
endfacet
facet normal -0.13052619221997222 0.9914448613738208 2.9870203532844635e-14
  outer loop
    vertex 452.76233712186195 28.20810210550517 7.347947071091062
    vertex 451.7529428459622 28.075212828032726 4.34794707109144
    vertex 451.7529428459623 28.075212828032594 7.347947071091096
  endloop
endfacet
facet normal -0.38268343236505725 -0.9238795325113004 -2.7394753132625738e-14
  outer loop
    vertex 408.6029428459624 35.35271190279191 7.347947071091299
    vertex 407.6623371218626 35.74232355055997 4.347947071091812
    vertex 408.6029428459624 35.35271190279198 4.347947071090515
  endloop
endfacet
facet normal -0.38268343236505725 -0.9238795325113004 -2.7394753132625738e-14
  outer loop
    vertex 407.6623371218626 35.74232355055997 4.347947071091812
    vertex 408.6029428459624 35.35271190279191 7.347947071091299
    vertex 407.66233712186244 35.742323550559895 7.3479470710914905
  endloop
endfacet
facet normal 0.9238795325112689 0.38268343236513297 1.0824674490095276e-14
  outer loop
    vertex 433.3421104378696 30.025212828032807 4.347947071091982
    vertex 432.9524987901017 30.965818552132816 7.34794707109148
    vertex 433.34211043786996 30.025212828032696 7.347947071091254
  endloop
endfacet
facet normal 0.9238795325112689 0.38268343236513297 1.0824674490095276e-14
  outer loop
    vertex 432.9524987901017 30.965818552132816 7.34794707109148
    vertex 433.3421104378696 30.025212828032807 4.347947071091982
    vertex 432.9524987901018 30.96581855213293 4.347947071091497
  endloop
endfacet
facet normal -0.6087614290087173 0.7933533402912378 2.398081733190338e-14
  outer loop
    vertex 393.5696095126291 28.597713753273258 7.347947071091322
    vertex 394.37732595925655 29.217496381405144 4.347947071091169
    vertex 393.5696095126299 28.59771375327336 4.347947071091158
  endloop
endfacet
facet normal -0.6087614290087173 0.7933533402912378 2.398081733190338e-14
  outer loop
    vertex 394.37732595925655 29.217496381405144 4.347947071091169
    vertex 393.5696095126291 28.597713753273258 7.347947071091322
    vertex 394.3773259592569 29.21749638140505 7.347947071091389
  endloop
endfacet
facet normal -0.923879532511269 -0.38268343236513314 -1.0894063429134352e-14
  outer loop
    vertex 410.030441920722 33.92521282803254 7.347947071091536
    vertex 410.42005356848966 32.98460710393249 4.347947071091372
    vertex 410.42005356848966 32.98460710393242 7.347947071091231
  endloop
endfacet
facet normal -0.923879532511269 -0.38268343236513314 -1.0894063429134352e-14
  outer loop
    vertex 410.42005356848966 32.98460710393249 4.347947071091372
    vertex 410.030441920722 33.92521282803254 7.347947071091536
    vertex 410.03044192072144 33.92521282803261 4.3479470710915304
  endloop
endfacet
facet normal 4.092743368570989e-16 1.0 -5.023301420677927e-12
  outer loop
    vertex 401.18627617927694 54.72521282804965 7.347947071202338
    vertex 442.1862761793118 54.725212828044505 6.347947294702765
    vertex 401.1862761793135 54.72521282804462 6.347947294109027
  endloop
endfacet
facet normal 4.092743368570989e-16 1.0 -5.023301420677927e-12
  outer loop
    vertex 442.1862761793118 54.725212828044505 6.347947294702765
    vertex 401.18627617927694 54.72521282804965 7.347947071202338
    vertex 442.1862761792761 54.725212828049536 7.34794707179593
  endloop
endfacet
facet normal -0.8191519399509573 0.5735697681570017 0.0027964854562397
  outer loop
    vertex 408.7970855054688 88.88189484995358 8.147948588475828
    vertex 408.7436950025386 88.81442048471922 6.347947084801978
    vertex 408.64712212656207 88.66772248667228 8.147948588474902
  endloop
endfacet
facet normal 0.9659225735747068 -0.25881262770630464 0.0030992900111293936
  outer loop
    vertex 411.42336724374974 87.65725495737544 8.147948588475602
    vertex 411.3556945142575 87.40469148081299 8.147948588476087
    vertex 411.38995049570264 87.51098420542243 6.347947176858701
  endloop
endfacet
facet normal -0.7933533402912804 -0.6087614290086619 -1.8346435481930712e-14
  outer loop
    vertex 394.37732595925695 34.7329292746601 7.347947071091446
    vertex 394.99710858738877 33.925212828032635 4.347947071091733
    vertex 394.9971085873892 33.925212828032556 7.347947071091333
  endloop
endfacet
facet normal -0.7933533402912804 -0.6087614290086619 -1.8346435481930712e-14
  outer loop
    vertex 394.99710858738877 33.925212828032635 4.347947071091733
    vertex 394.37732595925695 34.7329292746601 7.347947071091446
    vertex 394.3773259592566 34.7329292746602 4.347947071091214
  endloop
endfacet
facet normal -0.9659193933572681 0.2588430519375152 5.889039256246064e-13
  outer loop
    vertex 408.5372741041016 64.92477204721922 8.147947515591289
    vertex 408.4696013746079 64.67223908823503 6.347947056710284
    vertex 408.4696013746091 64.67223908823495 8.147947515591323
  endloop
endfacet
facet normal -0.9659193933572681 0.2588430519375152 5.889039256246064e-13
  outer loop
    vertex 408.4696013746079 64.67223908823503 6.347947056710284
    vertex 408.5372741041016 64.92477204721922 8.147947515591289
    vertex 408.5372741041013 64.9247720472193 6.347947066056217
  endloop
endfacet
facet normal 0.7933533402912804 0.6087614290086619 1.8346435481930712e-14
  outer loop
    vertex 403.89522639933455 29.21749638140516 4.347947071091305
    vertex 403.27544377120296 30.025212828032615 7.3479470710913555
    vertex 403.89522639933523 29.217496381405038 7.347947071091942
  endloop
endfacet
facet normal 0.7933533402912804 0.6087614290086619 1.8346435481930712e-14
  outer loop
    vertex 403.27544377120296 30.025212828032615 7.3479470710913555
    vertex 403.89522639933455 29.21749638140516 4.347947071091305
    vertex 403.2754437712033 30.02521282803271 4.347947071090943
  endloop
endfacet
facet normal 0.1305261922199729 0.9914448613738208 3.00003077935429e-14
  outer loop
    vertex 405.6435485700629 28.208102105505255 4.347947071091541
    vertex 406.65294284596246 28.0752128280326 7.3479470710915695
    vertex 406.6529428459628 28.07521282803268 4.347947071091203
  endloop
endfacet
facet normal 0.1305261922199729 0.9914448613738208 3.00003077935429e-14
  outer loop
    vertex 406.65294284596246 28.0752128280326 7.3479470710915695
    vertex 405.6435485700629 28.208102105505255 4.347947071091541
    vertex 405.6435485700624 28.208102105505166 7.347947071090983
  endloop
endfacet
facet normal -0.5852952890967795 0.810820217147169 5.151236766975931e-06
  outer loop
    vertex 433.3254058179681 71.26409699839127 6.3479472950541895
    vertex 433.3909270582026 71.31139924448495 5.529734756096653
    vertex 433.3254058179689 71.26409699839127 5.482447589977282
  endloop
endfacet
facet normal -0.5852952890967795 0.810820217147169 5.151236766975931e-06
  outer loop
    vertex 433.3909270582026 71.31139924448495 5.529734756096653
    vertex 433.3254058179681 71.26409699839127 6.3479472950541895
    vertex 433.39094231699227 71.31139924448495 6.347947295053445
  endloop
endfacet
facet normal 0.8191894683379384 0.5735143250330681 0.0031518163128660117
  outer loop
    vertex 434.60035393808664 88.88390901010972 8.147948588474915
    vertex 434.75031731699187 88.66970612925041 8.1479485884754
    vertex 434.68571160410244 88.77187898081301 6.347946988285016
  endloop
endfacet
facet normal 0.130526192219973 0.9914448613738208 3.001071613439876e-14
  outer loop
    vertex 450.7435485700618 28.208102105505265 4.347947071091541
    vertex 451.7529428459623 28.075212828032594 7.347947071091096
    vertex 451.7529428459622 28.075212828032726 4.34794707109144
  endloop
endfacet
facet normal 0.130526192219973 0.9914448613738208 3.001071613439876e-14
  outer loop
    vertex 451.7529428459623 28.075212828032594 7.347947071091096
    vertex 450.7435485700618 28.208102105505265 4.347947071091541
    vertex 450.74354857006233 28.208102105505137 7.347947071091299
  endloop
endfacet
facet normal -0.7933533402912804 -0.6087614290086619 -1.8346435481930712e-14
  outer loop
    vertex 454.5106592925908 34.732929274660115 7.347947071091175
    vertex 455.1304419207223 33.92521282803268 4.3479470710911015
    vertex 455.13044192072175 33.92521282803256 7.347947071091524
  endloop
endfacet
facet normal -0.7933533402912804 -0.6087614290086619 -1.8346435481930712e-14
  outer loop
    vertex 455.1304419207223 33.92521282803268 4.3479470710911015
    vertex 454.5106592925908 34.732929274660115 7.347947071091175
    vertex 454.5106592925903 34.73292927466024 4.347947071091688
  endloop
endfacet
facet normal -0.08718360009299454 -0.9961922604973524 -4.309400059021584e-14
  outer loop
    vertex 409.9468200025392 62.911741041359726 8.147947396381289
    vertex 409.6863372144526 62.934537672219285 6.347946989339874
    vertex 409.9468200025392 62.91174104135982 6.3479469880111745
  endloop
endfacet
facet normal -0.08718360009299454 -0.9961922604973524 -4.309400059021584e-14
  outer loop
    vertex 409.6863372144526 62.934537672219285 6.347946989339874
    vertex 409.9468200025392 62.911741041359726 8.147947396381289
    vertex 409.68633721445286 62.93453767221919 8.14794739638147
  endloop
endfacet
facet normal -0.13052619221997222 0.9914448613738208 2.9870203532844635e-14
  outer loop
    vertex 391.61960951262927 28.075212828032612 7.347947071091705
    vertex 392.62900378852913 28.208102105505283 4.3479470710912596
    vertex 391.61960951262944 28.07521282803273 4.347947071091203
  endloop
endfacet
facet normal -0.13052619221997222 0.9914448613738208 2.9870203532844635e-14
  outer loop
    vertex 392.62900378852913 28.208102105505283 4.3479470710912596
    vertex 391.61960951262927 28.075212828032612 7.347947071091705
    vertex 392.62900378852885 28.20810210550516 7.347947071091559
  endloop
endfacet
facet normal 0.31214627724492816 -0.9500340528644922 6.044470479693587e-14
  outer loop
    vertex 410.27357171152266 85.09542634409434 6.347947295055035
    vertex 410.19360039804667 85.06915070932861 5.4083737984747815
    vertex 410.27357171152386 85.09542634409435 5.382065440758544
  endloop
endfacet
facet normal 0.31214627724492816 -0.9500340528644922 6.044470479693587e-14
  outer loop
    vertex 410.19360039804667 85.06915070932861 5.4083737984747815
    vertex 410.27357171152266 85.09542634409434 6.347947295055035
    vertex 410.1936003980463 85.0691507093286 6.34794729505428
  endloop
endfacet
facet normal 0.1305261922200596 -0.9914448613738094 -3.000204251701888e-14
  outer loop
    vertex 436.7196095126292 35.87521282803266 4.347947071091169
    vertex 435.71021523672937 35.74232355055997 7.347947071090859
    vertex 435.71021523672937 35.74232355056003 4.347947071091113
  endloop
endfacet
facet normal 0.1305261922200596 -0.9914448613738094 -3.000204251701888e-14
  outer loop
    vertex 435.71021523672937 35.74232355055997 7.347947071090859
    vertex 436.7196095126292 35.87521282803266 4.347947071091169
    vertex 436.7196095126287 35.87521282803261 7.347947071090847
  endloop
endfacet
facet normal 0.9914448613738093 0.13052619222005993 3.0531133177191797e-15
  outer loop
    vertex 432.9524987901018 30.96581855213293 4.347947071091497
    vertex 432.81960951262965 31.97521282803271 7.347947071091322
    vertex 432.9524987901017 30.965818552132816 7.34794707109148
  endloop
endfacet
facet normal 0.9914448613738093 0.13052619222005993 3.0531133177191797e-15
  outer loop
    vertex 432.81960951262965 31.97521282803271 7.347947071091322
    vertex 432.9524987901018 30.96581855213293 4.347947071091497
    vertex 432.81960951262903 31.975212828032813 4.347947071091339
  endloop
endfacet
facet normal -0.6087614290087177 -0.7933533402912376 -2.3925306180672123e-14
  outer loop
    vertex 454.5106592925903 34.73292927466024 4.347947071091688
    vertex 453.70294284596315 35.352711902791896 7.347947071091344
    vertex 453.7029428459621 35.35271190279202 4.347947071091068
  endloop
endfacet
facet normal -0.6087614290087177 -0.7933533402912376 -2.3925306180672123e-14
  outer loop
    vertex 453.70294284596315 35.352711902791896 7.347947071091344
    vertex 454.5106592925903 34.73292927466024 4.347947071091688
    vertex 454.5106592925908 34.732929274660115 7.347947071091175
  endloop
endfacet
facet normal 0.99618674635458 0.08724658381550528 1.7114087924596793e-13
  outer loop
    vertex 434.33553765390576 64.4248635999536 8.147947515591323
    vertex 434.3218505201171 64.58114411753165 11.347947324856488
    vertex 434.3355376539057 64.42486359995348 11.34794732485607
  endloop
endfacet
facet normal 0.99618674635458 0.08724658381550528 1.7114087924596793e-13
  outer loop
    vertex 434.3218505201171 64.58114411753165 11.347947324856488
    vertex 434.33553765390576 64.4248635999536 8.147947515591323
    vertex 434.32185052011806 64.58114411753175 8.147947515591177
  endloop
endfacet
facet normal 0.3826834323650564 -0.9238795325113006 -2.7519653222896068e-14
  outer loop
    vertex 450.7435485700618 35.74232355056 4.347947071091541
    vertex 449.80294284596204 35.35271190279187 7.347947071091299
    vertex 449.8029428459623 35.35271190279199 4.347947071090718
  endloop
endfacet
facet normal 0.3826834323650564 -0.9238795325113006 -2.7519653222896068e-14
  outer loop
    vertex 449.80294284596204 35.35271190279187 7.347947071091299
    vertex 450.7435485700618 35.74232355056 4.347947071091541
    vertex 450.74354857006233 35.74232355055987 7.347947071091299
  endloop
endfacet
facet normal 0.6087614290087174 -0.7933533402912375 -2.3897550605056488e-14
  outer loop
    vertex 434.76960951262913 35.35271190279206 4.347947071091349
    vertex 433.961893066002 34.73292927466019 7.3479470710912205
    vertex 433.9618930660012 34.732929274660286 4.3479470710912596
  endloop
endfacet
facet normal 0.6087614290087174 -0.7933533402912375 -2.3897550605056488e-14
  outer loop
    vertex 433.961893066002 34.73292927466019 7.3479470710912205
    vertex 434.76960951262913 35.35271190279206 4.347947071091349
    vertex 434.7696095126291 35.35271190279198 7.347947071091344
  endloop
endfacet
facet normal -0.6087614290087173 0.7933533402912378 2.398081733190338e-14
  outer loop
    vertex 453.70294284596315 28.597713753273254 7.347947071091344
    vertex 454.5106592925903 29.217496381405187 4.347947071091688
    vertex 453.7029428459621 28.59771375327337 4.347947071091068
  endloop
endfacet
facet normal -0.6087614290087173 0.7933533402912378 2.398081733190338e-14
  outer loop
    vertex 454.5106592925903 29.217496381405187 4.347947071091688
    vertex 453.70294284596315 28.597713753273254 7.347947071091344
    vertex 454.5106592925908 29.21749638140506 7.347947071091175
  endloop
endfacet
facet normal -0.38268343236505725 -0.9238795325113004 -2.7394753132625738e-14
  outer loop
    vertex 438.669609512629 35.35271190279198 4.347947071091305
    vertex 437.7290037885291 35.74232355055996 7.347947071091367
    vertex 437.7290037885295 35.74232355055999 4.3479470710909665
  endloop
endfacet
facet normal -0.38268343236505725 -0.9238795325113004 -2.7394753132625738e-14
  outer loop
    vertex 437.7290037885291 35.74232355055996 7.347947071091367
    vertex 438.669609512629 35.35271190279198 4.347947071091305
    vertex 438.66960951262945 35.35271190279194 7.347947071091108
  endloop
endfacet
facet normal 0.6087614290087178 0.7933533402912375 2.3953061756287752e-14
  outer loop
    vertex 433.961893066002 29.21749638140513 7.3479470710912205
    vertex 434.76960951262913 28.59771375327341 4.347947071091349
    vertex 433.9618930660012 29.217496381405226 4.3479470710912596
  endloop
endfacet
facet normal 0.6087614290087178 0.7933533402912375 2.3953061756287752e-14
  outer loop
    vertex 434.76960951262913 28.59771375327341 4.347947071091349
    vertex 433.961893066002 29.21749638140513 7.3479470710912205
    vertex 434.7696095126291 28.59771375327334 7.347947071091344
  endloop
endfacet
facet normal -0.9914448613738095 0.13052619222005996 3.663735981263017e-15
  outer loop
    vertex 440.61960951262944 31.97521282803262 7.3479470710912205
    vertex 440.48672023515604 30.965818552132813 4.347947071091349
    vertex 440.4867202351571 30.96581855213274 7.347947071091378
  endloop
endfacet
facet normal -0.9914448613738095 0.13052619222005996 3.663735981263017e-15
  outer loop
    vertex 440.48672023515604 30.965818552132813 4.347947071091349
    vertex 440.61960951262944 31.97521282803262 7.3479470710912205
    vertex 440.61960951262853 31.975212828032696 4.347947071091384
  endloop
endfacet
facet normal -2.578492974691926e-14 -5.046551224809914e-08 0.9999999999999988
  outer loop
    vertex 408.982632380469 63.26269318979723 8.147947515590838
    vertex 409.0604827222657 64.25546052378161 8.147947515590308
    vertex 409.0468108472664 64.41174104135978 8.147947515590895
  endloop
endfacet
facet normal -2.578492974691926e-14 -5.046551224809914e-08 0.9999999999999988
  outer loop
    vertex 409.0604827222657 64.25546052378161 8.147947515590308
    vertex 408.982632380469 63.26269318979723 8.147947515590838
    vertex 409.1968200025398 63.112729810891054 8.14794751559104
  endloop
endfacet
facet normal -2.578492974691926e-14 -5.046551224809914e-08 0.9999999999999988
  outer loop
    vertex 409.0604827222657 64.25546052378161 8.147947515590308
    vertex 409.1968200025398 63.112729810891054 8.14794751559104
    vertex 409.1010863599609 64.1039407483911 8.147947515591436
  endloop
endfacet
facet normal -2.578492974691926e-14 -5.046551224809914e-08 0.9999999999999988
  outer loop
    vertex 409.1010863599609 64.1039407483911 8.147947515591436
    vertex 409.1968200025398 63.112729810891054 8.14794751559104
    vertex 409.1674010572269 63.96175935190668 8.147947515590895
  endloop
endfacet
facet normal -2.578492974691926e-14 -5.046551224809914e-08 0.9999999999999988
  outer loop
    vertex 409.1674010572269 63.96175935190668 8.147947515590895
    vertex 409.1968200025398 63.112729810891054 8.14794751559104
    vertex 409.25738213632803 63.8332498304224 8.147947515591424
  endloop
endfacet
facet normal -2.578492974691926e-14 -5.046551224809914e-08 0.9999999999999988
  outer loop
    vertex 409.25738213632803 63.8332498304224 8.147947515591424
    vertex 409.1968200025398 63.112729810891054 8.14794751559104
    vertex 409.43378899667977 63.002225660500415 8.147947396382033
  endloop
endfacet
facet normal -2.578492974691926e-14 -5.046551224809914e-08 0.9999999999999988
  outer loop
    vertex 409.25738213632803 63.8332498304224 8.147947515591424
    vertex 409.43378899667977 63.002225660500415 8.147947396382033
    vertex 409.3683135328117 63.722318433937986 8.147947515591403
  endloop
endfacet
facet normal -2.578492974691926e-14 -5.046551224809914e-08 0.9999999999999988
  outer loop
    vertex 409.3683135328117 63.722318433937986 8.147947515591403
    vertex 409.43378899667977 63.002225660500415 8.147947396382033
    vertex 409.4968230542964 63.6323220960473 8.147947515591154
  endloop
endfacet
facet normal -2.578492974691926e-14 -5.046551224809914e-08 0.9999999999999988
  outer loop
    vertex 409.4968230542964 63.6323220960473 8.147947515591154
    vertex 409.43378899667977 63.002225660500415 8.147947396382033
    vertex 409.68633721445286 62.93453767221919 8.14794739638147
  endloop
endfacet
facet normal -2.578492974691926e-14 -5.046551224809914e-08 0.9999999999999988
  outer loop
    vertex 409.4968230542964 63.6323220960473 8.147947515591154
    vertex 409.68633721445286 62.93453767221919 8.14794739638147
    vertex 409.6390044507807 63.566037916359825 8.147947515590454
  endloop
endfacet
facet normal -2.578492974691926e-14 -5.046551224809914e-08 0.9999999999999988
  outer loop
    vertex 409.6390044507807 63.566037916359825 8.147947515590454
    vertex 409.68633721445286 62.93453767221919 8.14794739638147
    vertex 409.79053948496085 63.52541901987552 8.147947515590861
  endloop
endfacet
facet normal -2.578492974691926e-14 -5.046551224809914e-08 0.9999999999999988
  outer loop
    vertex 409.79053948496085 63.52541901987552 8.147947515590861
    vertex 409.68633721445286 62.93453767221919 8.14794739638147
    vertex 409.9468200025392 62.911741041359726 8.147947396381289
  endloop
endfacet
facet normal -2.578492974691926e-14 -5.046551224809914e-08 0.9999999999999988
  outer loop
    vertex 409.79053948496085 63.52541901987552 8.147947515590861
    vertex 409.9468200025392 62.911741041359726 8.147947396381289
    vertex 409.9468200025384 63.51174714487556 8.147947515591515
  endloop
endfacet
facet normal -2.578492974691926e-14 -5.046551224809914e-08 0.9999999999999988
  outer loop
    vertex 409.9468200025384 63.51174714487556 8.147947515591515
    vertex 409.9468200025392 62.911741041359726 8.147947396381289
    vertex 410.1031005201168 63.52541901987552 8.147947515590905
  endloop
endfacet
facet normal -2.578492974691926e-14 -5.046551224809914e-08 0.9999999999999988
  outer loop
    vertex 410.1031005201168 63.52541901987552 8.147947515590905
    vertex 409.9468200025392 62.911741041359726 8.147947396381289
    vertex 410.20728753183573 62.93453767221921 8.147947396381639
  endloop
endfacet
facet normal -2.578492974691926e-14 -5.046551224809914e-08 0.9999999999999988
  outer loop
    vertex 410.1031005201168 63.52541901987552 8.147947515590905
    vertex 410.20728753183573 62.93453767221921 8.147947396381639
    vertex 410.2546355542965 63.56603791635984 8.147947515590793
  endloop
endfacet
facet normal -2.578492974691926e-14 -5.046551224809914e-08 0.9999999999999988
  outer loop
    vertex 410.2546355542965 63.56603791635984 8.147947515590793
    vertex 410.20728753183573 62.93453767221921 8.147947396381639
    vertex 410.4598510083983 63.00222566050043 8.147947396381605
  endloop
endfacet
facet normal -2.578492974691926e-14 -5.046551224809914e-08 0.9999999999999988
  outer loop
    vertex 410.2546355542965 63.56603791635984 8.147947515590793
    vertex 410.4598510083983 63.00222566050043 8.147947396381605
    vertex 410.39681695078167 63.632322096047304 8.147947515591007
  endloop
endfacet
facet normal -2.578492974691926e-14 -5.046551224809914e-08 0.9999999999999988
  outer loop
    vertex 410.39681695078167 63.632322096047304 8.147947515591007
    vertex 410.4598510083983 63.00222566050043 8.147947396381605
    vertex 410.525326472266 63.72231843393799 8.147947515591492
  endloop
endfacet
facet normal -2.578492974691926e-14 -5.046551224809914e-08 0.9999999999999988
  outer loop
    vertex 410.525326472266 63.72231843393799 8.147947515591492
    vertex 410.4598510083983 63.00222566050043 8.147947396381605
    vertex 410.69682000253874 63.112729810891075 8.147947515590747
  endloop
endfacet
facet normal -2.578492974691926e-14 -5.046551224809914e-08 0.9999999999999988
  outer loop
    vertex 410.525326472266 63.72231843393799 8.147947515591492
    vertex 410.69682000253874 63.112729810891075 8.147947515590747
    vertex 410.63625786874945 63.83324983042241 8.147947515591255
  endloop
endfacet
facet normal -2.578492974691926e-14 -5.046551224809914e-08 0.9999999999999988
  outer loop
    vertex 410.63625786874945 63.83324983042241 8.147947515591255
    vertex 410.69682000253874 63.112729810891075 8.147947515590747
    vertex 410.72623894785096 63.96175935190669 8.147947515591063
  endloop
endfacet
facet normal -2.578492974691926e-14 -5.046551224809914e-08 0.9999999999999988
  outer loop
    vertex 410.72623894785096 63.96175935190669 8.147947515591063
    vertex 410.69682000253874 63.112729810891075 8.147947515590747
    vertex 410.91099236582096 63.26269318979723 8.147947515591053
  endloop
endfacet
facet normal -2.578492974691926e-14 -5.046551224809914e-08 0.9999999999999988
  outer loop
    vertex 410.72623894785096 63.96175935190669 8.147947515591063
    vertex 410.91099236582096 63.26269318979723 8.147947515591053
    vertex 410.79253838632775 64.1039407483911 8.14794751559121
  endloop
endfacet
facet normal -2.578492974691926e-14 -5.046551224809914e-08 0.9999999999999988
  outer loop
    vertex 410.79253838632775 64.1039407483911 8.14794751559121
    vertex 410.91099236582096 63.26269318979723 8.147947515591053
    vertex 410.8331420240232 64.25546052378162 8.147947515591369
  endloop
endfacet
facet normal -2.578492974691926e-14 -5.046551224809914e-08 0.9999999999999988
  outer loop
    vertex 410.8331420240232 64.25546052378162 8.147947515591369
    vertex 410.91099236582096 63.26269318979723 8.147947515591053
    vertex 410.8468138990239 64.41174104135978 8.14794751559077
  endloop
endfacet
facet normal -2.578492974691926e-14 -5.046551224809914e-08 0.9999999999999988
  outer loop
    vertex 410.8468138990239 64.41174104135978 8.14794751559077
    vertex 410.91099236582096 63.26269318979723 8.147947515591053
    vertex 410.91099236582085 65.56081941050032 8.147947515590918
  endloop
endfacet
facet normal -2.578492974691926e-14 -5.046551224809914e-08 0.9999999999999988
  outer loop
    vertex 410.91099236582085 65.56081941050032 8.147947515590918
    vertex 410.91099236582096 63.26269318979723 8.147947515591053
    vertex 411.09588311289053 65.37594392221908 8.147947515591108
  endloop
endfacet
facet normal -2.578492974691926e-14 -5.046551224809914e-08 0.9999999999999988
  outer loop
    vertex 411.09588311289053 65.37594392221908 8.147947515591108
    vertex 410.91099236582096 63.26269318979723 8.147947515591053
    vertex 411.0958831128905 63.447568678078476 8.147947515590962
  endloop
endfacet
facet normal -2.578492974691926e-14 -5.046551224809914e-08 0.9999999999999988
  outer loop
    vertex 411.09588311289053 65.37594392221908 8.147947515591108
    vertex 411.0958831128905 63.447568678078476 8.147947515590962
    vertex 411.245861750586 63.66174104135995 8.14794751559139
  endloop
endfacet
facet normal -2.578492974691926e-14 -5.046551224809914e-08 0.9999999999999988
  outer loop
    vertex 411.09588311289053 65.37594392221908 8.147947515591108
    vertex 411.245861750586 63.66174104135995 8.14794751559139
    vertex 411.245861750586 65.16174104135979 8.147947515591447
  endloop
endfacet
facet normal -2.578492974691926e-14 -5.046551224809914e-08 0.9999999999999988
  outer loop
    vertex 411.245861750586 65.16174104135979 8.147947515591447
    vertex 411.245861750586 63.66174104135995 8.14794751559139
    vertex 411.356350642188 63.89871003550032 8.147947515591108
  endloop
endfacet
facet normal -2.578492974691926e-14 -5.046551224809914e-08 0.9999999999999988
  outer loop
    vertex 411.245861750586 65.16174104135979 8.147947515591447
    vertex 411.356350642188 63.89871003550032 8.147947515591108
    vertex 411.356350642188 64.92477204721922 8.147947515591108
  endloop
endfacet
facet normal -2.578492974691926e-14 -5.046551224809914e-08 0.9999999999999988
  outer loop
    vertex 411.356350642188 64.92477204721922 8.147947515591108
    vertex 411.356350642188 63.89871003550032 8.147947515591108
    vertex 411.42402337167886 64.15127351206296 8.147947515591662
  endloop
endfacet
facet normal -2.578492974691926e-14 -5.046551224809914e-08 0.9999999999999988
  outer loop
    vertex 411.356350642188 64.92477204721922 8.147947515591108
    vertex 411.42402337167886 64.15127351206296 8.147947515591662
    vertex 411.42402337167886 64.67223908823495 8.147947515591662
  endloop
endfacet
facet normal -2.578492974691926e-14 -5.046551224809914e-08 0.9999999999999988
  outer loop
    vertex 411.42402337167886 64.67223908823495 8.147947515591662
    vertex 411.42402337167886 64.15127351206296 8.147947515591662
    vertex 411.4468200025392 64.41174104135978 8.147947515590703
  endloop
endfacet
facet normal -2.578492974691926e-14 -5.046551224809914e-08 0.9999999999999988
  outer loop
    vertex 408.4696013746091 64.15127351206296 8.147947515591323
    vertex 408.4696013746091 64.67223908823495 8.147947515591323
    vertex 408.4468200025392 64.41174104135978 8.147947515591222
  endloop
endfacet
facet normal -2.578492974691926e-14 -5.046551224809914e-08 0.9999999999999988
  outer loop
    vertex 408.4696013746091 64.67223908823495 8.147947515591323
    vertex 408.4696013746091 64.15127351206296 8.147947515591323
    vertex 408.5372741041016 63.89871003550032 8.147947515591289
  endloop
endfacet
facet normal -2.578492974691926e-14 -5.046551224809914e-08 0.9999999999999988
  outer loop
    vertex 408.4696013746091 64.67223908823495 8.147947515591323
    vertex 408.5372741041016 63.89871003550032 8.147947515591289
    vertex 408.5372741041016 64.92477204721922 8.147947515591289
  endloop
endfacet
facet normal -2.578492974691926e-14 -5.046551224809914e-08 0.9999999999999988
  outer loop
    vertex 408.5372741041016 64.92477204721922 8.147947515591289
    vertex 408.5372741041016 63.89871003550032 8.147947515591289
    vertex 408.64777825449187 63.66174104135995 8.147947515590793
  endloop
endfacet
facet normal -2.578492974691926e-14 -5.046551224809914e-08 0.9999999999999988
  outer loop
    vertex 408.5372741041016 64.92477204721922 8.147947515591289
    vertex 408.64777825449187 63.66174104135995 8.147947515590793
    vertex 408.64777825449175 65.16174104135979 8.147947515590747
  endloop
endfacet
facet normal -2.578492974691926e-14 -5.046551224809914e-08 0.9999999999999988
  outer loop
    vertex 408.64777825449175 65.16174104135979 8.147947515590747
    vertex 408.64777825449187 63.66174104135995 8.147947515590793
    vertex 408.7977568921872 65.37594392221911 8.147947515591266
  endloop
endfacet
facet normal -2.578492974691926e-14 -5.046551224809914e-08 0.9999999999999988
  outer loop
    vertex 408.7977568921872 65.37594392221911 8.147947515591266
    vertex 408.64777825449187 63.66174104135995 8.147947515590793
    vertex 408.7977568921874 63.4475686780785 8.147947515591222
  endloop
endfacet
facet normal -2.578492974691926e-14 -5.046551224809914e-08 0.9999999999999988
  outer loop
    vertex 408.7977568921872 65.37594392221911 8.147947515591266
    vertex 408.7977568921874 63.4475686780785 8.147947515591222
    vertex 408.9826323804689 65.56081941050032 8.147947515590962
  endloop
endfacet
facet normal -2.578492974691926e-14 -5.046551224809914e-08 0.9999999999999988
  outer loop
    vertex 408.9826323804689 65.56081941050032 8.147947515590962
    vertex 408.7977568921874 63.4475686780785 8.147947515591222
    vertex 408.982632380469 63.26269318979723 8.147947515590838
  endloop
endfacet
facet normal -2.578492974691926e-14 -5.046551224809914e-08 0.9999999999999988
  outer loop
    vertex 408.9826323804689 65.56081941050032 8.147947515590962
    vertex 408.982632380469 63.26269318979723 8.147947515590838
    vertex 409.0468108472664 64.41174104135978 8.147947515590895
  endloop
endfacet
facet normal -2.578492974691926e-14 -5.046551224809914e-08 0.9999999999999988
  outer loop
    vertex 408.9826323804689 65.56081941050032 8.147947515590962
    vertex 409.0468108472664 64.41174104135978 8.147947515590895
    vertex 409.0604827222657 64.56805207651594 8.147947515590308
  endloop
endfacet
facet normal -2.578492974691926e-14 -5.046551224809914e-08 0.9999999999999988
  outer loop
    vertex 408.9826323804689 65.56081941050032 8.147947515590962
    vertex 409.0604827222657 64.56805207651594 8.147947515590308
    vertex 409.19682000253874 65.71078278940666 8.14794763479989
  endloop
endfacet
facet normal -2.578492974691926e-14 -5.046551224809914e-08 0.9999999999999988
  outer loop
    vertex 409.19682000253874 65.71078278940666 8.14794763479989
    vertex 409.0604827222657 64.56805207651594 8.147947515590308
    vertex 409.1010863599609 64.71957185190664 8.147947515591436
  endloop
endfacet
facet normal -2.578492974691926e-14 -5.046551224809914e-08 0.9999999999999988
  outer loop
    vertex 409.19682000253874 65.71078278940666 8.14794763479989
    vertex 409.1010863599609 64.71957185190664 8.147947515591436
    vertex 409.1674010572269 64.86175324839105 8.147947515590895
  endloop
endfacet
facet normal -2.578492974691926e-14 -5.046551224809914e-08 0.9999999999999988
  outer loop
    vertex 409.19682000253874 65.71078278940666 8.14794763479989
    vertex 409.1674010572269 64.86175324839105 8.147947515590895
    vertex 409.25738213632803 64.99026276987549 8.147947515591424
  endloop
endfacet
facet normal -2.578492974691926e-14 -5.046551224809914e-08 0.9999999999999988
  outer loop
    vertex 409.19682000253874 65.71078278940666 8.14794763479989
    vertex 409.25738213632803 64.99026276987549 8.147947515591424
    vertex 409.43378899667914 65.82128693979729 8.147947634799959
  endloop
endfacet
facet normal -2.578492974691926e-14 -5.046551224809914e-08 0.9999999999999988
  outer loop
    vertex 409.43378899667914 65.82128693979729 8.147947634799959
    vertex 409.25738213632803 64.99026276987549 8.147947515591424
    vertex 409.3683135328117 65.1011941663599 8.147947515591403
  endloop
endfacet
facet normal -2.578492974691926e-14 -5.046551224809914e-08 0.9999999999999988
  outer loop
    vertex 409.43378899667914 65.82128693979729 8.147947634799959
    vertex 409.3683135328117 65.1011941663599 8.147947515591403
    vertex 409.49682305429627 65.19119050425041 8.147947515591188
  endloop
endfacet
facet normal -2.578492974691926e-14 -5.046551224809914e-08 0.9999999999999988
  outer loop
    vertex 409.43378899667914 65.82128693979729 8.147947634799959
    vertex 409.49682305429627 65.19119050425041 8.147947515591188
    vertex 409.6863372144531 65.88897492807851 8.14794763480034
  endloop
endfacet
facet normal -2.578492974691926e-14 -5.046551224809914e-08 0.9999999999999988
  outer loop
    vertex 409.6863372144531 65.88897492807851 8.14794763480034
    vertex 409.49682305429627 65.19119050425041 8.147947515591188
    vertex 409.6390044507807 65.25747468393806 8.147947515590657
  endloop
endfacet
facet normal -2.578492974691926e-14 -5.046551224809914e-08 0.9999999999999988
  outer loop
    vertex 409.6863372144531 65.88897492807851 8.14794763480034
    vertex 409.6390044507807 65.25747468393806 8.147947515590657
    vertex 409.79053948496096 65.29809358042235 8.147947515591131
  endloop
endfacet
facet normal -2.578492974691926e-14 -5.046551224809914e-08 0.9999999999999988
  outer loop
    vertex 409.6863372144531 65.88897492807851 8.14794763480034
    vertex 409.79053948496096 65.29809358042235 8.147947515591131
    vertex 409.9468200025392 65.91174104135976 8.147947634799845
  endloop
endfacet
facet normal -2.578492974691926e-14 -5.046551224809914e-08 0.9999999999999988
  outer loop
    vertex 409.9468200025392 65.91174104135976 8.147947634799845
    vertex 409.79053948496096 65.29809358042235 8.147947515591131
    vertex 409.94682000253823 65.31176545542232 8.147947515591515
  endloop
endfacet
facet normal -2.578492974691926e-14 -5.046551224809914e-08 0.9999999999999988
  outer loop
    vertex 409.9468200025392 65.91174104135976 8.147947634799845
    vertex 409.94682000253823 65.31176545542232 8.147947515591515
    vertex 410.1031005201167 65.29809358042235 8.147947515590996
  endloop
endfacet
facet normal -2.578492974691926e-14 -5.046551224809914e-08 0.9999999999999988
  outer loop
    vertex 409.9468200025392 65.91174104135976 8.147947634799845
    vertex 410.1031005201167 65.29809358042235 8.147947515590996
    vertex 410.20728753183636 65.88897492807853 8.147947634799664
  endloop
endfacet
facet normal -2.578492974691926e-14 -5.046551224809914e-08 0.9999999999999988
  outer loop
    vertex 410.20728753183636 65.88897492807853 8.147947634799664
    vertex 410.1031005201167 65.29809358042235 8.147947515590996
    vertex 410.25463555429644 65.25747468393807 8.147947515590905
  endloop
endfacet
facet normal -2.578492974691926e-14 -5.046551224809914e-08 0.9999999999999988
  outer loop
    vertex 410.20728753183636 65.88897492807853 8.147947634799664
    vertex 410.25463555429644 65.25747468393807 8.147947515590905
    vertex 410.45985100839835 65.8212869397973 8.147947634800014
  endloop
endfacet
facet normal -2.578492974691926e-14 -5.046551224809914e-08 0.9999999999999988
  outer loop
    vertex 410.45985100839835 65.8212869397973 8.147947634800014
    vertex 410.25463555429644 65.25747468393807 8.147947515590905
    vertex 410.39681695078167 65.19119050425043 8.14794751559112
  endloop
endfacet
facet normal -2.578492974691926e-14 -5.046551224809914e-08 0.9999999999999988
  outer loop
    vertex 410.45985100839835 65.8212869397973 8.147947634800014
    vertex 410.39681695078167 65.19119050425043 8.14794751559112
    vertex 410.525326472266 65.10119416635992 8.147947515591492
  endloop
endfacet
facet normal -2.578492974691926e-14 -5.046551224809914e-08 0.9999999999999988
  outer loop
    vertex 410.45985100839835 65.8212869397973 8.147947634800014
    vertex 410.525326472266 65.10119416635992 8.147947515591492
    vertex 410.6968200025393 65.71078278940668 8.147947634799518
  endloop
endfacet
facet normal -2.578492974691926e-14 -5.046551224809914e-08 0.9999999999999988
  outer loop
    vertex 410.6968200025393 65.71078278940668 8.147947634799518
    vertex 410.525326472266 65.10119416635992 8.147947515591492
    vertex 410.63625786874945 64.9902627698755 8.147947515591255
  endloop
endfacet
facet normal -2.578492974691926e-14 -5.046551224809914e-08 0.9999999999999988
  outer loop
    vertex 410.6968200025393 65.71078278940668 8.147947634799518
    vertex 410.63625786874945 64.9902627698755 8.147947515591255
    vertex 410.72623894785096 64.86175324839107 8.147947515591063
  endloop
endfacet
facet normal -2.578492974691926e-14 -5.046551224809914e-08 0.9999999999999988
  outer loop
    vertex 410.6968200025393 65.71078278940668 8.147947634799518
    vertex 410.72623894785096 64.86175324839107 8.147947515591063
    vertex 410.91099236582085 65.56081941050032 8.147947515590918
  endloop
endfacet
facet normal -2.578492974691926e-14 -5.046551224809914e-08 0.9999999999999988
  outer loop
    vertex 410.91099236582085 65.56081941050032 8.147947515590918
    vertex 410.72623894785096 64.86175324839107 8.147947515591063
    vertex 410.79253838632775 64.71957185190665 8.14794751559121
  endloop
endfacet
facet normal -2.578492974691926e-14 -5.046551224809914e-08 0.9999999999999988
  outer loop
    vertex 410.91099236582085 65.56081941050032 8.147947515590918
    vertex 410.79253838632775 64.71957185190665 8.14794751559121
    vertex 410.8331420240232 64.56805207651595 8.147947515591369
  endloop
endfacet
facet normal -2.578492974691926e-14 -5.046551224809914e-08 0.9999999999999988
  outer loop
    vertex 410.91099236582085 65.56081941050032 8.147947515590918
    vertex 410.8331420240232 64.56805207651595 8.147947515591369
    vertex 410.8468138990239 64.41174104135978 8.14794751559077
  endloop
endfacet
facet normal -0.9238795325112685 0.38268343236513375 1.1671219546371958e-14
  outer loop
    vertex 455.52005356848986 30.965818552132774 7.347947071090938
    vertex 455.1304419207223 30.02521282803275 4.3479470710911015
    vertex 455.13044192072175 30.025212828032636 7.347947071091524
  endloop
endfacet
facet normal -0.9238795325112685 0.38268343236513375 1.1671219546371958e-14
  outer loop
    vertex 455.1304419207223 30.02521282803275 4.3479470710911015
    vertex 455.52005356848986 30.965818552132774 7.347947071090938
    vertex 455.52005356848974 30.96581855213288 4.347947071091293
  endloop
endfacet
facet normal 0.6087614290087177 0.7933533402912376 2.3925306180672123e-14
  outer loop
    vertex 403.89522639933523 29.217496381405038 7.347947071091942
    vertex 404.70294284596235 28.59771375327335 4.347947071091418
    vertex 403.89522639933455 29.21749638140516 4.347947071091305
  endloop
endfacet
facet normal 0.6087614290087177 0.7933533402912376 2.3925306180672123e-14
  outer loop
    vertex 404.70294284596235 28.59771375327335 4.347947071091418
    vertex 403.89522639933523 29.217496381405038 7.347947071091942
    vertex 404.70294284596287 28.597713753273254 7.34794707109096
  endloop
endfacet
facet normal -0.9238795325112689 -0.38268343236513297 -1.0824674490095276e-14
  outer loop
    vertex 440.0971085873887 33.92521282803254 7.347947071091017
    vertex 440.48672023515604 32.98460710393249 4.347947071091349
    vertex 440.4867202351571 32.98460710393241 7.347947071091378
  endloop
endfacet
facet normal -0.9238795325112689 -0.38268343236513297 -1.0824674490095276e-14
  outer loop
    vertex 440.48672023515604 32.98460710393249 4.347947071091349
    vertex 440.0971085873887 33.92521282803254 7.347947071091017
    vertex 440.0971085873891 33.92521282803261 4.347947071090921
  endloop
endfacet
facet normal 0.3826834323650565 -0.9238795325113006 -2.7575164374127326e-14
  outer loop
    vertex 435.71021523672937 35.74232355055997 7.347947071090859
    vertex 434.76960951262913 35.35271190279206 4.347947071091349
    vertex 435.71021523672937 35.74232355056003 4.347947071091113
  endloop
endfacet
facet normal 0.3826834323650565 -0.9238795325113006 -2.7575164374127326e-14
  outer loop
    vertex 434.76960951262913 35.35271190279206 4.347947071091349
    vertex 435.71021523672937 35.74232355055997 7.347947071090859
    vertex 434.7696095126291 35.35271190279198 7.347947071091344
  endloop
endfacet
facet normal -0.9238795325112685 0.38268343236513375 1.1671219546371958e-14
  outer loop
    vertex 395.3867202351569 30.965818552132745 7.347947071091231
    vertex 394.9971085873887 30.02521282803271 4.347947071091711
    vertex 394.99710858738916 30.02521282803263 7.34794707109131
  endloop
endfacet
facet normal -0.9238795325112685 0.38268343236513375 1.1671219546371958e-14
  outer loop
    vertex 394.9971085873887 30.02521282803271 4.347947071091711
    vertex 395.3867202351569 30.965818552132745 7.347947071091231
    vertex 395.3867202351567 30.965818552132834 4.347947071091519
  endloop
endfacet
facet normal 0.13052619222005962 -0.9914448613738094 -2.998643000573509e-14
  outer loop
    vertex 451.7529428459624 35.87521282803254 7.347947071091175
    vertex 450.7435485700618 35.74232355056 4.347947071091541
    vertex 451.7529428459623 35.875212828032666 4.347947071091541
  endloop
endfacet
facet normal 0.13052619222005962 -0.9914448613738094 -2.998643000573509e-14
  outer loop
    vertex 450.7435485700618 35.74232355056 4.347947071091541
    vertex 451.7529428459624 35.87521282803254 7.347947071091175
    vertex 450.74354857006233 35.74232355055987 7.347947071091299
  endloop
endfacet
facet normal 0.7933533402912804 0.6087614290086619 1.8346435481930712e-14
  outer loop
    vertex 433.9618930660012 29.217496381405226 4.3479470710912596
    vertex 433.34211043786996 30.025212828032696 7.347947071091254
    vertex 433.961893066002 29.21749638140513 7.3479470710912205
  endloop
endfacet
facet normal 0.7933533402912804 0.6087614290086619 1.8346435481930712e-14
  outer loop
    vertex 433.34211043786996 30.025212828032696 7.347947071091254
    vertex 433.9618930660012 29.217496381405226 4.3479470710912596
    vertex 433.3421104378696 30.025212828032807 4.347947071091982
  endloop
endfacet
facet normal -0.7933533402912806 0.6087614290086617 1.8415824420969784e-14
  outer loop
    vertex 440.0971085873887 30.025212828032615 7.347947071091017
    vertex 439.47732595925646 29.21749638140513 4.347947071091034
    vertex 439.47732595925726 29.217496381405063 7.347947071091367
  endloop
endfacet
facet normal -0.7933533402912806 0.6087614290086617 1.8415824420969784e-14
  outer loop
    vertex 439.47732595925646 29.21749638140513 4.347947071091034
    vertex 440.0971085873887 30.025212828032615 7.347947071091017
    vertex 440.0971085873891 30.025212828032686 4.347947071090921
  endloop
endfacet
facet normal 0.7933533402912806 -0.6087614290086617 -1.8415824420969784e-14
  outer loop
    vertex 433.3421104378696 33.92521282803273 4.347947071091982
    vertex 433.961893066002 34.73292927466019 7.3479470710912205
    vertex 433.34211043786996 33.92521282803262 7.347947071091254
  endloop
endfacet
facet normal 0.7933533402912806 -0.6087614290086617 -1.8415824420969784e-14
  outer loop
    vertex 433.961893066002 34.73292927466019 7.3479470710912205
    vertex 433.3421104378696 33.92521282803273 4.347947071091982
    vertex 433.9618930660012 34.732929274660286 4.3479470710912596
  endloop
endfacet
facet normal 0.7071092755327734 -2.494606552517487e-09 -0.7071042868315229
  outer loop
    vertex 408.6862761792962 70.1296060315943 4.34794684801948
    vertex 409.8680541333979 71.42492463510987 5.52973427925926
    vertex 409.92178032968724 71.3651101819848 5.583462800129808
  endloop
endfacet
facet normal 0.7071092755327734 -2.494606552517487e-09 -0.7071042868315229
  outer loop
    vertex 409.8680541333979 71.42492463510987 5.52973427925926
    vertex 408.6862761792962 70.1296060315943 4.34794684801948
    vertex 409.82076714609394 71.49044587534435 5.482446755512743
  endloop
endfacet
facet normal 0.7071092755327734 -2.494606552517487e-09 -0.7071042868315229
  outer loop
    vertex 409.82076714609394 71.49044587534435 5.482446755512743
    vertex 408.6862761792962 70.1296060315943 4.34794684801948
    vertex 409.78022454355516 71.56124665659428 5.441905464275496
  endloop
endfacet
facet normal 0.7071092755327734 -2.494606552517487e-09 -0.7071042868315229
  outer loop
    vertex 409.78022454355516 71.56124665659428 5.441905464275496
    vertex 408.6862761792962 70.1296060315943 4.34794684801948
    vertex 409.7467009839843 71.63689973276607 5.408372129544113
  endloop
endfacet
facet normal 0.7071092755327734 -2.494606552517487e-09 -0.7071042868315229
  outer loop
    vertex 409.7467009839843 71.63689973276607 5.408372129544113
    vertex 408.6862761792962 70.1296060315943 4.34794684801948
    vertex 409.72039483164025 71.71688630503186 5.3820634738052116
  endloop
endfacet
facet normal 0.7071092755327734 -2.494606552517487e-09 -0.7071042868315229
  outer loop
    vertex 409.72039483164025 71.71688630503186 5.3820634738052116
    vertex 408.6862761792962 70.1296060315943 4.34794684801948
    vertex 409.7014739332023 71.80071809214117 5.363149251087651
  endloop
endfacet
facet normal 0.7071092755327734 -2.494606552517487e-09 -0.7071042868315229
  outer loop
    vertex 409.7014739332023 71.80071809214117 5.363149251087651
    vertex 408.6862761792962 70.1296060315943 4.34794684801948
    vertex 409.6900756177734 71.88775422495357 5.351751531705463
  endloop
endfacet
facet normal 0.7071092755327734 -2.494606552517487e-09 -0.7071042868315229
  outer loop
    vertex 409.6900756177734 71.88775422495357 5.351751531705463
    vertex 408.6862761792962 70.1296060315943 4.34794684801948
    vertex 408.6862761792959 86.12954499643807 4.347946848019717
  endloop
endfacet
facet normal 0.7071092755327734 -2.494606552517487e-09 -0.7071042868315229
  outer loop
    vertex 409.6900756177734 71.88775422495357 5.351751531705463
    vertex 408.6862761792959 86.12954499643807 4.347946848019717
    vertex 409.6862761792967 71.97759797495367 5.347946848018801
  endloop
endfacet
facet normal 0.7071092755327734 -2.494606552517487e-09 -0.7071042868315229
  outer loop
    vertex 409.6862761792967 71.97759797495367 5.347946848018801
    vertex 408.6862761792959 86.12954499643807 4.347946848019717
    vertex 409.686276179297 84.28155305307864 5.347946848019095
  endloop
endfacet
facet normal 0.7071092755327734 -2.494606552517487e-09 -0.7071042868315229
  outer loop
    vertex 409.686276179297 84.28155305307864 5.347946848019095
    vertex 408.6862761792959 86.12954499643807 4.347946848019717
    vertex 409.69007561777323 84.37139680307855 5.351751531705508
  endloop
endfacet
facet normal 0.7071092755327734 -2.494606552517487e-09 -0.7071042868315229
  outer loop
    vertex 409.69007561777323 84.37139680307855 5.351751531705508
    vertex 408.6862761792959 86.12954499643807 4.347946848019717
    vertex 409.7014739332032 84.45843293589132 5.363149131879017
  endloop
endfacet
facet normal 0.7071092755327734 -2.494606552517487e-09 -0.7071042868315229
  outer loop
    vertex 409.7014739332032 84.45843293589132 5.363149131879017
    vertex 408.6862761792959 86.12954499643807 4.347946848019717
    vertex 409.7203948316404 84.54223420542243 5.3820634738056174
  endloop
endfacet
facet normal 0.7071092755327734 -2.494606552517487e-09 -0.7071042868315229
  outer loop
    vertex 409.7203948316404 84.54223420542243 5.3820634738056174
    vertex 408.6862761792959 86.12954499643807 4.347946848019717
    vertex 409.746700983984 84.62225129526607 5.4083720699398015
  endloop
endfacet
facet normal 0.7071092755327734 -2.494606552517487e-09 -0.7071042868315229
  outer loop
    vertex 409.746700983984 84.62225129526607 5.4083720699398015
    vertex 408.6862761792959 86.12954499643807 4.347946848019717
    vertex 409.78022454355516 84.69787385385999 5.441905345066928
  endloop
endfacet
facet normal 0.7071092755327734 -2.494606552517487e-09 -0.7071042868315229
  outer loop
    vertex 409.78022454355516 84.69787385385999 5.441905345066928
    vertex 408.6862761792959 86.12954499643807 4.347946848019717
    vertex 409.8207671460938 84.7686746351099 5.48244663630395
  endloop
endfacet
facet normal 0.7071092755327734 -2.494606552517487e-09 -0.7071042868315229
  outer loop
    vertex 409.8207671460938 84.7686746351099 5.48244663630395
    vertex 408.6862761792959 86.12954499643807 4.347946848019717
    vertex 409.86805413339783 84.83419587534438 5.5297342792595865
  endloop
endfacet
facet normal 0.7071092755327734 -2.494606552517487e-09 -0.7071042868315229
  outer loop
    vertex 409.86805413339783 84.83419587534438 5.5297342792595865
    vertex 408.6862761792959 86.12954499643807 4.347946848019717
    vertex 409.9217803296868 84.89404084604746 5.583462740525304
  endloop
endfacet
facet normal -0.6087614290087174 0.7933533402912375 2.3897550605056488e-14
  outer loop
    vertex 438.669609512629 28.59771375327334 4.347947071091305
    vertex 439.47732595925726 29.217496381405063 7.347947071091367
    vertex 439.47732595925646 29.21749638140513 4.347947071091034
  endloop
endfacet
facet normal -0.6087614290087174 0.7933533402912375 2.3897550605056488e-14
  outer loop
    vertex 439.47732595925726 29.217496381405063 7.347947071091367
    vertex 438.669609512629 28.59771375327334 4.347947071091305
    vertex 438.66960951262945 28.597713753273293 7.347947071091108
  endloop
endfacet
facet normal -0.7071067811859726 0.7071067811871226 -9.808820422563258e-14
  outer loop
    vertex 432.7618377027344 88.4982278577661 11.347948755367913
    vertex 432.87276909921934 88.60915925425061 8.147948588475455
    vertex 432.7618377027343 88.49822785776621 8.147948588475353
  endloop
endfacet
facet normal -0.7071067811859726 0.7071067811871226 -9.808820422563258e-14
  outer loop
    vertex 432.87276909921934 88.60915925425061 8.147948588475455
    vertex 432.7618377027344 88.4982278577661 11.347948755367913
    vertex 432.8727690992179 88.60915925425051 11.34794875536824
  endloop
endfacet
facet normal -0.7795024616705115 -0.6263921874087061 -0.0029563157729340372
  outer loop
    vertex 432.20493767832033 87.08508088510983 6.347947148222483
    vertex 432.3679930982422 86.88216950815676 6.347947162386385
    vertex 432.3022124585937 86.95553376596918 8.147948588475185
  endloop
endfacet
facet normal 0.9499795480243066 -0.31231211685673405 3.4544589411211746e-13
  outer loop
    vertex 409.7203948316404 84.54223420542243 5.3820634738056174
    vertex 409.7467009839834 84.62225129526603 6.347947295054506
    vertex 409.7203948316404 84.54223420542239 6.347947295054336
  endloop
endfacet
facet normal 0.9499795480243066 -0.31231211685673405 3.4544589411211746e-13
  outer loop
    vertex 409.7467009839834 84.62225129526603 6.347947295054506
    vertex 409.7203948316404 84.54223420542243 5.3820634738056174
    vertex 409.746700983984 84.62225129526607 5.4083720699398015
  endloop
endfacet
facet normal -0.7071067811862597 -0.7071067811868355 3.8538616742300746e-14
  outer loop
    vertex 409.36831353281264 63.72231843393789 11.347947324856568
    vertex 409.25738213632803 63.8332498304224 8.147947515591424
    vertex 409.3683135328117 63.722318433937986 8.147947515591403
  endloop
endfacet
facet normal -0.7071067811862597 -0.7071067811868355 3.8538616742300746e-14
  outer loop
    vertex 409.25738213632803 63.8332498304224 8.147947515591424
    vertex 409.36831353281264 63.72231843393789 11.347947324856568
    vertex 409.25738213632786 63.8332498304223 11.347947324856397
  endloop
endfacet
facet normal 0.2427600015250249 -0.970084257181594 0.0020287010635077693
  outer loop
    vertex 433.7117583570318 86.44250276010989 8.14794846926637
    vertex 433.8013121900384 86.46114900034434 6.347947179742432
    vertex 433.83228753183585 86.46890046518809 6.347947176363019
  endloop
endfacet
facet normal 0.9961968841248428 -0.08713075266491557 -3.5224601013794654e-13
  outer loop
    vertex 434.91274712656207 64.16439607065684 6.347946989482204
    vertex 434.9355284986328 64.42486359995355 8.147947515590342
    vertex 434.91274712656286 64.16439607065675 8.147947515591198
  endloop
endfacet
facet normal 0.9961968841248428 -0.08713075266491557 -3.5224601013794654e-13
  outer loop
    vertex 434.9355284986328 64.42486359995355 8.147947515590342
    vertex 434.91274712656207 64.16439607065684 6.347946989482204
    vertex 434.93552849863266 64.42486359995365 6.3479475196961035
  endloop
endfacet
facet normal -0.4226056697314254 -0.9063088483394047 0.0029528515972927494
  outer loop
    vertex 432.7012755689444 86.62069489878178 8.14794858847506
    vertex 432.78608391855335 86.57528474253185 6.347947181926124
    vertex 432.93825982187434 86.51019074839112 8.147948469266133
  endloop
endfacet
facet normal 0.998153376201412 0.06072936826219978 0.0013346940462335562
  outer loop
    vertex 434.9461180982423 88.0440347425317 6.347947042666704
    vertex 434.9512755689456 87.9197061292504 8.14794858847497
    vertex 434.9501769361318 87.97732331675063 6.347947042857075
  endloop
endfacet
facet normal 0.7071067811865474 0.7071067811865478 2.108035968007016e-14
  outer loop
    vertex 434.0297972974606 88.6091592542506 8.147948588475105
    vertex 434.1407286939449 88.49822785776608 11.347948755368318
    vertex 434.1407286939444 88.49822785776617 8.147948588474982
  endloop
endfacet
facet normal 0.7071067811865474 0.7071067811865478 2.108035968007016e-14
  outer loop
    vertex 434.1407286939449 88.49822785776608 11.347948755368318
    vertex 434.0297972974606 88.6091592542506 8.147948588475105
    vertex 434.0297972974603 88.6091592542505 11.34794875536789
  endloop
endfacet
facet normal 0.42265651957248696 0.9062899461336157 6.243616734735724e-14
  outer loop
    vertex 410.2539641675781 88.76345612925039 8.147948588475748
    vertex 410.39616082285187 88.6971414319848 11.347948755368522
    vertex 410.39616082285187 88.6971414319849 8.147948588475195
  endloop
endfacet
facet normal 0.42265651957248696 0.9062899461336157 6.243616734735724e-14
  outer loop
    vertex 410.39616082285187 88.6971414319848 11.347948755368522
    vertex 410.2539641675781 88.76345612925039 8.147948588475748
    vertex 410.25396416757803 88.76345612925027 11.347948755368229
  endloop
endfacet
facet normal 0.1305261922200596 -0.9914448613738094 -3.000204251701888e-14
  outer loop
    vertex 421.686276179296 35.87521282803271 4.347947071091564
    vertex 420.676881903396 35.74232355055997 7.347947071091401
    vertex 420.6768819033962 35.74232355056005 4.347947071091507
  endloop
endfacet
facet normal 0.1305261922200596 -0.9914448613738094 -3.000204251701888e-14
  outer loop
    vertex 420.676881903396 35.74232355055997 7.347947071091401
    vertex 421.686276179296 35.87521282803271 4.347947071091564
    vertex 421.6862761792957 35.87521282803262 7.347947071091062
  endloop
endfacet
facet normal 0.8191512210642335 0.5735692647915092 0.0030944329857454248
  outer loop
    vertex 411.09522698496124 88.88189484995355 8.147948588475817
    vertex 411.2451903638675 88.66772248667228 8.147948588475794
    vertex 411.1863677320307 88.7614419690943 6.347947114793743
  endloop
endfacet
facet normal 1.3766765505351941e-14 -5.0465586507814136e-08 0.9999999999999988
  outer loop
    vertex 432.4713561353513 63.27581574839128 8.147947515590827
    vertex 432.54920647714914 64.26858308237566 8.14794751559068
    vertex 432.5355346021472 64.42486359995364 8.14794751559103
  endloop
endfacet
facet normal 1.3766765505351941e-14 -5.0465586507814136e-08 0.9999999999999988
  outer loop
    vertex 432.54920647714914 64.26858308237566 8.14794751559068
    vertex 432.4713561353513 63.27581574839128 8.147947515590827
    vertex 432.6855284986319 63.12582185190691 8.147947515590905
  endloop
endfacet
facet normal 1.3766765505351941e-14 -5.0465586507814136e-08 0.9999999999999988
  outer loop
    vertex 432.54920647714914 64.26858308237566 8.14794751559068
    vertex 432.6855284986319 63.12582185190691 8.147947515590905
    vertex 432.58981011484303 64.11706330698496 8.147947515590726
  endloop
endfacet
facet normal 1.3766765505351941e-14 -5.0465586507814136e-08 0.9999999999999988
  outer loop
    vertex 432.58981011484303 64.11706330698496 8.147947515590726
    vertex 432.6855284986319 63.12582185190691 8.147947515590905
    vertex 432.6561095533207 63.97488191050054 8.147947515591424
  endloop
endfacet
facet normal 1.3766765505351941e-14 -5.0465586507814136e-08 0.9999999999999988
  outer loop
    vertex 432.6561095533207 63.97488191050054 8.147947515591424
    vertex 432.6855284986319 63.12582185190691 8.147947515590905
    vertex 432.74609063242144 63.846372389016096 8.14794751559147
  endloop
endfacet
facet normal 1.3766765505351941e-14 -5.0465586507814136e-08 0.9999999999999988
  outer loop
    vertex 432.74609063242144 63.846372389016096 8.14794751559147
    vertex 432.6855284986319 63.12582185190691 8.147947515590905
    vertex 432.9224974927733 63.01531770151609 8.147947396381696
  endloop
endfacet
facet normal 1.3766765505351941e-14 -5.0465586507814136e-08 0.9999999999999988
  outer loop
    vertex 432.74609063242144 63.846372389016096 8.14794751559147
    vertex 432.9224974927733 63.01531770151609 8.147947396381696
    vertex 432.85702202890684 63.735440992531665 8.147947515590838
  endloop
endfacet
facet normal 1.3766765505351941e-14 -5.0465586507814136e-08 0.9999999999999988
  outer loop
    vertex 432.85702202890684 63.735440992531665 8.147947515590838
    vertex 432.9224974927733 63.01531770151609 8.147947396381696
    vertex 432.9855315503906 63.64544465464116 8.147947515590793
  endloop
endfacet
facet normal 1.3766765505351941e-14 -5.0465586507814136e-08 0.9999999999999988
  outer loop
    vertex 432.9855315503906 63.64544465464116 8.147947515590793
    vertex 432.9224974927733 63.01531770151609 8.147947396381696
    vertex 433.17506096933516 62.94766023081306 8.147947396381097
  endloop
endfacet
facet normal 1.3766765505351941e-14 -5.0465586507814136e-08 0.9999999999999988
  outer loop
    vertex 432.9855315503906 63.64544465464116 8.147947515590793
    vertex 433.17506096933516 62.94766023081306 8.147947396381097
    vertex 433.1277129468748 63.5791299573755 8.14794751559077
  endloop
endfacet
facet normal 1.3766765505351941e-14 -5.0465586507814136e-08 0.9999999999999988
  outer loop
    vertex 433.1277129468748 63.5791299573755 8.14794751559077
    vertex 433.17506096933516 62.94766023081306 8.147947396381097
    vertex 433.2792479810544 63.5385415784692 8.147947515591245
  endloop
endfacet
facet normal 1.3766765505351941e-14 -5.0465586507814136e-08 0.9999999999999988
  outer loop
    vertex 433.2792479810544 63.5385415784692 8.147947515591245
    vertex 433.17506096933516 62.94766023081306 8.147947396381097
    vertex 433.4355284986322 62.92486359995376 8.14794739638103
  endloop
endfacet
facet normal 1.3766765505351941e-14 -5.0465586507814136e-08 0.9999999999999988
  outer loop
    vertex 433.2792479810544 63.5385415784692 8.147947515591245
    vertex 433.4355284986322 62.92486359995376 8.14794739638103
    vertex 433.4355284986323 63.52486970346923 8.147947515590793
  endloop
endfacet
facet normal 1.3766765505351941e-14 -5.0465586507814136e-08 0.9999999999999988
  outer loop
    vertex 433.4355284986323 63.52486970346923 8.147947515590793
    vertex 433.4355284986322 62.92486359995376 8.14794739638103
    vertex 433.69599602792914 62.947660230813035 8.147947396381797
  endloop
endfacet
facet normal 1.3766765505351941e-14 -5.0465586507814136e-08 0.9999999999999988
  outer loop
    vertex 433.4355284986323 63.52486970346923 8.147947515590793
    vertex 433.69599602792914 62.947660230813035 8.147947396381797
    vertex 433.5918090162103 63.53854157846919 8.1479475155905
  endloop
endfacet
facet normal 1.3766765505351941e-14 -5.0465586507814136e-08 0.9999999999999988
  outer loop
    vertex 433.5918090162103 63.53854157846919 8.1479475155905
    vertex 433.69599602792914 62.947660230813035 8.147947396381797
    vertex 433.7433440503907 63.57912995737548 8.147947515591131
  endloop
endfacet
facet normal 1.3766765505351941e-14 -5.0465586507814136e-08 0.9999999999999988
  outer loop
    vertex 433.7433440503907 63.57912995737548 8.147947515591131
    vertex 433.69599602792914 62.947660230813035 8.147947396381797
    vertex 433.94855950449204 63.01531770151607 8.147947396381403
  endloop
endfacet
facet normal 1.3766765505351941e-14 -5.0465586507814136e-08 0.9999999999999988
  outer loop
    vertex 433.7433440503907 63.57912995737548 8.147947515591131
    vertex 433.94855950449204 63.01531770151607 8.147947396381403
    vertex 433.8855254468756 63.64544465464114 8.147947515591232
  endloop
endfacet
facet normal 1.3766765505351941e-14 -5.0465586507814136e-08 0.9999999999999988
  outer loop
    vertex 433.8855254468756 63.64544465464114 8.147947515591232
    vertex 433.94855950449204 63.01531770151607 8.147947396381403
    vertex 434.0140349683591 63.73544099253164 8.147947515590669
  endloop
endfacet
facet normal 1.3766765505351941e-14 -5.0465586507814136e-08 0.9999999999999988
  outer loop
    vertex 434.0140349683591 63.73544099253164 8.147947515590669
    vertex 433.94855950449204 63.01531770151607 8.147947396381403
    vertex 434.18552849863215 63.12582185190687 8.147947515590692
  endloop
endfacet
facet normal 1.3766765505351941e-14 -5.0465586507814136e-08 0.9999999999999988
  outer loop
    vertex 434.0140349683591 63.73544099253164 8.147947515590669
    vertex 434.18552849863215 63.12582185190687 8.147947515590692
    vertex 434.12496636484366 63.846372389016054 8.147947515590985
  endloop
endfacet
facet normal 1.3766765505351941e-14 -5.0465586507814136e-08 0.9999999999999988
  outer loop
    vertex 434.12496636484366 63.846372389016054 8.147947515590985
    vertex 434.18552849863215 63.12582185190687 8.147947515590692
    vertex 434.2149474439454 63.9748819105005 8.147947515590815
  endloop
endfacet
facet normal 1.3766765505351941e-14 -5.0465586507814136e-08 0.9999999999999988
  outer loop
    vertex 434.2149474439454 63.9748819105005 8.147947515590815
    vertex 434.18552849863215 63.12582185190687 8.147947515590692
    vertex 434.3997161207024 63.27581574839123 8.147947515589992
  endloop
endfacet
facet normal 1.3766765505351941e-14 -5.0465586507814136e-08 0.9999999999999988
  outer loop
    vertex 434.2149474439454 63.9748819105005 8.147947515590815
    vertex 434.3997161207024 63.27581574839123 8.147947515589992
    vertex 434.2812468824221 64.1170633069849 8.147947515590952
  endloop
endfacet
facet normal 1.3766765505351941e-14 -5.0465586507814136e-08 0.9999999999999988
  outer loop
    vertex 434.2812468824221 64.1170633069849 8.147947515590952
    vertex 434.3997161207024 63.27581574839123 8.147947515589992
    vertex 434.32185052011806 64.26858308237561 8.147947515591177
  endloop
endfacet
facet normal 1.3766765505351941e-14 -5.0465586507814136e-08 0.9999999999999988
  outer loop
    vertex 434.32185052011806 64.26858308237561 8.147947515591177
    vertex 434.3997161207024 63.27581574839123 8.147947515589992
    vertex 434.33553765390576 64.4248635999536 8.147947515591323
  endloop
endfacet
facet normal 1.3766765505351941e-14 -5.0465586507814136e-08 0.9999999999999988
  outer loop
    vertex 434.33553765390576 64.4248635999536 8.147947515591323
    vertex 434.3997161207024 63.27581574839123 8.147947515589992
    vertex 434.39971612070235 65.57394196909432 8.14794751559015
  endloop
endfacet
facet normal 1.3766765505351941e-14 -5.0465586507814136e-08 0.9999999999999988
  outer loop
    vertex 434.39971612070235 65.57394196909432 8.14794751559015
    vertex 434.3997161207024 63.27581574839123 8.147947515589992
    vertex 434.58459160898474 65.38903596323486 8.14794751559059
  endloop
endfacet
facet normal 1.3766765505351941e-14 -5.0465586507814136e-08 0.9999999999999988
  outer loop
    vertex 434.58459160898474 65.38903596323486 8.14794751559059
    vertex 434.3997161207024 63.27581574839123 8.147947515589992
    vertex 434.5845916089847 63.46069123667244 8.147947515590431
  endloop
endfacet
facet normal 1.3766765505351941e-14 -5.0465586507814136e-08 0.9999999999999988
  outer loop
    vertex 434.58459160898474 65.38903596323486 8.14794751559059
    vertex 434.5845916089847 63.46069123667244 8.147947515590431
    vertex 434.7345702466789 63.67486359995355 8.147947515591504
  endloop
endfacet
facet normal 1.3766765505351941e-14 -5.0465586507814136e-08 0.9999999999999988
  outer loop
    vertex 434.58459160898474 65.38903596323486 8.14794751559059
    vertex 434.7345702466789 63.67486359995355 8.147947515591504
    vertex 434.7345702466789 65.17486359995357 8.147947515591504
  endloop
endfacet
facet normal 1.3766765505351941e-14 -5.0465586507814136e-08 0.9999999999999988
  outer loop
    vertex 434.7345702466789 65.17486359995357 8.147947515591504
    vertex 434.7345702466789 63.67486359995355 8.147947515591504
    vertex 434.8450743970709 63.91183259409429 8.147947515590646
  endloop
endfacet
facet normal 1.3766765505351941e-14 -5.0465586507814136e-08 0.9999999999999988
  outer loop
    vertex 434.7345702466789 65.17486359995357 8.147947515591504
    vertex 434.8450743970709 63.91183259409429 8.147947515590646
    vertex 434.8450743970709 64.937894605813 8.147947515590646
  endloop
endfacet
facet normal 1.3766765505351941e-14 -5.0465586507814136e-08 0.9999999999999988
  outer loop
    vertex 434.8450743970709 64.937894605813 8.147947515590646
    vertex 434.8450743970709 63.91183259409429 8.147947515590646
    vertex 434.91274712656286 64.16439607065675 8.147947515591198
  endloop
endfacet
facet normal 1.3766765505351941e-14 -5.0465586507814136e-08 0.9999999999999988
  outer loop
    vertex 434.8450743970709 64.937894605813 8.147947515590646
    vertex 434.91274712656286 64.16439607065675 8.147947515591198
    vertex 434.91274712656286 64.68533112925054 8.147947515591198
  endloop
endfacet
facet normal 1.3766765505351941e-14 -5.0465586507814136e-08 0.9999999999999988
  outer loop
    vertex 434.91274712656286 64.68533112925054 8.147947515591198
    vertex 434.91274712656286 64.16439607065675 8.147947515591198
    vertex 434.9355284986328 64.42486359995355 8.147947515590342
  endloop
endfacet
facet normal 1.3766765505351941e-14 -5.0465586507814136e-08 0.9999999999999988
  outer loop
    vertex 431.9583251294913 64.16439607065682 8.1479475155913
    vertex 431.9583251294913 64.68533112925061 8.1479475155913
    vertex 431.93552849863227 64.42486359995362 8.147947515590602
  endloop
endfacet
facet normal 1.3766765505351941e-14 -5.0465586507814136e-08 0.9999999999999988
  outer loop
    vertex 431.9583251294913 64.68533112925061 8.1479475155913
    vertex 431.9583251294913 64.16439607065682 8.1479475155913
    vertex 432.02599785898394 63.911832594094356 8.147947515590861
  endloop
endfacet
facet normal 1.3766765505351941e-14 -5.0465586507814136e-08 0.9999999999999988
  outer loop
    vertex 431.9583251294913 64.68533112925061 8.1479475155913
    vertex 432.02599785898394 63.911832594094356 8.147947515590861
    vertex 432.02599785898394 64.93789460581307 8.147947515590861
  endloop
endfacet
facet normal 1.3766765505351941e-14 -5.0465586507814136e-08 0.9999999999999988
  outer loop
    vertex 432.02599785898394 64.93789460581307 8.147947515590861
    vertex 432.02599785898394 63.911832594094356 8.147947515590861
    vertex 432.1364867505857 63.674863599953625 8.147947515590793
  endloop
endfacet
facet normal 1.3766765505351941e-14 -5.0465586507814136e-08 0.9999999999999988
  outer loop
    vertex 432.02599785898394 64.93789460581307 8.147947515590861
    vertex 432.1364867505857 63.674863599953625 8.147947515590793
    vertex 432.1364867505857 65.17486359995364 8.147947515590793
  endloop
endfacet
facet normal 1.3766765505351941e-14 -5.0465586507814136e-08 0.9999999999999988
  outer loop
    vertex 432.1364867505857 65.17486359995364 8.147947515590793
    vertex 432.1364867505857 63.674863599953625 8.147947515590793
    vertex 432.28646538828156 63.46069123667252 8.14794751559032
  endloop
endfacet
facet normal 1.3766765505351941e-14 -5.0465586507814136e-08 0.9999999999999988
  outer loop
    vertex 432.1364867505857 65.17486359995364 8.147947515590793
    vertex 432.28646538828156 63.46069123667252 8.14794751559032
    vertex 432.28646538828156 65.38903596323493 8.147947515590431
  endloop
endfacet
facet normal 1.3766765505351941e-14 -5.0465586507814136e-08 0.9999999999999988
  outer loop
    vertex 432.28646538828156 65.38903596323493 8.147947515590431
    vertex 432.28646538828156 63.46069123667252 8.14794751559032
    vertex 432.4713561353513 63.27581574839128 8.147947515590827
  endloop
endfacet
facet normal 1.3766765505351941e-14 -5.0465586507814136e-08 0.9999999999999988
  outer loop
    vertex 432.28646538828156 65.38903596323493 8.147947515590431
    vertex 432.4713561353513 63.27581574839128 8.147947515590827
    vertex 432.4713561353512 65.57394196909436 8.147947515591007
  endloop
endfacet
facet normal 1.3766765505351941e-14 -5.0465586507814136e-08 0.9999999999999988
  outer loop
    vertex 432.4713561353512 65.57394196909436 8.147947515591007
    vertex 432.4713561353513 63.27581574839128 8.147947515590827
    vertex 432.5355346021472 64.42486359995364 8.14794751559103
  endloop
endfacet
facet normal 1.3766765505351941e-14 -5.0465586507814136e-08 0.9999999999999988
  outer loop
    vertex 432.4713561353512 65.57394196909436 8.147947515591007
    vertex 432.5355346021472 64.42486359995364 8.14794751559103
    vertex 432.54920647714914 64.58114411753179 8.14794751559068
  endloop
endfacet
facet normal 1.3766765505351941e-14 -5.0465586507814136e-08 0.9999999999999988
  outer loop
    vertex 432.4713561353512 65.57394196909436 8.147947515591007
    vertex 432.54920647714914 64.58114411753179 8.14794751559068
    vertex 432.6855284986336 65.72390534800054 8.147947634799642
  endloop
endfacet
facet normal 1.3766765505351941e-14 -5.0465586507814136e-08 0.9999999999999988
  outer loop
    vertex 432.6855284986336 65.72390534800054 8.147947634799642
    vertex 432.54920647714914 64.58114411753179 8.14794751559068
    vertex 432.58981011484303 64.73269441050051 8.147947515590726
  endloop
endfacet
facet normal 1.3766765505351941e-14 -5.0465586507814136e-08 0.9999999999999988
  outer loop
    vertex 432.6855284986336 65.72390534800054 8.147947634799642
    vertex 432.58981011484303 64.73269441050051 8.147947515590726
    vertex 432.6561095533207 64.87487580698492 8.147947515591424
  endloop
endfacet
facet normal 1.3766765505351941e-14 -5.0465586507814136e-08 0.9999999999999988
  outer loop
    vertex 432.6855284986336 65.72390534800054 8.147947634799642
    vertex 432.6561095533207 64.87487580698492 8.147947515591424
    vertex 432.74609063242144 65.00338532846918 8.14794751559147
  endloop
endfacet
facet normal 1.3766765505351941e-14 -5.0465586507814136e-08 0.9999999999999988
  outer loop
    vertex 432.6855284986336 65.72390534800054 8.147947634799642
    vertex 432.74609063242144 65.00338532846918 8.14794751559147
    vertex 432.9224974927726 65.83440949839115 8.147947634800172
  endloop
endfacet
facet normal 1.3766765505351941e-14 -5.0465586507814136e-08 0.9999999999999988
  outer loop
    vertex 432.9224974927726 65.83440949839115 8.147947634800172
    vertex 432.74609063242144 65.00338532846918 8.14794751559147
    vertex 432.85702202890684 65.1143167249536 8.147947515590838
  endloop
endfacet
facet normal 1.3766765505351941e-14 -5.0465586507814136e-08 0.9999999999999988
  outer loop
    vertex 432.9224974927726 65.83440949839115 8.147947634800172
    vertex 432.85702202890684 65.1143167249536 8.147947515590838
    vertex 432.9855315503904 65.20428254526627 8.147947515590973
  endloop
endfacet
facet normal 1.3766765505351941e-14 -5.0465586507814136e-08 0.9999999999999988
  outer loop
    vertex 432.9224974927726 65.83440949839115 8.147947634800172
    vertex 432.9855315503904 65.20428254526627 8.147947515590973
    vertex 433.1750609693352 65.9020669690942 8.147947634799946
  endloop
endfacet
facet normal 1.3766765505351941e-14 -5.0465586507814136e-08 0.9999999999999988
  outer loop
    vertex 433.1750609693352 65.9020669690942 8.147947634799946
    vertex 432.9855315503904 65.20428254526627 8.147947515590973
    vertex 433.12771294687474 65.27059724253175 8.147947515590872
  endloop
endfacet
facet normal 1.3766765505351941e-14 -5.0465586507814136e-08 0.9999999999999988
  outer loop
    vertex 433.1750609693352 65.9020669690942 8.147947634799946
    vertex 433.12771294687474 65.27059724253175 8.147947515590872
    vertex 433.2792479810544 65.31118562143803 8.147947515591198
  endloop
endfacet
facet normal 1.3766765505351941e-14 -5.0465586507814136e-08 0.9999999999999988
  outer loop
    vertex 433.1750609693352 65.9020669690942 8.147947634799946
    vertex 433.2792479810544 65.31118562143803 8.147947515591198
    vertex 433.43552849863283 65.92486359995362 8.1479476347998
  endloop
endfacet
facet normal 1.3766765505351941e-14 -5.0465586507814136e-08 0.9999999999999988
  outer loop
    vertex 433.43552849863283 65.92486359995362 8.1479476347998
    vertex 433.2792479810544 65.31118562143803 8.147947515591198
    vertex 433.4355284986323 65.32485749643797 8.147947515590928
  endloop
endfacet
facet normal 1.3766765505351941e-14 -5.0465586507814136e-08 0.9999999999999988
  outer loop
    vertex 433.43552849863283 65.92486359995362 8.1479476347998
    vertex 433.4355284986323 65.32485749643797 8.147947515590928
    vertex 433.5918090162104 65.31118562143801 8.147947515590635
  endloop
endfacet
facet normal 1.3766765505351941e-14 -5.0465586507814136e-08 0.9999999999999988
  outer loop
    vertex 433.43552849863283 65.92486359995362 8.1479476347998
    vertex 433.5918090162104 65.31118562143801 8.147947515590635
    vertex 433.6959960279286 65.90206696909416 8.147947634800037
  endloop
endfacet
facet normal 1.3766765505351941e-14 -5.0465586507814136e-08 0.9999999999999988
  outer loop
    vertex 433.6959960279286 65.90206696909416 8.147947634800037
    vertex 433.5918090162104 65.31118562143801 8.147947515590635
    vertex 433.74334405039065 65.27059724253172 8.147947515591165
  endloop
endfacet
facet normal 1.3766765505351941e-14 -5.0465586507814136e-08 0.9999999999999988
  outer loop
    vertex 433.6959960279286 65.90206696909416 8.147947634800037
    vertex 433.74334405039065 65.27059724253172 8.147947515591165
    vertex 433.94855950449164 65.83440949839114 8.147947634800115
  endloop
endfacet
facet normal 1.3766765505351941e-14 -5.0465586507814136e-08 0.9999999999999988
  outer loop
    vertex 433.94855950449164 65.83440949839114 8.147947634800115
    vertex 433.74334405039065 65.27059724253172 8.147947515591165
    vertex 433.8855254468754 65.20428254526625 8.147947515591403
  endloop
endfacet
facet normal 1.3766765505351941e-14 -5.0465586507814136e-08 0.9999999999999988
  outer loop
    vertex 433.94855950449164 65.83440949839114 8.147947634800115
    vertex 433.8855254468754 65.20428254526625 8.147947515591403
    vertex 434.0140349683591 65.11431672495357 8.147947515590669
  endloop
endfacet
facet normal 1.3766765505351941e-14 -5.0465586507814136e-08 0.9999999999999988
  outer loop
    vertex 433.94855950449164 65.83440949839114 8.147947634800115
    vertex 434.0140349683591 65.11431672495357 8.147947515590669
    vertex 434.1855284986325 65.72390534800049 8.147947634800138
  endloop
endfacet
facet normal 1.3766765505351941e-14 -5.0465586507814136e-08 0.9999999999999988
  outer loop
    vertex 434.1855284986325 65.72390534800049 8.147947634800138
    vertex 434.0140349683591 65.11431672495357 8.147947515590669
    vertex 434.12496636484366 65.00338532846914 8.147947515590985
  endloop
endfacet
facet normal 1.3766765505351941e-14 -5.0465586507814136e-08 0.9999999999999988
  outer loop
    vertex 434.1855284986325 65.72390534800049 8.147947634800138
    vertex 434.12496636484366 65.00338532846914 8.147947515590985
    vertex 434.2149474439454 64.87487580698487 8.147947515590815
  endloop
endfacet
facet normal 1.3766765505351941e-14 -5.0465586507814136e-08 0.9999999999999988
  outer loop
    vertex 434.1855284986325 65.72390534800049 8.147947634800138
    vertex 434.2149474439454 64.87487580698487 8.147947515590815
    vertex 434.39971612070235 65.57394196909432 8.14794751559015
  endloop
endfacet
facet normal 1.3766765505351941e-14 -5.0465586507814136e-08 0.9999999999999988
  outer loop
    vertex 434.39971612070235 65.57394196909432 8.14794751559015
    vertex 434.2149474439454 64.87487580698487 8.147947515590815
    vertex 434.2812468824221 64.73269441050046 8.147947515590952
  endloop
endfacet
facet normal 1.3766765505351941e-14 -5.0465586507814136e-08 0.9999999999999988
  outer loop
    vertex 434.39971612070235 65.57394196909432 8.14794751559015
    vertex 434.2812468824221 64.73269441050046 8.147947515590952
    vertex 434.32185052011806 64.58114411753175 8.147947515591177
  endloop
endfacet
facet normal 1.3766765505351941e-14 -5.0465586507814136e-08 0.9999999999999988
  outer loop
    vertex 434.39971612070235 65.57394196909432 8.14794751559015
    vertex 434.32185052011806 64.58114411753175 8.147947515591177
    vertex 434.33553765390576 64.4248635999536 8.147947515591323
  endloop
endfacet
facet normal 0.949944190366148 0.31241964597253447 3.6408376313801227e-13
  outer loop
    vertex 409.7467009839843 71.63689973276607 5.408372129544113
    vertex 409.7203948316404 71.71688630503184 6.347947295054223
    vertex 409.7467009839834 71.63689973276603 6.347947295054269
  endloop
endfacet
facet normal 0.949944190366148 0.31241964597253447 3.6408376313801227e-13
  outer loop
    vertex 409.7203948316404 71.71688630503184 6.347947295054223
    vertex 409.7467009839843 71.63689973276607 5.408372129544113
    vertex 409.72039483164025 71.71688630503186 5.3820634738052116
  endloop
endfacet
facet normal 4.092742636590943e-16 1.0 3.0079642480512726e-14
  outer loop
    vertex 410.53426812265656 71.1295755140162 5.347946848019737
    vertex 432.8382842359368 71.12957551401621 6.34794729505402
    vertex 432.8382842359369 71.12957551401621 5.347946848019557
  endloop
endfacet
facet normal 4.092742636590943e-16 1.0 3.0079642480512726e-14
  outer loop
    vertex 432.8382842359368 71.12957551401621 6.34794729505402
    vertex 410.53426812265656 71.1295755140162 5.347946848019737
    vertex 410.5342681226557 71.12957551401617 6.3479472950541105
  endloop
endfacet
facet normal -0.3826834323651327 0.9238795325112692 2.7366997557010115e-14
  outer loop
    vertex 422.69567045519506 28.208102105505237 7.347947071091457
    vertex 423.63627617929626 28.597713753273418 4.347947071091282
    vertex 422.6956704551957 28.208102105505333 4.34794707109091
  endloop
endfacet
facet normal -0.3826834323651327 0.9238795325112692 2.7366997557010115e-14
  outer loop
    vertex 423.63627617929626 28.597713753273418 4.347947071091282
    vertex 422.69567045519506 28.208102105505237 7.347947071091457
    vertex 423.6362761792964 28.59771375327331 7.3479470710907915
  endloop
endfacet
facet normal 0.7071325564469947 -0.7070742025502829 0.0031015642213906985
  outer loop
    vertex 411.09522698496124 86.95355012339114 8.147948588475817
    vertex 410.9103362378896 86.76864411753171 8.14794858847515
    vertex 410.9935729322272 86.84399201792235 6.347947209962615
  endloop
endfacet
facet normal 0.25875229291327734 0.9659437100121941 8.005748841632965e-14
  outer loop
    vertex 410.1024443921868 88.80404450815657 11.347948755368003
    vertex 410.2539641675781 88.76345612925039 8.147948588475748
    vertex 410.1024443921875 88.80404450815665 8.147948588475343
  endloop
endfacet
facet normal 0.25875229291327734 0.9659437100121941 8.005748841632965e-14
  outer loop
    vertex 410.2539641675781 88.76345612925039 8.147948588475748
    vertex 410.1024443921868 88.80404450815657 11.347948755368003
    vertex 410.25396416757803 88.76345612925027 11.347948755368229
  endloop
endfacet
facet normal -0.8191277223742082 0.5736111700778169 1.4060974606877608e-13
  outer loop
    vertex 432.28646538828156 65.38903596323493 8.147947515590431
    vertex 432.1364867505855 65.17486359995367 6.347947033812528
    vertex 432.1364867505857 65.17486359995364 8.147947515590793
  endloop
endfacet
facet normal -0.8191277223742082 0.5736111700778169 1.4060974606877608e-13
  outer loop
    vertex 432.1364867505855 65.17486359995367 6.347947033812528
    vertex 432.28646538828156 65.38903596323493 8.147947515590431
    vertex 432.2864653882811 65.38903596323496 6.347947043209525
  endloop
endfacet
facet normal -0.17801849564785255 0.9840271389893857 -7.028257336356286e-05
  outer loop
    vertex 409.6856810865235 89.39492585581282 8.147948707684677
    vertex 409.69988701914014 89.39736726206301 6.34794708234335
    vertex 409.6572081861323 89.38964631479745 6.347947082045303
  endloop
endfacet
facet normal -0.42253398926000935 0.9063470791700178 8.688882946472631e-14
  outer loop
    vertex 409.49682305429627 65.19119050425041 8.147947515591188
    vertex 409.6390044507807 65.25747468393797 11.347947324855824
    vertex 409.6390044507807 65.25747468393806 8.147947515590657
  endloop
endfacet
facet normal -0.42253398926000935 0.9063470791700178 8.688882946472631e-14
  outer loop
    vertex 409.6390044507807 65.25747468393797 11.347947324855824
    vertex 409.49682305429627 65.19119050425041 8.147947515591188
    vertex 409.4968230542972 65.19119050425033 11.347947324856275
  endloop
endfacet
facet normal -0.8108783634940395 0.5852147294944213 -6.165901123011964e-14
  outer loop
    vertex 433.55176995371045 71.49044587534436 6.347947295053738
    vertex 433.50448296640616 71.42492463510989 5.5297342196549595
    vertex 433.50448296640616 71.42492463510989 6.34794729505402
  endloop
endfacet
facet normal -0.8108783634940395 0.5852147294944213 -6.165901123011964e-14
  outer loop
    vertex 433.50448296640616 71.42492463510989 5.5297342196549595
    vertex 433.55176995371045 71.49044587534436 6.347947295053738
    vertex 433.55176995371056 71.49044587534436 5.4824466363035445
  endloop
endfacet
facet normal 0.26485549368506467 -0.9642843505038131 0.002694223131056668
  outer loop
    vertex 433.9643065748044 86.51019074839111 8.147948469266774
    vertex 433.83228753183585 86.46890046518809 6.347947176363019
    vertex 433.863064509376 86.47735383432862 6.347947172995223
  endloop
endfacet
facet normal -0.38268343236505725 -0.9238795325113004 -2.7394753132625738e-14
  outer loop
    vertex 423.63627617929626 35.35271190279206 4.347947071091282
    vertex 422.69567045519506 35.74232355055997 7.347947071091457
    vertex 422.6956704551957 35.742323550560066 4.34794707109091
  endloop
endfacet
facet normal -0.38268343236505725 -0.9238795325113004 -2.7394753132625738e-14
  outer loop
    vertex 422.69567045519506 35.74232355055997 7.347947071091457
    vertex 423.63627617929626 35.35271190279206 4.347947071091282
    vertex 423.6362761792964 35.35271190279195 7.3479470710907915
  endloop
endfacet
facet normal 0.42262781626520923 -0.9062979854881904 0.0031129437753691655
  outer loop
    vertex 410.6961486158209 86.61868073862554 8.147948588475128
    vertex 410.45917962168005 86.50817658823472 8.14794846926629
    vertex 410.5635344800782 86.550657056985 6.34794722452103
  endloop
endfacet
facet normal 0.1305261922199729 0.9914448613738208 3.00003077935429e-14
  outer loop
    vertex 420.6768819033962 28.20810210550532 4.347947071091507
    vertex 421.68627617929565 28.07521282803268 7.34794707109096
    vertex 421.6862761792959 28.075212828032768 4.347947071091485
  endloop
endfacet
facet normal 0.1305261922199729 0.9914448613738208 3.00003077935429e-14
  outer loop
    vertex 421.68627617929565 28.07521282803268 7.34794707109096
    vertex 420.6768819033962 28.20810210550532 4.347947071091507
    vertex 420.676881903396 28.208102105505237 7.347947071091401
  endloop
endfacet
facet normal 0.6087614290087174 -0.7933533402912375 -2.3897550605056488e-14
  outer loop
    vertex 419.7362761792957 35.35271190279203 4.3479470710913155
    vertex 418.9285597326681 34.73292927466017 7.34794707109148
    vertex 418.92855973266825 34.73292927466025 4.347947071091248
  endloop
endfacet
facet normal 0.6087614290087174 -0.7933533402912375 -2.3897550605056488e-14
  outer loop
    vertex 418.9285597326681 34.73292927466017 7.34794707109148
    vertex 419.7362761792957 35.35271190279203 4.3479470710913155
    vertex 419.73627617929554 35.35271190279195 7.347947071091468
  endloop
endfacet
facet normal -0.7071067811862602 0.7071067811868348 8.155975894652555e-14
  outer loop
    vertex 409.25738213632803 64.99026276987549 8.147947515591424
    vertex 409.36831353281264 65.10119416635982 11.347947324856568
    vertex 409.3683135328117 65.1011941663599 8.147947515591403
  endloop
endfacet
facet normal -0.7071067811862602 0.7071067811868348 8.155975894652555e-14
  outer loop
    vertex 409.36831353281264 65.10119416635982 11.347947324856568
    vertex 409.25738213632803 64.99026276987549 8.147947515591424
    vertex 409.25738213632786 64.99026276987539 11.347947324856397
  endloop
endfacet
facet normal -0.5736320452947482 0.819113103674312 1.701971896750365e-13
  outer loop
    vertex 409.3683135328117 65.1011941663599 8.147947515591403
    vertex 409.4968230542972 65.19119050425033 11.347947324856275
    vertex 409.49682305429627 65.19119050425041 8.147947515591188
  endloop
endfacet
facet normal -0.5736320452947482 0.819113103674312 1.701971896750365e-13
  outer loop
    vertex 409.4968230542972 65.19119050425033 11.347947324856275
    vertex 409.3683135328117 65.1011941663599 8.147947515591403
    vertex 409.36831353281264 65.10119416635982 11.347947324856568
  endloop
endfacet
facet normal 0.8191511925300553 -0.5735692448123747 0.0031056693240911768
  outer loop
    vertex 411.2451903638675 87.16772248667226 8.147948588475794
    vertex 411.09522698496124 86.95355012339114 8.147948588475817
    vertex 411.163998347265 87.04202058237557 6.3479472001331585
  endloop
endfacet
facet normal -0.9961951954169627 -0.08715005810760947 1.1042555758677963e-13
  outer loop
    vertex 409.0461547193352 87.91772248667232 11.347948755368229
    vertex 409.05982659433585 87.76144196909428 8.147948588475556
    vertex 409.0598265943362 87.76144196909415 11.34794875536842
  endloop
endfacet
facet normal -0.9961951954169627 -0.08715005810760947 1.1042555758677963e-13
  outer loop
    vertex 409.05982659433585 87.76144196909428 8.147948588475556
    vertex 409.0461547193352 87.91772248667232 11.347948755368229
    vertex 409.04615471933505 87.91772248667243 8.147948588475105
  endloop
endfacet
facet normal -0.42262775015860216 0.9062978403688092 0.003163753895401307
  outer loop
    vertex 409.19614861582016 89.21676423471915 8.147948707685172
    vertex 409.4331176099606 89.32726838510978 8.147948707684304
    vertex 409.31159661386664 89.2768838636255 6.347947078225692
  endloop
endfacet
facet normal -0.6049031909274882 -0.7962968896124129 -0.001842063880417577
  outer loop
    vertex 408.9819762525385 86.76864411753171 8.1479485884754
    vertex 408.9438292798831 86.80178620737553 6.347947182718896
    vertex 409.1399962720694 86.65276887339112 6.347947194672384
  endloop
endfacet
facet normal 0.08714161446005145 0.996195934055794 2.2594773274597912e-14
  outer loop
    vertex 433.4512755689465 88.81973054331293 11.347948755367428
    vertex 433.60757134531224 88.80605866831306 8.14794858847515
    vertex 433.4512755689453 88.81973054331301 8.147948588474653
  endloop
endfacet
facet normal 0.08714161446005145 0.996195934055794 2.2594773274597912e-14
  outer loop
    vertex 433.60757134531224 88.80605866831306 8.14794858847515
    vertex 433.4512755689465 88.81973054331293 11.347948755367428
    vertex 433.6075713453126 88.80605866831297 11.347948755368048
  endloop
endfacet
facet normal 0.8191588025430881 0.5735667844429053 1.7430501486614958e-14
  outer loop
    vertex 434.2149474439454 64.87487580698487 8.147947515590815
    vertex 434.1249663648434 65.00338532846905 11.347947324856488
    vertex 434.21494744394477 64.87487580698479 11.347947324855665
  endloop
endfacet
facet normal 0.8191588025430881 0.5735667844429053 1.7430501486614958e-14
  outer loop
    vertex 434.1249663648434 65.00338532846905 11.347947324856488
    vertex 434.2149474439454 64.87487580698487 8.147947515590815
    vertex 434.12496636484366 65.00338532846914 8.147947515590985
  endloop
endfacet
facet normal -0.7439543589654158 0.6682304331414107 -1.549455008742484e-13
  outer loop
    vertex 433.50448296640616 71.42492463510989 6.34794729505402
    vertex 433.45075677011687 71.36511018198483 5.583462680919864
    vertex 433.4507567701171 71.36511018198483 6.347947295054077
  endloop
endfacet
facet normal -0.7439543589654158 0.6682304331414107 -1.549455008742484e-13
  outer loop
    vertex 433.45075677011687 71.36511018198483 5.583462680919864
    vertex 433.50448296640616 71.42492463510989 6.34794729505402
    vertex 433.50448296640616 71.42492463510989 5.5297342196549595
  endloop
endfacet
facet normal 0.7933533402912806 -0.6087614290086617 -1.8415824420969784e-14
  outer loop
    vertex 418.3087771045359 33.925212828032684 4.3479470710911805
    vertex 418.9285597326681 34.73292927466017 7.34794707109148
    vertex 418.3087771045367 33.925212828032635 7.3479470710914905
  endloop
endfacet
facet normal 0.7933533402912806 -0.6087614290086617 -1.8415824420969784e-14
  outer loop
    vertex 418.9285597326681 34.73292927466017 7.34794707109148
    vertex 418.3087771045359 33.925212828032684 4.3479470710911805
    vertex 418.92855973266825 34.73292927466025 4.347947071091248
  endloop
endfacet
facet normal 0.1296140067282865 0.9915645260192804 5.3254275989012014e-14
  outer loop
    vertex 410.3573729810553 71.1447732679223 5.363151694878377
    vertex 410.44445489023474 71.13339021128182 6.347947295054133
    vertex 410.44445489023434 71.13339021128186 5.351754213913876
  endloop
endfacet
facet normal 0.1296140067282865 0.9915645260192804 5.3254275989012014e-14
  outer loop
    vertex 410.44445489023474 71.13339021128182 6.347947295054133
    vertex 410.3573729810553 71.1447732679223 5.363151694878377
    vertex 410.3573729810544 71.14477326792228 6.3479472950537605
  endloop
endfacet
facet normal -0.4960302407938051 0.868300688739778 -0.002813210277746086
  outer loop
    vertex 409.19614861582016 89.21676423471915 8.147948707685172
    vertex 409.31159661386664 89.2768838636255 6.347947078225692
    vertex 409.09769890878937 89.15469148081303 6.347947078306682
  endloop
endfacet
facet normal 0.008928652344011566 0.9999539470990719 -0.0035189271527352236
  outer loop
    vertex 409.94614861582005 89.41772248667225 8.147948707685151
    vertex 410.09801934335945 89.4100320569848 6.347947082603307
    vertex 409.82117913339783 89.4125039808131 6.347947082446618
  endloop
endfacet
facet normal 0.7071067811871227 -0.7071067811859725 9.789391519632318e-14
  outer loop
    vertex 410.5246550855475 87.22829987925049 8.147948588475241
    vertex 410.63558648203065 87.33923127573462 11.347948755368465
    vertex 410.52465508554553 87.22829987925039 11.347948755368387
  endloop
endfacet
facet normal 0.7071067811871227 -0.7071067811859725 9.789391519632318e-14
  outer loop
    vertex 410.63558648203065 87.33923127573462 11.347948755368465
    vertex 410.5246550855475 87.22829987925049 8.147948588475241
    vertex 410.6355864820308 87.33923127573472 8.147948588475534
  endloop
endfacet
facet normal -0.25872798211415216 -0.9659502219426938 -4.3690745465951876e-14
  outer loop
    vertex 409.78986809824227 87.03140046518783 8.147948588475488
    vertex 409.63833306406246 87.07198884409404 11.347948755368229
    vertex 409.6383330640621 87.07198884409412 8.147948588475444
  endloop
endfacet
facet normal -0.25872798211415216 -0.9659502219426938 -4.3690745465951876e-14
  outer loop
    vertex 409.63833306406246 87.07198884409404 11.347948755368229
    vertex 409.78986809824227 87.03140046518783 8.147948588475488
    vertex 409.78986809824147 87.03140046518774 11.347948755368003
  endloop
endfacet
facet normal -0.15571392255351624 -0.9877985832490116 -0.0026708152768706722
  outer loop
    vertex 409.685681086523 86.44051911753168 8.147948469265895
    vertex 409.59168694589874 86.46020295542235 6.347947215259696
    vertex 409.83503411386675 86.42184235971918 6.347947223338573
  endloop
endfacet
facet normal 0.34361366572817226 -0.9391110882024872 -0.00011287155567812204
  outer loop
    vertex 433.9643065748044 86.51019074839111 8.147948469266774
    vertex 433.9421965894532 86.502317213235 6.3479471649756105
    vertex 433.99015496347664 86.51986482065685 6.347947160322079
  endloop
endfacet
facet normal -0.2589094786988977 0.9659015901425284 3.6352865162569963e-14
  outer loop
    vertex 433.1434600171864 88.76543977182878 8.14794858847542
    vertex 433.29499505136727 88.80605866831297 11.34794875536851
    vertex 433.2949950513663 88.80605866831306 8.147948588475094
  endloop
endfacet
facet normal -0.2589094786988977 0.9659015901425284 3.6352865162569963e-14
  outer loop
    vertex 433.29499505136727 88.80605866831297 11.34794875536851
    vertex 433.1434600171864 88.76543977182878 8.14794858847542
    vertex 433.1434600171879 88.76543977182867 11.347948755368297
  endloop
endfacet
facet normal -0.2587581861059282 0.9659371890919717 0.003089959914073858
  outer loop
    vertex 409.6856810865235 89.39492585581282 8.147948707684677
    vertex 409.5782897291013 89.37191560190682 6.347947081015293
    vertex 409.4331176099606 89.32726838510978 8.147948707684304
  endloop
endfacet
facet normal 0.9824858595654197 -0.18631137169424233 -0.0030997631213854357
  outer loop
    vertex 411.4386260328118 87.76766755503176 6.34794716411763
    vertex 411.42336724374974 87.65725495737544 8.147948588475602
    vertex 411.38995049570264 87.51098420542243 6.347947176858701
  endloop
endfacet
facet normal -0.9462060782332922 -0.32355088905501644 -0.0029798835684700514
  outer loop
    vertex 431.99520562265604 87.55938508432871 6.347947113223822
    vertex 432.07941887949147 87.31310822886005 6.347947131668411
    vertex 432.0417449292969 87.40670564096939 8.147948588475703
  endloop
endfacet
facet normal -0.2587279821141507 0.965950221942694 1.450575770611806e-14
  outer loop
    vertex 409.63833306406246 88.76345612925027 11.347948755368229
    vertex 409.78986809824227 88.80404450815665 8.147948588475488
    vertex 409.6383330640621 88.76345612925037 8.147948588475444
  endloop
endfacet
facet normal -0.2587279821141507 0.965950221942694 1.450575770611806e-14
  outer loop
    vertex 409.78986809824227 88.80404450815665 8.147948588475488
    vertex 409.63833306406246 88.76345612925027 11.347948755368229
    vertex 409.78986809824147 88.80404450815657 11.347948755368003
  endloop
endfacet
facet normal 0.7705761789246244 0.6373402396648108 -0.0031259203327979046
  outer loop
    vertex 434.51980279062406 88.97247102182855 6.3479469743354535
    vertex 434.60035393808664 88.88390901010972 8.147948588474915
    vertex 434.68571160410244 88.77187898081301 6.347946988285016
  endloop
endfacet
facet normal 0.08714161446000057 -0.9961959340557984 -5.3724386051001716e-15
  outer loop
    vertex 410.1024443921868 87.03140046518774 11.347948755368003
    vertex 409.94614861582085 87.01772859018786 8.147948588475693
    vertex 410.1024443921875 87.03140046518783 8.147948588475343
  endloop
endfacet
facet normal 0.08714161446000057 -0.9961959340557984 -5.3724386051001716e-15
  outer loop
    vertex 409.94614861582085 87.01772859018786 8.147948588475693
    vertex 410.1024443921868 87.03140046518774 11.347948755368003
    vertex 409.9461486158197 87.01772859018779 11.347948755368229
  endloop
endfacet
facet normal 0.9914448613738079 -0.13052619222007145 -4.024558464266193e-15
  outer loop
    vertex 387.7196095126294 31.97521282803271 4.347947071091507
    vertex 387.8524987901014 32.984607103932454 7.3479470710914345
    vertex 387.7196095126292 31.97521282803266 7.347947071091502
  endloop
endfacet
facet normal 0.9914448613738079 -0.13052619222007145 -4.024558464266193e-15
  outer loop
    vertex 387.8524987901014 32.984607103932454 7.3479470710914345
    vertex 387.7196095126294 31.97521282803271 4.347947071091507
    vertex 387.8524987901018 32.9846071039325 4.347947071091293
  endloop
endfacet
facet normal 0.3826834323650256 -0.9238795325113135 -2.7644553313166398e-14
  outer loop
    vertex 390.6102152367293 35.74232355056002 4.3479470710913946
    vertex 389.66960951262996 35.352711902791924 7.347947071091231
    vertex 389.66960951262934 35.35271190279203 4.347947071091305
  endloop
endfacet
facet normal 0.3826834323650256 -0.9238795325113135 -2.7644553313166398e-14
  outer loop
    vertex 389.66960951262996 35.352711902791924 7.347947071091231
    vertex 390.6102152367293 35.74232355056002 4.3479470710913946
    vertex 390.6102152367296 35.74232355055989 7.347947071091975
  endloop
endfacet
facet normal 0.9238795325112689 0.38268343236513297 1.0824674490095276e-14
  outer loop
    vertex 388.2421104378702 30.025212828032696 4.347947071091079
    vertex 387.8524987901014 30.965818552132777 7.3479470710914345
    vertex 388.24211043786994 30.025212828032647 7.347947071091243
  endloop
endfacet
facet normal 0.9238795325112689 0.38268343236513297 1.0824674490095276e-14
  outer loop
    vertex 387.8524987901014 30.965818552132777 7.3479470710914345
    vertex 388.2421104378702 30.025212828032696 4.347947071091079
    vertex 387.8524987901018 30.965818552132824 4.347947071091293
  endloop
endfacet
facet normal -0.20649189114227934 0.9784482314847974 0.000396480463244902
  outer loop
    vertex 409.6856810865235 89.39492585581282 8.147948707684677
    vertex 409.6572081861323 89.38964631479745 6.347947082045303
    vertex 409.61657403085866 89.38107087534416 6.347947081603674
  endloop
endfacet
facet normal -0.9063020054048236 -0.422629692411446 0.0009044840526292175
  outer loop
    vertex 408.53661797617127 87.40469148081299 8.147948588475511
    vertex 408.6371428785164 87.18527009409418 6.347947157096703
    vertex 408.64712212656207 87.16772248667226 8.147948588474902
  endloop
endfacet
facet normal 0.20625219187979849 -0.9784987707943742 0.0004346247552139311
  outer loop
    vertex 410.2066314039065 86.4405191175317 8.147948469266437
    vertex 410.24256585214846 86.44729401987554 6.347947229489405
    vertex 410.2674681958992 86.45254304331297 6.34794722928384
  endloop
endfacet
facet normal -0.9961951954169127 0.08715005810818087 3.094746681142624e-14
  outer loop
    vertex 432.54920647714846 64.58114411753168 11.347947324856184
    vertex 432.5355346021472 64.42486359995364 8.14794751559103
    vertex 432.535534602148 64.42486359995353 11.347947324855982
  endloop
endfacet
facet normal -0.9961951954169127 0.08715005810818087 3.094746681142624e-14
  outer loop
    vertex 432.5355346021472 64.42486359995364 8.14794751559103
    vertex 432.54920647714846 64.58114411753168 11.347947324856184
    vertex 432.54920647714914 64.58114411753179 8.14794751559068
  endloop
endfacet
facet normal 0.2220099928346805 -0.9750438874278184 0.0009902884391706016
  outer loop
    vertex 410.2066314039065 86.4405191175317 8.147948469266437
    vertex 410.2674681958992 86.45254304331297 6.34794722928384
    vertex 410.2922637281257 86.45818879526601 6.3479472290568335
  endloop
endfacet
facet normal 0.9991070008289503 0.04225163777393739 1.0547118733938987e-15
  outer loop
    vertex 409.6900756177734 71.88775422495357 5.351751531705463
    vertex 409.6862761792967 71.97759797495364 6.347947295054212
    vertex 409.69007561777306 71.88775422495354 6.3479472950540545
  endloop
endfacet
facet normal 0.9991070008289503 0.04225163777393739 1.0547118733938987e-15
  outer loop
    vertex 409.6862761792967 71.97759797495364 6.347947295054212
    vertex 409.6900756177734 71.88775422495357 5.351751531705463
    vertex 409.6862761792967 71.97759797495367 5.347946848018801
  endloop
endfacet
facet normal -0.7070776010867105 -0.7071359600822622 1.9068080447937064e-13
  outer loop
    vertex 432.4713561353513 63.27581574839128 8.147947515590827
    vertex 432.2864653882807 63.46069123667254 6.347946958609155
    vertex 432.47135613535147 63.2758157483913 6.347946950497803
  endloop
endfacet
facet normal -0.7070776010867105 -0.7071359600822622 1.9068080447937064e-13
  outer loop
    vertex 432.2864653882807 63.46069123667254 6.347946958609155
    vertex 432.4713561353513 63.27581574839128 8.147947515590827
    vertex 432.28646538828156 63.46069123667252 8.14794751559032
  endloop
endfacet
facet normal 0.6087614290087178 0.7933533402912375 2.3953061756287752e-14
  outer loop
    vertex 418.9285597326681 29.217496381405116 7.34794707109148
    vertex 419.7362761792957 28.59771375327339 4.3479470710913155
    vertex 418.92855973266825 29.217496381405194 4.347947071091248
  endloop
endfacet
facet normal 0.6087614290087178 0.7933533402912375 2.3953061756287752e-14
  outer loop
    vertex 419.7362761792957 28.59771375327339 4.3479470710913155
    vertex 418.9285597326681 29.217496381405116 7.34794707109148
    vertex 419.73627617929554 28.59771375327331 7.347947071091468
  endloop
endfacet
facet normal -0.9914448613738078 -0.1305261922200715 -3.4833247397614286e-15
  outer loop
    vertex 410.42005356848966 32.98460710393242 7.347947071091231
    vertex 410.5529428459623 31.97521282803269 4.347947071091135
    vertex 410.5529428459631 31.97521282803263 7.347947071091029
  endloop
endfacet
facet normal -0.9914448613738078 -0.1305261922200715 -3.4833247397614286e-15
  outer loop
    vertex 410.5529428459623 31.97521282803269 4.347947071091135
    vertex 410.42005356848966 32.98460710393242 7.347947071091231
    vertex 410.42005356848966 32.98460710393249 4.347947071091372
  endloop
endfacet
facet normal -0.8191588025434668 0.5735667844423643 1.7333356971960256e-14
  outer loop
    vertex 409.25671074960917 88.49624421518787 11.347948755368522
    vertex 409.16672967050766 88.36773469370354 8.14794858847497
    vertex 409.16672967050823 88.36773469370341 11.347948755368138
  endloop
endfacet
facet normal -0.8191588025434668 0.5735667844423643 1.7333356971960256e-14
  outer loop
    vertex 409.16672967050766 88.36773469370354 8.14794858847497
    vertex 409.25671074960917 88.49624421518787 11.347948755368522
    vertex 409.2567107496091 88.49624421518797 8.147948588475522
  endloop
endfacet
facet normal 0.25890947869803604 0.9659015901427596 2.1763840729605022e-14
  outer loop
    vertex 433.6075713453126 88.80605866831297 11.347948755368048
    vertex 433.7591063794928 88.76543977182875 8.147948588475387
    vertex 433.60757134531224 88.80605866831306 8.14794858847515
  endloop
endfacet
facet normal 0.25890947869803604 0.9659015901427596 2.1763840729605022e-14
  outer loop
    vertex 433.7591063794928 88.76543977182875 8.147948588475387
    vertex 433.6075713453126 88.80605866831297 11.347948755368048
    vertex 433.7591063794923 88.76543977182867 11.34794875536825
  endloop
endfacet
facet normal 0.8191588025406563 -0.5735667844463782 -1.3297696277447812e-13
  outer loop
    vertex 410.63625786874945 63.83324983042241 8.147947515591255
    vertex 410.7262389478516 63.96175935190658 11.347947324856026
    vertex 410.6362578687498 63.83324983042231 11.347947324855925
  endloop
endfacet
facet normal 0.8191588025406563 -0.5735667844463782 -1.3297696277447812e-13
  outer loop
    vertex 410.7262389478516 63.96175935190658 11.347947324856026
    vertex 410.63625786874945 63.83324983042241 8.147947515591255
    vertex 410.72623894785096 63.96175935190669 8.147947515591063
  endloop
endfacet
facet normal 0.12408611595078689 -0.9922711292685686 0.0008011543719481148
  outer loop
    vertex 410.2066314039065 86.4405191175317 8.147948469266437
    vertex 410.0962340650386 86.42526032846925 6.3479472293003205
    vertex 410.16871331308624 86.43432404917236 6.34794722965038
  endloop
endfacet
facet normal 0.9659324241927733 0.2587944201351186 1.4430123762565472e-13
  outer loop
    vertex 434.32185052011806 64.58114411753175 8.147947515591177
    vertex 434.28124688242116 64.73269441050037 11.347947324855777
    vertex 434.3218505201171 64.58114411753165 11.347947324856488
  endloop
endfacet
facet normal 0.9659324241927733 0.2587944201351186 1.4430123762565472e-13
  outer loop
    vertex 434.28124688242116 64.73269441050037 11.347947324855777
    vertex 434.32185052011806 64.58114411753175 8.147947515591177
    vertex 434.2812468824221 64.73269441050046 8.147947515590952
  endloop
endfacet
facet normal 0.17297264596925285 -0.9849265958726663 -0.00025394699676107094
  outer loop
    vertex 410.2066314039065 86.4405191175317 8.147948469266437
    vertex 410.16871331308624 86.43432404917236 6.34794722965038
    vertex 410.24256585214846 86.44729401987554 6.347947229489405
  endloop
endfacet
facet normal 0.9999103932319585 -0.013024533894216705 -0.0030930605472232753
  outer loop
    vertex 411.4420287427728 88.02889802378174 6.347947151151886
    vertex 411.4461486158206 87.91772248667243 8.147948588475105
    vertex 411.4386260328118 87.76766755503176 6.34794716411763
  endloop
endfacet
facet normal 0.9961927731801975 -0.0871303931081218 0.0028728488250759493
  outer loop
    vertex 434.9512755689456 87.9197061292504 8.14794858847497
    vertex 434.9284941968752 87.6592385999536 8.1479485884747
    vertex 434.9415404615245 87.74905183237559 6.347947047125455
  endloop
endfacet
facet normal 0.7070776010870563 -0.7071359600819164 -2.105260410445453e-14
  outer loop
    vertex 411.0958831128908 63.447568678078554 6.347947006005234
    vertex 410.91099236582096 63.26269318979723 8.147947515591053
    vertex 410.9109923658204 63.262693189797304 6.347946999410156
  endloop
endfacet
facet normal 0.7070776010870563 -0.7071359600819164 -2.105260410445453e-14
  outer loop
    vertex 410.91099236582096 63.26269318979723 8.147947515591053
    vertex 411.0958831128908 63.447568678078554 6.347947006005234
    vertex 411.0958831128905 63.447568678078476 8.147947515590962
  endloop
endfacet
facet normal 0.965927212739817 -0.25881387074244805 -2.503830476285885e-13
  outer loop
    vertex 411.3563506421864 63.8987100355004 6.347947022445514
    vertex 411.42402337167886 64.15127351206296 8.147947515591662
    vertex 411.356350642188 63.89871003550032 8.147947515591108
  endloop
endfacet
facet normal 0.965927212739817 -0.25881387074244805 -2.503830476285885e-13
  outer loop
    vertex 411.42402337167886 64.15127351206296 8.147947515591662
    vertex 411.3563506421864 63.8987100355004 6.347947022445514
    vertex 411.4240233716802 64.15127351206303 6.3479470317914926
  endloop
endfacet
facet normal -0.8191277223741424 -0.5736111700779107 2.2963575485590577e-13
  outer loop
    vertex 432.1364867505857 63.674863599953625 8.147947515590793
    vertex 432.2864653882807 63.46069123667254 6.347946958609155
    vertex 432.28646538828156 63.46069123667252 8.14794751559032
  endloop
endfacet
facet normal -0.8191277223741424 -0.5736111700779107 2.2963575485590577e-13
  outer loop
    vertex 432.2864653882807 63.46069123667254 6.347946958609155
    vertex 432.1364867505857 63.674863599953625 8.147947515590793
    vertex 432.1364867505857 63.674863599953646 6.347946968006038
  endloop
endfacet
facet normal 0.9063023761233295 -0.42262986528782764 -1.4961643035604768e-13
  outer loop
    vertex 434.7345702466792 63.67486359995364 6.3479469680060046
    vertex 434.8450743970709 63.91183259409429 8.147947515590646
    vertex 434.7345702466789 63.67486359995355 8.147947515591504
  endloop
endfacet
facet normal 0.9063023761233295 -0.42262986528782764 -1.4961643035604768e-13
  outer loop
    vertex 434.8450743970709 63.91183259409429 8.147947515590646
    vertex 434.7345702466792 63.67486359995364 6.3479469680060046
    vertex 434.8450743970703 63.91183259409438 6.347946978402916
  endloop
endfacet
facet normal 0.25890947869774705 -0.965901590142837 -8.031075804382226e-14
  outer loop
    vertex 410.2546355542975 63.56603791635974 11.347947324855552
    vertex 410.1031005201168 63.52541901987552 8.147947515590905
    vertex 410.2546355542965 63.56603791635984 8.147947515590793
  endloop
endfacet
facet normal 0.25890947869774705 -0.965901590142837 -8.031075804382226e-14
  outer loop
    vertex 410.1031005201168 63.52541901987552 8.147947515590905
    vertex 410.2546355542975 63.56603791635974 11.347947324855552
    vertex 410.103100520117 63.525419019875436 11.34794732485641
  endloop
endfacet
facet normal -0.6680798453207869 0.7440895915357946 6.651920330530414e-06
  outer loop
    vertex 433.39094231699227 71.31139924448495 6.347947295053445
    vertex 433.45075677011687 71.36511018198483 5.583462680919864
    vertex 433.3909270582026 71.31139924448495 5.529734756096653
  endloop
endfacet
facet normal -0.6680798453207869 0.7440895915357946 6.651920330530414e-06
  outer loop
    vertex 433.45075677011687 71.36511018198483 5.583462680919864
    vertex 433.39094231699227 71.31139924448495 6.347947295053445
    vertex 433.4507567701171 71.36511018198483 6.347947295054077
  endloop
endfacet
facet normal 0.9238795325112685 -0.38268343236513375 -1.1671219546371958e-14
  outer loop
    vertex 387.8524987901018 32.9846071039325 4.347947071091293
    vertex 388.24211043787 33.92521282803257 7.347947071091276
    vertex 387.8524987901014 32.984607103932454 7.3479470710914345
  endloop
endfacet
facet normal 0.9238795325112685 -0.38268343236513375 -1.1671219546371958e-14
  outer loop
    vertex 388.24211043787 33.92521282803257 7.347947071091276
    vertex 387.8524987901018 32.9846071039325 4.347947071091293
    vertex 388.24211043787034 33.92521282803262 4.347947071091192
  endloop
endfacet
facet normal 0.7933533402912806 -0.6087614290086617 -1.8415824420969784e-14
  outer loop
    vertex 388.24211043787034 33.92521282803262 4.347947071091192
    vertex 388.861893066002 34.73292927466013 7.347947071091276
    vertex 388.24211043787 33.92521282803257 7.347947071091276
  endloop
endfacet
facet normal 0.7933533402912806 -0.6087614290086617 -1.8415824420969784e-14
  outer loop
    vertex 388.861893066002 34.73292927466013 7.347947071091276
    vertex 388.24211043787034 33.92521282803262 4.347947071091192
    vertex 388.86189306600187 34.732929274660194 4.3479470710913946
  endloop
endfacet
facet normal -0.999099823443676 0.04242101831422524 -2.697841949839131e-13
  outer loop
    vertex 433.68627617929604 71.97759797495367 6.347947295054562
    vertex 433.6824614820312 71.88775422495357 5.351751531704493
    vertex 433.68246148203144 71.88775422495357 6.347947295054404
  endloop
endfacet
facet normal -0.999099823443676 0.04242101831422524 -2.697841949839131e-13
  outer loop
    vertex 433.6824614820312 71.88775422495357 5.351751531704493
    vertex 433.68627617929604 71.97759797495367 6.347947295054562
    vertex 433.68627617929695 71.97759797495367 5.347946848019005
  endloop
endfacet
facet normal -0.42262831426553155 -0.906299052976906 0.0027082382167675435
  outer loop
    vertex 409.19614861582096 86.61868073862553 8.147948588475218
    vertex 409.357907038672 86.53787019175063 6.347947205617633
    vertex 409.4331176099596 86.5081765882347 8.14794846926646
  endloop
endfacet
facet normal -0.7933533402912806 0.6087614290086617 1.8415824420969784e-14
  outer loop
    vertex 425.06377525405526 30.025212828032696 7.347947071091389
    vertex 424.4439926259234 29.217496381405205 4.347947071091282
    vertex 424.4439926259235 29.217496381405127 7.347947071091265
  endloop
endfacet
facet normal -0.7933533402912806 0.6087614290086617 1.8415824420969784e-14
  outer loop
    vertex 424.4439926259234 29.217496381405205 4.347947071091282
    vertex 425.06377525405526 30.025212828032696 7.347947071091389
    vertex 425.06377525405446 30.02521282803278 4.3479470710912365
  endloop
endfacet
facet normal 0.08718323386945183 -0.9961880758898232 0.002898480118356069
  outer loop
    vertex 433.4512755689461 86.41970612925043 8.14794846926646
    vertex 433.54389641855505 86.42257478159438 6.347947185603981
    vertex 433.7117583570318 86.44250276010989 8.14794846926637
  endloop
endfacet
facet normal 0.25875229291327567 -0.9659437100121944 2.1944251971106603e-14
  outer loop
    vertex 410.2539641675781 87.07198884409414 8.147948588475748
    vertex 410.1024443921868 87.03140046518774 11.347948755368003
    vertex 410.1024443921875 87.03140046518783 8.147948588475343
  endloop
endfacet
facet normal 0.25875229291327567 -0.9659437100121944 2.1944251971106603e-14
  outer loop
    vertex 410.1024443921868 87.03140046518774 11.347948755368003
    vertex 410.2539641675781 87.07198884409414 8.147948588475748
    vertex 410.25396416757803 87.07198884409404 11.347948755368229
  endloop
endfacet
facet normal -0.34721615685740437 0.9377809189013295 -0.002808658354545128
  outer loop
    vertex 409.4331176099606 89.32726838510978 8.147948707684304
    vertex 409.5426299390625 89.36242463510993 6.347947080277094
    vertex 409.31159661386664 89.2768838636255 6.347947078225692
  endloop
endfacet
facet normal 0.3826834323651332 0.9238795325112688 2.7498836541184346e-14
  outer loop
    vertex 419.73627617929554 28.59771375327331 7.347947071091468
    vertex 420.6768819033962 28.20810210550532 4.347947071091507
    vertex 419.7362761792957 28.59771375327339 4.3479470710913155
  endloop
endfacet
facet normal 0.3826834323651332 0.9238795325112688 2.7498836541184346e-14
  outer loop
    vertex 420.6768819033962 28.20810210550532 4.347947071091507
    vertex 419.73627617929554 28.59771375327331 7.347947071091468
    vertex 420.676881903396 28.208102105505237 7.347947071091401
  endloop
endfacet
facet normal -0.5735015126707091 0.8192045013086833 -5.6135651682609465e-14
  outer loop
    vertex 409.3676421460938 88.60717561167222 8.147948588475252
    vertex 409.4961516675774 88.6971414319848 11.3479487553686
    vertex 409.49615166757826 88.69714143198489 8.147948588475083
  endloop
endfacet
facet normal -0.5735015126707091 0.8192045013086833 -5.6135651682609465e-14
  outer loop
    vertex 409.4961516675774 88.6971414319848 11.3479487553686
    vertex 409.3676421460938 88.60717561167222 8.147948588475252
    vertex 409.36764214609343 88.60717561167212 11.347948755367913
  endloop
endfacet
facet normal 0.42262785306613576 0.9062980610494072 0.0030858306489267365
  outer loop
    vertex 410.69614861582045 89.21676423471916 8.1479487076847
    vertex 410.5988890943366 89.26824738901615 6.347947089639935
    vertex 410.4591796216799 89.32726838510979 8.147948707684586
  endloop
endfacet
facet normal 0.9441466625102413 0.3295110396747976 -0.0030910197680784346
  outer loop
    vertex 411.313961726172 88.53344514292229 6.347947126109602
    vertex 411.3556945142575 88.43075349253171 8.147948588476087
    vertex 411.4000518140617 88.28677155893801 6.347947138352735
  endloop
endfacet
facet normal 0.42265651957343137 -0.9062899461331754 8.451572774959006e-15
  outer loop
    vertex 410.39616082285187 87.13830354135969 11.347948755368522
    vertex 410.2539641675781 87.07198884409414 8.147948588475748
    vertex 410.39616082285187 87.13830354135979 8.147948588475195
  endloop
endfacet
facet normal 0.42265651957343137 -0.9062899461331754 8.451572774959006e-15
  outer loop
    vertex 410.2539641675781 87.07198884409414 8.147948588475748
    vertex 410.39616082285187 87.13830354135969 11.347948755368522
    vertex 410.25396416757803 87.07198884409404 11.347948755368229
  endloop
endfacet
facet normal 0.2202390655301111 -0.9754459257254723 7.258776912877352e-14
  outer loop
    vertex 410.3573729810544 85.11434724253172 6.3479472950541105
    vertex 410.27357171152386 85.09542634409435 5.382065440758544
    vertex 410.35737298105494 85.11434724253175 5.363151456459867
  endloop
endfacet
facet normal 0.2202390655301111 -0.9754459257254723 7.258776912877352e-14
  outer loop
    vertex 410.27357171152386 85.09542634409435 5.382065440758544
    vertex 410.3573729810544 85.11434724253172 6.3479472950541105
    vertex 410.27357171152266 85.09542634409434 6.347947295055035
  endloop
endfacet
facet normal -0.7498588998775244 0.6615928389956268 -0.0025584495647750505
  outer loop
    vertex 408.9066741285155 88.99914338510986 6.347947080519306
    vertex 408.7436950025386 88.81442048471922 6.347947084801978
    vertex 408.7970855054688 88.88189484995358 8.147948588475828
  endloop
endfacet
facet normal -0.9062995288675816 0.4226285375448889 0.002506636604728385
  outer loop
    vertex 408.64712212656207 88.66772248667228 8.147948588474902
    vertex 408.6131408033199 88.60552766245357 6.347947091040815
    vertex 408.53661797617127 88.43075349253171 8.147948588475511
  endloop
endfacet
facet normal 0.18758351982907545 0.9822438416928976 -0.00307547474596789
  outer loop
    vertex 410.20663140390553 89.39492585581282 8.147948707684158
    vertex 410.3546569166012 89.36102082651615 6.347947085034637
    vertex 410.09801934335945 89.4100320569848 6.347947082603307
  endloop
endfacet
facet normal -0.2589094786988994 -0.9659015901425282 -2.1847107456451915e-14
  outer loop
    vertex 433.29499505136727 87.03338410776614 11.34794875536851
    vertex 433.1434600171864 87.07400300425054 8.14794858847542
    vertex 433.2949950513663 87.03338410776622 8.147948588475094
  endloop
endfacet
facet normal -0.2589094786988994 -0.9659015901425282 -2.1847107456451915e-14
  outer loop
    vertex 433.1434600171864 87.07400300425054 8.14794858847542
    vertex 433.29499505136727 87.03338410776614 11.34794875536851
    vertex 433.1434600171879 87.07400300425044 11.347948755368297
  endloop
endfacet
facet normal 0.9659272127406335 -0.25881387073940043 -4.438671652451376e-13
  outer loop
    vertex 434.8450743970703 63.91183259409438 6.347946978402916
    vertex 434.91274712656286 64.16439607065675 8.147947515591198
    vertex 434.8450743970709 63.91183259409429 8.147947515590646
  endloop
endfacet
facet normal 0.9659272127406335 -0.25881387073940043 -4.438671652451376e-13
  outer loop
    vertex 434.91274712656286 64.16439607065675 8.147947515591198
    vertex 434.8450743970703 63.91183259409438 6.347946978402916
    vertex 434.91274712656207 64.16439607065684 6.347946989482204
  endloop
endfacet
facet normal -3.035988759678887e-15 -2.577506157557322e-14 1.0
  outer loop
    vertex 401.18627617927694 54.72521282804965 7.347947071202338
    vertex 417.6862761792861 49.300212828041104 7.347947071295098
    vertex 442.1862761792761 54.725212828049536 7.34794707179593
  endloop
endfacet
facet normal -3.035988759678887e-15 -2.577506157557322e-14 1.0
  outer loop
    vertex 417.6862761792861 49.300212828041104 7.347947071295098
    vertex 401.18627617927694 54.72521282804965 7.347947071202338
    vertex 403.89522639933523 34.732929274660094 7.347947071091942
  endloop
endfacet
facet normal -3.035988759678887e-15 -2.577506157557322e-14 1.0
  outer loop
    vertex 403.89522639933523 34.732929274660094 7.347947071091942
    vertex 401.18627617927694 54.72521282804965 7.347947071202338
    vertex 403.27544377120296 33.92521282803254 7.3479470710913555
  endloop
endfacet
facet normal -3.035988759678887e-15 -2.577506157557322e-14 1.0
  outer loop
    vertex 403.27544377120296 33.92521282803254 7.3479470710913555
    vertex 401.18627617927694 54.72521282804965 7.347947071202338
    vertex 402.88583212343514 32.98460710393241 7.347947071091322
  endloop
endfacet
facet normal -3.035988759678887e-15 -2.577506157557322e-14 1.0
  outer loop
    vertex 402.88583212343514 32.98460710393241 7.347947071091322
    vertex 401.18627617927694 54.72521282804965 7.347947071202338
    vertex 402.7529428459627 31.97521282803262 7.347947071091468
  endloop
endfacet
facet normal -3.035988759678887e-15 -2.577506157557322e-14 1.0
  outer loop
    vertex 417.6862761792861 49.300212828041104 7.347947071295098
    vertex 403.89522639933523 34.732929274660094 7.347947071091942
    vertex 404.70294284596287 35.352711902791896 7.34794707109096
  endloop
endfacet
facet normal -3.035988759678887e-15 -2.577506157557322e-14 1.0
  outer loop
    vertex 417.6862761792861 49.300212828041104 7.347947071295098
    vertex 404.70294284596287 35.352711902791896 7.34794707109096
    vertex 405.6435485700624 35.742323550559895 7.347947071090983
  endloop
endfacet
facet normal -3.035988759678887e-15 -2.577506157557322e-14 1.0
  outer loop
    vertex 417.6862761792861 49.300212828041104 7.347947071295098
    vertex 405.6435485700624 35.742323550559895 7.347947071090983
    vertex 406.65294284596246 35.87521282803254 7.347947071091649
  endloop
endfacet
facet normal -3.035988759678887e-15 -2.577506157557322e-14 1.0
  outer loop
    vertex 417.6862761792861 49.300212828041104 7.347947071295098
    vertex 406.65294284596246 35.87521282803254 7.347947071091649
    vertex 407.66233712186244 35.742323550559895 7.3479470710914905
  endloop
endfacet
facet normal -3.035988759678887e-15 -2.577506157557322e-14 1.0
  outer loop
    vertex 417.6862761792861 49.300212828041104 7.347947071295098
    vertex 407.66233712186244 35.742323550559895 7.3479470710914905
    vertex 408.6029428459624 35.35271190279191 7.347947071091299
  endloop
endfacet
facet normal -3.035988759678887e-15 -2.577506157557322e-14 1.0
  outer loop
    vertex 417.6862761792861 49.300212828041104 7.347947071295098
    vertex 408.6029428459624 35.35271190279191 7.347947071091299
    vertex 409.41065929258957 34.732929274660115 7.347947071091051
  endloop
endfacet
facet normal -3.035988759678887e-15 -2.577506157557322e-14 1.0
  outer loop
    vertex 417.6862761792861 49.300212828041104 7.347947071295098
    vertex 409.41065929258957 34.732929274660115 7.347947071091051
    vertex 410.030441920722 33.92521282803254 7.347947071091536
  endloop
endfacet
facet normal -3.035988759678887e-15 -2.577506157557322e-14 1.0
  outer loop
    vertex 417.6862761792861 49.300212828041104 7.347947071295098
    vertex 410.030441920722 33.92521282803254 7.347947071091536
    vertex 410.42005356848966 32.98460710393242 7.347947071091231
  endloop
endfacet
facet normal -3.035988759678887e-15 -2.577506157557322e-14 1.0
  outer loop
    vertex 417.6862761792861 49.300212828041104 7.347947071295098
    vertex 410.42005356848966 32.98460710393242 7.347947071091231
    vertex 410.5529428459631 31.97521282803263 7.347947071091029
  endloop
endfacet
facet normal -3.035988759678887e-15 -2.577506157557322e-14 1.0
  outer loop
    vertex 417.6862761792861 49.300212828041104 7.347947071295098
    vertex 410.5529428459631 31.97521282803263 7.347947071091029
    vertex 417.6862761792861 41.30021282804111 7.347947071295098
  endloop
endfacet
facet normal -3.035988759678887e-15 -2.577506157557322e-14 1.0
  outer loop
    vertex 442.1862761792761 54.725212828049536 7.34794707179593
    vertex 417.6862761792861 49.300212828041104 7.347947071295098
    vertex 425.68627617928604 49.300212828041104 7.347947071295098
  endloop
endfacet
facet normal -3.035988759678887e-15 -2.577506157557322e-14 1.0
  outer loop
    vertex 442.1862761792761 54.725212828049536 7.34794707179593
    vertex 425.68627617928604 49.300212828041104 7.347947071295098
    vertex 433.34211043786996 33.92521282803262 7.347947071091254
  endloop
endfacet
facet normal -3.035988759678887e-15 -2.577506157557322e-14 1.0
  outer loop
    vertex 433.34211043786996 33.92521282803262 7.347947071091254
    vertex 425.68627617928604 49.300212828041104 7.347947071295098
    vertex 432.9524987901017 32.98460710393249 7.34794707109148
  endloop
endfacet
facet normal -3.035988759678887e-15 -2.577506157557322e-14 1.0
  outer loop
    vertex 432.9524987901017 32.98460710393249 7.34794707109148
    vertex 425.68627617928604 49.300212828041104 7.347947071295098
    vertex 432.81960951262965 31.97521282803271 7.347947071091322
  endloop
endfacet
facet normal -3.035988759678887e-15 -2.577506157557322e-14 1.0
  outer loop
    vertex 442.1862761792761 54.725212828049536 7.34794707179593
    vertex 433.34211043786996 33.92521282803262 7.347947071091254
    vertex 433.961893066002 34.73292927466019 7.3479470710912205
  endloop
endfacet
facet normal -3.035988759678887e-15 -2.577506157557322e-14 1.0
  outer loop
    vertex 442.1862761792761 54.725212828049536 7.34794707179593
    vertex 433.961893066002 34.73292927466019 7.3479470710912205
    vertex 434.7696095126291 35.35271190279198 7.347947071091344
  endloop
endfacet
facet normal -3.035988759678887e-15 -2.577506157557322e-14 1.0
  outer loop
    vertex 442.1862761792761 54.725212828049536 7.34794707179593
    vertex 434.7696095126291 35.35271190279198 7.347947071091344
    vertex 435.71021523672937 35.74232355055997 7.347947071090859
  endloop
endfacet
facet normal -3.035988759678887e-15 -2.577506157557322e-14 1.0
  outer loop
    vertex 442.1862761792761 54.725212828049536 7.34794707179593
    vertex 435.71021523672937 35.74232355055997 7.347947071090859
    vertex 436.7196095126287 35.87521282803261 7.347947071090847
  endloop
endfacet
facet normal -3.035988759678887e-15 -2.577506157557322e-14 1.0
  outer loop
    vertex 442.1862761792761 54.725212828049536 7.34794707179593
    vertex 436.7196095126287 35.87521282803261 7.347947071090847
    vertex 437.7290037885291 35.74232355055996 7.347947071091367
  endloop
endfacet
facet normal -3.035988759678887e-15 -2.577506157557322e-14 1.0
  outer loop
    vertex 442.1862761792761 54.725212828049536 7.34794707179593
    vertex 437.7290037885291 35.74232355055996 7.347947071091367
    vertex 438.66960951262945 35.35271190279194 7.347947071091108
  endloop
endfacet
facet normal -3.035988759678887e-15 -2.577506157557322e-14 1.0
  outer loop
    vertex 442.1862761792761 54.725212828049536 7.34794707179593
    vertex 438.66960951262945 35.35271190279194 7.347947071091108
    vertex 439.47732595925726 34.73292927466012 7.347947071091367
  endloop
endfacet
facet normal -3.035988759678887e-15 -2.577506157557322e-14 1.0
  outer loop
    vertex 442.1862761792761 54.725212828049536 7.34794707179593
    vertex 439.47732595925726 34.73292927466012 7.347947071091367
    vertex 440.0971085873887 33.92521282803254 7.347947071091017
  endloop
endfacet
facet normal -3.035988759678887e-15 -2.577506157557322e-14 1.0
  outer loop
    vertex 442.1862761792761 54.725212828049536 7.34794707179593
    vertex 440.0971085873887 33.92521282803254 7.347947071091017
    vertex 440.4867202351571 32.98460710393241 7.347947071091378
  endloop
endfacet
facet normal -3.035988759678887e-15 -2.577506157557322e-14 1.0
  outer loop
    vertex 442.1862761792761 54.725212828049536 7.34794707179593
    vertex 440.4867202351571 32.98460710393241 7.347947071091378
    vertex 440.61960951262944 31.97521282803262 7.3479470710912205
  endloop
endfacet
facet normal -3.035988759678887e-15 -2.577506157557322e-14 1.0
  outer loop
    vertex 417.6862761792861 41.30021282804111 7.347947071295098
    vertex 418.9285597326681 34.73292927466017 7.34794707109148
    vertex 425.68627617928604 41.30021282804111 7.347947071295098
  endloop
endfacet
facet normal -3.035988759678887e-15 -2.577506157557322e-14 1.0
  outer loop
    vertex 418.9285597326681 34.73292927466017 7.34794707109148
    vertex 417.6862761792861 41.30021282804111 7.347947071295098
    vertex 418.3087771045367 33.925212828032635 7.3479470710914905
  endloop
endfacet
facet normal -3.035988759678887e-15 -2.577506157557322e-14 1.0
  outer loop
    vertex 418.3087771045367 33.925212828032635 7.3479470710914905
    vertex 417.6862761792861 41.30021282804111 7.347947071295098
    vertex 417.91916545676827 32.98460710393252 7.347947071091186
  endloop
endfacet
facet normal -3.035988759678887e-15 -2.577506157557322e-14 1.0
  outer loop
    vertex 417.91916545676827 32.98460710393252 7.347947071091186
    vertex 417.6862761792861 41.30021282804111 7.347947071295098
    vertex 417.7862761792959 31.975212828032724 7.347947071091299
  endloop
endfacet
facet normal -3.035988759678887e-15 -2.577506157557322e-14 1.0
  outer loop
    vertex 425.68627617928604 41.30021282804111 7.347947071295098
    vertex 418.9285597326681 34.73292927466017 7.34794707109148
    vertex 419.73627617929554 35.35271190279195 7.347947071091468
  endloop
endfacet
facet normal -3.035988759678887e-15 -2.577506157557322e-14 1.0
  outer loop
    vertex 425.68627617928604 41.30021282804111 7.347947071295098
    vertex 419.73627617929554 35.35271190279195 7.347947071091468
    vertex 420.676881903396 35.74232355055997 7.347947071091401
  endloop
endfacet
facet normal -3.035988759678887e-15 -2.577506157557322e-14 1.0
  outer loop
    vertex 425.68627617928604 41.30021282804111 7.347947071295098
    vertex 420.676881903396 35.74232355055997 7.347947071091401
    vertex 421.6862761792957 35.87521282803262 7.347947071091062
  endloop
endfacet
facet normal -3.035988759678887e-15 -2.577506157557322e-14 1.0
  outer loop
    vertex 425.68627617928604 41.30021282804111 7.347947071295098
    vertex 421.6862761792957 35.87521282803262 7.347947071091062
    vertex 422.69567045519506 35.74232355055997 7.347947071091457
  endloop
endfacet
facet normal -3.035988759678887e-15 -2.577506157557322e-14 1.0
  outer loop
    vertex 425.68627617928604 41.30021282804111 7.347947071295098
    vertex 422.69567045519506 35.74232355055997 7.347947071091457
    vertex 423.6362761792964 35.35271190279195 7.3479470710907915
  endloop
endfacet
facet normal -3.035988759678887e-15 -2.577506157557322e-14 1.0
  outer loop
    vertex 425.68627617928604 41.30021282804111 7.347947071295098
    vertex 423.6362761792964 35.35271190279195 7.3479470710907915
    vertex 424.4439926259235 34.73292927466019 7.347947071091265
  endloop
endfacet
facet normal -3.035988759678887e-15 -2.577506157557322e-14 1.0
  outer loop
    vertex 425.68627617928604 41.30021282804111 7.347947071295098
    vertex 424.4439926259235 34.73292927466019 7.347947071091265
    vertex 425.06377525405526 33.92521282803262 7.347947071091389
  endloop
endfacet
facet normal -3.035988759678887e-15 -2.577506157557322e-14 1.0
  outer loop
    vertex 425.68627617928604 41.30021282804111 7.347947071295098
    vertex 425.06377525405526 33.92521282803262 7.347947071091389
    vertex 425.4533869018234 32.98460710393249 7.347947071091141
  endloop
endfacet
facet normal -3.035988759678887e-15 -2.577506157557322e-14 1.0
  outer loop
    vertex 425.68627617928604 41.30021282804111 7.347947071295098
    vertex 425.4533869018234 32.98460710393249 7.347947071091141
    vertex 425.58627617929574 31.9752128280327 7.347947071091186
  endloop
endfacet
facet normal -3.035988759678887e-15 -2.577506157557322e-14 1.0
  outer loop
    vertex 449.80294284596204 35.35271190279187 7.347947071091299
    vertex 449.1862761792962 125.15914800438699 7.347947071094401
    vertex 448.99522639933457 34.73292927466008 7.34794707109113
  endloop
endfacet
facet normal -3.035988759678887e-15 -2.577506157557322e-14 1.0
  outer loop
    vertex 449.1862761792962 125.15914800438699 7.347947071094401
    vertex 449.80294284596204 35.35271190279187 7.347947071091299
    vertex 449.240794857234 124.74503753222298 7.347947071094401
  endloop
endfacet
facet normal -3.035988759678887e-15 -2.577506157557322e-14 1.0
  outer loop
    vertex 449.240794857234 124.74503753222298 7.347947071094401
    vertex 449.80294284596204 35.35271190279187 7.347947071091299
    vertex 449.4006355332415 124.359148004387 7.347947071093995
  endloop
endfacet
facet normal -3.035988759678887e-15 -2.577506157557322e-14 1.0
  outer loop
    vertex 449.4006355332415 124.359148004387 7.347947071093995
    vertex 449.80294284596204 35.35271190279187 7.347947071091299
    vertex 449.65490532939765 124.02777715448852 7.347947071093657
  endloop
endfacet
facet normal -3.035988759678887e-15 -2.577506157557322e-14 1.0
  outer loop
    vertex 449.65490532939765 124.02777715448852 7.347947071093657
    vertex 449.80294284596204 35.35271190279187 7.347947071091299
    vertex 449.9862761792965 123.7735073583319 7.347947071094187
  endloop
endfacet
facet normal -3.035988759678887e-15 -2.577506157557322e-14 1.0
  outer loop
    vertex 449.9862761792965 123.7735073583319 7.347947071094187
    vertex 449.80294284596204 35.35271190279187 7.347947071091299
    vertex 450.74354857006233 35.74232355055987 7.347947071091299
  endloop
endfacet
facet normal -3.035988759678887e-15 -2.577506157557322e-14 1.0
  outer loop
    vertex 449.9862761792965 123.7735073583319 7.347947071094187
    vertex 450.74354857006233 35.74232355055987 7.347947071091299
    vertex 450.37216570713235 123.61366668232446 7.3479470710942545
  endloop
endfacet
facet normal -3.035988759678887e-15 -2.577506157557322e-14 1.0
  outer loop
    vertex 450.37216570713235 123.61366668232446 7.3479470710942545
    vertex 450.74354857006233 35.74232355055987 7.347947071091299
    vertex 450.7862761792964 123.559148004387 7.347947071094288
  endloop
endfacet
facet normal -3.035988759678887e-15 -2.577506157557322e-14 1.0
  outer loop
    vertex 450.7862761792964 123.559148004387 7.347947071094288
    vertex 450.74354857006233 35.74232355055987 7.347947071091299
    vertex 451.7529428459624 35.87521282803254 7.347947071091175
  endloop
endfacet
facet normal -3.035988759678887e-15 -2.577506157557322e-14 1.0
  outer loop
    vertex 450.7862761792964 123.559148004387 7.347947071094288
    vertex 451.7529428459624 35.87521282803254 7.347947071091175
    vertex 451.20038665146046 123.61366668232444 7.34794707109483
  endloop
endfacet
facet normal -3.035988759678887e-15 -2.577506157557322e-14 1.0
  outer loop
    vertex 451.20038665146046 123.61366668232444 7.34794707109483
    vertex 451.7529428459624 35.87521282803254 7.347947071091175
    vertex 451.586276179296 123.77350735833188 7.34794707109448
  endloop
endfacet
facet normal -3.035988759678887e-15 -2.577506157557322e-14 1.0
  outer loop
    vertex 451.586276179296 123.77350735833188 7.34794707109448
    vertex 451.7529428459624 35.87521282803254 7.347947071091175
    vertex 451.9176470291948 124.02777715448849 7.3479470710937465
  endloop
endfacet
facet normal -3.035988759678887e-15 -2.577506157557322e-14 1.0
  outer loop
    vertex 451.9176470291948 124.02777715448849 7.3479470710937465
    vertex 451.7529428459624 35.87521282803254 7.347947071091175
    vertex 452.76233712186195 35.7423235505599 7.347947071091062
  endloop
endfacet
facet normal -3.035988759678887e-15 -2.577506157557322e-14 1.0
  outer loop
    vertex 451.9176470291948 124.02777715448849 7.3479470710937465
    vertex 452.76233712186195 35.7423235505599 7.347947071091062
    vertex 452.1719168253513 124.35914800438697 7.347947071094435
  endloop
endfacet
facet normal -3.035988759678887e-15 -2.577506157557322e-14 1.0
  outer loop
    vertex 452.1719168253513 124.35914800438697 7.347947071094435
    vertex 452.76233712186195 35.7423235505599 7.347947071091062
    vertex 452.3317575013588 124.74503753222291 7.347947071094457
  endloop
endfacet
facet normal -3.035988759678887e-15 -2.577506157557322e-14 1.0
  outer loop
    vertex 452.3317575013588 124.74503753222291 7.347947071094457
    vertex 452.76233712186195 35.7423235505599 7.347947071091062
    vertex 452.3862761792954 125.15914800438696 7.347947071094367
  endloop
endfacet
facet normal -3.035988759678887e-15 -2.577506157557322e-14 1.0
  outer loop
    vertex 373.3862761792956 -1.1408519956138656 7.347947071091108
    vertex 391.0407948572338 1.2450375322220224 7.34794707109113
    vertex 373.38627617929626 127.95914800438665 7.347947071094142
  endloop
endfacet
facet normal -3.035988759678887e-15 -2.577506157557322e-14 1.0
  outer loop
    vertex 391.0407948572338 1.2450375322220224 7.34794707109113
    vertex 373.3862761792956 -1.1408519956138656 7.347947071091108
    vertex 391.2006355332408 0.8591480043860552 7.347947071091118
  endloop
endfacet
facet normal -3.035988759678887e-15 -2.577506157557322e-14 1.0
  outer loop
    vertex 391.2006355332408 0.8591480043860552 7.347947071091118
    vertex 373.3862761792956 -1.1408519956138656 7.347947071091108
    vertex 391.4549053293972 0.5277771544875849 7.347947071091299
  endloop
endfacet
facet normal -3.035988759678887e-15 -2.577506157557322e-14 1.0
  outer loop
    vertex 391.4549053293972 0.5277771544875849 7.347947071091299
    vertex 373.3862761792956 -1.1408519956138656 7.347947071091108
    vertex 391.786276179296 0.2735073583309482 7.347947071091299
  endloop
endfacet
facet normal -3.035988759678887e-15 -2.577506157557322e-14 1.0
  outer loop
    vertex 391.786276179296 0.2735073583309482 7.347947071091299
    vertex 373.3862761792956 -1.1408519956138656 7.347947071091108
    vertex 392.1721657071316 0.11366668232355392 7.34794707109078
  endloop
endfacet
facet normal -3.035988759678887e-15 -2.577506157557322e-14 1.0
  outer loop
    vertex 392.1721657071316 0.11366668232355392 7.34794707109078
    vertex 373.3862761792956 -1.1408519956138656 7.347947071091108
    vertex 392.5862761792957 0.0591480043860584 7.34794707109113
  endloop
endfacet
facet normal -3.035988759678887e-15 -2.577506157557322e-14 1.0
  outer loop
    vertex 392.5862761792957 0.0591480043860584 7.34794707109113
    vertex 373.3862761792956 -1.1408519956138656 7.347947071091108
    vertex 469.9862761792957 -1.1408519956139023 7.347947071091108
  endloop
endfacet
facet normal -3.035988759678887e-15 -2.577506157557322e-14 1.0
  outer loop
    vertex 373.38627617929626 127.95914800438665 7.347947071094142
    vertex 391.0407948572338 1.2450375322220224 7.34794707109113
    vertex 390.9862761792957 1.6591480043860556 7.347947071091108
  endloop
endfacet
facet normal -3.035988759678887e-15 -2.577506157557322e-14 1.0
  outer loop
    vertex 373.38627617929626 127.95914800438665 7.347947071094142
    vertex 390.9862761792957 1.6591480043860556 7.347947071091108
    vertex 387.7196095126292 31.97521282803266 7.347947071091502
  endloop
endfacet
facet normal -3.035988759678887e-15 -2.577506157557322e-14 1.0
  outer loop
    vertex 387.7196095126292 31.97521282803266 7.347947071091502
    vertex 390.9862761792957 1.6591480043860556 7.347947071091108
    vertex 387.8524987901014 30.965818552132777 7.3479470710914345
  endloop
endfacet
facet normal -3.035988759678887e-15 -2.577506157557322e-14 1.0
  outer loop
    vertex 387.8524987901014 30.965818552132777 7.3479470710914345
    vertex 390.9862761792957 1.6591480043860556 7.347947071091108
    vertex 388.24211043786994 30.025212828032647 7.347947071091243
  endloop
endfacet
facet normal -3.035988759678887e-15 -2.577506157557322e-14 1.0
  outer loop
    vertex 388.24211043786994 30.025212828032647 7.347947071091243
    vertex 390.9862761792957 1.6591480043860556 7.347947071091108
    vertex 388.8618930660019 29.217496381405077 7.347947071091243
  endloop
endfacet
facet normal -3.035988759678887e-15 -2.577506157557322e-14 1.0
  outer loop
    vertex 388.8618930660019 29.217496381405077 7.347947071091243
    vertex 390.9862761792957 1.6591480043860556 7.347947071091108
    vertex 389.6696095126299 28.597713753273275 7.347947071091197
  endloop
endfacet
facet normal -3.035988759678887e-15 -2.577506157557322e-14 1.0
  outer loop
    vertex 389.6696095126299 28.597713753273275 7.347947071091197
    vertex 390.9862761792957 1.6591480043860556 7.347947071091108
    vertex 390.6102152367295 28.20810210550516 7.347947071091908
  endloop
endfacet
facet normal -3.035988759678887e-15 -2.577506157557322e-14 1.0
  outer loop
    vertex 392.5862761792957 0.0591480043860584 7.34794707109113
    vertex 469.9862761792957 -1.1408519956139023 7.347947071091108
    vertex 393.0003866514606 0.11366668232355351 7.3479470710908705
  endloop
endfacet
facet normal -3.035988759678887e-15 -2.577506157557322e-14 1.0
  outer loop
    vertex 393.0003866514606 0.11366668232355351 7.3479470710908705
    vertex 469.9862761792957 -1.1408519956139023 7.347947071091108
    vertex 393.38627617929546 0.2735073583309475 7.3479470710909265
  endloop
endfacet
facet normal -3.035988759678887e-15 -2.577506157557322e-14 1.0
  outer loop
    vertex 393.38627617929546 0.2735073583309475 7.3479470710909265
    vertex 469.9862761792957 -1.1408519956139023 7.347947071091108
    vertex 393.71764702919364 0.5277771544875844 7.34794707109096
  endloop
endfacet
facet normal -3.035988759678887e-15 -2.577506157557322e-14 1.0
  outer loop
    vertex 393.71764702919364 0.5277771544875844 7.34794707109096
    vertex 469.9862761792957 -1.1408519956139023 7.347947071091108
    vertex 393.9719168253507 0.8591480043860559 7.3479470710907915
  endloop
endfacet
facet normal -3.035988759678887e-15 -2.577506157557322e-14 1.0
  outer loop
    vertex 393.9719168253507 0.8591480043860559 7.3479470710907915
    vertex 469.9862761792957 -1.1408519956139023 7.347947071091108
    vertex 394.1317575013582 1.2450375322220222 7.347947071091152
  endloop
endfacet
facet normal -3.035988759678887e-15 -2.577506157557322e-14 1.0
  outer loop
    vertex 394.1317575013582 1.2450375322220222 7.347947071091152
    vertex 469.9862761792957 -1.1408519956139023 7.347947071091108
    vertex 394.18627617929565 1.6591480043860574 7.347947071090938
  endloop
endfacet
facet normal -3.035988759678887e-15 -2.577506157557322e-14 1.0
  outer loop
    vertex 394.18627617929565 1.6591480043860574 7.347947071090938
    vertex 469.9862761792957 -1.1408519956139023 7.347947071091108
    vertex 450.7862761792956 0.05914800438603456 7.3479470710906
  endloop
endfacet
facet normal -3.035988759678887e-15 -2.577506157557322e-14 1.0
  outer loop
    vertex 394.18627617929565 1.6591480043860574 7.347947071090938
    vertex 450.7862761792956 0.05914800438603456 7.3479470710906
    vertex 450.3721657071317 0.11366668232352997 7.347947071090882
  endloop
endfacet
facet normal -3.035988759678887e-15 -2.577506157557322e-14 1.0
  outer loop
    vertex 394.18627617929565 1.6591480043860574 7.347947071090938
    vertex 450.3721657071317 0.11366668232352997 7.347947071090882
    vertex 449.9862761792959 0.2735073583309247 7.347947071090667
  endloop
endfacet
facet normal -3.035988759678887e-15 -2.577506157557322e-14 1.0
  outer loop
    vertex 394.18627617929565 1.6591480043860574 7.347947071090938
    vertex 449.9862761792959 0.2735073583309247 7.347947071090667
    vertex 394.3773259592569 29.21749638140505 7.347947071091389
  endloop
endfacet
facet normal -3.035988759678887e-15 -2.577506157557322e-14 1.0
  outer loop
    vertex 394.3773259592569 29.21749638140505 7.347947071091389
    vertex 449.9862761792959 0.2735073583309247 7.347947071090667
    vertex 394.99710858738916 30.02521282803263 7.34794707109131
  endloop
endfacet
facet normal -3.035988759678887e-15 -2.577506157557322e-14 1.0
  outer loop
    vertex 394.99710858738916 30.02521282803263 7.34794707109131
    vertex 449.9862761792959 0.2735073583309247 7.347947071090667
    vertex 395.3867202351569 30.965818552132745 7.347947071091231
  endloop
endfacet
facet normal -3.035988759678887e-15 -2.577506157557322e-14 1.0
  outer loop
    vertex 395.3867202351569 30.965818552132745 7.347947071091231
    vertex 449.9862761792959 0.2735073583309247 7.347947071090667
    vertex 395.51960951262924 31.975212828032628 7.347947071091197
  endloop
endfacet
facet normal -3.035988759678887e-15 -2.577506157557322e-14 1.0
  outer loop
    vertex 395.51960951262924 31.975212828032628 7.347947071091197
    vertex 449.9862761792959 0.2735073583309247 7.347947071090667
    vertex 404.70294284596287 28.597713753273254 7.34794707109096
  endloop
endfacet
facet normal -3.035988759678887e-15 -2.577506157557322e-14 1.0
  outer loop
    vertex 395.51960951262924 31.975212828032628 7.347947071091197
    vertex 404.70294284596287 28.597713753273254 7.34794707109096
    vertex 403.89522639933523 29.217496381405038 7.347947071091942
  endloop
endfacet
facet normal -3.035988759678887e-15 -2.577506157557322e-14 1.0
  outer loop
    vertex 395.51960951262924 31.975212828032628 7.347947071091197
    vertex 403.89522639933523 29.217496381405038 7.347947071091942
    vertex 403.27544377120296 30.025212828032615 7.3479470710913555
  endloop
endfacet
facet normal -3.035988759678887e-15 -2.577506157557322e-14 1.0
  outer loop
    vertex 395.51960951262924 31.975212828032628 7.347947071091197
    vertex 403.27544377120296 30.025212828032615 7.3479470710913555
    vertex 402.88583212343514 30.96581855213274 7.347947071091322
  endloop
endfacet
facet normal -3.035988759678887e-15 -2.577506157557322e-14 1.0
  outer loop
    vertex 395.51960951262924 31.975212828032628 7.347947071091197
    vertex 402.88583212343514 30.96581855213274 7.347947071091322
    vertex 402.7529428459627 31.97521282803262 7.347947071091468
  endloop
endfacet
facet normal -3.035988759678887e-15 -2.577506157557322e-14 1.0
  outer loop
    vertex 395.51960951262924 31.975212828032628 7.347947071091197
    vertex 402.7529428459627 31.97521282803262 7.347947071091468
    vertex 401.18627617927694 54.72521282804965 7.347947071202338
  endloop
endfacet
facet normal -3.035988759678887e-15 -2.577506157557322e-14 1.0
  outer loop
    vertex 395.51960951262924 31.975212828032628 7.347947071091197
    vertex 401.18627617927694 54.72521282804965 7.347947071202338
    vertex 401.1862761792769 100.72521282804956 7.347947071280925
  endloop
endfacet
facet normal -3.035988759678887e-15 -2.577506157557322e-14 1.0
  outer loop
    vertex 404.70294284596287 28.597713753273254 7.34794707109096
    vertex 449.9862761792959 0.2735073583309247 7.347947071090667
    vertex 405.6435485700624 28.208102105505166 7.347947071090983
  endloop
endfacet
facet normal -3.035988759678887e-15 -2.577506157557322e-14 1.0
  outer loop
    vertex 405.6435485700624 28.208102105505166 7.347947071090983
    vertex 449.9862761792959 0.2735073583309247 7.347947071090667
    vertex 406.65294284596246 28.0752128280326 7.3479470710915695
  endloop
endfacet
facet normal -3.035988759678887e-15 -2.577506157557322e-14 1.0
  outer loop
    vertex 406.65294284596246 28.0752128280326 7.3479470710915695
    vertex 449.9862761792959 0.2735073583309247 7.347947071090667
    vertex 407.66233712186244 28.208102105505166 7.3479470710914905
  endloop
endfacet
facet normal -3.035988759678887e-15 -2.577506157557322e-14 1.0
  outer loop
    vertex 407.66233712186244 28.208102105505166 7.3479470710914905
    vertex 449.9862761792959 0.2735073583309247 7.347947071090667
    vertex 408.6029428459624 28.597713753273265 7.347947071091299
  endloop
endfacet
facet normal -3.035988759678887e-15 -2.577506157557322e-14 1.0
  outer loop
    vertex 408.6029428459624 28.597713753273265 7.347947071091299
    vertex 449.9862761792959 0.2735073583309247 7.347947071090667
    vertex 409.41065929258957 29.21749638140506 7.347947071091051
  endloop
endfacet
facet normal -3.035988759678887e-15 -2.577506157557322e-14 1.0
  outer loop
    vertex 409.41065929258957 29.21749638140506 7.347947071091051
    vertex 449.9862761792959 0.2735073583309247 7.347947071090667
    vertex 410.030441920722 30.02521282803262 7.347947071091536
  endloop
endfacet
facet normal -3.035988759678887e-15 -2.577506157557322e-14 1.0
  outer loop
    vertex 410.030441920722 30.02521282803262 7.347947071091536
    vertex 449.9862761792959 0.2735073583309247 7.347947071090667
    vertex 449.65490532939725 0.5277771544875623 7.347947071090758
  endloop
endfacet
facet normal -3.035988759678887e-15 -2.577506157557322e-14 1.0
  outer loop
    vertex 410.030441920722 30.02521282803262 7.347947071091536
    vertex 449.65490532939725 0.5277771544875623 7.347947071090758
    vertex 410.42005356848966 30.965818552132745 7.347947071091231
  endloop
endfacet
facet normal -3.035988759678887e-15 -2.577506157557322e-14 1.0
  outer loop
    vertex 410.42005356848966 30.965818552132745 7.347947071091231
    vertex 449.65490532939725 0.5277771544875623 7.347947071090758
    vertex 410.5529428459631 31.97521282803263 7.347947071091029
  endloop
endfacet
facet normal -3.035988759678887e-15 -2.577506157557322e-14 1.0
  outer loop
    vertex 410.5529428459631 31.97521282803263 7.347947071091029
    vertex 449.65490532939725 0.5277771544875623 7.347947071090758
    vertex 418.9285597326681 29.217496381405116 7.34794707109148
  endloop
endfacet
facet normal -3.035988759678887e-15 -2.577506157557322e-14 1.0
  outer loop
    vertex 410.5529428459631 31.97521282803263 7.347947071091029
    vertex 418.9285597326681 29.217496381405116 7.34794707109148
    vertex 418.3087771045367 30.02521282803271 7.3479470710914905
  endloop
endfacet
facet normal -3.035988759678887e-15 -2.577506157557322e-14 1.0
  outer loop
    vertex 410.5529428459631 31.97521282803263 7.347947071091029
    vertex 418.3087771045367 30.02521282803271 7.3479470710914905
    vertex 417.91916545676827 30.96581855213284 7.347947071091186
  endloop
endfacet
facet normal -3.035988759678887e-15 -2.577506157557322e-14 1.0
  outer loop
    vertex 410.5529428459631 31.97521282803263 7.347947071091029
    vertex 417.91916545676827 30.96581855213284 7.347947071091186
    vertex 417.7862761792959 31.975212828032724 7.347947071091299
  endloop
endfacet
facet normal -3.035988759678887e-15 -2.577506157557322e-14 1.0
  outer loop
    vertex 410.5529428459631 31.97521282803263 7.347947071091029
    vertex 417.7862761792959 31.975212828032724 7.347947071091299
    vertex 417.6862761792861 41.30021282804111 7.347947071295098
  endloop
endfacet
facet normal -3.035988759678887e-15 -2.577506157557322e-14 1.0
  outer loop
    vertex 418.9285597326681 29.217496381405116 7.34794707109148
    vertex 449.65490532939725 0.5277771544875623 7.347947071090758
    vertex 419.73627617929554 28.59771375327331 7.347947071091468
  endloop
endfacet
facet normal -3.035988759678887e-15 -2.577506157557322e-14 1.0
  outer loop
    vertex 419.73627617929554 28.59771375327331 7.347947071091468
    vertex 449.65490532939725 0.5277771544875623 7.347947071090758
    vertex 420.676881903396 28.208102105505237 7.347947071091401
  endloop
endfacet
facet normal -3.035988759678887e-15 -2.577506157557322e-14 1.0
  outer loop
    vertex 420.676881903396 28.208102105505237 7.347947071091401
    vertex 449.65490532939725 0.5277771544875623 7.347947071090758
    vertex 421.68627617929565 28.07521282803268 7.34794707109096
  endloop
endfacet
facet normal -3.035988759678887e-15 -2.577506157557322e-14 1.0
  outer loop
    vertex 421.68627617929565 28.07521282803268 7.34794707109096
    vertex 449.65490532939725 0.5277771544875623 7.347947071090758
    vertex 422.69567045519506 28.208102105505237 7.347947071091457
  endloop
endfacet
facet normal -3.035988759678887e-15 -2.577506157557322e-14 1.0
  outer loop
    vertex 422.69567045519506 28.208102105505237 7.347947071091457
    vertex 449.65490532939725 0.5277771544875623 7.347947071090758
    vertex 423.6362761792964 28.59771375327331 7.3479470710907915
  endloop
endfacet
facet normal -3.035988759678887e-15 -2.577506157557322e-14 1.0
  outer loop
    vertex 423.6362761792964 28.59771375327331 7.3479470710907915
    vertex 449.65490532939725 0.5277771544875623 7.347947071090758
    vertex 424.4439926259235 29.217496381405127 7.347947071091265
  endloop
endfacet
facet normal -3.035988759678887e-15 -2.577506157557322e-14 1.0
  outer loop
    vertex 424.4439926259235 29.217496381405127 7.347947071091265
    vertex 449.65490532939725 0.5277771544875623 7.347947071090758
    vertex 425.06377525405526 30.025212828032696 7.347947071091389
  endloop
endfacet
facet normal -3.035988759678887e-15 -2.577506157557322e-14 1.0
  outer loop
    vertex 425.06377525405526 30.025212828032696 7.347947071091389
    vertex 449.65490532939725 0.5277771544875623 7.347947071090758
    vertex 425.4533869018234 30.965818552132816 7.347947071091141
  endloop
endfacet
facet normal -3.035988759678887e-15 -2.577506157557322e-14 1.0
  outer loop
    vertex 425.4533869018234 30.965818552132816 7.347947071091141
    vertex 449.65490532939725 0.5277771544875623 7.347947071090758
    vertex 449.4006355332411 0.8591480043860339 7.347947071091197
  endloop
endfacet
facet normal -3.035988759678887e-15 -2.577506157557322e-14 1.0
  outer loop
    vertex 425.4533869018234 30.965818552132816 7.347947071091141
    vertex 449.4006355332411 0.8591480043860339 7.347947071091197
    vertex 425.58627617929574 31.9752128280327 7.347947071091186
  endloop
endfacet
facet normal -3.035988759678887e-15 -2.577506157557322e-14 1.0
  outer loop
    vertex 425.58627617929574 31.9752128280327 7.347947071091186
    vertex 449.4006355332411 0.8591480043860339 7.347947071091197
    vertex 425.68627617928604 41.30021282804111 7.347947071295098
  endloop
endfacet
facet normal -3.035988759678887e-15 -2.577506157557322e-14 1.0
  outer loop
    vertex 425.68627617928604 41.30021282804111 7.347947071295098
    vertex 449.4006355332411 0.8591480043860339 7.347947071091197
    vertex 433.34211043786996 30.025212828032696 7.347947071091254
  endloop
endfacet
facet normal -3.035988759678887e-15 -2.577506157557322e-14 1.0
  outer loop
    vertex 425.68627617928604 41.30021282804111 7.347947071295098
    vertex 433.34211043786996 30.025212828032696 7.347947071091254
    vertex 432.9524987901017 30.965818552132816 7.34794707109148
  endloop
endfacet
facet normal -3.035988759678887e-15 -2.577506157557322e-14 1.0
  outer loop
    vertex 425.68627617928604 41.30021282804111 7.347947071295098
    vertex 432.9524987901017 30.965818552132816 7.34794707109148
    vertex 425.68627617928604 49.300212828041104 7.347947071295098
  endloop
endfacet
facet normal -3.035988759678887e-15 -2.577506157557322e-14 1.0
  outer loop
    vertex 425.68627617928604 49.300212828041104 7.347947071295098
    vertex 432.9524987901017 30.965818552132816 7.34794707109148
    vertex 432.81960951262965 31.97521282803271 7.347947071091322
  endloop
endfacet
facet normal -3.035988759678887e-15 -2.577506157557322e-14 1.0
  outer loop
    vertex 433.34211043786996 30.025212828032696 7.347947071091254
    vertex 449.4006355332411 0.8591480043860339 7.347947071091197
    vertex 433.961893066002 29.21749638140513 7.3479470710912205
  endloop
endfacet
facet normal -3.035988759678887e-15 -2.577506157557322e-14 1.0
  outer loop
    vertex 433.961893066002 29.21749638140513 7.3479470710912205
    vertex 449.4006355332411 0.8591480043860339 7.347947071091197
    vertex 434.7696095126291 28.59771375327334 7.347947071091344
  endloop
endfacet
facet normal -3.035988759678887e-15 -2.577506157557322e-14 1.0
  outer loop
    vertex 434.7696095126291 28.59771375327334 7.347947071091344
    vertex 449.4006355332411 0.8591480043860339 7.347947071091197
    vertex 435.71021523672937 28.208102105505244 7.347947071090859
  endloop
endfacet
facet normal -3.035988759678887e-15 -2.577506157557322e-14 1.0
  outer loop
    vertex 435.71021523672937 28.208102105505244 7.347947071090859
    vertex 449.4006355332411 0.8591480043860339 7.347947071091197
    vertex 436.7196095126287 28.07521282803267 7.347947071090803
  endloop
endfacet
facet normal -3.035988759678887e-15 -2.577506157557322e-14 1.0
  outer loop
    vertex 436.7196095126287 28.07521282803267 7.347947071090803
    vertex 449.4006355332411 0.8591480043860339 7.347947071091197
    vertex 437.7290037885291 28.208102105505226 7.347947071091367
  endloop
endfacet
facet normal -3.035988759678887e-15 -2.577506157557322e-14 1.0
  outer loop
    vertex 437.7290037885291 28.208102105505226 7.347947071091367
    vertex 449.4006355332411 0.8591480043860339 7.347947071091197
    vertex 449.2407948572336 1.2450375322220015 7.347947071091073
  endloop
endfacet
facet normal -3.035988759678887e-15 -2.577506157557322e-14 1.0
  outer loop
    vertex 437.7290037885291 28.208102105505226 7.347947071091367
    vertex 449.2407948572336 1.2450375322220015 7.347947071091073
    vertex 438.66960951262945 28.597713753273293 7.347947071091108
  endloop
endfacet
facet normal -3.035988759678887e-15 -2.577506157557322e-14 1.0
  outer loop
    vertex 438.66960951262945 28.597713753273293 7.347947071091108
    vertex 449.2407948572336 1.2450375322220015 7.347947071091073
    vertex 439.47732595925726 29.217496381405063 7.347947071091367
  endloop
endfacet
facet normal -3.035988759678887e-15 -2.577506157557322e-14 1.0
  outer loop
    vertex 439.47732595925726 29.217496381405063 7.347947071091367
    vertex 449.2407948572336 1.2450375322220015 7.347947071091073
    vertex 440.0971085873887 30.025212828032615 7.347947071091017
  endloop
endfacet
facet normal -3.035988759678887e-15 -2.577506157557322e-14 1.0
  outer loop
    vertex 440.0971085873887 30.025212828032615 7.347947071091017
    vertex 449.2407948572336 1.2450375322220015 7.347947071091073
    vertex 440.4867202351571 30.96581855213274 7.347947071091378
  endloop
endfacet
facet normal -3.035988759678887e-15 -2.577506157557322e-14 1.0
  outer loop
    vertex 440.4867202351571 30.96581855213274 7.347947071091378
    vertex 449.2407948572336 1.2450375322220015 7.347947071091073
    vertex 440.61960951262944 31.97521282803262 7.3479470710912205
  endloop
endfacet
facet normal -3.035988759678887e-15 -2.577506157557322e-14 1.0
  outer loop
    vertex 440.61960951262944 31.97521282803262 7.3479470710912205
    vertex 449.2407948572336 1.2450375322220015 7.347947071091073
    vertex 442.1862761792761 54.725212828049536 7.34794707179593
  endloop
endfacet
facet normal -3.035988759678887e-15 -2.577506157557322e-14 1.0
  outer loop
    vertex 442.1862761792761 54.725212828049536 7.34794707179593
    vertex 449.2407948572336 1.2450375322220015 7.347947071091073
    vertex 449.18627617929553 1.6591480043860352 7.347947071091108
  endloop
endfacet
facet normal -3.035988759678887e-15 -2.577506157557322e-14 1.0
  outer loop
    vertex 442.1862761792761 54.725212828049536 7.34794707179593
    vertex 449.18627617929553 1.6591480043860352 7.347947071091108
    vertex 442.1862761792775 100.72521282804945 7.347947071214633
  endloop
endfacet
facet normal -3.035988759678887e-15 -2.577506157557322e-14 1.0
  outer loop
    vertex 442.1862761792775 100.72521282804945 7.347947071214633
    vertex 449.18627617929553 1.6591480043860352 7.347947071091108
    vertex 447.85294284596273 31.97521282803261 7.3479470710914345
  endloop
endfacet
facet normal -3.035988759678887e-15 -2.577506157557322e-14 1.0
  outer loop
    vertex 447.85294284596273 31.97521282803261 7.3479470710914345
    vertex 449.18627617929553 1.6591480043860352 7.347947071091108
    vertex 447.98583212343533 30.965818552132728 7.347947071090995
  endloop
endfacet
facet normal -3.035988759678887e-15 -2.577506157557322e-14 1.0
  outer loop
    vertex 447.98583212343533 30.965818552132728 7.347947071090995
    vertex 449.18627617929553 1.6591480043860352 7.347947071091108
    vertex 448.37544377120355 30.0252128280326 7.347947071091276
  endloop
endfacet
facet normal -3.035988759678887e-15 -2.577506157557322e-14 1.0
  outer loop
    vertex 448.37544377120355 30.0252128280326 7.347947071091276
    vertex 449.18627617929553 1.6591480043860352 7.347947071091108
    vertex 448.99522639933457 29.217496381405024 7.34794707109113
  endloop
endfacet
facet normal -3.035988759678887e-15 -2.577506157557322e-14 1.0
  outer loop
    vertex 450.7862761792956 0.05914800438603456 7.3479470710906
    vertex 469.9862761792957 -1.1408519956139023 7.347947071091108
    vertex 451.2003866514597 0.11366668232352985 7.347947071091231
  endloop
endfacet
facet normal -3.035988759678887e-15 -2.577506157557322e-14 1.0
  outer loop
    vertex 451.2003866514597 0.11366668232352985 7.347947071091231
    vertex 469.9862761792957 -1.1408519956139023 7.347947071091108
    vertex 451.58627617929534 0.273507358330924 7.3479470710909265
  endloop
endfacet
facet normal -3.035988759678887e-15 -2.577506157557322e-14 1.0
  outer loop
    vertex 451.58627617929534 0.273507358330924 7.3479470710909265
    vertex 469.9862761792957 -1.1408519956139023 7.347947071091108
    vertex 451.9176470291943 0.5277771544875611 7.34794707109078
  endloop
endfacet
facet normal -3.035988759678887e-15 -2.577506157557322e-14 1.0
  outer loop
    vertex 451.9176470291943 0.5277771544875611 7.34794707109078
    vertex 469.9862761792957 -1.1408519956139023 7.347947071091108
    vertex 452.17191682535065 0.8591480043860324 7.347947071091164
  endloop
endfacet
facet normal -3.035988759678887e-15 -2.577506157557322e-14 1.0
  outer loop
    vertex 452.17191682535065 0.8591480043860324 7.347947071091164
    vertex 469.9862761792957 -1.1408519956139023 7.347947071091108
    vertex 452.33175750135797 1.2450375322220004 7.347947071091186
  endloop
endfacet
facet normal -3.035988759678887e-15 -2.577506157557322e-14 1.0
  outer loop
    vertex 452.33175750135797 1.2450375322220004 7.347947071091186
    vertex 469.9862761792957 -1.1408519956139023 7.347947071091108
    vertex 452.3862761792946 1.659148004386031 7.347947071090916
  endloop
endfacet
facet normal -3.035988759678887e-15 -2.577506157557322e-14 1.0
  outer loop
    vertex 452.3862761792946 1.659148004386031 7.347947071090916
    vertex 469.9862761792957 -1.1408519956139023 7.347947071091108
    vertex 452.76233712186195 28.20810210550517 7.347947071091062
  endloop
endfacet
facet normal -3.035988759678887e-15 -2.577506157557322e-14 1.0
  outer loop
    vertex 452.76233712186195 28.20810210550517 7.347947071091062
    vertex 469.9862761792957 -1.1408519956139023 7.347947071091108
    vertex 453.70294284596315 28.597713753273254 7.347947071091344
  endloop
endfacet
facet normal -3.035988759678887e-15 -2.577506157557322e-14 1.0
  outer loop
    vertex 453.70294284596315 28.597713753273254 7.347947071091344
    vertex 469.9862761792957 -1.1408519956139023 7.347947071091108
    vertex 454.5106592925908 29.21749638140506 7.347947071091175
  endloop
endfacet
facet normal -3.035988759678887e-15 -2.577506157557322e-14 1.0
  outer loop
    vertex 454.5106592925908 29.21749638140506 7.347947071091175
    vertex 469.9862761792957 -1.1408519956139023 7.347947071091108
    vertex 455.13044192072175 30.025212828032636 7.347947071091524
  endloop
endfacet
facet normal -3.035988759678887e-15 -2.577506157557322e-14 1.0
  outer loop
    vertex 455.13044192072175 30.025212828032636 7.347947071091524
    vertex 469.9862761792957 -1.1408519956139023 7.347947071091108
    vertex 455.52005356848986 30.965818552132774 7.347947071090938
  endloop
endfacet
facet normal -3.035988759678887e-15 -2.577506157557322e-14 1.0
  outer loop
    vertex 455.52005356848986 30.965818552132774 7.347947071090938
    vertex 469.9862761792957 -1.1408519956139023 7.347947071091108
    vertex 455.6529428459625 31.97521282803266 7.347947071091141
  endloop
endfacet
facet normal -3.035988759678887e-15 -2.577506157557322e-14 1.0
  outer loop
    vertex 373.38627617929626 127.95914800438665 7.347947071094142
    vertex 392.5862761792965 126.75914800438667 7.347947071094209
    vertex 469.9862761792961 127.95914800438673 7.347947071094728
  endloop
endfacet
facet normal -3.035988759678887e-15 -2.577506157557322e-14 1.0
  outer loop
    vertex 392.5862761792965 126.75914800438667 7.347947071094209
    vertex 373.38627617929626 127.95914800438665 7.347947071094142
    vertex 392.1721657071323 126.70462932644922 7.347947071094085
  endloop
endfacet
facet normal -3.035988759678887e-15 -2.577506157557322e-14 1.0
  outer loop
    vertex 392.1721657071323 126.70462932644922 7.347947071094085
    vertex 373.38627617929626 127.95914800438665 7.347947071094142
    vertex 391.786276179297 126.54478865044177 7.347947071094886
  endloop
endfacet
facet normal -3.035988759678887e-15 -2.577506157557322e-14 1.0
  outer loop
    vertex 391.786276179297 126.54478865044177 7.347947071094886
    vertex 373.38627617929626 127.95914800438665 7.347947071094142
    vertex 391.4549053293981 126.29051885428512 7.347947071094852
  endloop
endfacet
facet normal -3.035988759678887e-15 -2.577506157557322e-14 1.0
  outer loop
    vertex 391.4549053293981 126.29051885428512 7.347947071094852
    vertex 373.38627617929626 127.95914800438665 7.347947071094142
    vertex 391.2006355332413 125.95914800438665 7.347947071094649
  endloop
endfacet
facet normal -3.035988759678887e-15 -2.577506157557322e-14 1.0
  outer loop
    vertex 391.2006355332413 125.95914800438665 7.347947071094649
    vertex 373.38627617929626 127.95914800438665 7.347947071094142
    vertex 391.04079485723435 125.5732584765507 7.347947071094266
  endloop
endfacet
facet normal -3.035988759678887e-15 -2.577506157557322e-14 1.0
  outer loop
    vertex 391.04079485723435 125.5732584765507 7.347947071094266
    vertex 373.38627617929626 127.95914800438665 7.347947071094142
    vertex 390.98627617929657 125.15914800438665 7.347947071094694
  endloop
endfacet
facet normal -3.035988759678887e-15 -2.577506157557322e-14 1.0
  outer loop
    vertex 390.98627617929657 125.15914800438665 7.347947071094694
    vertex 373.38627617929626 127.95914800438665 7.347947071094142
    vertex 387.7196095126292 31.97521282803266 7.347947071091502
  endloop
endfacet
facet normal -3.035988759678887e-15 -2.577506157557322e-14 1.0
  outer loop
    vertex 390.98627617929657 125.15914800438665 7.347947071094694
    vertex 387.7196095126292 31.97521282803266 7.347947071091502
    vertex 387.8524987901014 32.984607103932454 7.3479470710914345
  endloop
endfacet
facet normal -3.035988759678887e-15 -2.577506157557322e-14 1.0
  outer loop
    vertex 390.98627617929657 125.15914800438665 7.347947071094694
    vertex 387.8524987901014 32.984607103932454 7.3479470710914345
    vertex 388.24211043787 33.92521282803257 7.347947071091276
  endloop
endfacet
facet normal -3.035988759678887e-15 -2.577506157557322e-14 1.0
  outer loop
    vertex 390.98627617929657 125.15914800438665 7.347947071094694
    vertex 388.24211043787 33.92521282803257 7.347947071091276
    vertex 388.861893066002 34.73292927466013 7.347947071091276
  endloop
endfacet
facet normal -3.035988759678887e-15 -2.577506157557322e-14 1.0
  outer loop
    vertex 390.98627617929657 125.15914800438665 7.347947071094694
    vertex 388.861893066002 34.73292927466013 7.347947071091276
    vertex 389.66960951262996 35.352711902791924 7.347947071091231
  endloop
endfacet
facet normal -3.035988759678887e-15 -2.577506157557322e-14 1.0
  outer loop
    vertex 390.98627617929657 125.15914800438665 7.347947071094694
    vertex 389.66960951262996 35.352711902791924 7.347947071091231
    vertex 390.6102152367296 35.74232355055989 7.347947071091975
  endloop
endfacet
facet normal -3.035988759678887e-15 -2.577506157557322e-14 1.0
  outer loop
    vertex 469.9862761792961 127.95914800438673 7.347947071094728
    vertex 392.5862761792965 126.75914800438667 7.347947071094209
    vertex 393.0003866514608 126.7046293264492 7.347947071094277
  endloop
endfacet
facet normal -3.035988759678887e-15 -2.577506157557322e-14 1.0
  outer loop
    vertex 469.9862761792961 127.95914800438673 7.347947071094728
    vertex 393.0003866514608 126.7046293264492 7.347947071094277
    vertex 393.3862761792962 126.54478865044176 7.3479470710944685
  endloop
endfacet
facet normal -3.035988759678887e-15 -2.577506157557322e-14 1.0
  outer loop
    vertex 469.9862761792961 127.95914800438673 7.347947071094728
    vertex 393.3862761792962 126.54478865044176 7.3479470710944685
    vertex 393.71764702919455 126.29051885428514 7.347947071094604
  endloop
endfacet
facet normal -3.035988759678887e-15 -2.577506157557322e-14 1.0
  outer loop
    vertex 469.9862761792961 127.95914800438673 7.347947071094728
    vertex 393.71764702919455 126.29051885428514 7.347947071094604
    vertex 393.9719168253515 125.95914800438668 7.347947071094006
  endloop
endfacet
facet normal -3.035988759678887e-15 -2.577506157557322e-14 1.0
  outer loop
    vertex 469.9862761792961 127.95914800438673 7.347947071094728
    vertex 393.9719168253515 125.95914800438668 7.347947071094006
    vertex 394.1317575013591 125.57325847655066 7.347947071094446
  endloop
endfacet
facet normal -3.035988759678887e-15 -2.577506157557322e-14 1.0
  outer loop
    vertex 469.9862761792961 127.95914800438673 7.347947071094728
    vertex 394.1317575013591 125.57325847655066 7.347947071094446
    vertex 394.1862761792964 125.15914800438665 7.347947071094492
  endloop
endfacet
facet normal -3.035988759678887e-15 -2.577506157557322e-14 1.0
  outer loop
    vertex 469.9862761792961 127.95914800438673 7.347947071094728
    vertex 394.1862761792964 125.15914800438665 7.347947071094492
    vertex 450.7862761792964 126.75914800438699 7.3479470710943
  endloop
endfacet
facet normal -3.035988759678887e-15 -2.577506157557322e-14 1.0
  outer loop
    vertex 450.7862761792964 126.75914800438699 7.3479470710943
    vertex 394.1862761792964 125.15914800438665 7.347947071094492
    vertex 450.37216570713247 126.70462932644952 7.347947071094266
  endloop
endfacet
facet normal -3.035988759678887e-15 -2.577506157557322e-14 1.0
  outer loop
    vertex 450.37216570713247 126.70462932644952 7.347947071094266
    vertex 394.1862761792964 125.15914800438665 7.347947071094492
    vertex 449.9862761792965 126.54478865044207 7.347947071094209
  endloop
endfacet
facet normal -3.035988759678887e-15 -2.577506157557322e-14 1.0
  outer loop
    vertex 449.9862761792965 126.54478865044207 7.347947071094209
    vertex 394.1862761792964 125.15914800438665 7.347947071094492
    vertex 401.1862761792769 100.72521282804956 7.347947071280925
  endloop
endfacet
facet normal -3.035988759678887e-15 -2.577506157557322e-14 1.0
  outer loop
    vertex 401.1862761792769 100.72521282804956 7.347947071280925
    vertex 394.1862761792964 125.15914800438665 7.347947071094492
    vertex 394.37732595925695 34.7329292746601 7.347947071091446
  endloop
endfacet
facet normal -3.035988759678887e-15 -2.577506157557322e-14 1.0
  outer loop
    vertex 401.1862761792769 100.72521282804956 7.347947071280925
    vertex 394.37732595925695 34.7329292746601 7.347947071091446
    vertex 394.9971085873892 33.925212828032556 7.347947071091333
  endloop
endfacet
facet normal -3.035988759678887e-15 -2.577506157557322e-14 1.0
  outer loop
    vertex 401.1862761792769 100.72521282804956 7.347947071280925
    vertex 394.9971085873892 33.925212828032556 7.347947071091333
    vertex 395.3867202351569 32.98460710393242 7.347947071091231
  endloop
endfacet
facet normal -3.035988759678887e-15 -2.577506157557322e-14 1.0
  outer loop
    vertex 401.1862761792769 100.72521282804956 7.347947071280925
    vertex 395.3867202351569 32.98460710393242 7.347947071091231
    vertex 395.51960951262924 31.975212828032628 7.347947071091197
  endloop
endfacet
facet normal -3.035988759678887e-15 -2.577506157557322e-14 1.0
  outer loop
    vertex 449.9862761792965 126.54478865044207 7.347947071094209
    vertex 401.1862761792769 100.72521282804956 7.347947071280925
    vertex 449.65490532939765 126.29051885428547 7.347947071093667
  endloop
endfacet
facet normal -3.035988759678887e-15 -2.577506157557322e-14 1.0
  outer loop
    vertex 449.65490532939765 126.29051885428547 7.347947071093667
    vertex 401.1862761792769 100.72521282804956 7.347947071280925
    vertex 449.4006355332415 125.95914800438699 7.347947071093995
  endloop
endfacet
facet normal -3.035988759678887e-15 -2.577506157557322e-14 1.0
  outer loop
    vertex 449.4006355332415 125.95914800438699 7.347947071093995
    vertex 401.1862761792769 100.72521282804956 7.347947071280925
    vertex 449.240794857234 125.57325847655105 7.347947071094401
  endloop
endfacet
facet normal -3.035988759678887e-15 -2.577506157557322e-14 1.0
  outer loop
    vertex 449.240794857234 125.57325847655105 7.347947071094401
    vertex 401.1862761792769 100.72521282804956 7.347947071280925
    vertex 442.1862761792775 100.72521282804945 7.347947071214633
  endloop
endfacet
facet normal -3.035988759678887e-15 -2.577506157557322e-14 1.0
  outer loop
    vertex 449.240794857234 125.57325847655105 7.347947071094401
    vertex 442.1862761792775 100.72521282804945 7.347947071214633
    vertex 449.1862761792962 125.15914800438699 7.347947071094401
  endloop
endfacet
facet normal -3.035988759678887e-15 -2.577506157557322e-14 1.0
  outer loop
    vertex 449.1862761792962 125.15914800438699 7.347947071094401
    vertex 442.1862761792775 100.72521282804945 7.347947071214633
    vertex 447.85294284596273 31.97521282803261 7.3479470710914345
  endloop
endfacet
facet normal -3.035988759678887e-15 -2.577506157557322e-14 1.0
  outer loop
    vertex 449.1862761792962 125.15914800438699 7.347947071094401
    vertex 447.85294284596273 31.97521282803261 7.3479470710914345
    vertex 447.98583212343533 32.984607103932404 7.347947071090995
  endloop
endfacet
facet normal -3.035988759678887e-15 -2.577506157557322e-14 1.0
  outer loop
    vertex 449.1862761792962 125.15914800438699 7.347947071094401
    vertex 447.98583212343533 32.984607103932404 7.347947071090995
    vertex 448.37544377120355 33.92521282803253 7.347947071091276
  endloop
endfacet
facet normal -3.035988759678887e-15 -2.577506157557322e-14 1.0
  outer loop
    vertex 449.1862761792962 125.15914800438699 7.347947071094401
    vertex 448.37544377120355 33.92521282803253 7.347947071091276
    vertex 448.99522639933457 34.73292927466008 7.34794707109113
  endloop
endfacet
facet normal -3.035988759678887e-15 -2.577506157557322e-14 1.0
  outer loop
    vertex 469.9862761792961 127.95914800438673 7.347947071094728
    vertex 450.7862761792964 126.75914800438699 7.3479470710943
    vertex 451.20038665146035 126.70462932644949 7.3479470710948185
  endloop
endfacet
facet normal -3.035988759678887e-15 -2.577506157557322e-14 1.0
  outer loop
    vertex 469.9862761792961 127.95914800438673 7.347947071094728
    vertex 451.20038665146035 126.70462932644949 7.3479470710948185
    vertex 451.586276179296 126.54478865044206 7.347947071094492
  endloop
endfacet
facet normal -3.035988759678887e-15 -2.577506157557322e-14 1.0
  outer loop
    vertex 469.9862761792961 127.95914800438673 7.347947071094728
    vertex 451.586276179296 126.54478865044206 7.347947071094492
    vertex 451.9176470291948 126.29051885428544 7.3479470710937695
  endloop
endfacet
facet normal -3.035988759678887e-15 -2.577506157557322e-14 1.0
  outer loop
    vertex 469.9862761792961 127.95914800438673 7.347947071094728
    vertex 451.9176470291948 126.29051885428544 7.3479470710937695
    vertex 452.17191682535133 125.95914800438696 7.347947071094401
  endloop
endfacet
facet normal -3.035988759678887e-15 -2.577506157557322e-14 1.0
  outer loop
    vertex 469.9862761792961 127.95914800438673 7.347947071094728
    vertex 452.17191682535133 125.95914800438696 7.347947071094401
    vertex 452.3317575013588 125.57325847655102 7.347947071094457
  endloop
endfacet
facet normal -3.035988759678887e-15 -2.577506157557322e-14 1.0
  outer loop
    vertex 469.9862761792961 127.95914800438673 7.347947071094728
    vertex 452.3317575013588 125.57325847655102 7.347947071094457
    vertex 452.3862761792954 125.15914800438696 7.347947071094367
  endloop
endfacet
facet normal -3.035988759678887e-15 -2.577506157557322e-14 1.0
  outer loop
    vertex 469.9862761792961 127.95914800438673 7.347947071094728
    vertex 452.3862761792954 125.15914800438696 7.347947071094367
    vertex 452.76233712186195 35.7423235505599 7.347947071091062
  endloop
endfacet
facet normal -3.035988759678887e-15 -2.577506157557322e-14 1.0
  outer loop
    vertex 469.9862761792961 127.95914800438673 7.347947071094728
    vertex 452.76233712186195 35.7423235505599 7.347947071091062
    vertex 453.70294284596315 35.352711902791896 7.347947071091344
  endloop
endfacet
facet normal -3.035988759678887e-15 -2.577506157557322e-14 1.0
  outer loop
    vertex 469.9862761792961 127.95914800438673 7.347947071094728
    vertex 453.70294284596315 35.352711902791896 7.347947071091344
    vertex 454.5106592925908 34.732929274660115 7.347947071091175
  endloop
endfacet
facet normal -3.035988759678887e-15 -2.577506157557322e-14 1.0
  outer loop
    vertex 469.9862761792961 127.95914800438673 7.347947071094728
    vertex 454.5106592925908 34.732929274660115 7.347947071091175
    vertex 455.13044192072175 33.92521282803256 7.347947071091524
  endloop
endfacet
facet normal -3.035988759678887e-15 -2.577506157557322e-14 1.0
  outer loop
    vertex 469.9862761792961 127.95914800438673 7.347947071094728
    vertex 455.13044192072175 33.92521282803256 7.347947071091524
    vertex 455.52005356848986 32.98460710393245 7.347947071090938
  endloop
endfacet
facet normal -3.035988759678887e-15 -2.577506157557322e-14 1.0
  outer loop
    vertex 469.9862761792961 127.95914800438673 7.347947071094728
    vertex 455.52005356848986 32.98460710393245 7.347947071090938
    vertex 455.6529428459625 31.97521282803266 7.347947071091141
  endloop
endfacet
facet normal -3.035988759678887e-15 -2.577506157557322e-14 1.0
  outer loop
    vertex 469.9862761792961 127.95914800438673 7.347947071094728
    vertex 455.6529428459625 31.97521282803266 7.347947071091141
    vertex 469.9862761792957 -1.1408519956139023 7.347947071091108
  endloop
endfacet
facet normal -3.035988759678887e-15 -2.577506157557322e-14 1.0
  outer loop
    vertex 449.18627617929553 1.6591480043860352 7.347947071091108
    vertex 449.80294284596204 28.597713753273226 7.347947071091299
    vertex 448.99522639933457 29.217496381405024 7.34794707109113
  endloop
endfacet
facet normal -3.035988759678887e-15 -2.577506157557322e-14 1.0
  outer loop
    vertex 449.80294284596204 28.597713753273226 7.347947071091299
    vertex 449.18627617929553 1.6591480043860352 7.347947071091108
    vertex 449.24079485723365 2.0732584765500666 7.347947071091108
  endloop
endfacet
facet normal -3.035988759678887e-15 -2.577506157557322e-14 1.0
  outer loop
    vertex 449.80294284596204 28.597713753273226 7.347947071091299
    vertex 449.24079485723365 2.0732584765500666 7.347947071091108
    vertex 449.4006355332411 2.459148004386035 7.347947071091231
  endloop
endfacet
facet normal -3.035988759678887e-15 -2.577506157557322e-14 1.0
  outer loop
    vertex 449.80294284596204 28.597713753273226 7.347947071091299
    vertex 449.4006355332411 2.459148004386035 7.347947071091231
    vertex 449.65490532939725 2.7905188542845027 7.34794707109078
  endloop
endfacet
facet normal -3.035988759678887e-15 -2.577506157557322e-14 1.0
  outer loop
    vertex 449.80294284596204 28.597713753273226 7.347947071091299
    vertex 449.65490532939725 2.7905188542845027 7.34794707109078
    vertex 449.98627617929577 3.044788650441139 7.347947071090611
  endloop
endfacet
facet normal -3.035988759678887e-15 -2.577506157557322e-14 1.0
  outer loop
    vertex 449.80294284596204 28.597713753273226 7.347947071091299
    vertex 449.98627617929577 3.044788650441139 7.347947071090611
    vertex 450.74354857006233 28.208102105505137 7.347947071091299
  endloop
endfacet
facet normal -3.035988759678887e-15 -2.577506157557322e-14 1.0
  outer loop
    vertex 450.74354857006233 28.208102105505137 7.347947071091299
    vertex 449.98627617929577 3.044788650441139 7.347947071090611
    vertex 450.3721657071319 3.2046293264485377 7.347947071090769
  endloop
endfacet
facet normal -3.035988759678887e-15 -2.577506157557322e-14 1.0
  outer loop
    vertex 450.74354857006233 28.208102105505137 7.347947071091299
    vertex 450.3721657071319 3.2046293264485377 7.347947071090769
    vertex 450.7862761792956 3.2591480043860366 7.347947071090645
  endloop
endfacet
facet normal -3.035988759678887e-15 -2.577506157557322e-14 1.0
  outer loop
    vertex 450.74354857006233 28.208102105505137 7.347947071091299
    vertex 450.7862761792956 3.2591480043860366 7.347947071090645
    vertex 451.7529428459623 28.075212828032594 7.347947071091096
  endloop
endfacet
facet normal -3.035988759678887e-15 -2.577506157557322e-14 1.0
  outer loop
    vertex 451.7529428459623 28.075212828032594 7.347947071091096
    vertex 450.7862761792956 3.2591480043860366 7.347947071090645
    vertex 451.20038665145984 3.204629326448535 7.347947071091175
  endloop
endfacet
facet normal -3.035988759678887e-15 -2.577506157557322e-14 1.0
  outer loop
    vertex 451.7529428459623 28.075212828032594 7.347947071091096
    vertex 451.20038665145984 3.204629326448535 7.347947071091175
    vertex 451.5862761792955 3.0447886504411388 7.347947071090972
  endloop
endfacet
facet normal -3.035988759678887e-15 -2.577506157557322e-14 1.0
  outer loop
    vertex 451.7529428459623 28.075212828032594 7.347947071091096
    vertex 451.5862761792955 3.0447886504411388 7.347947071090972
    vertex 451.9176470291942 2.790518854284503 7.347947071090746
  endloop
endfacet
facet normal -3.035988759678887e-15 -2.577506157557322e-14 1.0
  outer loop
    vertex 451.7529428459623 28.075212828032594 7.347947071091096
    vertex 451.9176470291942 2.790518854284503 7.347947071090746
    vertex 452.76233712186195 28.20810210550517 7.347947071091062
  endloop
endfacet
facet normal -3.035988759678887e-15 -2.577506157557322e-14 1.0
  outer loop
    vertex 452.76233712186195 28.20810210550517 7.347947071091062
    vertex 451.9176470291942 2.790518854284503 7.347947071090746
    vertex 452.17191682535065 2.4591480043860305 7.347947071091073
  endloop
endfacet
facet normal -3.035988759678887e-15 -2.577506157557322e-14 1.0
  outer loop
    vertex 452.76233712186195 28.20810210550517 7.347947071091062
    vertex 452.17191682535065 2.4591480043860305 7.347947071091073
    vertex 452.33175750135797 2.073258476550062 7.34794707109113
  endloop
endfacet
facet normal -3.035988759678887e-15 -2.577506157557322e-14 1.0
  outer loop
    vertex 452.76233712186195 28.20810210550517 7.347947071091062
    vertex 452.33175750135797 2.073258476550062 7.34794707109113
    vertex 452.3862761792946 1.659148004386031 7.347947071090916
  endloop
endfacet
facet normal -3.035988759678887e-15 -2.577506157557322e-14 1.0
  outer loop
    vertex 391.61960951262944 35.87521282803255 7.347947071091829
    vertex 390.98627617929657 125.15914800438665 7.347947071094694
    vertex 390.6102152367296 35.74232355055989 7.347947071091975
  endloop
endfacet
facet normal -3.035988759678887e-15 -2.577506157557322e-14 1.0
  outer loop
    vertex 390.98627617929657 125.15914800438665 7.347947071094694
    vertex 391.61960951262944 35.87521282803255 7.347947071091829
    vertex 391.04079485723435 124.7450375322226 7.347947071094266
  endloop
endfacet
facet normal -3.035988759678887e-15 -2.577506157557322e-14 1.0
  outer loop
    vertex 391.04079485723435 124.7450375322226 7.347947071094266
    vertex 391.61960951262944 35.87521282803255 7.347947071091829
    vertex 391.2006355332413 124.35914800438665 7.347947071094649
  endloop
endfacet
facet normal -3.035988759678887e-15 -2.577506157557322e-14 1.0
  outer loop
    vertex 391.2006355332413 124.35914800438665 7.347947071094649
    vertex 391.61960951262944 35.87521282803255 7.347947071091829
    vertex 391.4549053293981 124.02777715448818 7.347947071094841
  endloop
endfacet
facet normal -3.035988759678887e-15 -2.577506157557322e-14 1.0
  outer loop
    vertex 391.4549053293981 124.02777715448818 7.347947071094841
    vertex 391.61960951262944 35.87521282803255 7.347947071091829
    vertex 391.7862761792969 123.77350735833161 7.347947071094852
  endloop
endfacet
facet normal -3.035988759678887e-15 -2.577506157557322e-14 1.0
  outer loop
    vertex 391.7862761792969 123.77350735833161 7.347947071094852
    vertex 391.61960951262944 35.87521282803255 7.347947071091829
    vertex 392.6290037885289 35.74232355055989 7.347947071091603
  endloop
endfacet
facet normal -3.035988759678887e-15 -2.577506157557322e-14 1.0
  outer loop
    vertex 391.7862761792969 123.77350735833161 7.347947071094852
    vertex 392.6290037885289 35.74232355055989 7.347947071091603
    vertex 392.1721657071323 123.61366668232417 7.347947071094063
  endloop
endfacet
facet normal -3.035988759678887e-15 -2.577506157557322e-14 1.0
  outer loop
    vertex 392.1721657071323 123.61366668232417 7.347947071094063
    vertex 392.6290037885289 35.74232355055989 7.347947071091603
    vertex 392.5862761792965 123.55914800438667 7.347947071094209
  endloop
endfacet
facet normal -3.035988759678887e-15 -2.577506157557322e-14 1.0
  outer loop
    vertex 392.5862761792965 123.55914800438667 7.347947071094209
    vertex 392.6290037885289 35.74232355055989 7.347947071091603
    vertex 393.0003866514608 123.61366668232415 7.347947071094288
  endloop
endfacet
facet normal -3.035988759678887e-15 -2.577506157557322e-14 1.0
  outer loop
    vertex 393.0003866514608 123.61366668232415 7.347947071094288
    vertex 392.6290037885289 35.74232355055989 7.347947071091603
    vertex 393.5696095126292 35.3527119027919 7.347947071091367
  endloop
endfacet
facet normal -3.035988759678887e-15 -2.577506157557322e-14 1.0
  outer loop
    vertex 393.0003866514608 123.61366668232415 7.347947071094288
    vertex 393.5696095126292 35.3527119027919 7.347947071091367
    vertex 393.38627617929615 123.77350735833159 7.347947071094435
  endloop
endfacet
facet normal -3.035988759678887e-15 -2.577506157557322e-14 1.0
  outer loop
    vertex 393.38627617929615 123.77350735833159 7.347947071094435
    vertex 393.5696095126292 35.3527119027919 7.347947071091367
    vertex 393.71764702919455 124.0277771544882 7.347947071094604
  endloop
endfacet
facet normal -3.035988759678887e-15 -2.577506157557322e-14 1.0
  outer loop
    vertex 393.71764702919455 124.0277771544882 7.347947071094604
    vertex 393.5696095126292 35.3527119027919 7.347947071091367
    vertex 394.37732595925695 34.7329292746601 7.347947071091446
  endloop
endfacet
facet normal -3.035988759678887e-15 -2.577506157557322e-14 1.0
  outer loop
    vertex 393.71764702919455 124.0277771544882 7.347947071094604
    vertex 394.37732595925695 34.7329292746601 7.347947071091446
    vertex 393.9719168253515 124.35914800438667 7.347947071094006
  endloop
endfacet
facet normal -3.035988759678887e-15 -2.577506157557322e-14 1.0
  outer loop
    vertex 393.9719168253515 124.35914800438667 7.347947071094006
    vertex 394.37732595925695 34.7329292746601 7.347947071091446
    vertex 394.1317575013591 124.7450375322226 7.347947071094446
  endloop
endfacet
facet normal -3.035988759678887e-15 -2.577506157557322e-14 1.0
  outer loop
    vertex 394.1317575013591 124.7450375322226 7.347947071094446
    vertex 394.37732595925695 34.7329292746601 7.347947071091446
    vertex 394.1862761792964 125.15914800438665 7.347947071094492
  endloop
endfacet
facet normal -3.035988759678887e-15 -2.577506157557322e-14 1.0
  outer loop
    vertex 390.9862761792957 1.6591480043860556 7.347947071091108
    vertex 391.61960951262927 28.075212828032612 7.347947071091705
    vertex 390.6102152367295 28.20810210550516 7.347947071091908
  endloop
endfacet
facet normal -3.035988759678887e-15 -2.577506157557322e-14 1.0
  outer loop
    vertex 391.61960951262927 28.075212828032612 7.347947071091705
    vertex 390.9862761792957 1.6591480043860556 7.347947071091108
    vertex 391.0407948572338 2.0732584765500874 7.34794707109113
  endloop
endfacet
facet normal -3.035988759678887e-15 -2.577506157557322e-14 1.0
  outer loop
    vertex 391.61960951262927 28.075212828032612 7.347947071091705
    vertex 391.0407948572338 2.0732584765500874 7.34794707109113
    vertex 391.2006355332408 2.4591480043860536 7.347947071091118
  endloop
endfacet
facet normal -3.035988759678887e-15 -2.577506157557322e-14 1.0
  outer loop
    vertex 391.61960951262927 28.075212828032612 7.347947071091705
    vertex 391.2006355332408 2.4591480043860536 7.347947071091118
    vertex 391.4549053293972 2.790518854284523 7.347947071091299
  endloop
endfacet
facet normal -3.035988759678887e-15 -2.577506157557322e-14 1.0
  outer loop
    vertex 391.61960951262927 28.075212828032612 7.347947071091705
    vertex 391.4549053293972 2.790518854284523 7.347947071091299
    vertex 391.786276179296 3.044788650441161 7.347947071091299
  endloop
endfacet
facet normal -3.035988759678887e-15 -2.577506157557322e-14 1.0
  outer loop
    vertex 391.61960951262927 28.075212828032612 7.347947071091705
    vertex 391.786276179296 3.044788650441161 7.347947071091299
    vertex 392.62900378852885 28.20810210550516 7.347947071091559
  endloop
endfacet
facet normal -3.035988759678887e-15 -2.577506157557322e-14 1.0
  outer loop
    vertex 392.62900378852885 28.20810210550516 7.347947071091559
    vertex 391.786276179296 3.044788650441161 7.347947071091299
    vertex 392.1721657071316 3.2046293264485475 7.34794707109078
  endloop
endfacet
facet normal -3.035988759678887e-15 -2.577506157557322e-14 1.0
  outer loop
    vertex 392.62900378852885 28.20810210550516 7.347947071091559
    vertex 392.1721657071316 3.2046293264485475 7.34794707109078
    vertex 392.5862761792957 3.2591480043860392 7.34794707109113
  endloop
endfacet
facet normal -3.035988759678887e-15 -2.577506157557322e-14 1.0
  outer loop
    vertex 392.62900378852885 28.20810210550516 7.347947071091559
    vertex 392.5862761792957 3.2591480043860392 7.34794707109113
    vertex 393.0003866514606 3.2046293264485426 7.3479470710908705
  endloop
endfacet
facet normal -3.035988759678887e-15 -2.577506157557322e-14 1.0
  outer loop
    vertex 392.62900378852885 28.20810210550516 7.347947071091559
    vertex 393.0003866514606 3.2046293264485426 7.3479470710908705
    vertex 393.5696095126291 28.597713753273258 7.347947071091322
  endloop
endfacet
facet normal -3.035988759678887e-15 -2.577506157557322e-14 1.0
  outer loop
    vertex 393.5696095126291 28.597713753273258 7.347947071091322
    vertex 393.0003866514606 3.2046293264485426 7.3479470710908705
    vertex 393.38627617929546 3.04478865044116 7.3479470710909265
  endloop
endfacet
facet normal -3.035988759678887e-15 -2.577506157557322e-14 1.0
  outer loop
    vertex 393.5696095126291 28.597713753273258 7.347947071091322
    vertex 393.38627617929546 3.04478865044116 7.3479470710909265
    vertex 393.71764702919364 2.7905188542845263 7.34794707109096
  endloop
endfacet
facet normal -3.035988759678887e-15 -2.577506157557322e-14 1.0
  outer loop
    vertex 393.5696095126291 28.597713753273258 7.347947071091322
    vertex 393.71764702919364 2.7905188542845263 7.34794707109096
    vertex 394.3773259592569 29.21749638140505 7.347947071091389
  endloop
endfacet
facet normal -3.035988759678887e-15 -2.577506157557322e-14 1.0
  outer loop
    vertex 394.3773259592569 29.21749638140505 7.347947071091389
    vertex 393.71764702919364 2.7905188542845263 7.34794707109096
    vertex 393.9719168253507 2.459148004386052 7.3479470710907915
  endloop
endfacet
facet normal -3.035988759678887e-15 -2.577506157557322e-14 1.0
  outer loop
    vertex 394.3773259592569 29.21749638140505 7.347947071091389
    vertex 393.9719168253507 2.459148004386052 7.3479470710907915
    vertex 394.1317575013582 2.0732584765500874 7.347947071091152
  endloop
endfacet
facet normal -3.035988759678887e-15 -2.577506157557322e-14 1.0
  outer loop
    vertex 394.3773259592569 29.21749638140505 7.347947071091389
    vertex 394.1317575013582 2.0732584765500874 7.347947071091152
    vertex 394.18627617929565 1.6591480043860574 7.347947071090938
  endloop
endfacet
facet normal 0.9961927040202812 0.08717853208652195 5.215272658176674e-14
  outer loop
    vertex 411.4468200025392 64.41174104135983 6.347947519099421
    vertex 411.42402337167886 64.67223908823495 8.147947515591662
    vertex 411.4468200025392 64.41174104135978 8.147947515590703
  endloop
endfacet
facet normal 0.9961927040202812 0.08717853208652195 5.215272658176674e-14
  outer loop
    vertex 411.42402337167886 64.67223908823495 8.147947515591662
    vertex 411.4468200025392 64.41174104135983 6.347947519099421
    vertex 411.4240233716805 64.67223908823502 6.34794705132302
  endloop
endfacet
facet normal -0.96592591034927 -0.2588187313824309 -1.2341438496571433e-06
  outer loop
    vertex 409.0598265943362 87.76144196909415 11.34794875536842
    vertex 409.10043023203156 87.60992219370358 8.14794858847506
    vertex 409.1004302320314 87.60989167612544 11.347948755368432
  endloop
endfacet
facet normal -0.96592591034927 -0.2588187313824309 -1.2341438496571433e-06
  outer loop
    vertex 409.10043023203156 87.60992219370358 8.14794858847506
    vertex 409.0598265943362 87.76144196909415 11.34794875536842
    vertex 409.05982659433585 87.76144196909428 8.147948588475556
  endloop
endfacet
facet normal -0.8191588025426556 -0.5735667844435229 5.828670879282072e-15
  outer loop
    vertex 432.6561095533201 63.97488191050043 11.347947324855552
    vertex 432.74609063242144 63.846372389016096 8.14794751559147
    vertex 432.74609063242144 63.84637238901598 11.347947324856376
  endloop
endfacet
facet normal -0.8191588025426556 -0.5735667844435229 5.828670879282072e-15
  outer loop
    vertex 432.74609063242144 63.846372389016096 8.14794751559147
    vertex 432.6561095533201 63.97488191050043 11.347947324855552
    vertex 432.6561095533207 63.97488191050054 8.147947515591424
  endloop
endfacet
facet normal -0.25872798211314585 -0.9659502219429631 -7.101957910649048e-15
  outer loop
    vertex 433.2792479810544 63.5385415784692 8.147947515591245
    vertex 433.1277129468751 63.5791299573754 11.34794732485579
    vertex 433.1277129468748 63.5791299573755 8.14794751559077
  endloop
endfacet
facet normal -0.25872798211314585 -0.9659502219429631 -7.101957910649048e-15
  outer loop
    vertex 433.1277129468751 63.5791299573754 11.34794732485579
    vertex 433.2792479810544 63.5385415784692 8.147947515591245
    vertex 433.27924798105494 63.538541578469115 11.347947324855925
  endloop
endfacet
facet normal -0.9961918168974261 0.08718866868237647 -3.473332732539802e-13
  outer loop
    vertex 431.9583251294913 64.68533112925061 8.1479475155913
    vertex 431.9355284986331 64.42486359995365 6.347947000909904
    vertex 431.93552849863227 64.42486359995362 8.147947515590602
  endloop
endfacet
facet normal -0.9961918168974261 0.08718866868237647 -3.473332732539802e-13
  outer loop
    vertex 431.9355284986331 64.42486359995365 6.347947000909904
    vertex 431.9583251294913 64.68533112925061 8.1479475155913
    vertex 431.95832512949204 64.68533112925064 6.347947012336961
  endloop
endfacet
facet normal 0.5736320452955581 0.8191131036737447 2.4452662117369073e-14
  outer loop
    vertex 433.90128777597636 88.69915559214111 8.147948588475467
    vertex 434.0297972974603 88.6091592542505 11.34794875536789
    vertex 434.0297972974606 88.6091592542506 8.147948588475105
  endloop
endfacet
facet normal 0.5736320452955581 0.8191131036737447 2.4452662117369073e-14
  outer loop
    vertex 434.0297972974603 88.6091592542505 11.34794875536789
    vertex 433.90128777597636 88.69915559214111 8.147948588475467
    vertex 433.9012877759762 88.69915559214101 11.3479487553678
  endloop
endfacet
facet normal -0.6087614290087177 -0.7933533402912376 -2.3925306180672123e-14
  outer loop
    vertex 394.3773259592566 34.7329292746602 4.347947071091214
    vertex 393.5696095126292 35.3527119027919 7.347947071091367
    vertex 393.56960951263 35.352711902792 4.347947071091203
  endloop
endfacet
facet normal -0.6087614290087177 -0.7933533402912376 -2.3925306180672123e-14
  outer loop
    vertex 393.5696095126292 35.3527119027919 7.347947071091367
    vertex 394.3773259592566 34.7329292746602 4.347947071091214
    vertex 394.37732595925695 34.7329292746601 7.347947071091446
  endloop
endfacet
facet normal 0.9063098270304384 0.4226138869323357 8.944234242136417e-14
  outer loop
    vertex 434.2970092115234 88.2275369397973 8.147948588475366
    vertex 434.2307097730464 88.36971833628164 11.347948755367845
    vertex 434.29700921152227 88.22753693979722 11.347948755368183
  endloop
endfacet
facet normal 0.9063098270304384 0.4226138869323357 8.944234242136417e-14
  outer loop
    vertex 434.2307097730464 88.36971833628164 11.347948755367845
    vertex 434.2970092115234 88.2275369397973 8.147948588475366
    vertex 434.23070977304656 88.36971833628172 8.147948588475016
  endloop
endfacet
facet normal 0.8191588025409267 -0.5735667844459923 -1.7180701306074297e-14
  outer loop
    vertex 434.1407286939444 87.34121491831309 8.147948588474982
    vertex 434.2307097730464 87.46972443979726 11.347948755367845
    vertex 434.1407286939449 87.34121491831299 11.347948755368318
  endloop
endfacet
facet normal 0.8191588025409267 -0.5735667844459923 -1.7180701306074297e-14
  outer loop
    vertex 434.2307097730464 87.46972443979726 11.347948755367845
    vertex 434.1407286939444 87.34121491831309 8.147948588474982
    vertex 434.23070977304656 87.46972443979735 8.147948588475016
  endloop
endfacet
facet normal 0.9659324241922752 0.2587944201369778 -1.9872992140790302e-14
  outer loop
    vertex 410.832485896094 88.07400300425043 8.147948588475128
    vertex 410.7918822583981 88.22555329721921 11.347948755368229
    vertex 410.8324858960946 88.07400300425032 11.347948755368263
  endloop
endfacet
facet normal 0.9659324241922752 0.2587944201369778 -1.9872992140790302e-14
  outer loop
    vertex 410.7918822583981 88.22555329721921 11.347948755368229
    vertex 410.832485896094 88.07400300425043 8.147948588475128
    vertex 410.79188225839863 88.22555329721932 8.147948588475444
  endloop
endfacet
facet normal -0.9233132071056656 0.3840427937098989 -0.0019632075148584838
  outer loop
    vertex 408.6131408033199 88.60552766245357 6.347947091040815
    vertex 408.5185363111329 88.37808015268809 6.347947099066046
    vertex 408.53661797617127 88.43075349253171 8.147948588475511
  endloop
endfacet
facet normal -0.13052619221997222 0.9914448613738208 2.9870203532844635e-14
  outer loop
    vertex 421.6862761792959 28.075212828032768 4.347947071091485
    vertex 422.69567045519506 28.208102105505237 7.347947071091457
    vertex 422.6956704551957 28.208102105505333 4.34794707109091
  endloop
endfacet
facet normal -0.13052619221997222 0.9914448613738208 2.9870203532844635e-14
  outer loop
    vertex 422.69567045519506 28.208102105505237 7.347947071091457
    vertex 421.6862761792959 28.075212828032768 4.347947071091485
    vertex 421.68627617929565 28.07521282803268 7.34794707109096
  endloop
endfacet
facet normal 0.3826834323650565 -0.9238795325113006 -2.7575164374127326e-14
  outer loop
    vertex 420.6768819033962 35.74232355056005 4.347947071091507
    vertex 419.73627617929554 35.35271190279195 7.347947071091468
    vertex 419.7362761792957 35.35271190279203 4.3479470710913155
  endloop
endfacet
facet normal 0.3826834323650565 -0.9238795325113006 -2.7575164374127326e-14
  outer loop
    vertex 419.73627617929554 35.35271190279195 7.347947071091468
    vertex 420.6768819033962 35.74232355056005 4.347947071091507
    vertex 420.676881903396 35.74232355055997 7.347947071091401
  endloop
endfacet
facet normal -0.1192234928688628 0.9928667544892501 0.0011690073274323604
  outer loop
    vertex 409.6856810865235 89.39492585581282 8.147948707684677
    vertex 409.79002068613204 89.409574293313 6.347947082526604
    vertex 409.7442748365244 89.40408112925059 6.347947082501991
  endloop
endfacet
facet normal -0.7933533402912806 0.6087614290086617 1.8415824420969784e-14
  outer loop
    vertex 455.13044192072175 30.025212828032636 7.347947071091524
    vertex 454.5106592925903 29.217496381405187 4.347947071091688
    vertex 454.5106592925908 29.21749638140506 7.347947071091175
  endloop
endfacet
facet normal -0.7933533402912806 0.6087614290086617 1.8415824420969784e-14
  outer loop
    vertex 454.5106592925903 29.217496381405187 4.347947071091688
    vertex 455.13044192072175 30.025212828032636 7.347947071091524
    vertex 455.1304419207223 30.02521282803275 4.3479470710911015
  endloop
endfacet
facet normal -0.6087614290087178 -0.7933533402912375 -2.3953061756287752e-14
  outer loop
    vertex 439.47732595925726 34.73292927466012 7.347947071091367
    vertex 438.669609512629 35.35271190279198 4.347947071091305
    vertex 439.47732595925646 34.73292927466019 4.347947071091034
  endloop
endfacet
facet normal -0.6087614290087178 -0.7933533402912375 -2.3953061756287752e-14
  outer loop
    vertex 438.669609512629 35.35271190279198 4.347947071091305
    vertex 439.47732595925726 34.73292927466012 7.347947071091367
    vertex 438.66960951262945 35.35271190279194 7.347947071091108
  endloop
endfacet
facet normal 0.9914448613738093 0.13052619222005993 3.0531133177191797e-15
  outer loop
    vertex 447.9858321234347 30.965818552132806 4.347947071091733
    vertex 447.85294284596273 31.97521282803261 7.3479470710914345
    vertex 447.98583212343533 30.965818552132728 7.347947071090995
  endloop
endfacet
facet normal 0.9914448613738093 0.13052619222005993 3.0531133177191797e-15
  outer loop
    vertex 447.85294284596273 31.97521282803261 7.3479470710914345
    vertex 447.9858321234347 30.965818552132806 4.347947071091733
    vertex 447.8529428459627 31.97521282803268 4.3479470710910455
  endloop
endfacet
facet normal 0.9238795325112685 -0.38268343236513375 -1.1671219546371958e-14
  outer loop
    vertex 432.9524987901018 32.9846071039326 4.347947071091497
    vertex 433.34211043786996 33.92521282803262 7.347947071091254
    vertex 432.9524987901017 32.98460710393249 7.34794707109148
  endloop
endfacet
facet normal 0.9238795325112685 -0.38268343236513375 -1.1671219546371958e-14
  outer loop
    vertex 433.34211043786996 33.92521282803262 7.347947071091254
    vertex 432.9524987901018 32.9846071039326 4.347947071091497
    vertex 433.3421104378696 33.92521282803273 4.347947071091982
  endloop
endfacet
facet normal 0.9914448613738093 0.13052619222005993 3.0531133177191797e-15
  outer loop
    vertex 387.8524987901018 30.965818552132824 4.347947071091293
    vertex 387.7196095126292 31.97521282803266 7.347947071091502
    vertex 387.8524987901014 30.965818552132777 7.3479470710914345
  endloop
endfacet
facet normal 0.9914448613738093 0.13052619222005993 3.0531133177191797e-15
  outer loop
    vertex 387.7196095126292 31.97521282803266 7.347947071091502
    vertex 387.8524987901018 30.965818552132824 4.347947071091293
    vertex 387.7196095126294 31.97521282803271 4.347947071091507
  endloop
endfacet
facet normal -0.13052619221997222 0.9914448613738208 2.9870203532844635e-14
  outer loop
    vertex 406.65294284596246 28.0752128280326 7.3479470710915695
    vertex 407.6623371218626 28.208102105505237 4.347947071091812
    vertex 406.6529428459628 28.07521282803268 4.347947071091203
  endloop
endfacet
facet normal -0.13052619221997222 0.9914448613738208 2.9870203532844635e-14
  outer loop
    vertex 407.6623371218626 28.208102105505237 4.347947071091812
    vertex 406.65294284596246 28.0752128280326 7.3479470710915695
    vertex 407.66233712186244 28.208102105505166 7.3479470710914905
  endloop
endfacet
facet normal -0.9961951954169538 0.0871500581077099 1.1482481632185682e-13
  outer loop
    vertex 409.0598265943362 88.07400300425029 11.34794875536842
    vertex 409.04615471933505 87.91772248667243 8.147948588475105
    vertex 409.0461547193352 87.91772248667232 11.347948755368229
  endloop
endfacet
facet normal -0.9961951954169538 0.0871500581077099 1.1482481632185682e-13
  outer loop
    vertex 409.04615471933505 87.91772248667243 8.147948588475105
    vertex 409.0598265943362 88.07400300425029 11.34794875536842
    vertex 409.05982659433585 88.07400300425041 8.147948588475556
  endloop
endfacet
facet normal 0.7579528315838333 -0.6523019862769885 -0.003102223903031858
  outer loop
    vertex 411.163998347265 87.04202058237557 6.3479472001331585
    vertex 411.09522698496124 86.95355012339114 8.147948588475817
    vertex 410.9935729322272 86.84399201792235 6.347947209962615
  endloop
endfacet
facet normal 0.8596710879614639 -0.5108385196126333 -0.0031028056862608686
  outer loop
    vertex 411.2974669751953 87.26662995737553 6.347947188986068
    vertex 411.2451903638675 87.16772248667226 8.147948588475794
    vertex 411.163998347265 87.04202058237557 6.3479472001331585
  endloop
endfacet
facet normal 0.422629865286277 -0.9063023761240526 -4.8488990600503725e-14
  outer loop
    vertex 434.18552849863215 63.125821851906935 6.347946943918844
    vertex 433.94855950449204 63.01531770151607 8.147947396381403
    vertex 433.9485595044919 63.015317701516125 6.347946939071727
  endloop
endfacet
facet normal 0.422629865286277 -0.9063023761240526 -4.8488990600503725e-14
  outer loop
    vertex 433.94855950449204 63.01531770151607 8.147947396381403
    vertex 434.18552849863215 63.125821851906935 6.347946943918844
    vertex 434.18552849863215 63.12582185190687 8.147947515590692
  endloop
endfacet
facet normal 0.6532472035584994 0.757138386593244 -0.003091049980197172
  outer loop
    vertex 410.9103362378896 89.06680085581299 8.14794858847515
    vertex 411.0211608228513 88.9638345472192 6.3479471047481875
    vertex 410.8233306226559 89.13451936167246 6.347947096277978
  endloop
endfacet
facet normal 0.0870673503828189 0.9961975458347709 0.0031186808261002156
  outer loop
    vertex 433.45127556894454 89.41970612925047 8.147948707684495
    vertex 433.71175835703053 89.39694001596921 8.147948707684384
    vertex 433.59780572031235 89.41253449839115 6.347946949860242
  endloop
endfacet
facet normal 0.5735015126723312 0.8192045013075477 1.3751499938763345e-13
  outer loop
    vertex 433.8855254468754 65.20428254526625 8.147947515591403
    vertex 434.0140349683588 65.11431672495347 11.347947324855992
    vertex 434.0140349683591 65.11431672495357 8.147947515590669
  endloop
endfacet
facet normal 0.5735015126723312 0.8192045013075477 1.3751499938763345e-13
  outer loop
    vertex 434.0140349683588 65.11431672495347 11.347947324855992
    vertex 433.8855254468754 65.20428254526625 8.147947515591403
    vertex 433.88552544687485 65.20428254526615 11.347947324856138
  endloop
endfacet
facet normal -0.9961951954174122 -0.0871500581024718 -1.4283019211802641e-13
  outer loop
    vertex 409.0468108472646 64.41174104135965 11.34794732485642
    vertex 409.0604827222657 64.25546052378161 8.147947515590308
    vertex 409.0604827222653 64.2554605237815 11.347947324856387
  endloop
endfacet
facet normal -0.9961951954174122 -0.0871500581024718 -1.4283019211802641e-13
  outer loop
    vertex 409.0604827222657 64.25546052378161 8.147947515590308
    vertex 409.0468108472646 64.41174104135965 11.34794732485642
    vertex 409.0468108472664 64.41174104135978 8.147947515590895
  endloop
endfacet
facet normal 0.40528288396107337 0.9141913278784671 6.619704784327495e-14
  outer loop
    vertex 410.117947321875 71.22353913706296 5.44190683518254
    vertex 410.1936003980465 71.19000031870362 6.3479472950541895
    vertex 410.19360039804667 71.19000031870364 5.408374036892931
  endloop
endfacet
facet normal 0.40528288396107337 0.9141913278784671 6.619704784327495e-14
  outer loop
    vertex 410.1936003980465 71.19000031870362 6.3479472950541895
    vertex 410.117947321875 71.22353913706296 5.44190683518254
    vertex 410.11794732187536 71.22353913706294 6.347947295053817
  endloop
endfacet
facet normal -0.8296216604859448 -0.5583253433135241 -0.0008434846646447614
  outer loop
    vertex 408.6371428785164 87.18527009409418 6.347947157096703
    vertex 408.7746856031251 86.98089387339115 6.347947170080674
    vertex 408.64712212656207 87.16772248667226 8.147948588474902
  endloop
endfacet
facet normal -0.9062981153070262 0.42262787837149934 0.003066368232580053
  outer loop
    vertex 432.1522490796887 88.66970612925049 8.14794858847505
    vertex 432.1021849927732 88.57540681284435 6.347947032140931
    vertex 432.0417449292969 88.43273713510992 8.147948588475703
  endloop
endfacet
facet normal -0.2588817936742982 -0.9659045462365871 0.002936743684958488
  outer loop
    vertex 432.93825982187434 86.51019074839112 8.147948469266133
    vertex 433.0285155591796 86.48052766245371 6.347947186712848
    vertex 433.1908080396483 86.44250276010989 8.147948469265557
  endloop
endfacet
facet normal 0.3550997012285931 0.9348233251565048 -0.0030907815678022504
  outer loop
    vertex 410.4591796216799 89.32726838510979 8.147948707684586
    vertex 410.5988890943366 89.26824738901615 6.347947089639935
    vertex 410.3546569166012 89.36102082651615 6.347947085034637
  endloop
endfacet
facet normal 0.8677939278723033 0.4969242384387783 2.90281687576055e-13
  outer loop
    vertex 409.82076714609394 71.49044587534435 5.482446755512743
    vertex 409.7802245435547 71.56124665659426 6.347947295054449
    vertex 409.8207671460933 71.49044587534432 6.347947295054979
  endloop
endfacet
facet normal 0.8677939278723033 0.4969242384387783 2.90281687576055e-13
  outer loop
    vertex 409.7802245435547 71.56124665659426 6.347947295054449
    vertex 409.82076714609394 71.49044587534435 5.482446755512743
    vertex 409.78022454355516 71.56124665659428 5.441905464275496
  endloop
endfacet
facet normal -0.9063191295539659 -0.4225832562634468 0.003004485034683202
  outer loop
    vertex 432.0417449292969 87.40670564096939 8.147948588475703
    vertex 432.07941887949147 87.31310822886005 6.347947131668411
    vertex 432.1522490796887 87.16970612925066 8.14794858847505
  endloop
endfacet
facet normal 0.3124734368013954 0.9499264978373456 -1.3114509478384662e-15
  outer loop
    vertex 410.19360039804667 71.19000031870364 5.408374036892931
    vertex 410.27357171152266 71.16369416635987 6.347947295054799
    vertex 410.2735717115228 71.16369416635989 5.382065559967619
  endloop
endfacet
facet normal 0.3124734368013954 0.9499264978373456 -1.3114509478384662e-15
  outer loop
    vertex 410.27357171152266 71.16369416635987 6.347947295054799
    vertex 410.19360039804667 71.19000031870364 5.408374036892931
    vertex 410.1936003980465 71.19000031870362 6.3479472950541895
  endloop
endfacet
facet normal 0.4225339892604497 0.9063470791698126 6.28663787693995e-14
  outer loop
    vertex 433.7591063794923 88.76543977182867 11.34794875536825
    vertex 433.90128777597636 88.69915559214111 8.147948588475467
    vertex 433.7591063794928 88.76543977182875 8.147948588475387
  endloop
endfacet
facet normal 0.4225339892604497 0.9063470791698126 6.28663787693995e-14
  outer loop
    vertex 433.90128777597636 88.69915559214111 8.147948588475467
    vertex 433.7591063794923 88.76543977182867 11.34794875536825
    vertex 433.9012877759762 88.69915559214101 11.3479487553678
  endloop
endfacet
facet normal -0.2587279821131445 0.9659502219429635 5.0938420148582964e-14
  outer loop
    vertex 433.1277129468752 65.27059724253165 11.347947324855992
    vertex 433.2792479810544 65.31118562143803 8.147947515591198
    vertex 433.12771294687474 65.27059724253175 8.147947515590872
  endloop
endfacet
facet normal -0.2587279821131445 0.9659502219429635 5.0938420148582964e-14
  outer loop
    vertex 433.2792479810544 65.31118562143803 8.147947515591198
    vertex 433.1277129468752 65.27059724253165 11.347947324855992
    vertex 433.27924798105494 65.31118562143793 11.347947324856195
  endloop
endfacet
facet normal 0.8191661206016604 0.5735563327681302 2.6356694604601216e-13
  outer loop
    vertex 411.2458617505859 65.16174104135986 6.347947070002219
    vertex 411.09588311289053 65.37594392221908 8.147947515591108
    vertex 411.245861750586 65.16174104135979 8.147947515591447
  endloop
endfacet
facet normal 0.8191661206016604 0.5735563327681302 2.6356694604601216e-13
  outer loop
    vertex 411.09588311289053 65.37594392221908 8.147947515591108
    vertex 411.2458617505859 65.16174104135986 6.347947070002219
    vertex 411.0958831128912 65.37594392221916 6.34794707830667
  endloop
endfacet
facet normal 0.996196672479559 0.08713317244685975 -2.5424107263916085e-14
  outer loop
    vertex 410.8468138990239 64.41174104135978 8.14794751559077
    vertex 410.83314202402363 64.56805207651584 11.34794732485615
    vertex 410.8468138990236 64.41174104135968 11.34794732485632
  endloop
endfacet
facet normal 0.996196672479559 0.08713317244685975 -2.5424107263916085e-14
  outer loop
    vertex 410.83314202402363 64.56805207651584 11.34794732485615
    vertex 410.8468138990239 64.41174104135978 8.14794751559077
    vertex 410.8331420240232 64.56805207651595 8.147947515591369
  endloop
endfacet
facet normal -0.22023906553055878 -0.9754459257253711 3.1114000265120006e-14
  outer loop
    vertex 433.0989653882811 85.09542634409438 5.382065261944717
    vertex 433.01516411874985 85.11434724253178 6.347947295054212
    vertex 433.01516411874945 85.11434724253178 5.363151277645758
  endloop
endfacet
facet normal -0.22023906553055878 -0.9754459257253711 3.1114000265120006e-14
  outer loop
    vertex 433.01516411874985 85.11434724253178 6.347947295054212
    vertex 433.0989653882811 85.09542634409438 5.382065261944717
    vertex 433.0989653882817 85.09542634409438 6.347947295054449
  endloop
endfacet
facet normal 0.99619278628573 0.08712018685102922 0.003163162233510028
  outer loop
    vertex 434.9284941968752 88.18020417612559 8.1479485884747
    vertex 434.9512755689456 87.9197061292504 8.14794858847497
    vertex 434.9461180982423 88.0440347425317 6.347947042666704
  endloop
endfacet
facet normal -0.5852952890961646 -0.8108202171476128 5.151236154549155e-06
  outer loop
    vertex 433.39092705820246 84.94775178354755 5.529734577282939
    vertex 433.325405817968 84.99505402964122 6.347947295054708
    vertex 433.32540581796883 84.99505402964122 5.482447470769177
  endloop
endfacet
facet normal -0.5852952890961646 -0.8108202171476128 5.151236154549155e-06
  outer loop
    vertex 433.325405817968 84.99505402964122 6.347947295054708
    vertex 433.39092705820246 84.94775178354755 5.529734577282939
    vertex 433.39094231699244 84.94775178354755 6.347947295053863
  endloop
endfacet
facet normal 0.8677939278718376 -0.4969242384395917 1.6972534488957083e-13
  outer loop
    vertex 409.78022454355516 84.69787385385999 5.441905345066928
    vertex 409.82076714609343 84.76867463510987 6.34794729505543
    vertex 409.7802245435547 84.69787385385997 6.347947295054742
  endloop
endfacet
facet normal 0.8677939278718376 -0.4969242384395917 1.6972534488957083e-13
  outer loop
    vertex 409.82076714609343 84.76867463510987 6.34794729505543
    vertex 409.78022454355516 84.69787385385999 5.441905345066928
    vertex 409.8207671460938 84.7686746351099 5.48244663630395
  endloop
endfacet
facet normal 0.08714161446000157 0.9961959340557984 5.449980744476335e-14
  outer loop
    vertex 409.94614861582085 88.81771638315661 8.147948588475693
    vertex 410.1024443921868 88.80404450815657 11.347948755368003
    vertex 410.1024443921875 88.80404450815665 8.147948588475343
  endloop
endfacet
facet normal 0.08714161446000157 0.9961959340557984 5.449980744476335e-14
  outer loop
    vertex 410.1024443921868 88.80404450815657 11.347948755368003
    vertex 409.94614861582085 88.81771638315661 8.147948588475693
    vertex 409.9461486158197 88.81771638315654 11.347948755368229
  endloop
endfacet
facet normal 0.9659145605547376 0.25884175686185956 0.0031633230967546694
  outer loop
    vertex 434.86082146738306 88.43273713510985 8.147948588475296
    vertex 434.9284941968752 88.18020417612559 8.1479485884747
    vertex 434.90212700937525 88.30059602182861 6.347947022973446
  endloop
endfacet
facet normal 0.49698441358226103 -0.8677594670508046 -1.2299883334065956e-13
  outer loop
    vertex 410.11794732187536 85.03561189096926 6.34794729505402
    vertex 410.0471312818359 84.9950540296412 5.482447530373985
    vertex 410.117947321875 85.03561189096928 5.4419067159737695
  endloop
endfacet
facet normal 0.49698441358226103 -0.8677594670508046 -1.2299883334065956e-13
  outer loop
    vertex 410.0471312818359 84.9950540296412 5.482447530373985
    vertex 410.11794732187536 85.03561189096926 6.34794729505402
    vertex 410.0471312818366 84.99505402964118 6.347947295054223
  endloop
endfacet
facet normal 0.5735472141355007 0.819172505127831 1.3730683257051626e-13
  outer loop
    vertex 410.39616082285187 88.6971414319848 11.347948755368522
    vertex 410.5246550855475 88.60717561167222 8.147948588475241
    vertex 410.39616082285187 88.6971414319849 8.147948588475195
  endloop
endfacet
facet normal 0.5735472141355007 0.819172505127831 1.3730683257051626e-13
  outer loop
    vertex 410.5246550855475 88.60717561167222 8.147948588475241
    vertex 410.39616082285187 88.6971414319848 11.347948755368522
    vertex 410.52465508554553 88.60717561167212 11.347948755368387
  endloop
endfacet
facet normal -0.5736320452950185 0.8191131036741226 -4.0314973581701e-14
  outer loop
    vertex 432.87276909921934 88.60915925425061 8.147948588475455
    vertex 433.00127862070315 88.69915559214103 11.34794875536886
    vertex 433.0012786207028 88.69915559214112 8.147948588474982
  endloop
endfacet
facet normal -0.5736320452950185 0.8191131036741226 -4.0314973581701e-14
  outer loop
    vertex 433.00127862070315 88.69915559214103 11.34794875536886
    vertex 432.87276909921934 88.60915925425061 8.147948588475455
    vertex 432.8727690992179 88.60915925425051 11.34794875536824
  endloop
endfacet
facet normal 0.996186746354571 -0.08724658381560586 1.664640647547344e-13
  outer loop
    vertex 434.32185052011806 64.26858308237561 8.147947515591177
    vertex 434.3355376539057 64.42486359995348 11.34794732485607
    vertex 434.3218505201171 64.26858308237551 11.347947324856488
  endloop
endfacet
facet normal 0.996186746354571 -0.08724658381560586 1.664640647547344e-13
  outer loop
    vertex 434.3355376539057 64.42486359995348 11.34794732485607
    vertex 434.32185052011806 64.26858308237561 8.147947515591177
    vertex 434.33553765390576 64.4248635999536 8.147947515591323
  endloop
endfacet
facet normal -0.42253398925956803 0.9063470791702234 6.279698983036042e-14
  outer loop
    vertex 433.00127862070315 88.69915559214103 11.34794875536886
    vertex 433.1434600171864 88.76543977182878 8.14794858847542
    vertex 433.0012786207028 88.69915559214112 8.147948588474982
  endloop
endfacet
facet normal -0.42253398925956803 0.9063470791702234 6.279698983036042e-14
  outer loop
    vertex 433.1434600171864 88.76543977182878 8.14794858847542
    vertex 433.00127862070315 88.69915559214103 11.34794875536886
    vertex 433.1434600171879 88.76543977182867 11.347948755368297
  endloop
endfacet
facet normal 0.0871416144600505 -0.996195934055794 -3.725839081702986e-14
  outer loop
    vertex 433.60757134531224 87.03338410776622 8.14794858847515
    vertex 433.4512755689465 87.01971223276618 11.347948755367428
    vertex 433.4512755689453 87.01971223276625 8.147948588474653
  endloop
endfacet
facet normal 0.0871416144600505 -0.996195934055794 -3.725839081702986e-14
  outer loop
    vertex 433.4512755689465 87.01971223276618 11.347948755367428
    vertex 433.60757134531224 87.03338410776622 8.14794858847515
    vertex 433.6075713453126 87.03338410776614 11.347948755368048
  endloop
endfacet
facet normal 0.4226937747556736 -0.9062725709094366 4.424932642521638e-14
  outer loop
    vertex 433.8855254468756 63.64544465464114 8.147947515591232
    vertex 433.74334405039053 63.579129957375386 11.347947324856026
    vertex 433.7433440503907 63.57912995737548 8.147947515591131
  endloop
endfacet
facet normal 0.4226937747556736 -0.9062725709094366 4.424932642521638e-14
  outer loop
    vertex 433.74334405039053 63.579129957375386 11.347947324856026
    vertex 433.8855254468756 63.64544465464114 8.147947515591232
    vertex 433.88552544687485 63.64544465464103 11.347947324855959
  endloop
endfacet
facet normal 0.5074326399608026 0.8616858102102272 -0.003111331669095878
  outer loop
    vertex 434.2012755689451 89.21874787729733 8.147948707684801
    vertex 434.32171319101604 89.14132478159429 6.347946963231948
    vertex 434.09742425058585 89.27340485971925 6.347946955308813
  endloop
endfacet
facet normal 0.7070776010863655 0.7071359600826072 -4.925226892993351e-14
  outer loop
    vertex 410.9109923658193 65.56081941050039 6.34794708557563
    vertex 411.09588311289053 65.37594392221908 8.147947515591108
    vertex 411.0958831128912 65.37594392221916 6.34794707830667
  endloop
endfacet
facet normal 0.7070776010863655 0.7071359600826072 -4.925226892993351e-14
  outer loop
    vertex 411.09588311289053 65.37594392221908 8.147947515591108
    vertex 410.9109923658193 65.56081941050039 6.34794708557563
    vertex 410.91099236582085 65.56081941050032 8.147947515590918
  endloop
endfacet
facet normal 0.9998686389140768 0.016207916293903248 -9.146322345701674e-05
  outer loop
    vertex 434.9501769361318 87.97732331675063 6.347947042857075
    vertex 434.9512755689456 87.9197061292504 8.14794858847497
    vertex 434.95126031015525 87.91048982065679 6.347947043366304
  endloop
endfacet
facet normal -0.08718824918405373 -0.9961870238152105 0.003102061639120161
  outer loop
    vertex 409.94614861582 86.41772248667239 8.147948469265963
    vertex 409.685681086523 86.44051911753168 8.147948469265895
    vertex 409.83503411386675 86.42184235971918 6.347947223338573
  endloop
endfacet
facet normal -0.08715005810274279 0.9961951954173883 2.9917041066696015e-14
  outer loop
    vertex 433.2949950513663 88.80605866831306 8.147948588475094
    vertex 433.4512755689465 88.81973054331293 11.347948755367428
    vertex 433.4512755689453 88.81973054331301 8.147948588474653
  endloop
endfacet
facet normal -0.08715005810274279 0.9961951954173883 2.9917041066696015e-14
  outer loop
    vertex 433.4512755689465 88.81973054331293 11.347948755367428
    vertex 433.2949950513663 88.80605866831306 8.147948588475094
    vertex 433.29499505136727 88.80605866831297 11.34794875536851
  endloop
endfacet
facet normal -0.40535121089923265 -0.9141610338570146 -3.821595817576906e-13
  outer loop
    vertex 433.2545897779302 85.03561189096932 5.441906537159481
    vertex 433.1789519605471 85.06915070932864 6.347947295054348
    vertex 433.1789519605471 85.06915070932864 5.408373679264815
  endloop
endfacet
facet normal -0.40535121089923265 -0.9141610338570146 -3.821595817576906e-13
  outer loop
    vertex 433.1789519605471 85.06915070932864 6.347947295054348
    vertex 433.2545897779302 85.03561189096932 5.441906537159481
    vertex 433.25458977792886 85.03561189096932 6.34794729505384
  endloop
endfacet
facet normal 0.25877276128642684 -0.9659332368216669 0.0031048380659688653
  outer loop
    vertex 410.2066314039065 86.4405191175317 8.147948469266437
    vertex 410.3169677076169 86.46429231089101 6.347947228808315
    vertex 410.45917962168005 86.50817658823472 8.14794846926629
  endloop
endfacet
facet normal 0.819049081672383 -0.5737234541236975 -4.027334021827756e-14
  outer loop
    vertex 410.6355864820308 87.33923127573472 8.147948588475534
    vertex 410.7255828199217 87.46771027964087 11.34794875536869
    vertex 410.63558648203065 87.33923127573462 11.347948755368465
  endloop
endfacet
facet normal 0.819049081672383 -0.5737234541236975 -4.027334021827756e-14
  outer loop
    vertex 410.7255828199217 87.46771027964087 11.34794875536869
    vertex 410.6355864820308 87.33923127573472 8.147948588475534
    vertex 410.725582819922 87.46771027964098 8.147948588474845
  endloop
endfacet
facet normal -0.8677939278713727 0.4969242384404038 1.0171030684347218e-13
  outer loop
    vertex 433.59231255624974 71.56124665659429 6.3479472950539755
    vertex 433.55176995371056 71.49044587534436 5.4824466363035445
    vertex 433.55176995371045 71.49044587534436 6.347947295053738
  endloop
endfacet
facet normal -0.8677939278713727 0.4969242384404038 1.0171030684347218e-13
  outer loop
    vertex 433.55176995371056 71.49044587534436 5.4824466363035445
    vertex 433.59231255624974 71.56124665659429 6.3479472950539755
    vertex 433.5923125562498 71.56124665659429 5.441905345066782
  endloop
endfacet
facet normal -0.5735703865048195 -0.8191528230552794 0.0023799590917500113
  outer loop
    vertex 408.9819762525385 86.76864411753171 8.1479485884754
    vertex 409.1399962720694 86.65276887339112 6.347947194672384
    vertex 409.19614861582096 86.61868073862553 8.147948588475218
  endloop
endfacet
facet normal 0.9063247283638656 0.4225819290459137 -3.32095462241e-14
  outer loop
    vertex 411.3563506421878 64.92477204721929 6.347947060916241
    vertex 411.245861750586 65.16174104135979 8.147947515591447
    vertex 411.356350642188 64.92477204721922 8.147947515591108
  endloop
endfacet
facet normal 0.9063247283638656 0.4225819290459137 -3.32095462241e-14
  outer loop
    vertex 411.245861750586 65.16174104135979 8.147947515591447
    vertex 411.3563506421878 64.92477204721929 6.347947060916241
    vertex 411.2458617505859 65.16174104135986 6.347947070002219
  endloop
endfacet
facet normal 0.5736320452963305 -0.819113103673204 -2.4730217873525368e-14
  outer loop
    vertex 434.0297972974603 87.23028352182857 11.34794875536789
    vertex 433.90128777597636 87.14028718393799 8.147948588475467
    vertex 434.0297972974606 87.23028352182867 8.147948588475105
  endloop
endfacet
facet normal 0.5736320452963305 -0.819113103673204 -2.4730217873525368e-14
  outer loop
    vertex 433.90128777597636 87.14028718393799 8.147948588475467
    vertex 434.0297972974603 87.23028352182857 11.34794875536789
    vertex 433.9012877759762 87.14028718393789 11.3479487553678
  endloop
endfacet
facet normal 9.062195438502838e-14 -3.0079631987167214e-14 1.0
  outer loop
    vertex 432.56495354746096 87.76342561167222 11.347948755368364
    vertex 432.56495354746096 88.07601716440654 11.347948755368364
    vertex 432.55128167246176 87.91970612925037 11.347948755367856
  endloop
endfacet
facet normal 9.062195438502838e-14 -3.0079631987167214e-14 1.0
  outer loop
    vertex 432.56495354746096 88.07601716440654 11.347948755368364
    vertex 432.56495354746096 87.76342561167222 11.347948755368364
    vertex 432.605557185157 87.6119058362817 11.347948755368161
  endloop
endfacet
facet normal 9.062195438502838e-14 -3.0079631987167214e-14 1.0
  outer loop
    vertex 432.56495354746096 88.07601716440654 11.347948755368364
    vertex 432.605557185157 87.6119058362817 11.347948755368161
    vertex 432.605557185157 88.22753693979725 11.347948755368161
  endloop
endfacet
facet normal 9.062195438502838e-14 -3.0079631987167214e-14 1.0
  outer loop
    vertex 432.605557185157 88.22753693979725 11.347948755368161
    vertex 432.605557185157 87.6119058362817 11.347948755368161
    vertex 432.6718566236325 87.46972443979728 11.34794875536869
  endloop
endfacet
facet normal 9.062195438502838e-14 -3.0079631987167214e-14 1.0
  outer loop
    vertex 432.605557185157 88.22753693979725 11.347948755368161
    vertex 432.6718566236325 87.46972443979728 11.34794875536869
    vertex 432.6718566236325 88.36971833628165 11.34794875536869
  endloop
endfacet
facet normal 9.062195438502838e-14 -3.0079631987167214e-14 1.0
  outer loop
    vertex 432.6718566236325 88.36971833628165 11.34794875536869
    vertex 432.6718566236325 87.46972443979728 11.34794875536869
    vertex 432.7618377027344 87.34121491831301 11.347948755367913
  endloop
endfacet
facet normal 9.062195438502838e-14 -3.0079631987167214e-14 1.0
  outer loop
    vertex 432.6718566236325 88.36971833628165 11.34794875536869
    vertex 432.7618377027344 87.34121491831301 11.347948755367913
    vertex 432.7618377027344 88.4982278577661 11.347948755367913
  endloop
endfacet
facet normal 9.062195438502838e-14 -3.0079631987167214e-14 1.0
  outer loop
    vertex 432.7618377027344 88.4982278577661 11.347948755367913
    vertex 432.7618377027344 87.34121491831301 11.347948755367913
    vertex 432.8727690992179 87.2302835218286 11.34794875536824
  endloop
endfacet
facet normal 9.062195438502838e-14 -3.0079631987167214e-14 1.0
  outer loop
    vertex 432.7618377027344 88.4982278577661 11.347948755367913
    vertex 432.8727690992179 87.2302835218286 11.34794875536824
    vertex 432.8727690992179 88.60915925425051 11.34794875536824
  endloop
endfacet
facet normal 9.062195438502838e-14 -3.0079631987167214e-14 1.0
  outer loop
    vertex 432.8727690992179 88.60915925425051 11.34794875536824
    vertex 432.8727690992179 87.2302835218286 11.34794875536824
    vertex 433.00127862070315 87.1402871839379 11.34794875536886
  endloop
endfacet
facet normal 9.062195438502838e-14 -3.0079631987167214e-14 1.0
  outer loop
    vertex 432.8727690992179 88.60915925425051 11.34794875536824
    vertex 433.00127862070315 87.1402871839379 11.34794875536886
    vertex 433.00127862070315 88.69915559214103 11.34794875536886
  endloop
endfacet
facet normal 9.062195438502838e-14 -3.0079631987167214e-14 1.0
  outer loop
    vertex 433.00127862070315 88.69915559214103 11.34794875536886
    vertex 433.00127862070315 87.1402871839379 11.34794875536886
    vertex 433.1434600171879 87.07400300425044 11.347948755368297
  endloop
endfacet
facet normal 9.062195438502838e-14 -3.0079631987167214e-14 1.0
  outer loop
    vertex 433.00127862070315 88.69915559214103 11.34794875536886
    vertex 433.1434600171879 87.07400300425044 11.347948755368297
    vertex 433.1434600171879 88.76543977182867 11.347948755368297
  endloop
endfacet
facet normal 9.062195438502838e-14 -3.0079631987167214e-14 1.0
  outer loop
    vertex 433.1434600171879 88.76543977182867 11.347948755368297
    vertex 433.1434600171879 87.07400300425044 11.347948755368297
    vertex 433.29499505136727 87.03338410776614 11.34794875536851
  endloop
endfacet
facet normal 9.062195438502838e-14 -3.0079631987167214e-14 1.0
  outer loop
    vertex 433.1434600171879 88.76543977182867 11.347948755368297
    vertex 433.29499505136727 87.03338410776614 11.34794875536851
    vertex 433.29499505136727 88.80605866831297 11.34794875536851
  endloop
endfacet
facet normal 9.062195438502838e-14 -3.0079631987167214e-14 1.0
  outer loop
    vertex 433.29499505136727 88.80605866831297 11.34794875536851
    vertex 433.29499505136727 87.03338410776614 11.34794875536851
    vertex 433.4512755689465 87.01971223276618 11.347948755367428
  endloop
endfacet
facet normal 9.062195438502838e-14 -3.0079631987167214e-14 1.0
  outer loop
    vertex 433.29499505136727 88.80605866831297 11.34794875536851
    vertex 433.4512755689465 87.01971223276618 11.347948755367428
    vertex 433.4512755689465 88.81973054331293 11.347948755367428
  endloop
endfacet
facet normal 9.062195438502838e-14 -3.0079631987167214e-14 1.0
  outer loop
    vertex 433.4512755689465 88.81973054331293 11.347948755367428
    vertex 433.4512755689465 87.01971223276618 11.347948755367428
    vertex 433.6075713453126 87.03338410776614 11.347948755368048
  endloop
endfacet
facet normal 9.062195438502838e-14 -3.0079631987167214e-14 1.0
  outer loop
    vertex 433.4512755689465 88.81973054331293 11.347948755367428
    vertex 433.6075713453126 87.03338410776614 11.347948755368048
    vertex 433.6075713453126 88.80605866831297 11.347948755368048
  endloop
endfacet
facet normal 9.062195438502838e-14 -3.0079631987167214e-14 1.0
  outer loop
    vertex 433.6075713453126 88.80605866831297 11.347948755368048
    vertex 433.6075713453126 87.03338410776614 11.347948755368048
    vertex 433.7591063794923 87.07400300425043 11.34794875536825
  endloop
endfacet
facet normal 9.062195438502838e-14 -3.0079631987167214e-14 1.0
  outer loop
    vertex 433.6075713453126 88.80605866831297 11.347948755368048
    vertex 433.7591063794923 87.07400300425043 11.34794875536825
    vertex 433.7591063794923 88.76543977182867 11.34794875536825
  endloop
endfacet
facet normal 9.062195438502838e-14 -3.0079631987167214e-14 1.0
  outer loop
    vertex 433.7591063794923 88.76543977182867 11.34794875536825
    vertex 433.7591063794923 87.07400300425043 11.34794875536825
    vertex 433.9012877759762 87.14028718393789 11.3479487553678
  endloop
endfacet
facet normal 9.062195438502838e-14 -3.0079631987167214e-14 1.0
  outer loop
    vertex 433.7591063794923 88.76543977182867 11.34794875536825
    vertex 433.9012877759762 87.14028718393789 11.3479487553678
    vertex 433.9012877759762 88.69915559214101 11.3479487553678
  endloop
endfacet
facet normal 9.062195438502838e-14 -3.0079631987167214e-14 1.0
  outer loop
    vertex 433.9012877759762 88.69915559214101 11.3479487553678
    vertex 433.9012877759762 87.14028718393789 11.3479487553678
    vertex 434.0297972974603 87.23028352182857 11.34794875536789
  endloop
endfacet
facet normal 9.062195438502838e-14 -3.0079631987167214e-14 1.0
  outer loop
    vertex 433.9012877759762 88.69915559214101 11.3479487553678
    vertex 434.0297972974603 87.23028352182857 11.34794875536789
    vertex 434.0297972974603 88.6091592542505 11.34794875536789
  endloop
endfacet
facet normal 9.062195438502838e-14 -3.0079631987167214e-14 1.0
  outer loop
    vertex 434.0297972974603 88.6091592542505 11.34794875536789
    vertex 434.0297972974603 87.23028352182857 11.34794875536789
    vertex 434.1407286939449 87.34121491831299 11.347948755368318
  endloop
endfacet
facet normal 9.062195438502838e-14 -3.0079631987167214e-14 1.0
  outer loop
    vertex 434.0297972974603 88.6091592542505 11.34794875536789
    vertex 434.1407286939449 87.34121491831299 11.347948755368318
    vertex 434.1407286939449 88.49822785776608 11.347948755368318
  endloop
endfacet
facet normal 9.062195438502838e-14 -3.0079631987167214e-14 1.0
  outer loop
    vertex 434.1407286939449 88.49822785776608 11.347948755368318
    vertex 434.1407286939449 87.34121491831299 11.347948755368318
    vertex 434.2307097730464 87.46972443979726 11.347948755367845
  endloop
endfacet
facet normal 9.062195438502838e-14 -3.0079631987167214e-14 1.0
  outer loop
    vertex 434.1407286939449 88.49822785776608 11.347948755368318
    vertex 434.2307097730464 87.46972443979726 11.347948755367845
    vertex 434.2307097730464 88.36971833628164 11.347948755367845
  endloop
endfacet
facet normal 9.062195438502838e-14 -3.0079631987167214e-14 1.0
  outer loop
    vertex 434.2307097730464 88.36971833628164 11.347948755367845
    vertex 434.2307097730464 87.46972443979726 11.347948755367845
    vertex 434.29700921152227 87.61190583628166 11.347948755368183
  endloop
endfacet
facet normal 9.062195438502838e-14 -3.0079631987167214e-14 1.0
  outer loop
    vertex 434.2307097730464 88.36971833628164 11.347948755367845
    vertex 434.29700921152227 87.61190583628166 11.347948755368183
    vertex 434.29700921152227 88.22753693979722 11.347948755368183
  endloop
endfacet
facet normal 9.062195438502838e-14 -3.0079631987167214e-14 1.0
  outer loop
    vertex 434.29700921152227 88.22753693979722 11.347948755368183
    vertex 434.29700921152227 87.61190583628166 11.347948755368183
    vertex 434.33761284921866 87.76342561167218 11.34794875536798
  endloop
endfacet
facet normal 9.062195438502838e-14 -3.0079631987167214e-14 1.0
  outer loop
    vertex 434.29700921152227 88.22753693979722 11.347948755368183
    vertex 434.33761284921866 87.76342561167218 11.34794875536798
    vertex 434.33761284921866 88.07601716440651 11.34794875536798
  endloop
endfacet
facet normal 9.062195438502838e-14 -3.0079631987167214e-14 1.0
  outer loop
    vertex 434.33761284921866 88.07601716440651 11.34794875536798
    vertex 434.33761284921866 87.76342561167218 11.34794875536798
    vertex 434.3512847242182 87.91970612925033 11.347948755368769
  endloop
endfacet
facet normal 0.9961951954172124 -0.08715005810475582 2.5632274081033302e-14
  outer loop
    vertex 434.3376128492185 87.76342561167228 8.147948588475296
    vertex 434.3512847242182 87.91970612925033 11.347948755368769
    vertex 434.33761284921866 87.76342561167218 11.34794875536798
  endloop
endfacet
facet normal 0.9961951954172124 -0.08715005810475582 2.5632274081033302e-14
  outer loop
    vertex 434.3512847242182 87.91970612925033 11.347948755368769
    vertex 434.3376128492185 87.76342561167228 8.147948588475296
    vertex 434.351284724219 87.91970612925044 8.147948588474756
  endloop
endfacet
facet normal -0.5736503253014619 -0.8191003017222783 -1.104671909502031e-13
  outer loop
    vertex 432.6855284986319 63.12582185190691 8.147947515590905
    vertex 432.47135613535147 63.2758157483913 6.347946950497803
    vertex 432.6855284986332 63.125821851906935 6.347946943919125
  endloop
endfacet
facet normal -0.5736503253014619 -0.8191003017222783 -1.104671909502031e-13
  outer loop
    vertex 432.47135613535147 63.2758157483913 6.347946950497803
    vertex 432.6855284986319 63.12582185190691 8.147947515590905
    vertex 432.4713561353513 63.27581574839128 8.147947515590827
  endloop
endfacet
facet normal -0.9737367021820149 0.22767180487472014 -0.0015440494751118305
  outer loop
    vertex 408.5185363111329 88.37808015268809 6.347947099066046
    vertex 408.46244500253863 88.13818147104742 6.3479471086630905
    vertex 408.4689452466796 88.17819001596925 8.147948588474959
  endloop
endfacet
facet normal -0.9141913278802357 0.4052828839570846 3.765737721650454e-13
  outer loop
    vertex 433.62585137460877 71.63689973276607 6.347947295053986
    vertex 433.5923125562498 71.56124665659429 5.441905345066782
    vertex 433.59231255624974 71.56124665659429 6.3479472950539755
  endloop
endfacet
facet normal -0.9141913278802357 0.4052828839570846 3.765737721650454e-13
  outer loop
    vertex 433.5923125562498 71.56124665659429 5.441905345066782
    vertex 433.62585137460877 71.63689973276607 6.347947295053986
    vertex 433.62585137460843 71.63689973276607 5.408372069938764
  endloop
endfacet
facet normal 0.7746791042285637 0.632347003879066 -0.003090656370266384
  outer loop
    vertex 411.0211608228513 88.9638345472192 6.3479471047481875
    vertex 411.09522698496124 88.88189484995355 8.147948588475817
    vertex 411.1863677320307 88.7614419690943 6.347947114793743
  endloop
endfacet
facet normal 0.5735417637196756 0.819170300445995 0.003140722296250148
  outer loop
    vertex 434.2012755689451 89.21874787729733 8.147948707684801
    vertex 434.415463191015 89.06878449839098 8.147948588474845
    vertex 434.32171319101604 89.14132478159429 6.347946963231948
  endloop
endfacet
facet normal 0.9659272127403747 0.25881387074036644 -2.8296809340133677e-13
  outer loop
    vertex 434.91274712656235 64.68533112925063 6.347947012337728
    vertex 434.8450743970709 64.937894605813 8.147947515590646
    vertex 434.91274712656286 64.68533112925054 8.147947515591198
  endloop
endfacet
facet normal 0.9659272127403747 0.25881387074036644 -2.8296809340133677e-13
  outer loop
    vertex 434.8450743970709 64.937894605813 8.147947515590646
    vertex 434.91274712656235 64.68533112925063 6.347947012337728
    vertex 434.8450743970707 64.9378946058131 6.347947023416778
  endloop
endfacet
facet normal 0.23985355398707858 -0.9708072596509025 0.00188075752636898
  outer loop
    vertex 410.2066314039065 86.4405191175317 8.147948469266437
    vertex 410.2922637281257 86.45818879526601 6.3479472290568335
    vertex 410.3169677076169 86.46429231089101 6.347947228808315
  endloop
endfacet
facet normal 0.08718866868486419 0.9961918168972084 4.306277556764826e-14
  outer loop
    vertex 433.43552849863266 65.92486359995368 6.3479470667164275
    vertex 433.6959960279286 65.90206696909416 8.147947634800037
    vertex 433.69599602792994 65.90206696909422 6.347947065716715
  endloop
endfacet
facet normal 0.08718866868486419 0.9961918168972084 4.306277556764826e-14
  outer loop
    vertex 433.6959960279286 65.90206696909416 8.147947634800037
    vertex 433.43552849863266 65.92486359995368 6.3479470667164275
    vertex 433.43552849863283 65.92486359995362 8.1479476347998
  endloop
endfacet
facet normal 0.7933533402912804 0.6087614290086619 1.8346435481930712e-14
  outer loop
    vertex 418.92855973266825 29.217496381405194 4.347947071091248
    vertex 418.3087771045367 30.02521282803271 7.3479470710914905
    vertex 418.9285597326681 29.217496381405116 7.34794707109148
  endloop
endfacet
facet normal 0.7933533402912804 0.6087614290086619 1.8346435481930712e-14
  outer loop
    vertex 418.3087771045367 30.02521282803271 7.3479470710914905
    vertex 418.92855973266825 29.217496381405194 4.347947071091248
    vertex 418.3087771045359 30.02521282803276 4.3479470710911805
  endloop
endfacet
facet normal 0.9659259103481195 -0.2588187313867251 -1.234143849629388e-06
  outer loop
    vertex 410.79188225839863 87.60992219370358 8.147948588475444
    vertex 410.8324858960946 87.76144196909418 11.347948755368263
    vertex 410.7918822583981 87.60989167612546 11.347948755368229
  endloop
endfacet
facet normal 0.9659259103481195 -0.2588187313867251 -1.234143849629388e-06
  outer loop
    vertex 410.8324858960946 87.76144196909418 11.347948755368263
    vertex 410.79188225839863 87.60992219370358 8.147948588475444
    vertex 410.832485896094 87.76144196909429 8.147948588475128
  endloop
endfacet
facet normal -0.16203067747331956 0.9867808945981033 -0.003086359296083931
  outer loop
    vertex 433.19080803964744 89.39694001596922 8.147948707684575
    vertex 433.3375365552731 89.41540315073505 6.347946952496787
    vertex 433.08068535898303 89.37322785776621 6.347946958638572
  endloop
endfacet
facet normal -0.8191542449198739 -0.5735713820955417 0.0014807669504711823
  outer loop
    vertex 408.64712212656207 87.16772248667226 8.147948588474902
    vertex 408.7746856031251 86.98089387339115 6.347947170080674
    vertex 408.7970855054688 86.95355012339117 8.147948588475828
  endloop
endfacet
facet normal -0.25875942140767344 -0.9659418004376692 -9.384507060339328e-14
  outer loop
    vertex 433.17506096933516 62.94766023081306 8.147947396381097
    vertex 432.9224974927735 63.015317701516125 6.347946939071705
    vertex 433.1750609693358 62.94766023081309 6.3479469361019305
  endloop
endfacet
facet normal -0.25875942140767344 -0.9659418004376692 -9.384507060339328e-14
  outer loop
    vertex 432.9224974927735 63.015317701516125 6.347946939071705
    vertex 433.17506096933516 62.94766023081306 8.147947396381097
    vertex 432.9224974927733 63.01531770151609 8.147947396381696
  endloop
endfacet
facet normal 0.9966068417918127 -0.08227389591436547 0.002410175267772222
  outer loop
    vertex 434.9512755689456 87.9197061292504 8.14794858847497
    vertex 434.9415404615245 87.74905183237559 6.347947047125455
    vertex 434.94935296152335 87.84368684214114 6.347947044193231
  endloop
endfacet
facet normal -0.9063247283642532 -0.42258192904508224 -5.777323064393158e-14
  outer loop
    vertex 432.02599785898394 63.911832594094356 8.147947515590861
    vertex 432.1364867505857 63.674863599953646 6.347946968006038
    vertex 432.1364867505857 63.674863599953625 8.147947515590793
  endloop
endfacet
facet normal -0.9063247283642532 -0.42258192904508224 -5.777323064393158e-14
  outer loop
    vertex 432.1364867505857 63.674863599953646 6.347946968006038
    vertex 432.02599785898394 63.911832594094356 8.147947515590861
    vertex 432.0259978589848 63.91183259409439 6.347946978402838
  endloop
endfacet
facet normal -0.9063271982623047 -0.42257663173197463 -2.0150023789661242e-06
  outer loop
    vertex 409.1004302320314 87.60989167612544 11.347948755368432
    vertex 409.16672967050766 87.46771027964097 8.14794858847497
    vertex 409.16672967050823 87.46771027964085 11.347948755368138
  endloop
endfacet
facet normal -0.9063271982623047 -0.42257663173197463 -2.0150023789661242e-06
  outer loop
    vertex 409.16672967050766 87.46771027964097 8.14794858847497
    vertex 409.1004302320314 87.60989167612544 11.347948755368432
    vertex 409.10043023203156 87.60992219370358 8.14794858847506
  endloop
endfacet
facet normal -0.8191277223736236 -0.5736111700786515 -1.8152146452621304e-13
  outer loop
    vertex 408.64777825449187 63.66174104135995 8.147947515590793
    vertex 408.7977568921882 63.44756867807856 6.347947010195625
    vertex 408.7977568921874 63.4475686780785 8.147947515591222
  endloop
endfacet
facet normal -0.8191277223736236 -0.5736111700786515 -1.8152146452621304e-13
  outer loop
    vertex 408.7977568921882 63.44756867807856 6.347947010195625
    vertex 408.64777825449187 63.66174104135995 8.147947515590793
    vertex 408.64777825449164 63.66174104136003 6.347947018498982
  endloop
endfacet
facet normal 0.4226006937060118 -0.9063120052487929 0.0026838072043009614
  outer loop
    vertex 434.20127556894596 86.62069489878172 8.147948588474327
    vertex 434.03748772714835 86.53899934214122 6.347947155685377
    vertex 434.13164971445275 86.58288361948483 6.347947147079201
  endloop
endfacet
facet normal 0.4226006937060118 -0.9063120052487929 0.0026838072043009614
  outer loop
    vertex 434.03748772714835 86.53899934214122 6.347947155685377
    vertex 434.20127556894596 86.62069489878172 8.147948588474327
    vertex 433.9643065748044 86.51019074839111 8.147948469266774
  endloop
endfacet
facet normal -0.4226298652870322 0.9063023761237005 6.217248937900878e-15
  outer loop
    vertex 432.6855284986336 65.72390534800054 8.147947634799642
    vertex 432.9224974927726 65.8344094983912 6.3479470627475845
    vertex 432.6855284986328 65.72390534800056 6.347947057900502
  endloop
endfacet
facet normal -0.4226298652870322 0.9063023761237005 6.217248937900878e-15
  outer loop
    vertex 432.9224974927726 65.8344094983912 6.3479470627475845
    vertex 432.6855284986336 65.72390534800054 8.147947634799642
    vertex 432.9224974927726 65.83440949839115 8.147947634800172
  endloop
endfacet
facet normal 0.9659150953700006 -0.2588419001794249 0.0029831607176452335
  outer loop
    vertex 434.9284941968752 87.6592385999536 8.1479485884747
    vertex 434.86082146738306 87.40670564096934 8.147948588475296
    vertex 434.90804741953116 87.56219270151621 6.347947054510801
  endloop
endfacet
facet normal -0.7070742505087566 0.7071326092256929 0.0030785121639794327
  outer loop
    vertex 432.3022124585937 88.88390901010979 8.147948588475185
    vertex 432.4871032056635 89.06878449839103 8.147948588474959
    vertex 432.40610955332016 88.9956338636256 6.3479469957497034
  endloop
endfacet
facet normal -0.42269377475567377 -0.9062725709094366 -7.47873984963121e-14
  outer loop
    vertex 409.6383330640621 87.07198884409412 8.147948588475444
    vertex 409.4961516675774 87.13830354135969 11.3479487553686
    vertex 409.49615166757826 87.13830354135978 8.147948588475083
  endloop
endfacet
facet normal -0.42269377475567377 -0.9062725709094366 -7.47873984963121e-14
  outer loop
    vertex 409.4961516675774 87.13830354135969 11.3479487553686
    vertex 409.6383330640621 87.07198884409412 8.147948588475444
    vertex 409.63833306406246 87.07198884409404 11.347948755368229
  endloop
endfacet
facet normal 0.9659193933572241 -0.25884305193768 7.351064201799319e-14
  outer loop
    vertex 434.2970092115234 87.61190583628175 8.147948588475366
    vertex 434.33761284921866 87.76342561167218 11.34794875536798
    vertex 434.29700921152227 87.61190583628166 11.347948755368183
  endloop
endfacet
facet normal 0.9659193933572241 -0.25884305193768 7.351064201799319e-14
  outer loop
    vertex 434.33761284921866 87.76342561167218 11.34794875536798
    vertex 434.2970092115234 87.61190583628175 8.147948588475366
    vertex 434.3376128492185 87.76342561167228 8.147948588475296
  endloop
endfacet
facet normal -0.9098141023996268 -0.4150159644805251 -0.00021977502453163217
  outer loop
    vertex 408.53490899179656 87.40939118784434 6.347947144119635
    vertex 408.6371428785164 87.18527009409418 6.347947157096703
    vertex 408.53661797617127 87.40469148081299 8.147948588475511
  endloop
endfacet
facet normal -0.012908319516928933 -0.9999166766910172 -0.00012232105600796768
  outer loop
    vertex 409.94614861582 86.41772248667239 8.147948469265963
    vertex 409.8946502027344 86.41860749643806 6.347947225439053
    vertex 409.95847771738255 86.41778352182851 6.347947227161985
  endloop
endfacet
facet normal 0.08718866868417818 -0.9961918168972683 9.384854005034526e-15
  outer loop
    vertex 433.69599602792965 62.94766023081309 6.347946936101885
    vertex 433.4355284986322 62.92486359995376 8.14794739638103
    vertex 433.4355284986334 62.92486359995382 6.347946935102557
  endloop
endfacet
facet normal 0.08718866868417818 -0.9961918168972683 9.384854005034526e-15
  outer loop
    vertex 433.4355284986322 62.92486359995376 8.14794739638103
    vertex 433.69599602792965 62.94766023081309 6.347946936101885
    vertex 433.69599602792914 62.947660230813035 8.147947396381797
  endloop
endfacet
facet normal 0.042774271156588 -0.9990847620332436 -3.3899098805800776e-14
  outer loop
    vertex 410.5342681226555 85.12957551401605 6.347947295054178
    vertex 410.44445489023326 85.12573029917239 5.351754035100196
    vertex 410.53426812265656 85.12957551401607 5.347946848019919
  endloop
endfacet
facet normal 0.042774271156588 -0.9990847620332436 -3.3899098805800776e-14
  outer loop
    vertex 410.44445489023326 85.12573029917239 5.351754035100196
    vertex 410.5342681226555 85.12957551401605 6.347947295054178
    vertex 410.44445489023457 85.12573029917236 6.347947295054257
  endloop
endfacet
facet normal 0.9063023761233389 0.4226298652878075 -7.85205234166142e-14
  outer loop
    vertex 434.8450743970707 64.9378946058131 6.347947023416778
    vertex 434.7345702466789 65.17486359995357 8.147947515591504
    vertex 434.8450743970709 64.937894605813 8.147947515590646
  endloop
endfacet
facet normal 0.9063023761233389 0.4226298652878075 -7.85205234166142e-14
  outer loop
    vertex 434.7345702466789 65.17486359995357 8.147947515591504
    vertex 434.8450743970707 64.9378946058131 6.347947023416778
    vertex 434.73457024667965 65.17486359995365 6.347947033812686
  endloop
endfacet
facet normal 0.996192092973029 0.08713033361627899 0.0031014290145124504
  outer loop
    vertex 411.42336724374974 88.17819001596925 8.147948588475602
    vertex 411.4461486158206 87.91772248667243 8.147948588475105
    vertex 411.4420287427728 88.02889802378174 6.347947151151886
  endloop
endfacet
facet normal 1.0 -4.0927426366452205e-16 1.801891968966629e-13
  outer loop
    vertex 409.6862761792967 71.97759797495367 5.347946848018801
    vertex 409.6862761792967 84.28155305307861 6.347947295054404
    vertex 409.6862761792967 71.97759797495364 6.347947295054212
  endloop
endfacet
facet normal 1.0 -4.0927426366452205e-16 1.801891968966629e-13
  outer loop
    vertex 409.6862761792967 84.28155305307861 6.347947295054404
    vertex 409.6862761792967 71.97759797495367 5.347946848018801
    vertex 409.686276179297 84.28155305307864 5.347946848019095
  endloop
endfacet
facet normal -0.23258094202470808 0.9725759724869224 0.0014433114760519369
  outer loop
    vertex 409.6856810865235 89.39492585581282 8.147948707684677
    vertex 409.61657403085866 89.38107087534416 6.347947081603674
    vertex 409.5782897291013 89.37191560190682 6.347947081015293
  endloop
endfacet
facet normal -0.7270399407235683 -0.6865937761186028 -0.0013824571849753442
  outer loop
    vertex 408.7746856031251 86.98089387339115 6.347947170080674
    vertex 408.9438292798831 86.80178620737553 6.347947182718896
    vertex 408.7970855054688 86.95355012339117 8.147948588475828
  endloop
endfacet
facet normal -0.7071067811859719 -0.7071067811871232 -1.4105383527862614e-13
  outer loop
    vertex 432.87276909921934 87.2302835218287 8.147948588475455
    vertex 432.7618377027344 87.34121491831301 11.347948755367913
    vertex 432.7618377027343 87.34121491831313 8.147948588475353
  endloop
endfacet
facet normal -0.7071067811859719 -0.7071067811871232 -1.4105383527862614e-13
  outer loop
    vertex 432.7618377027344 87.34121491831301 11.347948755367913
    vertex 432.87276909921934 87.2302835218287 8.147948588475455
    vertex 432.8727690992179 87.2302835218286 11.34794875536824
  endloop
endfacet
facet normal 0.2588683176069557 -0.9659126224143385 9.992007221626409e-15
  outer loop
    vertex 410.45985100839846 63.002225660500486 6.347946990467117
    vertex 410.20728753183573 62.93453767221921 8.147947396381639
    vertex 410.20728753183573 62.93453767221928 6.347946988390685
  endloop
endfacet
facet normal 0.2588683176069557 -0.9659126224143385 9.992007221626409e-15
  outer loop
    vertex 410.20728753183573 62.93453767221921 8.147947396381639
    vertex 410.45985100839846 63.002225660500486 6.347946990467117
    vertex 410.4598510083983 63.00222566050043 8.147947396381605
  endloop
endfacet
facet normal -0.9961912030075797 -0.08718861495801643 0.0011101675612396888
  outer loop
    vertex 408.44614861581925 87.91772248667243 8.147948588475794
    vertex 408.4463622388671 87.89236237925054 6.347947119570179
    vertex 408.4689452466796 87.65725495737544 8.147948588474959
  endloop
endfacet
facet normal -0.9998324625795116 0.01805513569784563 -0.003009791873506043
  outer loop
    vertex 431.9595305738274 88.07678010385985 6.3479470729238505
    vertex 431.9548308667958 87.81652619760983 6.347947093443641
    vertex 431.95127556894505 87.91970612925047 8.147948588475986
  endloop
endfacet
facet normal -0.8191588025413048 0.5735667844454521 6.35463903719824e-14
  outer loop
    vertex 432.7618377027344 88.4982278577661 11.347948755367913
    vertex 432.6718566236327 88.36971833628176 8.14794858847479
    vertex 432.6718566236325 88.36971833628165 11.34794875536869
  endloop
endfacet
facet normal -0.8191588025413048 0.5735667844454521 6.35463903719824e-14
  outer loop
    vertex 432.6718566236327 88.36971833628176 8.14794858847479
    vertex 432.7618377027344 88.4982278577661 11.347948755367913
    vertex 432.7618377027343 88.49822785776621 8.147948588475353
  endloop
endfacet
facet normal 0.08707283576289786 0.996201948036746 2.5675642167932722e-14
  outer loop
    vertex 409.9468200025392 65.91174104135986 6.347947100490737
    vertex 410.20728753183636 65.88897492807853 8.147947634799664
    vertex 410.20728753183585 65.8889749280786 6.347947099162228
  endloop
endfacet
facet normal 0.08707283576289786 0.996201948036746 2.5675642167932722e-14
  outer loop
    vertex 410.20728753183636 65.88897492807853 8.147947634799664
    vertex 409.9468200025392 65.91174104135986 6.347947100490737
    vertex 409.9468200025392 65.91174104135976 8.147947634799845
  endloop
endfacet
facet normal -0.9659324241934254 0.258794420132685 -1.945665850655587e-14
  outer loop
    vertex 409.1004302320314 88.22555329721918 11.347948755368432
    vertex 409.05982659433585 88.07400300425041 8.147948588475556
    vertex 409.0598265943362 88.07400300425029 11.34794875536842
  endloop
endfacet
facet normal -0.9659324241934254 0.258794420132685 -1.945665850655587e-14
  outer loop
    vertex 409.05982659433585 88.07400300425041 8.147948588475556
    vertex 409.1004302320314 88.22555329721918 11.347948755368432
    vertex 409.10043023203156 88.2255532972193 8.14794858847506
  endloop
endfacet
facet normal -0.9659272127400759 -0.2588138707414817 1.8655910150044974e-13
  outer loop
    vertex 408.4696013746091 64.15127351206296 8.147947515591323
    vertex 408.53727410410164 63.898710035500415 6.347947027586099
    vertex 408.5372741041016 63.89871003550032 8.147947515591289
  endloop
endfacet
facet normal -0.9659272127400759 -0.2588138707414817 1.8655910150044974e-13
  outer loop
    vertex 408.53727410410164 63.898710035500415 6.347947027586099
    vertex 408.4696013746091 64.15127351206296 8.147947515591323
    vertex 408.46960137460866 64.15127351206304 6.3479470371788125
  endloop
endfacet
facet normal 0.9915333955825141 -0.1298519366224852 -4.996003610813205e-15
  outer loop
    vertex 409.69007561777323 84.37139680307855 5.351751531705508
    vertex 409.7014739332025 84.45843293589128 6.347947295054291
    vertex 409.69007561777283 84.37139680307853 6.347947295054223
  endloop
endfacet
facet normal 0.9915333955825141 -0.1298519366224852 -4.996003610813205e-15
  outer loop
    vertex 409.7014739332025 84.45843293589128 6.347947295054291
    vertex 409.69007561777323 84.37139680307855 5.351751531705508
    vertex 409.7014739332032 84.45843293589132 5.363149131879017
  endloop
endfacet
facet normal -0.8191588025420067 -0.5735667844444494 -1.100369795281608e-13
  outer loop
    vertex 409.1674010572259 63.96175935190656 11.34794732485615
    vertex 409.25738213632803 63.8332498304224 8.147947515591424
    vertex 409.25738213632786 63.8332498304223 11.347947324856397
  endloop
endfacet
facet normal -0.8191588025420067 -0.5735667844444494 -1.100369795281608e-13
  outer loop
    vertex 409.25738213632803 63.8332498304224 8.147947515591424
    vertex 409.1674010572259 63.96175935190656 11.34794732485615
    vertex 409.1674010572269 63.96175935190668 8.147947515590895
  endloop
endfacet
facet normal -0.7071359576751778 0.7070776034939936 5.732914143408152e-14
  outer loop
    vertex 432.4713561353512 65.57394196909436 8.147947515591007
    vertex 432.2864653882811 65.38903596323496 6.347947043209525
    vertex 432.28646538828156 65.38903596323493 8.147947515590431
  endloop
endfacet
facet normal -0.7071359576751778 0.7070776034939936 5.732914143408152e-14
  outer loop
    vertex 432.2864653882811 65.38903596323496 6.347947043209525
    vertex 432.4713561353512 65.57394196909436 8.147947515591007
    vertex 432.47135613535164 65.57394196909439 6.347947051320956
  endloop
endfacet
facet normal 0.906297862509068 0.42262776048386125 0.0031560227962956636
  outer loop
    vertex 434.75031731699187 88.66970612925041 8.1479485884754
    vertex 434.86082146738306 88.43273713510985 8.147948588475296
    vertex 434.8144347486327 88.54565217417232 6.347947004662749
  endloop
endfacet
facet normal -0.9978660801296667 0.06528558955619272 -0.0010382306843803174
  outer loop
    vertex 408.46244500253863 88.13818147104742 6.3479471086630905
    vertex 408.4463622388671 87.89236237925054 6.347947119570179
    vertex 408.44614861581925 87.91772248667243 8.147948588475794
  endloop
endfacet
facet normal -0.7071067811868348 -0.7071067811862604 -8.164302567337245e-14
  outer loop
    vertex 409.25671074960917 87.3392312757346 11.347948755368522
    vertex 409.3676421460938 87.22829987925047 8.147948588475252
    vertex 409.36764214609343 87.22829987925039 11.347948755367913
  endloop
endfacet
facet normal -0.7071067811868348 -0.7071067811862604 -8.164302567337245e-14
  outer loop
    vertex 409.3676421460938 87.22829987925047 8.147948588475252
    vertex 409.25671074960917 87.3392312757346 11.347948755368522
    vertex 409.2567107496091 87.3392312757347 8.147948588475522
  endloop
endfacet
facet normal -0.9754840692239031 -0.2200700585958375 4.4537984411618926e-13
  outer loop
    vertex 433.652157526953 84.54223420542243 6.3479472950539755
    vertex 433.6710631666019 84.45843293589132 5.3631491318784414
    vertex 433.67106316660175 84.45843293589132 6.347947295054358
  endloop
endfacet
facet normal -0.9754840692239031 -0.2200700585958375 4.4537984411618926e-13
  outer loop
    vertex 433.6710631666019 84.45843293589132 5.3631491318784414
    vertex 433.652157526953 84.54223420542243 6.3479472950539755
    vertex 433.652157526953 84.54223420542243 5.382063414200708
  endloop
endfacet
facet normal 0.5736320452955198 -0.8191131036737714 5.659361868026734e-14
  outer loop
    vertex 410.525326472266 63.72231843393799 8.147947515591492
    vertex 410.39681695078104 63.632322096047204 11.347947324855857
    vertex 410.39681695078167 63.632322096047304 8.147947515591007
  endloop
endfacet
facet normal 0.5736320452955198 -0.8191131036737714 5.659361868026734e-14
  outer loop
    vertex 410.39681695078104 63.632322096047204 11.347947324855857
    vertex 410.525326472266 63.72231843393799 8.147947515591492
    vertex 410.525326472265 63.72231843393789 11.347947324856026
  endloop
endfacet
facet normal 0.2588683176070435 0.9659126224143149 3.167605067133649e-15
  outer loop
    vertex 410.20728753183585 65.8889749280786 6.347947099162228
    vertex 410.45985100839835 65.8212869397973 8.147947634800014
    vertex 410.45985100839783 65.82128693979736 6.347947096163905
  endloop
endfacet
facet normal 0.2588683176070435 0.9659126224143149 3.167605067133649e-15
  outer loop
    vertex 410.45985100839835 65.8212869397973 8.147947634800014
    vertex 410.20728753183585 65.8889749280786 6.347947099162228
    vertex 410.20728753183636 65.88897492807853 8.147947634799664
  endloop
endfacet
facet normal -0.9063098270293514 0.42261388693466717 -6.367129046225274e-14
  outer loop
    vertex 409.16672967050823 88.36773469370341 11.347948755368138
    vertex 409.10043023203156 88.2255532972193 8.14794858847506
    vertex 409.1004302320314 88.22555329721918 11.347948755368432
  endloop
endfacet
facet normal -0.9063098270293514 0.42261388693466717 -6.367129046225274e-14
  outer loop
    vertex 409.10043023203156 88.2255532972193 8.14794858847506
    vertex 409.16672967050823 88.36773469370341 11.347948755368138
    vertex 409.16672967050766 88.36773469370354 8.14794858847497
  endloop
endfacet
facet normal 0.8191131036735285 0.5736320452958668 -6.522560269672795e-15
  outer loop
    vertex 410.725582819922 88.36773469370355 8.147948588474845
    vertex 410.63558648203065 88.49624421518789 11.347948755368465
    vertex 410.7255828199217 88.36773469370344 11.34794875536869
  endloop
endfacet
facet normal 0.8191131036735285 0.5736320452958668 -6.522560269672795e-15
  outer loop
    vertex 410.63558648203065 88.49624421518789 11.347948755368465
    vertex 410.725582819922 88.36773469370355 8.147948588474845
    vertex 410.6355864820308 88.49624421518799 8.147948588475534
  endloop
endfacet
facet normal -0.08718866868402926 -0.9961918168972815 -7.362513376740765e-14
  outer loop
    vertex 433.4355284986322 62.92486359995376 8.14794739638103
    vertex 433.1750609693358 62.94766023081309 6.3479469361019305
    vertex 433.4355284986334 62.92486359995382 6.347946935102557
  endloop
endfacet
facet normal -0.08718866868402926 -0.9961918168972815 -7.362513376740765e-14
  outer loop
    vertex 433.1750609693358 62.94766023081309 6.3479469361019305
    vertex 433.4355284986322 62.92486359995376 8.14794739638103
    vertex 433.17506096933516 62.94766023081306 8.147947396381097
  endloop
endfacet
facet normal 0.9915333955831103 0.12985193661793246 -4.46753745109163e-13
  outer loop
    vertex 409.7014739332023 71.80071809214117 5.363149251087651
    vertex 409.69007561777306 71.88775422495354 6.3479472950540545
    vertex 409.7014739332025 71.80071809214114 6.347947295053952
  endloop
endfacet
facet normal 0.9915333955831103 0.12985193661793246 -4.46753745109163e-13
  outer loop
    vertex 409.69007561777306 71.88775422495354 6.3479472950540545
    vertex 409.7014739332023 71.80071809214117 5.363149251087651
    vertex 409.6900756177734 71.88775422495357 5.351751531705463
  endloop
endfacet
facet normal 0.42262986528597485 -0.9063023761241934 -6.251943407420413e-15
  outer loop
    vertex 410.69682000253874 63.11272981089113 6.347946994178125
    vertex 410.4598510083983 63.00222566050043 8.147947396381605
    vertex 410.45985100839846 63.002225660500486 6.347946990467117
  endloop
endfacet
facet normal 0.42262986528597485 -0.9063023761241934 -6.251943407420413e-15
  outer loop
    vertex 410.4598510083983 63.00222566050043 8.147947396381605
    vertex 410.69682000253874 63.11272981089113 6.347946994178125
    vertex 410.69682000253874 63.112729810891075 8.147947515590747
  endloop
endfacet
facet normal 0.5118540965826486 0.859066853636007 -0.003086226740214054
  outer loop
    vertex 410.69614861582045 89.21676423471916 8.1479487076847
    vertex 410.8233306226559 89.13451936167246 6.347947096277978
    vertex 410.5988890943366 89.26824738901615 6.347947089639935
  endloop
endfacet
facet normal -0.9659193933575887 0.2588430519363191 1.9893808822502024e-13
  outer loop
    vertex 432.605557185157 88.22753693979725 11.347948755368161
    vertex 432.5649535474607 88.07601716440665 8.147948588474689
    vertex 432.56495354746096 88.07601716440654 11.347948755368364
  endloop
endfacet
facet normal -0.9659193933575887 0.2588430519363191 1.9893808822502024e-13
  outer loop
    vertex 432.5649535474607 88.07601716440665 8.147948588474689
    vertex 432.605557185157 88.22753693979725 11.347948755368161
    vertex 432.6055571851557 88.22753693979736 8.14794858847533
  endloop
endfacet
facet normal 0.5736320452947481 0.819113103674312 1.0492995361488511e-13
  outer loop
    vertex 410.39681695078093 65.19119050425033 11.347947324856026
    vertex 410.525326472266 65.10119416635992 8.147947515591492
    vertex 410.39681695078167 65.19119050425043 8.14794751559112
  endloop
endfacet
facet normal 0.5736320452947481 0.819113103674312 1.0492995361488511e-13
  outer loop
    vertex 410.525326472266 65.10119416635992 8.147947515591492
    vertex 410.39681695078093 65.19119050425033 11.347947324856026
    vertex 410.525326472265 65.10119416635982 11.347947324856026
  endloop
endfacet
facet normal 0.7439543589653054 0.6682304331415337 3.415462357381216e-13
  outer loop
    vertex 409.92178032968724 71.3651101819848 5.583462800129808
    vertex 409.8680541333985 71.42492463510985 6.347947295053998
    vertex 409.92178032968627 71.36511018198479 6.347947295054516
  endloop
endfacet
facet normal 0.7439543589653054 0.6682304331415337 3.415462357381216e-13
  outer loop
    vertex 409.8680541333985 71.42492463510985 6.347947295053998
    vertex 409.92178032968724 71.3651101819848 5.583462800129808
    vertex 409.8680541333979 71.42492463510987 5.52973427925926
  endloop
endfacet
facet normal -0.9659271046677037 -0.25881384178300104 0.00047304311703773305
  outer loop
    vertex 408.4689452466796 87.65725495737544 8.147948588474959
    vertex 408.47074578378846 87.64724519175046 6.347947131497329
    vertex 408.53661797617127 87.40469148081299 8.147948588475511
  endloop
endfacet
facet normal -3.044577520650016e-09 0.7071112547332916 -0.7071023076115012
  outer loop
    vertex 408.6862761792962 70.1296060315943 4.34794684801948
    vertex 410.53426812265656 71.1295755140162 5.347946848019737
    vertex 432.8382842359369 71.12957551401621 5.347946848019557
  endloop
endfacet
facet normal -3.044577520650016e-09 0.7071112547332916 -0.7071023076115012
  outer loop
    vertex 410.53426812265656 71.1295755140162 5.347946848019737
    vertex 408.6862761792962 70.1296060315943 4.34794684801948
    vertex 410.44445489023434 71.13339021128186 5.351754213913876
  endloop
endfacet
facet normal -3.044577520650016e-09 0.7071112547332916 -0.7071023076115012
  outer loop
    vertex 410.44445489023434 71.13339021128186 5.351754213913876
    vertex 408.6862761792962 70.1296060315943 4.34794684801948
    vertex 410.3573729810553 71.1447732679223 5.363151694878377
  endloop
endfacet
facet normal -3.044577520650016e-09 0.7071112547332916 -0.7071023076115012
  outer loop
    vertex 410.3573729810553 71.1447732679223 5.363151694878377
    vertex 408.6862761792962 70.1296060315943 4.34794684801948
    vertex 410.2735717115228 71.16369416635989 5.382065559967619
  endloop
endfacet
facet normal -3.044577520650016e-09 0.7071112547332916 -0.7071023076115012
  outer loop
    vertex 410.2735717115228 71.16369416635989 5.382065559967619
    vertex 408.6862761792962 70.1296060315943 4.34794684801948
    vertex 410.19360039804667 71.19000031870364 5.408374036892931
  endloop
endfacet
facet normal -3.044577520650016e-09 0.7071112547332916 -0.7071023076115012
  outer loop
    vertex 410.19360039804667 71.19000031870364 5.408374036892931
    vertex 408.6862761792962 70.1296060315943 4.34794684801948
    vertex 410.117947321875 71.22353913706296 5.44190683518254
  endloop
endfacet
facet normal -3.044577520650016e-09 0.7071112547332916 -0.7071023076115012
  outer loop
    vertex 410.117947321875 71.22353913706296 5.44190683518254
    vertex 408.6862761792962 70.1296060315943 4.34794684801948
    vertex 410.04713128183596 71.26409699839124 5.482447768792665
  endloop
endfacet
facet normal -3.044577520650016e-09 0.7071112547332916 -0.7071023076115012
  outer loop
    vertex 410.04713128183596 71.26409699839124 5.482447768792665
    vertex 408.6862761792962 70.1296060315943 4.34794684801948
    vertex 409.98161004160187 71.31139924448493 5.529734875306066
  endloop
endfacet
facet normal -3.044577520650016e-09 0.7071112547332916 -0.7071023076115012
  outer loop
    vertex 409.98161004160187 71.31139924448493 5.529734875306066
    vertex 408.6862761792962 70.1296060315943 4.34794684801948
    vertex 409.92178032968724 71.3651101819848 5.583462800129808
  endloop
endfacet
facet normal -3.044577520650016e-09 0.7071112547332916 -0.7071023076115012
  outer loop
    vertex 434.6862761792964 70.12960603159426 4.347946848019424
    vertex 433.3909270582026 71.31139924448495 5.529734756096653
    vertex 433.45075677011687 71.36511018198483 5.583462680919864
  endloop
endfacet
facet normal -3.044577520650016e-09 0.7071112547332916 -0.7071023076115012
  outer loop
    vertex 433.3909270582026 71.31139924448495 5.529734756096653
    vertex 434.6862761792964 70.12960603159426 4.347946848019424
    vertex 433.3254058179689 71.26409699839127 5.482447589977282
  endloop
endfacet
facet normal -3.044577520650016e-09 0.7071112547332916 -0.7071023076115012
  outer loop
    vertex 433.3254058179689 71.26409699839127 5.482447589977282
    vertex 434.6862761792964 70.12960603159426 4.347946848019424
    vertex 433.25458977792914 71.22353913706299 5.4419067755780475
  endloop
endfacet
facet normal -3.044577520650016e-09 0.7071112547332916 -0.7071023076115012
  outer loop
    vertex 433.25458977792914 71.22353913706299 5.4419067755780475
    vertex 434.6862761792964 70.12960603159426 4.347946848019424
    vertex 433.178951960547 71.19000031870367 5.408373858078134
  endloop
endfacet
facet normal -3.044577520650016e-09 0.7071112547332916 -0.7071023076115012
  outer loop
    vertex 433.178951960547 71.19000031870367 5.408373858078134
    vertex 434.6862761792964 70.12960603159426 4.347946848019424
    vertex 433.09896538828133 71.16369416635992 5.382065500362777
  endloop
endfacet
facet normal -3.044577520650016e-09 0.7071112547332916 -0.7071023076115012
  outer loop
    vertex 433.09896538828133 71.16369416635992 5.382065500362777
    vertex 434.6862761792964 70.12960603159426 4.347946848019424
    vertex 433.01516411874985 71.14477326792233 5.363151516063818
  endloop
endfacet
facet normal -3.044577520650016e-09 0.7071112547332916 -0.7071023076115012
  outer loop
    vertex 433.01516411874985 71.14477326792233 5.363151516063818
    vertex 434.6862761792964 70.12960603159426 4.347946848019424
    vertex 432.92808220957096 71.13339021128188 5.3517540947040905
  endloop
endfacet
facet normal -3.044577520650016e-09 0.7071112547332916 -0.7071023076115012
  outer loop
    vertex 432.92808220957096 71.13339021128188 5.3517540947040905
    vertex 434.6862761792964 70.12960603159426 4.347946848019424
    vertex 432.8382842359369 71.12957551401621 5.347946848019557
  endloop
endfacet
facet normal -3.044577520650016e-09 0.7071112547332916 -0.7071023076115012
  outer loop
    vertex 432.8382842359369 71.12957551401621 5.347946848019557
    vertex 434.6862761792964 70.12960603159426 4.347946848019424
    vertex 408.6862761792962 70.1296060315943 4.34794684801948
  endloop
endfacet
facet normal -0.7071067811860297 -0.7071067811870654 -5.71209746169643e-14
  outer loop
    vertex 408.982632380469 63.26269318979723 8.147947515590838
    vertex 408.7977568921882 63.44756867807856 6.347947010195625
    vertex 408.98263238046934 63.262693189797325 6.347947002926417
  endloop
endfacet
facet normal -0.7071067811860297 -0.7071067811870654 -5.71209746169643e-14
  outer loop
    vertex 408.7977568921882 63.44756867807856 6.347947010195625
    vertex 408.982632380469 63.26269318979723 8.147947515590838
    vertex 408.7977568921874 63.4475686780785 8.147947515591222
  endloop
endfacet
facet normal -0.9659272127403746 0.2588138707403667 -8.88733531212438e-14
  outer loop
    vertex 432.02599785898394 64.93789460581307 8.147947515590861
    vertex 431.95832512949204 64.68533112925064 6.347947012336961
    vertex 431.9583251294913 64.68533112925061 8.1479475155913
  endloop
endfacet
facet normal -0.9659272127403746 0.2588138707403667 -8.88733531212438e-14
  outer loop
    vertex 431.95832512949204 64.68533112925064 6.347947012336961
    vertex 432.02599785898394 64.93789460581307 8.147947515590861
    vertex 432.02599785898406 64.9378946058131 6.347947023417128
  endloop
endfacet
facet normal -0.9654876380170925 -0.26044877583308584 0.00023665000130372599
  outer loop
    vertex 408.47074578378846 87.64724519175046 6.347947131497329
    vertex 408.53490899179656 87.40939118784434 6.347947144119635
    vertex 408.53661797617127 87.40469148081299 8.147948588475511
  endloop
endfacet
facet normal -0.25890947869803443 0.9659015901427598 5.1018217428477884e-14
  outer loop
    vertex 409.6390044507807 65.25747468393797 11.347947324855824
    vertex 409.79053948496096 65.29809358042235 8.147947515591131
    vertex 409.6390044507807 65.25747468393806 8.147947515590657
  endloop
endfacet
facet normal -0.25890947869803443 0.9659015901427598 5.1018217428477884e-14
  outer loop
    vertex 409.79053948496096 65.29809358042235 8.147947515591131
    vertex 409.6390044507807 65.25747468393797 11.347947324855824
    vertex 409.79053948496096 65.29809358042228 11.347947324856026
  endloop
endfacet
facet normal 0.8191277223744354 -0.5736111700774923 1.0565159858089146e-13
  outer loop
    vertex 411.0958831128908 63.447568678078554 6.347947006005234
    vertex 411.245861750586 63.66174104135995 8.14794751559139
    vertex 411.0958831128905 63.447568678078476 8.147947515590962
  endloop
endfacet
facet normal 0.8191277223744354 -0.5736111700774923 1.0565159858089146e-13
  outer loop
    vertex 411.245861750586 63.66174104135995 8.14794751559139
    vertex 411.0958831128908 63.447568678078554 6.347947006005234
    vertex 411.2458617505853 63.66174104136002 6.347947013762398
  endloop
endfacet
facet normal 0.9063098270299978 0.4226138869332808 -6.46843689722232e-14
  outer loop
    vertex 410.79253838632775 64.71957185190665 8.14794751559121
    vertex 410.7262389478516 64.86175324839095 11.347947324856026
    vertex 410.7925383863283 64.71957185190654 11.347947324856467
  endloop
endfacet
facet normal 0.9063098270299978 0.4226138869332808 -6.46843689722232e-14
  outer loop
    vertex 410.7262389478516 64.86175324839095 11.347947324856026
    vertex 410.79253838632775 64.71957185190665 8.14794751559121
    vertex 410.72623894785096 64.86175324839107 8.147947515591063
  endloop
endfacet
facet normal 0.8191277223742074 0.5736111700778178 -2.4008572907519004e-14
  outer loop
    vertex 434.73457024667965 65.17486359995365 6.347947033812686
    vertex 434.58459160898474 65.38903596323486 8.14794751559059
    vertex 434.7345702466789 65.17486359995357 8.147947515591504
  endloop
endfacet
facet normal 0.8191277223742074 0.5736111700778178 -2.4008572907519004e-14
  outer loop
    vertex 434.58459160898474 65.38903596323486 8.14794751559059
    vertex 434.73457024667965 65.17486359995365 6.347947033812686
    vertex 434.5845916089834 65.38903596323495 6.3479470432094125
  endloop
endfacet
facet normal -0.90630237612466 0.4226298652849739 1.0320910792671611e-13
  outer loop
    vertex 408.64777825449175 65.16174104135979 8.147947515590747
    vertex 408.5372741041013 64.9247720472193 6.347947066056217
    vertex 408.5372741041016 64.92477204721922 8.147947515591289
  endloop
endfacet
facet normal -0.90630237612466 0.4226298652849739 1.0320910792671611e-13
  outer loop
    vertex 408.5372741041013 64.9247720472193 6.347947066056217
    vertex 408.64777825449175 65.16174104135979 8.147947515590747
    vertex 408.64777825449147 65.16174104135987 6.347947074739695
  endloop
endfacet
facet normal 0.030761628366603545 -0.999526733488757 0.00017680930586666882
  outer loop
    vertex 409.94614861582 86.41772248667239 8.147948469265963
    vertex 409.95847771738255 86.41778352182851 6.347947227161985
    vertex 410.02590630625053 86.41985871714122 6.347947228461572
  endloop
endfacet
facet normal -0.8191588025423862 0.5735667844439079 -7.473188734508086e-14
  outer loop
    vertex 409.25738213632786 64.99026276987539 11.347947324856397
    vertex 409.1674010572269 64.86175324839105 8.147947515590895
    vertex 409.1674010572259 64.86175324839093 11.34794732485615
  endloop
endfacet
facet normal -0.8191588025423862 0.5735667844439079 -7.473188734508086e-14
  outer loop
    vertex 409.1674010572269 64.86175324839105 8.147947515590895
    vertex 409.25738213632786 64.99026276987539 11.347947324856397
    vertex 409.25738213632803 64.99026276987549 8.147947515591424
  endloop
endfacet
facet normal -0.9961977700742769 0.08712062269657073 1.5222545446391678e-13
  outer loop
    vertex 408.4696013746091 64.67223908823495 8.147947515591323
    vertex 408.4468200025398 64.41174104135985 6.347947046986013
    vertex 408.4468200025392 64.41174104135978 8.147947515591222
  endloop
endfacet
facet normal -0.9961977700742769 0.08712062269657073 1.5222545446391678e-13
  outer loop
    vertex 408.4468200025398 64.41174104135985 6.347947046986013
    vertex 408.4696013746091 64.67223908823495 8.147947515591323
    vertex 408.4696013746079 64.67223908823503 6.347947056710284
  endloop
endfacet
facet normal -0.9063247283632042 0.4225819290473318 1.947747518826759e-13
  outer loop
    vertex 432.1364867505857 65.17486359995364 8.147947515590793
    vertex 432.02599785898406 64.9378946058131 6.347947023417128
    vertex 432.02599785898394 64.93789460581307 8.147947515590861
  endloop
endfacet
facet normal -0.9063247283632042 0.4225819290473318 1.947747518826759e-13
  outer loop
    vertex 432.02599785898406 64.9378946058131 6.347947023417128
    vertex 432.1364867505857 65.17486359995364 8.147947515590793
    vertex 432.1364867505855 65.17486359995367 6.347947033812528
  endloop
endfacet
facet normal 0.9238795325112594 -0.38268343236515623 -8.46545056276682e-15
  outer loop
    vertex 391.0407948572329 2.0732584765501745 4.347947071090741
    vertex 391.2006355332408 2.4591480043860536 7.347947071091118
    vertex 391.0407948572338 2.0732584765500874 7.34794707109113
  endloop
endfacet
facet normal 0.9238795325112594 -0.38268343236515623 -8.46545056276682e-15
  outer loop
    vertex 391.2006355332408 2.4591480043860536 7.347947071091118
    vertex 391.0407948572329 2.0732584765501745 4.347947071090741
    vertex 391.2006355332405 2.45914800438614 4.347947071090729
  endloop
endfacet
facet normal 0.13052619222005526 -0.99144486137381 -2.957356581845261e-14
  outer loop
    vertex 392.58627617929614 3.259148004386138 4.3479470710909665
    vertex 392.1721657071316 3.2046293264485475 7.34794707109078
    vertex 392.17216570713185 3.2046293264486376 4.347947071090628
  endloop
endfacet
facet normal 0.13052619222005526 -0.99144486137381 -2.957356581845261e-14
  outer loop
    vertex 392.1721657071316 3.2046293264485475 7.34794707109078
    vertex 392.58627617929614 3.259148004386138 4.3479470710909665
    vertex 392.5862761792957 3.2591480043860392 7.34794707109113
  endloop
endfacet
facet normal 0.9238795325112596 0.3826834323651558 1.3905543383430089e-14
  outer loop
    vertex 391.2006355332405 0.8591480043861471 4.347947071090729
    vertex 391.0407948572338 1.2450375322220224 7.34794707109113
    vertex 391.2006355332408 0.8591480043860552 7.347947071091118
  endloop
endfacet
facet normal 0.9238795325112596 0.3826834323651558 1.3905543383430089e-14
  outer loop
    vertex 391.0407948572338 1.2450375322220224 7.34794707109113
    vertex 391.2006355332405 0.8591480043861471 4.347947071090729
    vertex 391.0407948572329 1.2450375322221123 4.347947071090741
  endloop
endfacet
facet normal 0.13052619222005604 0.9914448613738098 3.024663852713161e-14
  outer loop
    vertex 392.1721657071316 0.11366668232355392 7.34794707109078
    vertex 392.58627617929614 0.059148004386148624 4.3479470710909665
    vertex 392.17216570713185 0.11366668232364416 4.347947071090628
  endloop
endfacet
facet normal 0.13052619222005604 0.9914448613738098 3.024663852713161e-14
  outer loop
    vertex 392.58627617929614 0.059148004386148624 4.3479470710909665
    vertex 392.1721657071316 0.11366668232355392 7.34794707109078
    vertex 392.5862761792957 0.0591480043860584 7.34794707109113
  endloop
endfacet
facet normal -0.13052619222006942 0.991444861373808 2.95215241141733e-14
  outer loop
    vertex 392.58627617929614 0.059148004386148624 4.3479470710909665
    vertex 393.0003866514606 0.11366668232355351 7.3479470710908705
    vertex 393.0003866514599 0.1136666823236437 4.347947071090955
  endloop
endfacet
facet normal -0.13052619222006942 0.991444861373808 2.95215241141733e-14
  outer loop
    vertex 393.0003866514606 0.11366668232355351 7.3479470710908705
    vertex 392.58627617929614 0.059148004386148624 4.3479470710909665
    vertex 392.5862761792957 0.0591480043860584 7.34794707109113
  endloop
endfacet
facet normal -0.3826834323650437 0.9238795325113057 2.6610658121484215e-14
  outer loop
    vertex 393.0003866514599 0.1136666823236437 4.347947071090955
    vertex 393.38627617929546 0.2735073583309475 7.3479470710909265
    vertex 393.386276179296 0.27350735833103823 4.347947071090785
  endloop
endfacet
facet normal -0.3826834323650437 0.9238795325113057 2.6610658121484215e-14
  outer loop
    vertex 393.38627617929546 0.2735073583309475 7.3479470710909265
    vertex 393.0003866514599 0.1136666823236437 4.347947071090955
    vertex 393.0003866514606 0.11366668232355351 7.3479470710908705
  endloop
endfacet
facet normal 0.3826834323650829 0.9238795325112896 2.873395965607983e-14
  outer loop
    vertex 391.786276179296 0.2735073583309482 7.347947071091299
    vertex 392.17216570713185 0.11366668232364416 4.347947071090628
    vertex 391.78627617929584 0.2735073583310389 4.3479470710906165
  endloop
endfacet
facet normal 0.3826834323650829 0.9238795325112896 2.873395965607983e-14
  outer loop
    vertex 392.17216570713185 0.11366668232364416 4.347947071090628
    vertex 391.786276179296 0.2735073583309482 7.347947071091299
    vertex 392.1721657071316 0.11366668232355392 7.34794707109078
  endloop
endfacet
facet normal 0.6087614290087434 0.7933533402912178 2.6131874442114628e-14
  outer loop
    vertex 391.4549053293974 0.5277771544876764 4.347947071090831
    vertex 391.786276179296 0.2735073583309482 7.347947071091299
    vertex 391.78627617929584 0.2735073583310389 4.3479470710906165
  endloop
endfacet
facet normal 0.6087614290087434 0.7933533402912178 2.6131874442114628e-14
  outer loop
    vertex 391.786276179296 0.2735073583309482 7.347947071091299
    vertex 391.4549053293974 0.5277771544876764 4.347947071090831
    vertex 391.4549053293972 0.5277771544875849 7.347947071091299
  endloop
endfacet
facet normal -0.6087614290087434 0.7933533402912178 2.2412627309620348e-14
  outer loop
    vertex 393.386276179296 0.27350735833103823 4.347947071090785
    vertex 393.71764702919364 0.5277771544875844 7.34794707109096
    vertex 393.71764702919404 0.527777154487675 4.347947071090628
  endloop
endfacet
facet normal -0.6087614290087434 0.7933533402912178 2.2412627309620348e-14
  outer loop
    vertex 393.71764702919364 0.5277771544875844 7.34794707109096
    vertex 393.386276179296 0.27350735833103823 4.347947071090785
    vertex 393.38627617929546 0.2735073583309475 7.3479470710909265
  endloop
endfacet
facet normal -0.6087614290087434 -0.7933533402912178 -2.6131874442114628e-14
  outer loop
    vertex 393.71764702919364 2.7905188542845263 7.34794707109096
    vertex 393.386276179296 3.0447886504412476 4.347947071090785
    vertex 393.71764702919404 2.7905188542846124 4.347947071090628
  endloop
endfacet
facet normal -0.6087614290087434 -0.7933533402912178 -2.6131874442114628e-14
  outer loop
    vertex 393.386276179296 3.0447886504412476 4.347947071090785
    vertex 393.71764702919364 2.7905188542845263 7.34794707109096
    vertex 393.38627617929546 3.04478865044116 7.3479470710909265
  endloop
endfacet
facet normal -0.991444861373816 -0.13052619222000988 -5.898059818321144e-15
  outer loop
    vertex 394.1317575013582 2.0732584765500874 7.347947071091152
    vertex 394.18627617929553 1.6591480043861413 4.3479470710906725
    vertex 394.18627617929565 1.6591480043860574 7.347947071090938
  endloop
endfacet
facet normal -0.991444861373816 -0.13052619222000988 -5.898059818321144e-15
  outer loop
    vertex 394.18627617929553 1.6591480043861413 4.3479470710906725
    vertex 394.1317575013582 2.0732584765500874 7.347947071091152
    vertex 394.1317575013582 2.073258476550174 4.347947071091079
  endloop
endfacet
facet normal -0.7933533402912438 0.6087614290087096 1.6112111644872587e-14
  outer loop
    vertex 393.9719168253507 0.8591480043860559 7.3479470710907915
    vertex 393.71764702919404 0.527777154487675 4.347947071090628
    vertex 393.71764702919364 0.5277771544875844 7.34794707109096
  endloop
endfacet
facet normal -0.7933533402912438 0.6087614290087096 1.6112111644872587e-14
  outer loop
    vertex 393.71764702919404 0.527777154487675 4.347947071090628
    vertex 393.9719168253507 0.8591480043860559 7.3479470710907915
    vertex 393.97191682535066 0.859148004386145 4.34794707109109
  endloop
endfacet
facet normal 0.7933533402912434 0.6087614290087099 2.0428103653102877e-14
  outer loop
    vertex 391.4549053293974 0.5277771544876764 4.347947071090831
    vertex 391.2006355332408 0.8591480043860552 7.347947071091118
    vertex 391.4549053293972 0.5277771544875849 7.347947071091299
  endloop
endfacet
facet normal 0.7933533402912434 0.6087614290087099 2.0428103653102877e-14
  outer loop
    vertex 391.2006355332408 0.8591480043860552 7.347947071091118
    vertex 391.4549053293974 0.5277771544876764 4.347947071090831
    vertex 391.2006355332405 0.8591480043861471 4.347947071090729
  endloop
endfacet
facet normal -0.9238795325112595 -0.38268343236515545 -3.0808688933348094e-15
  outer loop
    vertex 452.17191682535065 2.4591480043860305 7.347947071091073
    vertex 452.3317575013581 2.073258476550152 4.347947071091214
    vertex 452.33175750135797 2.073258476550062 7.34794707109113
  endloop
endfacet
facet normal -0.9238795325112595 -0.38268343236515545 -3.0808688933348094e-15
  outer loop
    vertex 452.3317575013581 2.073258476550152 4.347947071091214
    vertex 452.17191682535065 2.4591480043860305 7.347947071091073
    vertex 452.1719168253502 2.4591480043861194 4.347947071091305
  endloop
endfacet
facet normal -0.13052619222005604 -0.9914448613738098 -3.024663852713161e-14
  outer loop
    vertex 393.0003866514606 3.2046293264485426 7.3479470710908705
    vertex 392.58627617929614 3.259148004386138 4.3479470710909665
    vertex 393.0003866514599 3.204629326448642 4.347947071090955
  endloop
endfacet
facet normal -0.13052619222005604 -0.9914448613738098 -3.024663852713161e-14
  outer loop
    vertex 392.58627617929614 3.259148004386138 4.3479470710909665
    vertex 393.0003866514606 3.2046293264485426 7.3479470710908705
    vertex 392.5862761792957 3.2591480043860392 7.34794707109113
  endloop
endfacet
facet normal -0.3826834323650437 0.923879532511306 1.4328815911568427e-14
  outer loop
    vertex 451.20038665145984 0.11366668232362004 4.347947071091124
    vertex 451.58627617929534 0.273507358330924 7.3479470710909265
    vertex 451.5862761792958 0.2735073583310139 4.347947071091113
  endloop
endfacet
facet normal -0.3826834323650437 0.923879532511306 1.4328815911568427e-14
  outer loop
    vertex 451.58627617929534 0.273507358330924 7.3479470710909265
    vertex 451.20038665145984 0.11366668232362004 4.347947071091124
    vertex 451.2003866514597 0.11366668232352985 7.347947071091231
  endloop
endfacet
facet normal 0.6087614290087433 0.7933533402912178 9.950373858202965e-15
  outer loop
    vertex 449.6549053293971 0.5277771544876523 4.347947071091293
    vertex 449.9862761792959 0.2735073583309247 7.347947071090667
    vertex 449.98627617929577 0.27350735833101486 4.347947071090887
  endloop
endfacet
facet normal 0.6087614290087433 0.7933533402912178 9.950373858202965e-15
  outer loop
    vertex 449.9862761792959 0.2735073583309247 7.347947071090667
    vertex 449.6549053293971 0.5277771544876523 4.347947071091293
    vertex 449.65490532939725 0.5277771544875623 7.347947071090758
  endloop
endfacet
facet normal -0.9238795325112594 0.38268343236515623 8.46545056276682e-15
  outer loop
    vertex 394.1317575013582 1.2450375322220222 7.347947071091152
    vertex 393.97191682535066 0.859148004386145 4.34794707109109
    vertex 393.9719168253507 0.8591480043860559 7.3479470710907915
  endloop
endfacet
facet normal -0.9238795325112594 0.38268343236515623 8.46545056276682e-15
  outer loop
    vertex 393.97191682535066 0.859148004386145 4.34794707109109
    vertex 394.1317575013582 1.2450375322220222 7.347947071091152
    vertex 394.1317575013582 1.2450375322221106 4.347947071091079
  endloop
endfacet
facet normal -0.9914448613738159 0.13052619222000972 4.565792188770956e-15
  outer loop
    vertex 452.3862761792946 1.659148004386031 7.347947071090916
    vertex 452.3317575013581 1.2450375322220903 4.347947071091203
    vertex 452.33175750135797 1.2450375322220004 7.347947071091186
  endloop
endfacet
facet normal -0.9914448613738159 0.13052619222000972 4.565792188770956e-15
  outer loop
    vertex 452.3317575013581 1.2450375322220903 4.347947071091203
    vertex 452.3862761792946 1.659148004386031 7.347947071090916
    vertex 452.3862761792955 1.6591480043861209 4.347947071091586
  endloop
endfacet
facet normal -0.9499441903642307 0.312419645978364 5.463407504180395e-13
  outer loop
    vertex 433.6521575269531 71.71688630503186 6.347947295053806
    vertex 433.62585137460843 71.63689973276607 5.408372069938764
    vertex 433.62585137460877 71.63689973276607 6.347947295053986
  endloop
endfacet
facet normal -0.9499441903642307 0.312419645978364 5.463407504180395e-13
  outer loop
    vertex 433.62585137460843 71.63689973276607 5.408372069938764
    vertex 433.6521575269531 71.71688630503186 6.347947295053806
    vertex 433.652157526953 71.71688630503186 5.382063414200652
  endloop
endfacet
facet normal 0.2588816096860353 -0.9659038597625416 0.0031695208142710945
  outer loop
    vertex 433.9643065748044 86.51019074839111 8.147948469266774
    vertex 433.7117583570318 86.44250276010989 8.14794846926637
    vertex 433.83228753183585 86.46890046518809 6.347947176363019
  endloop
endfacet
facet normal -0.9961918168974809 -0.08718866868175085 -2.518540931362168e-13
  outer loop
    vertex 431.93552849863227 64.42486359995362 8.147947515590602
    vertex 431.95832512949204 64.16439607065685 6.347946989482576
    vertex 431.9583251294913 64.16439607065682 8.1479475155913
  endloop
endfacet
facet normal -0.9961918168974809 -0.08718866868175085 -2.518540931362168e-13
  outer loop
    vertex 431.95832512949204 64.16439607065685 6.347946989482576
    vertex 431.93552849863227 64.42486359995362 8.147947515590602
    vertex 431.9355284986331 64.42486359995365 6.347947000909904
  endloop
endfacet
facet normal -9.71445146547012e-15 -3.00790443617337e-14 1.0
  outer loop
    vertex 409.0598265943362 87.76144196909415 11.34794875536842
    vertex 409.0598265943362 88.07400300425029 11.34794875536842
    vertex 409.0461547193352 87.91772248667232 11.347948755368229
  endloop
endfacet
facet normal -9.71445146547012e-15 -3.00790443617337e-14 1.0
  outer loop
    vertex 409.0598265943362 88.07400300425029 11.34794875536842
    vertex 409.0598265943362 87.76144196909415 11.34794875536842
    vertex 409.1004302320314 87.60989167612544 11.347948755368432
  endloop
endfacet
facet normal -9.71445146547012e-15 -3.00790443617337e-14 1.0
  outer loop
    vertex 409.0598265943362 88.07400300425029 11.34794875536842
    vertex 409.1004302320314 87.60989167612544 11.347948755368432
    vertex 409.1004302320314 88.22555329721918 11.347948755368432
  endloop
endfacet
facet normal -9.71445146547012e-15 -3.00790443617337e-14 1.0
  outer loop
    vertex 409.1004302320314 88.22555329721918 11.347948755368432
    vertex 409.1004302320314 87.60989167612544 11.347948755368432
    vertex 409.16672967050823 87.46771027964085 11.347948755368138
  endloop
endfacet
facet normal -9.71445146547012e-15 -3.00790443617337e-14 1.0
  outer loop
    vertex 409.1004302320314 88.22555329721918 11.347948755368432
    vertex 409.16672967050823 87.46771027964085 11.347948755368138
    vertex 409.16672967050823 88.36773469370341 11.347948755368138
  endloop
endfacet
facet normal -9.71445146547012e-15 -3.00790443617337e-14 1.0
  outer loop
    vertex 409.16672967050823 88.36773469370341 11.347948755368138
    vertex 409.16672967050823 87.46771027964085 11.347948755368138
    vertex 409.25671074960917 87.3392312757346 11.347948755368522
  endloop
endfacet
facet normal -9.71445146547012e-15 -3.00790443617337e-14 1.0
  outer loop
    vertex 409.16672967050823 88.36773469370341 11.347948755368138
    vertex 409.25671074960917 87.3392312757346 11.347948755368522
    vertex 409.25671074960917 88.49624421518787 11.347948755368522
  endloop
endfacet
facet normal -9.71445146547012e-15 -3.00790443617337e-14 1.0
  outer loop
    vertex 409.25671074960917 88.49624421518787 11.347948755368522
    vertex 409.25671074960917 87.3392312757346 11.347948755368522
    vertex 409.36764214609343 87.22829987925039 11.347948755367913
  endloop
endfacet
facet normal -9.71445146547012e-15 -3.00790443617337e-14 1.0
  outer loop
    vertex 409.25671074960917 88.49624421518787 11.347948755368522
    vertex 409.36764214609343 87.22829987925039 11.347948755367913
    vertex 409.36764214609343 88.60717561167212 11.347948755367913
  endloop
endfacet
facet normal -9.71445146547012e-15 -3.00790443617337e-14 1.0
  outer loop
    vertex 409.36764214609343 88.60717561167212 11.347948755367913
    vertex 409.36764214609343 87.22829987925039 11.347948755367913
    vertex 409.4961516675774 87.13830354135969 11.3479487553686
  endloop
endfacet
facet normal -9.71445146547012e-15 -3.00790443617337e-14 1.0
  outer loop
    vertex 409.36764214609343 88.60717561167212 11.347948755367913
    vertex 409.4961516675774 87.13830354135969 11.3479487553686
    vertex 409.4961516675774 88.6971414319848 11.3479487553686
  endloop
endfacet
facet normal -9.71445146547012e-15 -3.00790443617337e-14 1.0
  outer loop
    vertex 409.4961516675774 88.6971414319848 11.3479487553686
    vertex 409.4961516675774 87.13830354135969 11.3479487553686
    vertex 409.63833306406246 87.07198884409404 11.347948755368229
  endloop
endfacet
facet normal -9.71445146547012e-15 -3.00790443617337e-14 1.0
  outer loop
    vertex 409.4961516675774 88.6971414319848 11.3479487553686
    vertex 409.63833306406246 87.07198884409404 11.347948755368229
    vertex 409.63833306406246 88.76345612925027 11.347948755368229
  endloop
endfacet
facet normal -9.71445146547012e-15 -3.00790443617337e-14 1.0
  outer loop
    vertex 409.63833306406246 88.76345612925027 11.347948755368229
    vertex 409.63833306406246 87.07198884409404 11.347948755368229
    vertex 409.78986809824147 87.03140046518774 11.347948755368003
  endloop
endfacet
facet normal -9.71445146547012e-15 -3.00790443617337e-14 1.0
  outer loop
    vertex 409.63833306406246 88.76345612925027 11.347948755368229
    vertex 409.78986809824147 87.03140046518774 11.347948755368003
    vertex 409.78986809824147 88.80404450815657 11.347948755368003
  endloop
endfacet
facet normal -9.71445146547012e-15 -3.00790443617337e-14 1.0
  outer loop
    vertex 409.78986809824147 88.80404450815657 11.347948755368003
    vertex 409.78986809824147 87.03140046518774 11.347948755368003
    vertex 409.9461486158197 87.01772859018779 11.347948755368229
  endloop
endfacet
facet normal -9.71445146547012e-15 -3.00790443617337e-14 1.0
  outer loop
    vertex 409.78986809824147 88.80404450815657 11.347948755368003
    vertex 409.9461486158197 87.01772859018779 11.347948755368229
    vertex 409.9461486158197 88.81771638315654 11.347948755368229
  endloop
endfacet
facet normal -9.71445146547012e-15 -3.00790443617337e-14 1.0
  outer loop
    vertex 409.9461486158197 88.81771638315654 11.347948755368229
    vertex 409.9461486158197 87.01772859018779 11.347948755368229
    vertex 410.1024443921868 87.03140046518774 11.347948755368003
  endloop
endfacet
facet normal -9.71445146547012e-15 -3.00790443617337e-14 1.0
  outer loop
    vertex 409.9461486158197 88.81771638315654 11.347948755368229
    vertex 410.1024443921868 87.03140046518774 11.347948755368003
    vertex 410.1024443921868 88.80404450815657 11.347948755368003
  endloop
endfacet
facet normal -9.71445146547012e-15 -3.00790443617337e-14 1.0
  outer loop
    vertex 410.1024443921868 88.80404450815657 11.347948755368003
    vertex 410.1024443921868 87.03140046518774 11.347948755368003
    vertex 410.25396416757803 87.07198884409404 11.347948755368229
  endloop
endfacet
facet normal -9.71445146547012e-15 -3.00790443617337e-14 1.0
  outer loop
    vertex 410.1024443921868 88.80404450815657 11.347948755368003
    vertex 410.25396416757803 87.07198884409404 11.347948755368229
    vertex 410.25396416757803 88.76345612925027 11.347948755368229
  endloop
endfacet
facet normal -9.71445146547012e-15 -3.00790443617337e-14 1.0
  outer loop
    vertex 410.25396416757803 88.76345612925027 11.347948755368229
    vertex 410.25396416757803 87.07198884409404 11.347948755368229
    vertex 410.39616082285187 87.13830354135969 11.347948755368522
  endloop
endfacet
facet normal -9.71445146547012e-15 -3.00790443617337e-14 1.0
  outer loop
    vertex 410.25396416757803 88.76345612925027 11.347948755368229
    vertex 410.39616082285187 87.13830354135969 11.347948755368522
    vertex 410.39616082285187 88.6971414319848 11.347948755368522
  endloop
endfacet
facet normal -9.71445146547012e-15 -3.00790443617337e-14 1.0
  outer loop
    vertex 410.39616082285187 88.6971414319848 11.347948755368522
    vertex 410.39616082285187 87.13830354135969 11.347948755368522
    vertex 410.52465508554553 87.22829987925039 11.347948755368387
  endloop
endfacet
facet normal -9.71445146547012e-15 -3.00790443617337e-14 1.0
  outer loop
    vertex 410.39616082285187 88.6971414319848 11.347948755368522
    vertex 410.52465508554553 87.22829987925039 11.347948755368387
    vertex 410.52465508554553 88.60717561167212 11.347948755368387
  endloop
endfacet
facet normal -9.71445146547012e-15 -3.00790443617337e-14 1.0
  outer loop
    vertex 410.52465508554553 88.60717561167212 11.347948755368387
    vertex 410.52465508554553 87.22829987925039 11.347948755368387
    vertex 410.63558648203065 87.33923127573462 11.347948755368465
  endloop
endfacet
facet normal -9.71445146547012e-15 -3.00790443617337e-14 1.0
  outer loop
    vertex 410.52465508554553 88.60717561167212 11.347948755368387
    vertex 410.63558648203065 87.33923127573462 11.347948755368465
    vertex 410.63558648203065 88.49624421518789 11.347948755368465
  endloop
endfacet
facet normal -9.71445146547012e-15 -3.00790443617337e-14 1.0
  outer loop
    vertex 410.63558648203065 88.49624421518789 11.347948755368465
    vertex 410.63558648203065 87.33923127573462 11.347948755368465
    vertex 410.7255828199217 87.46771027964087 11.34794875536869
  endloop
endfacet
facet normal -9.71445146547012e-15 -3.00790443617337e-14 1.0
  outer loop
    vertex 410.63558648203065 88.49624421518789 11.347948755368465
    vertex 410.7255828199217 87.46771027964087 11.34794875536869
    vertex 410.7255828199217 88.36773469370344 11.34794875536869
  endloop
endfacet
facet normal -9.71445146547012e-15 -3.00790443617337e-14 1.0
  outer loop
    vertex 410.7255828199217 88.36773469370344 11.34794875536869
    vertex 410.7255828199217 87.46771027964087 11.34794875536869
    vertex 410.7918822583981 87.60989167612546 11.347948755368229
  endloop
endfacet
facet normal -9.71445146547012e-15 -3.00790443617337e-14 1.0
  outer loop
    vertex 410.7255828199217 88.36773469370344 11.34794875536869
    vertex 410.7918822583981 87.60989167612546 11.347948755368229
    vertex 410.7918822583981 88.22555329721921 11.347948755368229
  endloop
endfacet
facet normal -9.71445146547012e-15 -3.00790443617337e-14 1.0
  outer loop
    vertex 410.7918822583981 88.22555329721921 11.347948755368229
    vertex 410.7918822583981 87.60989167612546 11.347948755368229
    vertex 410.8324858960946 87.76144196909418 11.347948755368263
  endloop
endfacet
facet normal -9.71445146547012e-15 -3.00790443617337e-14 1.0
  outer loop
    vertex 410.7918822583981 88.22555329721921 11.347948755368229
    vertex 410.8324858960946 87.76144196909418 11.347948755368263
    vertex 410.8324858960946 88.07400300425032 11.347948755368263
  endloop
endfacet
facet normal -9.71445146547012e-15 -3.00790443617337e-14 1.0
  outer loop
    vertex 410.8324858960946 88.07400300425032 11.347948755368263
    vertex 410.8324858960946 87.76144196909418 11.347948755368263
    vertex 410.84615777109315 87.91772248667233 11.347948755368556
  endloop
endfacet
facet normal 0.5735720109227127 0.8191551429894558 -9.03027652654487e-14
  outer loop
    vertex 410.69682000253886 65.71078278940674 6.347947091589152
    vertex 410.91099236582085 65.56081941050032 8.147947515590918
    vertex 410.9109923658193 65.56081941050039 6.34794708557563
  endloop
endfacet
facet normal 0.5735720109227127 0.8191551429894558 -9.03027652654487e-14
  outer loop
    vertex 410.91099236582085 65.56081941050032 8.147947515590918
    vertex 410.69682000253886 65.71078278940674 6.347947091589152
    vertex 410.6968200025393 65.71078278940668 8.147947634799518
  endloop
endfacet
facet normal -0.36403971209604 -0.9313788964111517 -0.002905053696152668
  outer loop
    vertex 432.93825982187434 86.51019074839112 8.147948469266133
    vertex 432.78608391855335 86.57528474253185 6.347947181926124
    vertex 433.0285155591796 86.48052766245371 6.347947186712848
  endloop
endfacet
facet normal -0.5735692696887866 0.8191512256026551 0.0030923231299261464
  outer loop
    vertex 432.70127556894596 89.21874787729739 8.147948707683977
    vertex 432.6078460035152 89.16012360971929 6.347946980595181
    vertex 432.4871032056635 89.06878449839103 8.147948588474959
  endloop
endfacet
facet normal 0.2588816379887539 0.9659039653666296 0.0031348367231611544
  outer loop
    vertex 433.96430657480545 89.32925202768799 8.147948707684666
    vertex 433.8536803541016 89.36474397104749 6.347946950807052
    vertex 433.71175835703053 89.39694001596921 8.147948707684384
  endloop
endfacet
facet normal -0.5735445913142695 -0.8191743415013361 3.326505737533125e-14
  outer loop
    vertex 409.1968200025398 63.112729810891054 8.14794751559104
    vertex 408.98263238046934 63.262693189797325 6.347947002926417
    vertex 409.1968200025386 63.11272981089114 6.347946996913324
  endloop
endfacet
facet normal -0.5735445913142695 -0.8191743415013361 3.326505737533125e-14
  outer loop
    vertex 408.98263238046934 63.262693189797325 6.347947002926417
    vertex 409.1968200025398 63.112729810891054 8.14794751559104
    vertex 408.982632380469 63.26269318979723 8.147947515590838
  endloop
endfacet
facet normal -0.9990998234436722 -0.04242101831430956 -2.713801405818117e-13
  outer loop
    vertex 433.6824614820311 84.37139680307855 6.347947295054595
    vertex 433.68627617929684 84.28155305307864 5.3479468480191965
    vertex 433.6862761792959 84.28155305307864 6.347947295054415
  endloop
endfacet
facet normal -0.9990998234436722 -0.04242101831430956 -2.713801405818117e-13
  outer loop
    vertex 433.68627617929684 84.28155305307864 5.3479468480191965
    vertex 433.6824614820311 84.37139680307855 6.347947295054595
    vertex 433.6824614820314 84.37139680307855 5.351751531704933
  endloop
endfacet
facet normal 0.9754459257259965 -0.22023906552778932 8.404388296412435e-14
  outer loop
    vertex 409.7014739332032 84.45843293589132 5.363149131879017
    vertex 409.7203948316404 84.54223420542239 6.347947295054336
    vertex 409.7014739332025 84.45843293589128 6.347947295054291
  endloop
endfacet
facet normal 0.9754459257259965 -0.22023906552778932 8.404388296412435e-14
  outer loop
    vertex 409.7203948316404 84.54223420542239 6.347947295054336
    vertex 409.7014739332032 84.45843293589132 5.363149131879017
    vertex 409.7203948316404 84.54223420542243 5.3820634738056174
  endloop
endfacet
facet normal 0.18359743425711508 0.9829966075577746 -0.003106712749966982
  outer loop
    vertex 433.71175835703053 89.39694001596921 8.147948707684384
    vertex 433.8536803541016 89.36474397104749 6.347946950807052
    vertex 433.59780572031235 89.41253449839115 6.347946949860242
  endloop
endfacet
facet normal 0.8142957924069403 -0.5804497956968271 0.00063019351421037
  outer loop
    vertex 434.72939751718616 87.1346109144068 6.3479470828919355
    vertex 434.60035393808664 86.95553376596911 8.147948588474915
    vertex 434.6103179273438 86.96755769175059 6.347947098090991
  endloop
endfacet
facet normal 0.9063098270295566 -0.4226138869342267 1.149913497755506e-13
  outer loop
    vertex 434.2149474439454 63.9748819105005 8.147947515590815
    vertex 434.28124688242116 64.11706330698482 11.347947324855777
    vertex 434.21494744394477 63.97488191050041 11.347947324855665
  endloop
endfacet
facet normal 0.9063098270295566 -0.4226138869342267 1.149913497755506e-13
  outer loop
    vertex 434.28124688242116 64.11706330698482 11.347947324855777
    vertex 434.2149474439454 63.9748819105005 8.147947515590815
    vertex 434.2812468824221 64.1170633069849 8.147947515590952
  endloop
endfacet
facet normal 0.707074093783771 0.7071324524919157 0.003149687703229126
  outer loop
    vertex 434.60035393808664 88.88390901010972 8.147948588474915
    vertex 434.51980279062406 88.97247102182855 6.3479469743354535
    vertex 434.415463191015 89.06878449839098 8.147948588474845
  endloop
endfacet
facet normal 0.869146557979105 0.49454474300121676 -0.0031237674265491852
  outer loop
    vertex 434.68571160410244 88.77187898081301 6.347946988285016
    vertex 434.75031731699187 88.66970612925041 8.1479485884754
    vertex 434.8144347486327 88.54565217417232 6.347947004662749
  endloop
endfacet
facet normal 0.2848038287087824 -0.9585846980948155 0.0014682408828294996
  outer loop
    vertex 433.9643065748044 86.51019074839111 8.147948469266774
    vertex 433.863064509376 86.47735383432862 6.347947172995223
    vertex 433.8936736402346 86.48644807260993 6.347947169641312
  endloop
endfacet
facet normal -0.9961966724796588 0.08713317244571887 -1.38222766565832e-13
  outer loop
    vertex 409.0604827222653 64.56805207651581 11.347947324856387
    vertex 409.0468108472664 64.41174104135978 8.147947515590895
    vertex 409.0468108472646 64.41174104135965 11.34794732485642
  endloop
endfacet
facet normal -0.9961966724796588 0.08713317244571887 -1.38222766565832e-13
  outer loop
    vertex 409.0468108472664 64.41174104135978 8.147947515590895
    vertex 409.0604827222653 64.56805207651581 11.347947324856387
    vertex 409.0604827222657 64.56805207651594 8.147947515590308
  endloop
endfacet
facet normal -0.5736320452957897 -0.8191131036735825 -8.89843754237063e-14
  outer loop
    vertex 433.00127862070315 87.1402871839379 11.34794875536886
    vertex 432.87276909921934 87.2302835218287 8.147948588475455
    vertex 433.0012786207028 87.140287183938 8.147948588474982
  endloop
endfacet
facet normal -0.5736320452957897 -0.8191131036735825 -8.89843754237063e-14
  outer loop
    vertex 432.87276909921934 87.2302835218287 8.147948588475455
    vertex 433.00127862070315 87.1402871839379 11.34794875536886
    vertex 432.8727690992179 87.2302835218286 11.34794875536824
  endloop
endfacet
facet normal -0.9659193933570802 -0.2588430519382166 -6.245004513516506e-14
  outer loop
    vertex 409.0604827222653 64.2554605237815 11.347947324856387
    vertex 409.1010863599609 64.1039407483911 8.147947515591436
    vertex 409.10108635996096 64.10394074839097 11.347947324855935
  endloop
endfacet
facet normal -0.9659193933570802 -0.2588430519382166 -6.245004513516506e-14
  outer loop
    vertex 409.1010863599609 64.1039407483911 8.147947515591436
    vertex 409.0604827222653 64.2554605237815 11.347947324856387
    vertex 409.0604827222657 64.25546052378161 8.147947515590308
  endloop
endfacet
facet normal 0.08715005810309337 0.9961951954173578 2.7471080965568717e-14
  outer loop
    vertex 409.94682000253823 65.31176545542232 8.147947515591515
    vertex 410.103100520117 65.29809358042228 11.347947324856623
    vertex 410.1031005201167 65.29809358042235 8.147947515590996
  endloop
endfacet
facet normal 0.08715005810309337 0.9961951954173578 2.7471080965568717e-14
  outer loop
    vertex 410.103100520117 65.29809358042228 11.347947324856623
    vertex 409.94682000253823 65.31176545542232 8.147947515591515
    vertex 409.9468200025392 65.31176545542225 11.347947324856218
  endloop
endfacet
facet normal -0.9915333955831057 0.12985193661796696 9.137135492665038e-14
  outer loop
    vertex 433.68246148203144 71.88775422495357 6.347947295054404
    vertex 433.6710631666018 71.80071809214117 5.363149131878283
    vertex 433.67106316660175 71.80071809214117 6.347947295053952
  endloop
endfacet
facet normal -0.9915333955831057 0.12985193661796696 9.137135492665038e-14
  outer loop
    vertex 433.6710631666018 71.80071809214117 5.363149131878283
    vertex 433.68246148203144 71.88775422495357 6.347947295054404
    vertex 433.6824614820312 71.88775422495357 5.351751531704493
  endloop
endfacet
facet normal 0.08718318125625713 0.9961874747111916 0.0030996991108256326
  outer loop
    vertex 409.94614861582005 89.41772248667225 8.147948707685151
    vertex 410.20663140390553 89.39492585581282 8.147948707684158
    vertex 410.09801934335945 89.4100320569848 6.347947082603307
  endloop
endfacet
facet normal -0.9659193933571573 0.25884305193792917 -4.680977827575816e-14
  outer loop
    vertex 409.10108635996096 64.71957185190652 11.347947324855935
    vertex 409.0604827222657 64.56805207651594 8.147947515590308
    vertex 409.0604827222653 64.56805207651581 11.347947324856387
  endloop
endfacet
facet normal -0.9659193933571573 0.25884305193792917 -4.680977827575816e-14
  outer loop
    vertex 409.0604827222657 64.56805207651594 8.147947515590308
    vertex 409.10108635996096 64.71957185190652 11.347947324855935
    vertex 409.1010863599609 64.71957185190664 8.147947515591436
  endloop
endfacet
facet normal -0.9063023761249341 -0.4226298652843865 -5.814793091474257e-14
  outer loop
    vertex 408.5372741041016 63.89871003550032 8.147947515591289
    vertex 408.64777825449164 63.66174104136003 6.347947018498982
    vertex 408.64777825449187 63.66174104135995 8.147947515590793
  endloop
endfacet
facet normal -0.9063023761249341 -0.4226298652843865 -5.814793091474257e-14
  outer loop
    vertex 408.64777825449164 63.66174104136003 6.347947018498982
    vertex 408.5372741041016 63.89871003550032 8.147947515591289
    vertex 408.53727410410164 63.898710035500415 6.347947027586099
  endloop
endfacet
facet normal -0.08715005810319311 -0.9961951954173489 -1.7605708557688612e-14
  outer loop
    vertex 433.43552849863266 63.52486970346915 11.347947324856161
    vertex 433.2792479810544 63.5385415784692 8.147947515591245
    vertex 433.4355284986323 63.52486970346923 8.147947515590793
  endloop
endfacet
facet normal -0.08715005810319311 -0.9961951954173489 -1.7605708557688612e-14
  outer loop
    vertex 433.2792479810544 63.5385415784692 8.147947515591245
    vertex 433.43552849863266 63.52486970346915 11.347947324856161
    vertex 433.27924798105494 63.538541578469115 11.347947324855925
  endloop
endfacet
facet normal 0.9659193933575888 -0.25884305193631885 1.2854994846378531e-13
  outer loop
    vertex 434.2812468824221 64.1170633069849 8.147947515590952
    vertex 434.3218505201171 64.26858308237551 11.347947324856488
    vertex 434.28124688242116 64.11706330698482 11.347947324855777
  endloop
endfacet
facet normal 0.9659193933575888 -0.25884305193631885 1.2854994846378531e-13
  outer loop
    vertex 434.3218505201171 64.26858308237551 11.347947324856488
    vertex 434.2812468824221 64.1170633069849 8.147947515590952
    vertex 434.32185052011806 64.26858308237561 8.147947515591177
  endloop
endfacet
facet normal -0.6680798453188381 -0.7440895915375442 6.651918673453161e-06
  outer loop
    vertex 433.4507567701167 84.89404084604747 5.583462502106771
    vertex 433.39094231699244 84.94775178354755 6.347947295053863
    vertex 433.39092705820246 84.94775178354755 5.529734577282939
  endloop
endfacet
facet normal -0.6680798453188381 -0.7440895915375442 6.651918673453161e-06
  outer loop
    vertex 433.39094231699244 84.94775178354755 6.347947295053863
    vertex 433.4507567701167 84.89404084604747 5.583462502106771
    vertex 433.45075677011727 84.89404084604747 6.347947295054573
  endloop
endfacet
facet normal 0.7071651353669652 0.7070484221900377 5.734301922188934e-14
  outer loop
    vertex 434.5845916089834 65.38903596323495 6.3479470432094125
    vertex 434.39971612070235 65.57394196909432 8.14794751559015
    vertex 434.58459160898474 65.38903596323486 8.14794751559059
  endloop
endfacet
facet normal 0.7071651353669652 0.7070484221900377 5.734301922188934e-14
  outer loop
    vertex 434.39971612070235 65.57394196909432 8.14794751559015
    vertex 434.5845916089834 65.38903596323495 6.3479470432094125
    vertex 434.3997161207036 65.57394196909438 6.3479470513206735
  endloop
endfacet
facet normal 0.07658051134080528 -0.9970609516748172 0.002209961105649764
  outer loop
    vertex 409.94614861582 86.41772248667239 8.147948469265963
    vertex 410.02590630625053 86.41985871714122 6.347947228461572
    vertex 410.0962340650386 86.42526032846925 6.3479472293003205
  endloop
endfacet
facet normal -0.9816676181754364 0.19057693912454093 -0.003019552895176969
  outer loop
    vertex 432.0091368970688 88.33230378550059 6.347947052282869
    vertex 431.9595305738274 88.07678010385985 6.3479470729238505
    vertex 431.9740721998044 88.18020417612566 8.147948588475376
  endloop
endfacet
facet normal -0.9961872433603938 -0.08718826839644099 0.0030301848210344115
  outer loop
    vertex 431.95127556894505 87.91970612925047 8.147948588475986
    vertex 431.9548308667958 87.81652619760983 6.347947093443641
    vertex 431.9740721998044 87.65923859995367 8.147948588475376
  endloop
endfacet
facet normal -0.42269377475450803 0.9062725709099804 1.5230872119076366e-14
  outer loop
    vertex 432.9855315503904 65.20428254526627 8.147947515590973
    vertex 433.1277129468752 65.27059724253165 11.347947324855992
    vertex 433.12771294687474 65.27059724253175 8.147947515590872
  endloop
endfacet
facet normal -0.42269377475450803 0.9062725709099804 1.5230872119076366e-14
  outer loop
    vertex 433.1277129468752 65.27059724253165 11.347947324855992
    vertex 432.9855315503904 65.20428254526627 8.147947515590973
    vertex 432.98553155039 65.20428254526617 11.347947324855868
  endloop
endfacet
facet normal 0.9659225691694822 0.2588126265259531 0.003100761158878959
  outer loop
    vertex 411.3556945142575 88.43075349253171 8.147948588476087
    vertex 411.42336724374974 88.17819001596925 8.147948588475602
    vertex 411.4000518140617 88.28677155893801 6.347947138352735
  endloop
endfacet
facet normal -0.8191896705955922 0.5735144666335988 0.003072482947690594
  outer loop
    vertex 432.3022124585937 88.88390901010979 8.147948588475185
    vertex 432.2358519849608 88.79876496714115 6.347947013104917
    vertex 432.1522490796887 88.66970612925049 8.14794858847505
  endloop
endfacet
facet normal -0.5195876333285304 -0.8544121553408806 -0.0029257644826288093
  outer loop
    vertex 432.7012755689444 86.62069489878178 8.14794858847506
    vertex 432.5636718091793 86.71053864878189 6.3479471737353395
    vertex 432.78608391855335 86.57528474253185 6.347947181926124
  endloop
endfacet
facet normal -0.330260087451168 0.9438849709263445 -0.003071855485002467
  outer loop
    vertex 432.93825982187536 89.329252027688 8.147948707684563
    vertex 433.08068535898303 89.37322785776621 6.347946958638572
    vertex 432.83498833750036 89.287259840188 6.347946968099346
  endloop
endfacet
facet normal -0.7071067811865472 0.7071067811865478 -1.799949078673535e-14
  outer loop
    vertex 432.74609063242144 65.00338532846918 8.14794751559147
    vertex 432.85702202890593 65.11431672495348 11.347947324856252
    vertex 432.85702202890684 65.1143167249536 8.147947515590838
  endloop
endfacet
facet normal -0.7071067811865472 0.7071067811865478 -1.799949078673535e-14
  outer loop
    vertex 432.85702202890593 65.11431672495348 11.347947324856252
    vertex 432.74609063242144 65.00338532846918 8.14794751559147
    vertex 432.74609063242144 65.00338532846907 11.347947324856376
  endloop
endfacet
facet normal -0.9659272127396845 -0.25881387074294226 -2.984695823826655e-13
  outer loop
    vertex 431.9583251294913 64.16439607065682 8.1479475155913
    vertex 432.0259978589848 63.91183259409439 6.347946978402838
    vertex 432.02599785898394 63.911832594094356 8.147947515590861
  endloop
endfacet
facet normal -0.9659272127396845 -0.25881387074294226 -2.984695823826655e-13
  outer loop
    vertex 432.0259978589848 63.91183259409439 6.347946978402838
    vertex 431.9583251294913 64.16439607065682 8.1479475155913
    vertex 431.95832512949204 64.16439607065685 6.347946989482576
  endloop
endfacet
facet normal 0.9659193933572682 0.25884305193751495 7.632783294297951e-15
  outer loop
    vertex 411.4240233716805 64.67223908823502 6.34794705132302
    vertex 411.356350642188 64.92477204721922 8.147947515591108
    vertex 411.42402337167886 64.67223908823495 8.147947515591662
  endloop
endfacet
facet normal 0.9659193933572682 0.25884305193751495 7.632783294297951e-15
  outer loop
    vertex 411.356350642188 64.92477204721922 8.147947515591108
    vertex 411.4240233716805 64.67223908823502 6.34794705132302
    vertex 411.3563506421878 64.92477204721929 6.347947060916241
  endloop
endfacet
facet normal -0.4664089126084693 -0.8845664917091816 -0.0022018139557804725
  outer loop
    vertex 409.19614861582096 86.61868073862553 8.147948588475218
    vertex 409.1399962720694 86.65276887339112 6.347947194672384
    vertex 409.357907038672 86.53787019175063 6.347947205617633
  endloop
endfacet
facet normal -0.04244260436262651 0.9990989066828757 7.1045599958630135e-15
  outer loop
    vertex 432.8382842359368 71.12957551401621 6.34794729505402
    vertex 432.92808220957096 71.13339021128188 5.3517540947040905
    vertex 432.8382842359369 71.12957551401621 5.347946848019557
  endloop
endfacet
facet normal -0.04244260436262651 0.9990989066828757 7.1045599958630135e-15
  outer loop
    vertex 432.92808220957096 71.13339021128188 5.3517540947040905
    vertex 432.8382842359368 71.12957551401621 6.34794729505402
    vertex 432.92808220956914 71.13339021128188 6.347947295053817
  endloop
endfacet
facet normal 0.9062980258022222 -0.4226278366281787 0.003098408297835198
  outer loop
    vertex 411.3556945142575 87.40469148081299 8.147948588476087
    vertex 411.2451903638675 87.16772248667226 8.147948588475794
    vertex 411.2974669751953 87.26662995737553 6.347947188986068
  endloop
endfacet
facet normal 0.7071067811882727 0.7071067811848225 2.1593837828959295e-14
  outer loop
    vertex 410.63625786874945 64.9902627698755 8.147947515591255
    vertex 410.525326472265 65.10119416635982 11.347947324856026
    vertex 410.6362578687498 64.9902627698754 11.347947324855925
  endloop
endfacet
facet normal 0.7071067811882727 0.7071067811848225 2.1593837828959295e-14
  outer loop
    vertex 410.525326472265 65.10119416635982 11.347947324856026
    vertex 410.63625786874945 64.9902627698755 8.147947515591255
    vertex 410.525326472266 65.10119416635992 8.147947515591492
  endloop
endfacet
facet normal 0.9961951954178029 0.08715005809800486 3.0281332996651145e-14
  outer loop
    vertex 410.8461577710934 87.91772248667245 8.147948588474993
    vertex 410.8324858960946 88.07400300425032 11.347948755368263
    vertex 410.84615777109315 87.91772248667233 11.347948755368556
  endloop
endfacet
facet normal 0.9961951954178029 0.08715005809800486 3.0281332996651145e-14
  outer loop
    vertex 410.8324858960946 88.07400300425032 11.347948755368263
    vertex 410.8461577710934 87.91772248667245 8.147948588474993
    vertex 410.832485896094 88.07400300425043 8.147948588475128
  endloop
endfacet
facet normal -0.4969844135800662 0.8677594670520616 -2.7983865225067466e-13
  outer loop
    vertex 433.25458977792914 71.22353913706299 6.3479472950536255
    vertex 433.3254058179689 71.26409699839127 5.482447589977282
    vertex 433.25458977792914 71.22353913706299 5.4419067755780475
  endloop
endfacet
facet normal -0.4969844135800662 0.8677594670520616 -2.7983865225067466e-13
  outer loop
    vertex 433.3254058179689 71.26409699839127 5.482447589977282
    vertex 433.25458977792914 71.22353913706299 6.3479472950536255
    vertex 433.3254058179681 71.26409699839127 6.3479472950541895
  endloop
endfacet
facet normal 0.6333142348184283 -0.773888503067084 -0.0031088256523651306
  outer loop
    vertex 410.9103362378896 86.76864411753171 8.14794858847515
    vertex 410.79137871836 86.67852570932868 6.347947218174142
    vertex 410.9935729322272 86.84399201792235 6.347947209962615
  endloop
endfacet
facet normal -0.9063098270284556 -0.4226138869365881 -1.322553178084718e-14
  outer loop
    vertex 432.58981011484275 64.11706330698485 11.347947324855756
    vertex 432.6561095533207 63.97488191050054 8.147947515591424
    vertex 432.6561095533201 63.97488191050043 11.347947324855552
  endloop
endfacet
facet normal -0.9063098270284556 -0.4226138869365881 -1.322553178084718e-14
  outer loop
    vertex 432.6561095533207 63.97488191050054 8.147947515591424
    vertex 432.58981011484275 64.11706330698485 11.347947324855756
    vertex 432.58981011484303 64.11706330698496 8.147947515590726
  endloop
endfacet
facet normal -0.8191514860699062 -0.5735694503471784 0.0029880592196036143
  outer loop
    vertex 432.1522490796887 87.16970612925066 8.14794858847505
    vertex 432.20493767832033 87.08508088510983 6.347947148222483
    vertex 432.3022124585937 86.95553376596918 8.147948588475185
  endloop
endfacet
facet normal -0.9950884771750881 -0.09898850765020539 -0.00044491184492218016
  outer loop
    vertex 408.4463622388671 87.89236237925054 6.347947119570179
    vertex 408.47074578378846 87.64724519175046 6.347947131497329
    vertex 408.4689452466796 87.65725495737544 8.147948588474959
  endloop
endfacet
facet normal -6.435116328695756e-12 5.4645637451449596e-12 1.0
  outer loop
    vertex 408.4468200025398 64.41174104135985 6.347947046986013
    vertex 408.47074578378846 87.64724519175046 6.347947131497329
    vertex 408.4463622388671 87.89236237925054 6.347947119570179
  endloop
endfacet
facet normal -6.435116328695756e-12 5.4645637451449596e-12 1.0
  outer loop
    vertex 408.47074578378846 87.64724519175046 6.347947131497329
    vertex 408.4468200025398 64.41174104135985 6.347947046986013
    vertex 408.4696013746079 64.67223908823503 6.347947056710284
  endloop
endfacet
facet normal -6.435116328695756e-12 5.4645637451449596e-12 1.0
  outer loop
    vertex 408.47074578378846 87.64724519175046 6.347947131497329
    vertex 408.4696013746079 64.67223908823503 6.347947056710284
    vertex 408.5372741041013 64.9247720472193 6.347947066056217
  endloop
endfacet
facet normal -6.435116328695756e-12 5.4645637451449596e-12 1.0
  outer loop
    vertex 408.47074578378846 87.64724519175046 6.347947131497329
    vertex 408.5372741041013 64.9247720472193 6.347947066056217
    vertex 408.53490899179656 87.40939118784434 6.347947144119635
  endloop
endfacet
facet normal -6.435116328695756e-12 5.4645637451449596e-12 1.0
  outer loop
    vertex 408.53490899179656 87.40939118784434 6.347947144119635
    vertex 408.5372741041013 64.9247720472193 6.347947066056217
    vertex 408.6371428785164 87.18527009409418 6.347947157096703
  endloop
endfacet
facet normal -6.435116328695756e-12 5.4645637451449596e-12 1.0
  outer loop
    vertex 408.6371428785164 87.18527009409418 6.347947157096703
    vertex 408.5372741041013 64.9247720472193 6.347947066056217
    vertex 408.64777825449147 65.16174104135987 6.347947074739695
  endloop
endfacet
facet normal -6.435116328695756e-12 5.4645637451449596e-12 1.0
  outer loop
    vertex 408.6371428785164 87.18527009409418 6.347947157096703
    vertex 408.64777825449147 65.16174104135987 6.347947074739695
    vertex 408.7746856031251 86.98089387339115 6.347947170080674
  endloop
endfacet
facet normal -6.435116328695756e-12 5.4645637451449596e-12 1.0
  outer loop
    vertex 408.7746856031251 86.98089387339115 6.347947170080674
    vertex 408.64777825449147 65.16174104135987 6.347947074739695
    vertex 408.79775689218684 65.37594392221916 6.347947082496554
  endloop
endfacet
facet normal -6.435116328695756e-12 5.4645637451449596e-12 1.0
  outer loop
    vertex 408.7746856031251 86.98089387339115 6.347947170080674
    vertex 408.79775689218684 65.37594392221916 6.347947082496554
    vertex 408.9438292798831 86.80178620737553 6.347947182718896
  endloop
endfacet
facet normal -6.435116328695756e-12 5.4645637451449596e-12 1.0
  outer loop
    vertex 408.9438292798831 86.80178620737553 6.347947182718896
    vertex 408.79775689218684 65.37594392221916 6.347947082496554
    vertex 408.98263238046934 65.56081941050041 6.347947089090978
  endloop
endfacet
facet normal -6.435116328695756e-12 5.4645637451449596e-12 1.0
  outer loop
    vertex 408.9438292798831 86.80178620737553 6.347947182718896
    vertex 408.98263238046934 65.56081941050041 6.347947089090978
    vertex 409.1399962720694 86.65276887339112 6.347947194672384
  endloop
endfacet
facet normal -6.435116328695756e-12 5.4645637451449596e-12 1.0
  outer loop
    vertex 409.1399962720694 86.65276887339112 6.347947194672384
    vertex 408.98263238046934 65.56081941050041 6.347947089090978
    vertex 409.1968200025386 65.71078278940675 6.347947094323899
  endloop
endfacet
facet normal -6.435116328695756e-12 5.4645637451449596e-12 1.0
  outer loop
    vertex 409.1399962720694 86.65276887339112 6.347947194672384
    vertex 409.1968200025386 65.71078278940675 6.347947094323899
    vertex 409.357907038672 86.53787019175063 6.347947205617633
  endloop
endfacet
facet normal -6.435116328695756e-12 5.4645637451449596e-12 1.0
  outer loop
    vertex 409.357907038672 86.53787019175063 6.347947205617633
    vertex 409.1968200025386 65.71078278940675 6.347947094323899
    vertex 409.43378899667994 65.82128693979737 6.34794709803511
  endloop
endfacet
facet normal -6.435116328695756e-12 5.4645637451449596e-12 1.0
  outer loop
    vertex 409.357907038672 86.53787019175063 6.347947205617633
    vertex 409.43378899667994 65.82128693979737 6.34794709803511
    vertex 409.59168694589874 86.46020295542235 6.347947215259696
  endloop
endfacet
facet normal -6.435116328695756e-12 5.4645637451449596e-12 1.0
  outer loop
    vertex 409.59168694589874 86.46020295542235 6.347947215259696
    vertex 409.43378899667994 65.82128693979737 6.34794709803511
    vertex 409.68633721445275 65.88897492807861 6.347947100111767
  endloop
endfacet
facet normal -6.435116328695756e-12 5.4645637451449596e-12 1.0
  outer loop
    vertex 409.59168694589874 86.46020295542235 6.347947215259696
    vertex 409.68633721445275 65.88897492807861 6.347947100111767
    vertex 409.6862761792967 71.97759797495364 6.347947295054212
  endloop
endfacet
facet normal -6.435116328695756e-12 5.4645637451449596e-12 1.0
  outer loop
    vertex 409.6862761792967 71.97759797495364 6.347947295054212
    vertex 409.68633721445275 65.88897492807861 6.347947100111767
    vertex 409.69007561777306 71.88775422495354 6.3479472950540545
  endloop
endfacet
facet normal -6.435116328695756e-12 5.4645637451449596e-12 1.0
  outer loop
    vertex 409.69007561777306 71.88775422495354 6.3479472950540545
    vertex 409.68633721445275 65.88897492807861 6.347947100111767
    vertex 409.9468200025392 65.91174104135986 6.347947100490737
  endloop
endfacet
facet normal -6.435116328695756e-12 5.4645637451449596e-12 1.0
  outer loop
    vertex 409.69007561777306 71.88775422495354 6.3479472950540545
    vertex 409.9468200025392 65.91174104135986 6.347947100490737
    vertex 409.7014739332025 71.80071809214114 6.347947295053952
  endloop
endfacet
facet normal -6.435116328695756e-12 5.4645637451449596e-12 1.0
  outer loop
    vertex 409.7014739332025 71.80071809214114 6.347947295053952
    vertex 409.9468200025392 65.91174104135986 6.347947100490737
    vertex 409.7203948316404 71.71688630503184 6.347947295054223
  endloop
endfacet
facet normal -6.435116328695756e-12 5.4645637451449596e-12 1.0
  outer loop
    vertex 409.7203948316404 71.71688630503184 6.347947295054223
    vertex 409.9468200025392 65.91174104135986 6.347947100490737
    vertex 409.7467009839834 71.63689973276603 6.347947295054269
  endloop
endfacet
facet normal -6.435116328695756e-12 5.4645637451449596e-12 1.0
  outer loop
    vertex 409.7467009839834 71.63689973276603 6.347947295054269
    vertex 409.9468200025392 65.91174104135986 6.347947100490737
    vertex 409.7802245435547 71.56124665659426 6.347947295054449
  endloop
endfacet
facet normal -6.435116328695756e-12 5.4645637451449596e-12 1.0
  outer loop
    vertex 409.7802245435547 71.56124665659426 6.347947295054449
    vertex 409.9468200025392 65.91174104135986 6.347947100490737
    vertex 409.8207671460933 71.49044587534432 6.347947295054979
  endloop
endfacet
facet normal -6.435116328695756e-12 5.4645637451449596e-12 1.0
  outer loop
    vertex 409.8207671460933 71.49044587534432 6.347947295054979
    vertex 409.9468200025392 65.91174104135986 6.347947100490737
    vertex 409.8680541333985 71.42492463510985 6.347947295053998
  endloop
endfacet
facet normal -6.435116328695756e-12 5.4645637451449596e-12 1.0
  outer loop
    vertex 409.8680541333985 71.42492463510985 6.347947295053998
    vertex 409.9468200025392 65.91174104135986 6.347947100490737
    vertex 409.92178032968627 71.36511018198479 6.347947295054516
  endloop
endfacet
facet normal -6.435116328695756e-12 5.4645637451449596e-12 1.0
  outer loop
    vertex 409.92178032968627 71.36511018198479 6.347947295054516
    vertex 409.9468200025392 65.91174104135986 6.347947100490737
    vertex 409.98161004160175 71.3113992444849 6.347947295054336
  endloop
endfacet
facet normal -6.435116328695756e-12 5.4645637451449596e-12 1.0
  outer loop
    vertex 409.98161004160175 71.3113992444849 6.347947295054336
    vertex 409.9468200025392 65.91174104135986 6.347947100490737
    vertex 410.20728753183585 65.8889749280786 6.347947099162228
  endloop
endfacet
facet normal -6.435116328695756e-12 5.4645637451449596e-12 1.0
  outer loop
    vertex 409.98161004160175 71.3113992444849 6.347947295054336
    vertex 410.20728753183585 65.8889749280786 6.347947099162228
    vertex 410.04713128183687 71.26409699839122 6.347947295053964
  endloop
endfacet
facet normal -6.435116328695756e-12 5.4645637451449596e-12 1.0
  outer loop
    vertex 410.04713128183687 71.26409699839122 6.347947295053964
    vertex 410.20728753183585 65.8889749280786 6.347947099162228
    vertex 410.11794732187536 71.22353913706294 6.347947295053817
  endloop
endfacet
facet normal -6.435116328695756e-12 5.4645637451449596e-12 1.0
  outer loop
    vertex 410.11794732187536 71.22353913706294 6.347947295053817
    vertex 410.20728753183585 65.8889749280786 6.347947099162228
    vertex 410.1936003980465 71.19000031870362 6.3479472950541895
  endloop
endfacet
facet normal -6.435116328695756e-12 5.4645637451449596e-12 1.0
  outer loop
    vertex 410.1936003980465 71.19000031870362 6.3479472950541895
    vertex 410.20728753183585 65.8889749280786 6.347947099162228
    vertex 410.27357171152266 71.16369416635987 6.347947295054799
  endloop
endfacet
facet normal -6.435116328695756e-12 5.4645637451449596e-12 1.0
  outer loop
    vertex 410.27357171152266 71.16369416635987 6.347947295054799
    vertex 410.20728753183585 65.8889749280786 6.347947099162228
    vertex 410.45985100839783 65.82128693979736 6.347947096163905
  endloop
endfacet
facet normal -6.435116328695756e-12 5.4645637451449596e-12 1.0
  outer loop
    vertex 410.27357171152266 71.16369416635987 6.347947295054799
    vertex 410.45985100839783 65.82128693979736 6.347947096163905
    vertex 410.3573729810544 71.14477326792228 6.3479472950537605
  endloop
endfacet
facet normal -6.435116328695756e-12 5.4645637451449596e-12 1.0
  outer loop
    vertex 410.3573729810544 71.14477326792228 6.3479472950537605
    vertex 410.45985100839783 65.82128693979736 6.347947096163905
    vertex 410.44445489023474 71.13339021128182 6.347947295054133
  endloop
endfacet
facet normal -6.435116328695756e-12 5.4645637451449596e-12 1.0
  outer loop
    vertex 410.44445489023474 71.13339021128182 6.347947295054133
    vertex 410.45985100839783 65.82128693979736 6.347947096163905
    vertex 410.5342681226557 71.12957551401617 6.3479472950541105
  endloop
endfacet
facet normal -6.435116328695756e-12 5.4645637451449596e-12 1.0
  outer loop
    vertex 410.5342681226557 71.12957551401617 6.3479472950541105
    vertex 410.45985100839783 65.82128693979736 6.347947096163905
    vertex 410.69682000253886 65.71078278940674 6.347947091589152
  endloop
endfacet
facet normal -6.435116328695756e-12 5.4645637451449596e-12 1.0
  outer loop
    vertex 410.5342681226557 71.12957551401617 6.3479472950541105
    vertex 410.69682000253886 65.71078278940674 6.347947091589152
    vertex 432.8382842359368 71.12957551401621 6.34794729505402
  endloop
endfacet
facet normal -6.435116328695756e-12 5.4645637451449596e-12 1.0
  outer loop
    vertex 432.8382842359368 71.12957551401621 6.34794729505402
    vertex 410.69682000253886 65.71078278940674 6.347947091589152
    vertex 410.9109923658193 65.56081941050039 6.34794708557563
  endloop
endfacet
facet normal -6.435116328695756e-12 5.4645637451449596e-12 1.0
  outer loop
    vertex 432.8382842359368 71.12957551401621 6.34794729505402
    vertex 410.9109923658193 65.56081941050039 6.34794708557563
    vertex 411.0958831128912 65.37594392221916 6.34794707830667
  endloop
endfacet
facet normal -6.435116328695756e-12 5.4645637451449596e-12 1.0
  outer loop
    vertex 432.8382842359368 71.12957551401621 6.34794729505402
    vertex 411.0958831128912 65.37594392221916 6.34794707830667
    vertex 411.2458617505859 65.16174104135986 6.347947070002219
  endloop
endfacet
facet normal -6.435116328695756e-12 5.4645637451449596e-12 1.0
  outer loop
    vertex 432.8382842359368 71.12957551401621 6.34794729505402
    vertex 411.2458617505859 65.16174104135986 6.347947070002219
    vertex 411.3563506421878 64.92477204721929 6.347947060916241
  endloop
endfacet
facet normal -6.435116328695756e-12 5.4645637451449596e-12 1.0
  outer loop
    vertex 432.8382842359368 71.12957551401621 6.34794729505402
    vertex 411.3563506421878 64.92477204721929 6.347947060916241
    vertex 411.4240233716805 64.67223908823502 6.34794705132302
  endloop
endfacet
facet normal -6.435116328695756e-12 5.4645637451449596e-12 1.0
  outer loop
    vertex 432.8382842359368 71.12957551401621 6.34794729505402
    vertex 411.4240233716805 64.67223908823502 6.34794705132302
    vertex 411.4468200025392 64.41174104135983 6.347947519099421
  endloop
endfacet
facet normal -6.435116328695756e-12 5.4645637451449596e-12 1.0
  outer loop
    vertex 432.8382842359368 71.12957551401621 6.34794729505402
    vertex 411.4468200025392 64.41174104135983 6.347947519099421
    vertex 431.95832512949204 64.68533112925064 6.347947012336961
  endloop
endfacet
facet normal -6.435116328695756e-12 5.4645637451449596e-12 1.0
  outer loop
    vertex 431.95832512949204 64.68533112925064 6.347947012336961
    vertex 411.4468200025392 64.41174104135983 6.347947519099421
    vertex 431.9355284986331 64.42486359995365 6.347947000909904
  endloop
endfacet
facet normal -6.435116328695756e-12 5.4645637451449596e-12 1.0
  outer loop
    vertex 432.8382842359368 71.12957551401621 6.34794729505402
    vertex 431.95832512949204 64.68533112925064 6.347947012336961
    vertex 432.02599785898406 64.9378946058131 6.347947023417128
  endloop
endfacet
facet normal -6.435116328695756e-12 5.4645637451449596e-12 1.0
  outer loop
    vertex 432.8382842359368 71.12957551401621 6.34794729505402
    vertex 432.02599785898406 64.9378946058131 6.347947023417128
    vertex 432.1364867505855 65.17486359995367 6.347947033812528
  endloop
endfacet
facet normal -6.435116328695756e-12 5.4645637451449596e-12 1.0
  outer loop
    vertex 432.8382842359368 71.12957551401621 6.34794729505402
    vertex 432.1364867505855 65.17486359995367 6.347947033812528
    vertex 432.2864653882811 65.38903596323496 6.347947043209525
  endloop
endfacet
facet normal -6.435116328695756e-12 5.4645637451449596e-12 1.0
  outer loop
    vertex 432.8382842359368 71.12957551401621 6.34794729505402
    vertex 432.2864653882811 65.38903596323496 6.347947043209525
    vertex 432.47135613535164 65.57394196909439 6.347947051320956
  endloop
endfacet
facet normal -6.435116328695756e-12 5.4645637451449596e-12 1.0
  outer loop
    vertex 432.8382842359368 71.12957551401621 6.34794729505402
    vertex 432.47135613535164 65.57394196909439 6.347947051320956
    vertex 432.6855284986328 65.72390534800056 6.347947057900502
  endloop
endfacet
facet normal -6.435116328695756e-12 5.4645637451449596e-12 1.0
  outer loop
    vertex 432.8382842359368 71.12957551401621 6.34794729505402
    vertex 432.6855284986328 65.72390534800056 6.347947057900502
    vertex 432.9224974927726 65.8344094983912 6.3479470627475845
  endloop
endfacet
facet normal -6.435116328695756e-12 5.4645637451449596e-12 1.0
  outer loop
    vertex 432.8382842359368 71.12957551401621 6.34794729505402
    vertex 432.9224974927726 65.8344094983912 6.3479470627475845
    vertex 432.92808220956914 71.13339021128188 6.347947295053817
  endloop
endfacet
facet normal -6.435116328695756e-12 5.4645637451449596e-12 1.0
  outer loop
    vertex 432.92808220956914 71.13339021128188 6.347947295053817
    vertex 432.9224974927726 65.8344094983912 6.3479470627475845
    vertex 433.1750609693356 65.90206696909422 6.347947065717562
  endloop
endfacet
facet normal -6.435116328695756e-12 5.4645637451449596e-12 1.0
  outer loop
    vertex 432.92808220956914 71.13339021128188 6.347947295053817
    vertex 433.1750609693356 65.90206696909422 6.347947065717562
    vertex 433.01516411875 71.14477326792233 6.347947295054043
  endloop
endfacet
facet normal -6.435116328695756e-12 5.4645637451449596e-12 1.0
  outer loop
    vertex 433.01516411875 71.14477326792233 6.347947295054043
    vertex 433.1750609693356 65.90206696909422 6.347947065717562
    vertex 433.09896538828156 71.16369416635992 6.347947295054099
  endloop
endfacet
facet normal -6.435116328695756e-12 5.4645637451449596e-12 1.0
  outer loop
    vertex 433.09896538828156 71.16369416635992 6.347947295054099
    vertex 433.1750609693356 65.90206696909422 6.347947065717562
    vertex 433.1789519605469 71.19000031870367 6.347947295054065
  endloop
endfacet
facet normal -6.435116328695756e-12 5.4645637451449596e-12 1.0
  outer loop
    vertex 433.1789519605469 71.19000031870367 6.347947295054065
    vertex 433.1750609693356 65.90206696909422 6.347947065717562
    vertex 433.43552849863266 65.92486359995368 6.3479470667164275
  endloop
endfacet
facet normal -6.435116328695756e-12 5.4645637451449596e-12 1.0
  outer loop
    vertex 433.1789519605469 71.19000031870367 6.347947295054065
    vertex 433.43552849863266 65.92486359995368 6.3479470667164275
    vertex 433.25458977792914 71.22353913706299 6.3479472950536255
  endloop
endfacet
facet normal -6.435116328695756e-12 5.4645637451449596e-12 1.0
  outer loop
    vertex 433.25458977792914 71.22353913706299 6.3479472950536255
    vertex 433.43552849863266 65.92486359995368 6.3479470667164275
    vertex 433.3254058179681 71.26409699839127 6.3479472950541895
  endloop
endfacet
facet normal -6.435116328695756e-12 5.4645637451449596e-12 1.0
  outer loop
    vertex 433.3254058179681 71.26409699839127 6.3479472950541895
    vertex 433.43552849863266 65.92486359995368 6.3479470667164275
    vertex 433.39094231699227 71.31139924448495 6.347947295053445
  endloop
endfacet
facet normal -6.435116328695756e-12 5.4645637451449596e-12 1.0
  outer loop
    vertex 433.39094231699227 71.31139924448495 6.347947295053445
    vertex 433.43552849863266 65.92486359995368 6.3479470667164275
    vertex 433.4507567701171 71.36511018198483 6.347947295054077
  endloop
endfacet
facet normal -6.435116328695756e-12 5.4645637451449596e-12 1.0
  outer loop
    vertex 433.4507567701171 71.36511018198483 6.347947295054077
    vertex 433.43552849863266 65.92486359995368 6.3479470667164275
    vertex 433.69599602792994 65.90206696909422 6.347947065716715
  endloop
endfacet
facet normal -6.435116328695756e-12 5.4645637451449596e-12 1.0
  outer loop
    vertex 433.4507567701171 71.36511018198483 6.347947295054077
    vertex 433.69599602792994 65.90206696909422 6.347947065716715
    vertex 433.50448296640616 71.42492463510989 6.34794729505402
  endloop
endfacet
facet normal -6.435116328695756e-12 5.4645637451449596e-12 1.0
  outer loop
    vertex 433.50448296640616 71.42492463510989 6.34794729505402
    vertex 433.69599602792994 65.90206696909422 6.347947065716715
    vertex 433.55176995371045 71.49044587534436 6.347947295053738
  endloop
endfacet
facet normal -6.435116328695756e-12 5.4645637451449596e-12 1.0
  outer loop
    vertex 433.55176995371045 71.49044587534436 6.347947295053738
    vertex 433.69599602792994 65.90206696909422 6.347947065716715
    vertex 433.59231255624974 71.56124665659429 6.3479472950539755
  endloop
endfacet
facet normal -6.435116328695756e-12 5.4645637451449596e-12 1.0
  outer loop
    vertex 433.59231255624974 71.56124665659429 6.3479472950539755
    vertex 433.69599602792994 65.90206696909422 6.347947065716715
    vertex 433.62585137460877 71.63689973276607 6.347947295053986
  endloop
endfacet
facet normal -6.435116328695756e-12 5.4645637451449596e-12 1.0
  outer loop
    vertex 433.62585137460877 71.63689973276607 6.347947295053986
    vertex 433.69599602792994 65.90206696909422 6.347947065716715
    vertex 433.6521575269531 71.71688630503186 6.347947295053806
  endloop
endfacet
facet normal -6.435116328695756e-12 5.4645637451449596e-12 1.0
  outer loop
    vertex 433.6521575269531 71.71688630503186 6.347947295053806
    vertex 433.69599602792994 65.90206696909422 6.347947065716715
    vertex 433.67106316660175 71.80071809214117 6.347947295053952
  endloop
endfacet
facet normal -6.435116328695756e-12 5.4645637451449596e-12 1.0
  outer loop
    vertex 433.67106316660175 71.80071809214117 6.347947295053952
    vertex 433.69599602792994 65.90206696909422 6.347947065716715
    vertex 433.68246148203144 71.88775422495357 6.347947295054404
  endloop
endfacet
facet normal -6.435116328695756e-12 5.4645637451449596e-12 1.0
  outer loop
    vertex 433.68246148203144 71.88775422495357 6.347947295054404
    vertex 433.69599602792994 65.90206696909422 6.347947065716715
    vertex 433.68627617929604 71.97759797495367 6.347947295054562
  endloop
endfacet
facet normal -6.435116328695756e-12 5.4645637451449596e-12 1.0
  outer loop
    vertex 401.1862761793135 54.72521282804462 6.347947294109027
    vertex 408.46960137460866 64.15127351206304 6.3479470371788125
    vertex 401.1862761793137 100.72521282804453 6.347947294187535
  endloop
endfacet
facet normal -6.435116328695756e-12 5.4645637451449596e-12 1.0
  outer loop
    vertex 408.46960137460866 64.15127351206304 6.3479470371788125
    vertex 401.1862761793135 54.72521282804462 6.347947294109027
    vertex 408.53727410410164 63.898710035500415 6.347947027586099
  endloop
endfacet
facet normal -6.435116328695756e-12 5.4645637451449596e-12 1.0
  outer loop
    vertex 408.53727410410164 63.898710035500415 6.347947027586099
    vertex 401.1862761793135 54.72521282804462 6.347947294109027
    vertex 408.64777825449164 63.66174104136003 6.347947018498982
  endloop
endfacet
facet normal -6.435116328695756e-12 5.4645637451449596e-12 1.0
  outer loop
    vertex 408.64777825449164 63.66174104136003 6.347947018498982
    vertex 401.1862761793135 54.72521282804462 6.347947294109027
    vertex 408.7977568921882 63.44756867807856 6.347947010195625
  endloop
endfacet
facet normal -6.435116328695756e-12 5.4645637451449596e-12 1.0
  outer loop
    vertex 408.7977568921882 63.44756867807856 6.347947010195625
    vertex 401.1862761793135 54.72521282804462 6.347947294109027
    vertex 408.98263238046934 63.262693189797325 6.347947002926417
  endloop
endfacet
facet normal -6.435116328695756e-12 5.4645637451449596e-12 1.0
  outer loop
    vertex 408.98263238046934 63.262693189797325 6.347947002926417
    vertex 401.1862761793135 54.72521282804462 6.347947294109027
    vertex 409.1968200025386 63.11272981089114 6.347946996913324
  endloop
endfacet
facet normal -6.435116328695756e-12 5.4645637451449596e-12 1.0
  outer loop
    vertex 409.1968200025386 63.11272981089114 6.347946996913324
    vertex 401.1862761793135 54.72521282804462 6.347947294109027
    vertex 409.43378899667965 63.00222566050049 6.347946992338131
  endloop
endfacet
facet normal -6.435116328695756e-12 5.4645637451449596e-12 1.0
  outer loop
    vertex 409.43378899667965 63.00222566050049 6.347946992338131
    vertex 401.1862761793135 54.72521282804462 6.347947294109027
    vertex 409.6863372144526 62.934537672219285 6.347946989339874
  endloop
endfacet
facet normal -6.435116328695756e-12 5.4645637451449596e-12 1.0
  outer loop
    vertex 409.6863372144526 62.934537672219285 6.347946989339874
    vertex 401.1862761793135 54.72521282804462 6.347947294109027
    vertex 442.1862761793118 54.725212828044505 6.347947294702765
  endloop
endfacet
facet normal -6.435116328695756e-12 5.4645637451449596e-12 1.0
  outer loop
    vertex 401.1862761793137 100.72521282804453 6.347947294187535
    vertex 408.46960137460866 64.15127351206304 6.3479470371788125
    vertex 408.4468200025398 64.41174104135985 6.347947046986013
  endloop
endfacet
facet normal -6.435116328695756e-12 5.4645637451449596e-12 1.0
  outer loop
    vertex 401.1862761793137 100.72521282804453 6.347947294187535
    vertex 408.4468200025398 64.41174104135985 6.347947046986013
    vertex 408.4463622388671 87.89236237925054 6.347947119570179
  endloop
endfacet
facet normal -6.435116328695756e-12 5.4645637451449596e-12 1.0
  outer loop
    vertex 409.6863372144526 62.934537672219285 6.347946989339874
    vertex 442.1862761793118 54.725212828044505 6.347947294702765
    vertex 409.9468200025392 62.91174104135982 6.3479469880111745
  endloop
endfacet
facet normal -6.435116328695756e-12 5.4645637451449596e-12 1.0
  outer loop
    vertex 409.9468200025392 62.91174104135982 6.3479469880111745
    vertex 442.1862761793118 54.725212828044505 6.347947294702765
    vertex 410.20728753183573 62.93453767221928 6.347946988390685
  endloop
endfacet
facet normal -6.435116328695756e-12 5.4645637451449596e-12 1.0
  outer loop
    vertex 410.20728753183573 62.93453767221928 6.347946988390685
    vertex 442.1862761793118 54.725212828044505 6.347947294702765
    vertex 410.45985100839846 63.002225660500486 6.347946990467117
  endloop
endfacet
facet normal -6.435116328695756e-12 5.4645637451449596e-12 1.0
  outer loop
    vertex 410.45985100839846 63.002225660500486 6.347946990467117
    vertex 442.1862761793118 54.725212828044505 6.347947294702765
    vertex 410.69682000253874 63.11272981089113 6.347946994178125
  endloop
endfacet
facet normal -6.435116328695756e-12 5.4645637451449596e-12 1.0
  outer loop
    vertex 410.69682000253874 63.11272981089113 6.347946994178125
    vertex 442.1862761793118 54.725212828044505 6.347947294702765
    vertex 410.9109923658204 63.262693189797304 6.347946999410156
  endloop
endfacet
facet normal -6.435116328695756e-12 5.4645637451449596e-12 1.0
  outer loop
    vertex 410.9109923658204 63.262693189797304 6.347946999410156
    vertex 442.1862761793118 54.725212828044505 6.347947294702765
    vertex 411.0958831128908 63.447568678078554 6.347947006005234
  endloop
endfacet
facet normal -6.435116328695756e-12 5.4645637451449596e-12 1.0
  outer loop
    vertex 411.0958831128908 63.447568678078554 6.347947006005234
    vertex 442.1862761793118 54.725212828044505 6.347947294702765
    vertex 411.2458617505853 63.66174104136002 6.347947013762398
  endloop
endfacet
facet normal -6.435116328695756e-12 5.4645637451449596e-12 1.0
  outer loop
    vertex 411.2458617505853 63.66174104136002 6.347947013762398
    vertex 442.1862761793118 54.725212828044505 6.347947294702765
    vertex 411.3563506421864 63.8987100355004 6.347947022445514
  endloop
endfacet
facet normal -6.435116328695756e-12 5.4645637451449596e-12 1.0
  outer loop
    vertex 411.3563506421864 63.8987100355004 6.347947022445514
    vertex 442.1862761793118 54.725212828044505 6.347947294702765
    vertex 411.4240233716802 64.15127351206303 6.3479470317914926
  endloop
endfacet
facet normal -6.435116328695756e-12 5.4645637451449596e-12 1.0
  outer loop
    vertex 411.4240233716802 64.15127351206303 6.3479470317914926
    vertex 442.1862761793118 54.725212828044505 6.347947294702765
    vertex 411.4468200025392 64.41174104135983 6.347947519099421
  endloop
endfacet
facet normal -6.435116328695756e-12 5.4645637451449596e-12 1.0
  outer loop
    vertex 411.4468200025392 64.41174104135983 6.347947519099421
    vertex 442.1862761793118 54.725212828044505 6.347947294702765
    vertex 432.47135613535147 63.2758157483913 6.347946950497803
  endloop
endfacet
facet normal -6.435116328695756e-12 5.4645637451449596e-12 1.0
  outer loop
    vertex 411.4468200025392 64.41174104135983 6.347947519099421
    vertex 432.47135613535147 63.2758157483913 6.347946950497803
    vertex 432.2864653882807 63.46069123667254 6.347946958609155
  endloop
endfacet
facet normal -6.435116328695756e-12 5.4645637451449596e-12 1.0
  outer loop
    vertex 411.4468200025392 64.41174104135983 6.347947519099421
    vertex 432.2864653882807 63.46069123667254 6.347946958609155
    vertex 432.1364867505857 63.674863599953646 6.347946968006038
  endloop
endfacet
facet normal -6.435116328695756e-12 5.4645637451449596e-12 1.0
  outer loop
    vertex 411.4468200025392 64.41174104135983 6.347947519099421
    vertex 432.1364867505857 63.674863599953646 6.347946968006038
    vertex 432.0259978589848 63.91183259409439 6.347946978402838
  endloop
endfacet
facet normal -6.435116328695756e-12 5.4645637451449596e-12 1.0
  outer loop
    vertex 411.4468200025392 64.41174104135983 6.347947519099421
    vertex 432.0259978589848 63.91183259409439 6.347946978402838
    vertex 431.95832512949204 64.16439607065685 6.347946989482576
  endloop
endfacet
facet normal -6.435116328695756e-12 5.4645637451449596e-12 1.0
  outer loop
    vertex 411.4468200025392 64.41174104135983 6.347947519099421
    vertex 431.95832512949204 64.16439607065685 6.347946989482576
    vertex 431.9355284986331 64.42486359995365 6.347947000909904
  endloop
endfacet
facet normal -6.435116328695756e-12 5.4645637451449596e-12 1.0
  outer loop
    vertex 432.47135613535147 63.2758157483913 6.347946950497803
    vertex 442.1862761793118 54.725212828044505 6.347947294702765
    vertex 432.6855284986332 63.125821851906935 6.347946943919125
  endloop
endfacet
facet normal -6.435116328695756e-12 5.4645637451449596e-12 1.0
  outer loop
    vertex 432.6855284986332 63.125821851906935 6.347946943919125
    vertex 442.1862761793118 54.725212828044505 6.347947294702765
    vertex 432.9224974927735 63.015317701516125 6.347946939071705
  endloop
endfacet
facet normal -6.435116328695756e-12 5.4645637451449596e-12 1.0
  outer loop
    vertex 432.9224974927735 63.015317701516125 6.347946939071705
    vertex 442.1862761793118 54.725212828044505 6.347947294702765
    vertex 433.1750609693358 62.94766023081309 6.3479469361019305
  endloop
endfacet
facet normal -6.435116328695756e-12 5.4645637451449596e-12 1.0
  outer loop
    vertex 433.1750609693358 62.94766023081309 6.3479469361019305
    vertex 442.1862761793118 54.725212828044505 6.347947294702765
    vertex 433.4355284986334 62.92486359995382 6.347946935102557
  endloop
endfacet
facet normal -6.435116328695756e-12 5.4645637451449596e-12 1.0
  outer loop
    vertex 433.4355284986334 62.92486359995382 6.347946935102557
    vertex 442.1862761793118 54.725212828044505 6.347947294702765
    vertex 433.69599602792965 62.94766023081309 6.347946936101885
  endloop
endfacet
facet normal -6.435116328695756e-12 5.4645637451449596e-12 1.0
  outer loop
    vertex 433.69599602792965 62.94766023081309 6.347946936101885
    vertex 442.1862761793118 54.725212828044505 6.347947294702765
    vertex 433.9485595044919 63.015317701516125 6.347946939071727
  endloop
endfacet
facet normal -6.435116328695756e-12 5.4645637451449596e-12 1.0
  outer loop
    vertex 433.9485595044919 63.015317701516125 6.347946939071727
    vertex 442.1862761793118 54.725212828044505 6.347947294702765
    vertex 434.18552849863215 63.125821851906935 6.347946943918844
  endloop
endfacet
facet normal -6.435116328695756e-12 5.4645637451449596e-12 1.0
  outer loop
    vertex 434.18552849863215 63.125821851906935 6.347946943918844
    vertex 442.1862761793118 54.725212828044505 6.347947294702765
    vertex 434.3997161207028 63.27581574839129 6.347946950498954
  endloop
endfacet
facet normal -6.435116328695756e-12 5.4645637451449596e-12 1.0
  outer loop
    vertex 434.3997161207028 63.27581574839129 6.347946950498954
    vertex 442.1862761793118 54.725212828044505 6.347947294702765
    vertex 434.5845916089835 63.46069123667253 6.347946958609809
  endloop
endfacet
facet normal -6.435116328695756e-12 5.4645637451449596e-12 1.0
  outer loop
    vertex 434.5845916089835 63.46069123667253 6.347946958609809
    vertex 442.1862761793118 54.725212828044505 6.347947294702765
    vertex 434.7345702466792 63.67486359995364 6.3479469680060046
  endloop
endfacet
facet normal -6.435116328695756e-12 5.4645637451449596e-12 1.0
  outer loop
    vertex 434.7345702466792 63.67486359995364 6.3479469680060046
    vertex 442.1862761793118 54.725212828044505 6.347947294702765
    vertex 434.8450743970703 63.91183259409438 6.347946978402916
  endloop
endfacet
facet normal -6.435116328695756e-12 5.4645637451449596e-12 1.0
  outer loop
    vertex 434.8450743970703 63.91183259409438 6.347946978402916
    vertex 442.1862761793118 54.725212828044505 6.347947294702765
    vertex 434.91274712656207 64.16439607065684 6.347946989482204
  endloop
endfacet
facet normal -6.435116328695756e-12 5.4645637451449596e-12 1.0
  outer loop
    vertex 434.91274712656207 64.16439607065684 6.347946989482204
    vertex 442.1862761793118 54.725212828044505 6.347947294702765
    vertex 434.93552849863266 64.42486359995365 6.3479475196961035
  endloop
endfacet
facet normal -6.435116328695756e-12 5.4645637451449596e-12 1.0
  outer loop
    vertex 434.93552849863266 64.42486359995365 6.3479475196961035
    vertex 442.1862761793118 54.725212828044505 6.347947294702765
    vertex 434.9415404615245 87.74905183237559 6.347947047125455
  endloop
endfacet
facet normal -6.435116328695756e-12 5.4645637451449596e-12 1.0
  outer loop
    vertex 434.9415404615245 87.74905183237559 6.347947047125455
    vertex 442.1862761793118 54.725212828044505 6.347947294702765
    vertex 434.94935296152335 87.84368684214114 6.347947044193231
  endloop
endfacet
facet normal -6.435116328695756e-12 5.4645637451449596e-12 1.0
  outer loop
    vertex 434.94935296152335 87.84368684214114 6.347947044193231
    vertex 442.1862761793118 54.725212828044505 6.347947294702765
    vertex 434.95126031015525 87.91048982065679 6.347947043366304
  endloop
endfacet
facet normal -6.435116328695756e-12 5.4645637451449596e-12 1.0
  outer loop
    vertex 401.1862761793137 100.72521282804453 6.347947294187535
    vertex 409.5426299390625 89.36242463510993 6.347947080277094
    vertex 442.1862761793131 100.72521282804442 6.347947294121006
  endloop
endfacet
facet normal -6.435116328695756e-12 5.4645637451449596e-12 1.0
  outer loop
    vertex 409.5426299390625 89.36242463510993 6.347947080277094
    vertex 401.1862761793137 100.72521282804453 6.347947294187535
    vertex 409.31159661386664 89.2768838636255 6.347947078225692
  endloop
endfacet
facet normal -6.435116328695756e-12 5.4645637451449596e-12 1.0
  outer loop
    vertex 409.31159661386664 89.2768838636255 6.347947078225692
    vertex 401.1862761793137 100.72521282804453 6.347947294187535
    vertex 409.09769890878937 89.15469148081303 6.347947078306682
  endloop
endfacet
facet normal -6.435116328695756e-12 5.4645637451449596e-12 1.0
  outer loop
    vertex 409.09769890878937 89.15469148081303 6.347947078306682
    vertex 401.1862761793137 100.72521282804453 6.347947294187535
    vertex 408.9066741285155 88.99914338510986 6.347947080519306
  endloop
endfacet
facet normal -6.435116328695756e-12 5.4645637451449596e-12 1.0
  outer loop
    vertex 408.9066741285155 88.99914338510986 6.347947080519306
    vertex 401.1862761793137 100.72521282804453 6.347947294187535
    vertex 408.7436950025386 88.81442048471922 6.347947084801978
  endloop
endfacet
facet normal -6.435116328695756e-12 5.4645637451449596e-12 1.0
  outer loop
    vertex 408.7436950025386 88.81442048471922 6.347947084801978
    vertex 401.1862761793137 100.72521282804453 6.347947294187535
    vertex 408.6131408033199 88.60552766245357 6.347947091040815
  endloop
endfacet
facet normal -6.435116328695756e-12 5.4645637451449596e-12 1.0
  outer loop
    vertex 408.6131408033199 88.60552766245357 6.347947091040815
    vertex 401.1862761793137 100.72521282804453 6.347947294187535
    vertex 408.5185363111329 88.37808015268809 6.347947099066046
  endloop
endfacet
facet normal -6.435116328695756e-12 5.4645637451449596e-12 1.0
  outer loop
    vertex 408.5185363111329 88.37808015268809 6.347947099066046
    vertex 401.1862761793137 100.72521282804453 6.347947294187535
    vertex 408.46244500253863 88.13818147104742 6.3479471086630905
  endloop
endfacet
facet normal -6.435116328695756e-12 5.4645637451449596e-12 1.0
  outer loop
    vertex 408.46244500253863 88.13818147104742 6.3479471086630905
    vertex 401.1862761793137 100.72521282804453 6.347947294187535
    vertex 408.4463622388671 87.89236237925054 6.347947119570179
  endloop
endfacet
facet normal -6.435116328695756e-12 5.4645637451449596e-12 1.0
  outer loop
    vertex 442.1862761793131 100.72521282804442 6.347947294121006
    vertex 409.5426299390625 89.36242463510993 6.347947080277094
    vertex 409.5782897291013 89.37191560190682 6.347947081015293
  endloop
endfacet
facet normal -6.435116328695756e-12 5.4645637451449596e-12 1.0
  outer loop
    vertex 442.1862761793131 100.72521282804442 6.347947294121006
    vertex 409.5782897291013 89.37191560190682 6.347947081015293
    vertex 409.61657403085866 89.38107087534416 6.347947081603674
  endloop
endfacet
facet normal -6.435116328695756e-12 5.4645637451449596e-12 1.0
  outer loop
    vertex 442.1862761793131 100.72521282804442 6.347947294121006
    vertex 409.61657403085866 89.38107087534416 6.347947081603674
    vertex 409.6572081861323 89.38964631479745 6.347947082045303
  endloop
endfacet
facet normal -6.435116328695756e-12 5.4645637451449596e-12 1.0
  outer loop
    vertex 442.1862761793131 100.72521282804442 6.347947294121006
    vertex 409.6572081861323 89.38964631479745 6.347947082045303
    vertex 409.69988701914014 89.39736726206301 6.34794708234335
  endloop
endfacet
facet normal -6.435116328695756e-12 5.4645637451449596e-12 1.0
  outer loop
    vertex 442.1862761793131 100.72521282804442 6.347947294121006
    vertex 409.69988701914014 89.39736726206301 6.34794708234335
    vertex 409.7442748365244 89.40408112925059 6.347947082501991
  endloop
endfacet
facet normal -6.435116328695756e-12 5.4645637451449596e-12 1.0
  outer loop
    vertex 442.1862761793131 100.72521282804442 6.347947294121006
    vertex 409.7442748365244 89.40408112925059 6.347947082501991
    vertex 409.79002068613204 89.409574293313 6.347947082526604
  endloop
endfacet
facet normal -6.435116328695756e-12 5.4645637451449596e-12 1.0
  outer loop
    vertex 442.1862761793131 100.72521282804442 6.347947294121006
    vertex 409.79002068613204 89.409574293313 6.347947082526604
    vertex 409.82117913339783 89.4125039808131 6.347947082446618
  endloop
endfacet
facet normal -6.435116328695756e-12 5.4645637451449596e-12 1.0
  outer loop
    vertex 442.1862761793131 100.72521282804442 6.347947294121006
    vertex 409.82117913339783 89.4125039808131 6.347947082446618
    vertex 410.09801934335945 89.4100320569848 6.347947082603307
  endloop
endfacet
facet normal -6.435116328695756e-12 5.4645637451449596e-12 1.0
  outer loop
    vertex 442.1862761793131 100.72521282804442 6.347947294121006
    vertex 410.09801934335945 89.4100320569848 6.347947082603307
    vertex 410.3546569166012 89.36102082651615 6.347947085034637
  endloop
endfacet
facet normal -6.435116328695756e-12 5.4645637451449596e-12 1.0
  outer loop
    vertex 442.1862761793131 100.72521282804442 6.347947294121006
    vertex 410.3546569166012 89.36102082651615 6.347947085034637
    vertex 410.5988890943366 89.26824738901615 6.347947089639935
  endloop
endfacet
facet normal -6.435116328695756e-12 5.4645637451449596e-12 1.0
  outer loop
    vertex 442.1862761793131 100.72521282804442 6.347947294121006
    vertex 410.5988890943366 89.26824738901615 6.347947089639935
    vertex 410.8233306226559 89.13451936167246 6.347947096277978
  endloop
endfacet
facet normal -6.435116328695756e-12 5.4645637451449596e-12 1.0
  outer loop
    vertex 442.1862761793131 100.72521282804442 6.347947294121006
    vertex 410.8233306226559 89.13451936167246 6.347947096277978
    vertex 411.0211608228513 88.9638345472192 6.3479471047481875
  endloop
endfacet
facet normal -6.435116328695756e-12 5.4645637451449596e-12 1.0
  outer loop
    vertex 442.1862761793131 100.72521282804442 6.347947294121006
    vertex 411.0211608228513 88.9638345472192 6.3479471047481875
    vertex 411.1863677320307 88.7614419690943 6.347947114793743
  endloop
endfacet
facet normal -6.435116328695756e-12 5.4645637451449596e-12 1.0
  outer loop
    vertex 442.1862761793131 100.72521282804442 6.347947294121006
    vertex 411.1863677320307 88.7614419690943 6.347947114793743
    vertex 411.313961726172 88.53344514292229 6.347947126109602
  endloop
endfacet
facet normal -6.435116328695756e-12 5.4645637451449596e-12 1.0
  outer loop
    vertex 442.1862761793131 100.72521282804442 6.347947294121006
    vertex 411.313961726172 88.53344514292229 6.347947126109602
    vertex 411.4000518140617 88.28677155893801 6.347947138352735
  endloop
endfacet
facet normal -6.435116328695756e-12 5.4645637451449596e-12 1.0
  outer loop
    vertex 442.1862761793131 100.72521282804442 6.347947294121006
    vertex 411.4000518140617 88.28677155893801 6.347947138352735
    vertex 411.4420287427728 88.02889802378174 6.347947151151886
  endloop
endfacet
facet normal -6.435116328695756e-12 5.4645637451449596e-12 1.0
  outer loop
    vertex 442.1862761793131 100.72521282804442 6.347947294121006
    vertex 411.4420287427728 88.02889802378174 6.347947151151886
    vertex 432.2358519849608 88.79876496714115 6.347947013104917
  endloop
endfacet
facet normal -6.435116328695756e-12 5.4645637451449596e-12 1.0
  outer loop
    vertex 432.2358519849608 88.79876496714115 6.347947013104917
    vertex 411.4420287427728 88.02889802378174 6.347947151151886
    vertex 432.1021849927732 88.57540681284435 6.347947032140931
  endloop
endfacet
facet normal -6.435116328695756e-12 5.4645637451449596e-12 1.0
  outer loop
    vertex 432.1021849927732 88.57540681284435 6.347947032140931
    vertex 411.4420287427728 88.02889802378174 6.347947151151886
    vertex 432.0091368970688 88.33230378550059 6.347947052282869
  endloop
endfacet
facet normal -6.435116328695756e-12 5.4645637451449596e-12 1.0
  outer loop
    vertex 432.0091368970688 88.33230378550059 6.347947052282869
    vertex 411.4420287427728 88.02889802378174 6.347947151151886
    vertex 431.9595305738274 88.07678010385985 6.3479470729238505
  endloop
endfacet
facet normal -6.435116328695756e-12 5.4645637451449596e-12 1.0
  outer loop
    vertex 431.9595305738274 88.07678010385985 6.3479470729238505
    vertex 411.4420287427728 88.02889802378174 6.347947151151886
    vertex 431.9548308667958 87.81652619760983 6.347947093443641
  endloop
endfacet
facet normal -6.435116328695756e-12 5.4645637451449596e-12 1.0
  outer loop
    vertex 442.1862761793131 100.72521282804442 6.347947294121006
    vertex 432.2358519849608 88.79876496714115 6.347947013104917
    vertex 432.40610955332016 88.9956338636256 6.3479469957497034
  endloop
endfacet
facet normal -6.435116328695756e-12 5.4645637451449596e-12 1.0
  outer loop
    vertex 442.1862761793131 100.72521282804442 6.347947294121006
    vertex 432.40610955332016 88.9956338636256 6.3479469957497034
    vertex 432.6078460035152 89.16012360971929 6.347946980595181
  endloop
endfacet
facet normal -6.435116328695756e-12 5.4645637451449596e-12 1.0
  outer loop
    vertex 442.1862761793131 100.72521282804442 6.347947294121006
    vertex 432.6078460035152 89.16012360971929 6.347946980595181
    vertex 432.83498833750036 89.287259840188 6.347946968099346
  endloop
endfacet
facet normal -6.435116328695756e-12 5.4645637451449596e-12 1.0
  outer loop
    vertex 442.1862761793131 100.72521282804442 6.347947294121006
    vertex 432.83498833750036 89.287259840188 6.347946968099346
    vertex 433.08068535898303 89.37322785776621 6.347946958638572
  endloop
endfacet
facet normal -6.435116328695756e-12 5.4645637451449596e-12 1.0
  outer loop
    vertex 442.1862761793131 100.72521282804442 6.347947294121006
    vertex 433.08068535898303 89.37322785776621 6.347946958638572
    vertex 433.3375365552731 89.41540315073505 6.347946952496787
  endloop
endfacet
facet normal -6.435116328695756e-12 5.4645637451449596e-12 1.0
  outer loop
    vertex 442.1862761793131 100.72521282804442 6.347947294121006
    vertex 433.3375365552731 89.41540315073505 6.347946952496787
    vertex 433.59780572031235 89.41253449839115 6.347946949860242
  endloop
endfacet
facet normal -6.435116328695756e-12 5.4645637451449596e-12 1.0
  outer loop
    vertex 442.1862761793131 100.72521282804442 6.347947294121006
    vertex 433.59780572031235 89.41253449839115 6.347946949860242
    vertex 433.8536803541016 89.36474397104749 6.347946950807052
  endloop
endfacet
facet normal -6.435116328695756e-12 5.4645637451449596e-12 1.0
  outer loop
    vertex 442.1862761793131 100.72521282804442 6.347947294121006
    vertex 433.8536803541016 89.36474397104749 6.347946950807052
    vertex 434.09742425058585 89.27340485971925 6.347946955308813
  endloop
endfacet
facet normal -6.435116328695756e-12 5.4645637451449596e-12 1.0
  outer loop
    vertex 442.1862761793131 100.72521282804442 6.347947294121006
    vertex 434.09742425058585 89.27340485971925 6.347946955308813
    vertex 434.32171319101604 89.14132478159429 6.347946963231948
  endloop
endfacet
facet normal -6.435116328695756e-12 5.4645637451449596e-12 1.0
  outer loop
    vertex 442.1862761793131 100.72521282804442 6.347947294121006
    vertex 434.32171319101604 89.14132478159429 6.347946963231948
    vertex 434.51980279062406 88.97247102182855 6.3479469743354535
  endloop
endfacet
facet normal -6.435116328695756e-12 5.4645637451449596e-12 1.0
  outer loop
    vertex 442.1862761793131 100.72521282804442 6.347947294121006
    vertex 434.51980279062406 88.97247102182855 6.3479469743354535
    vertex 434.68571160410244 88.77187898081301 6.347946988285016
  endloop
endfacet
facet normal -6.435116328695756e-12 5.4645637451449596e-12 1.0
  outer loop
    vertex 442.1862761793131 100.72521282804442 6.347947294121006
    vertex 434.68571160410244 88.77187898081301 6.347946988285016
    vertex 434.8144347486327 88.54565217417232 6.347947004662749
  endloop
endfacet
facet normal -6.435116328695756e-12 5.4645637451449596e-12 1.0
  outer loop
    vertex 442.1862761793131 100.72521282804442 6.347947294121006
    vertex 434.8144347486327 88.54565217417232 6.347947004662749
    vertex 434.90212700937525 88.30059602182861 6.347947022973446
  endloop
endfacet
facet normal -6.435116328695756e-12 5.4645637451449596e-12 1.0
  outer loop
    vertex 442.1862761793131 100.72521282804442 6.347947294121006
    vertex 434.90212700937525 88.30059602182861 6.347947022973446
    vertex 434.9461180982423 88.0440347425317 6.347947042666704
  endloop
endfacet
facet normal -6.435116328695756e-12 5.4645637451449596e-12 1.0
  outer loop
    vertex 442.1862761793131 100.72521282804442 6.347947294121006
    vertex 434.9461180982423 88.0440347425317 6.347947042666704
    vertex 434.9501769361318 87.97732331675063 6.347947042857075
  endloop
endfacet
facet normal -6.435116328695756e-12 5.4645637451449596e-12 1.0
  outer loop
    vertex 442.1862761793131 100.72521282804442 6.347947294121006
    vertex 434.9501769361318 87.97732331675063 6.347947042857075
    vertex 434.95126031015525 87.91048982065679 6.347947043366304
  endloop
endfacet
facet normal -6.435116328695756e-12 5.4645637451449596e-12 1.0
  outer loop
    vertex 442.1862761793131 100.72521282804442 6.347947294121006
    vertex 434.95126031015525 87.91048982065679 6.347947043366304
    vertex 442.1862761793118 54.725212828044505 6.347947294702765
  endloop
endfacet
facet normal -6.435116328695756e-12 5.4645637451449596e-12 1.0
  outer loop
    vertex 409.59168694589874 86.46020295542235 6.347947215259696
    vertex 409.69007561777283 84.37139680307853 6.347947295054223
    vertex 409.83503411386675 86.42184235971918 6.347947223338573
  endloop
endfacet
facet normal -6.435116328695756e-12 5.4645637451449596e-12 1.0
  outer loop
    vertex 409.69007561777283 84.37139680307853 6.347947295054223
    vertex 409.59168694589874 86.46020295542235 6.347947215259696
    vertex 409.6862761792967 84.28155305307861 6.347947295054404
  endloop
endfacet
facet normal -6.435116328695756e-12 5.4645637451449596e-12 1.0
  outer loop
    vertex 409.6862761792967 84.28155305307861 6.347947295054404
    vertex 409.59168694589874 86.46020295542235 6.347947215259696
    vertex 409.6862761792967 71.97759797495364 6.347947295054212
  endloop
endfacet
facet normal -6.435116328695756e-12 5.4645637451449596e-12 1.0
  outer loop
    vertex 409.83503411386675 86.42184235971918 6.347947223338573
    vertex 409.69007561777283 84.37139680307853 6.347947295054223
    vertex 409.7014739332025 84.45843293589128 6.347947295054291
  endloop
endfacet
facet normal -6.435116328695756e-12 5.4645637451449596e-12 1.0
  outer loop
    vertex 409.83503411386675 86.42184235971918 6.347947223338573
    vertex 409.7014739332025 84.45843293589128 6.347947295054291
    vertex 409.7203948316404 84.54223420542239 6.347947295054336
  endloop
endfacet
facet normal -6.435116328695756e-12 5.4645637451449596e-12 1.0
  outer loop
    vertex 409.83503411386675 86.42184235971918 6.347947223338573
    vertex 409.7203948316404 84.54223420542239 6.347947295054336
    vertex 409.7467009839834 84.62225129526603 6.347947295054506
  endloop
endfacet
facet normal -6.435116328695756e-12 5.4645637451449596e-12 1.0
  outer loop
    vertex 409.83503411386675 86.42184235971918 6.347947223338573
    vertex 409.7467009839834 84.62225129526603 6.347947295054506
    vertex 409.7802245435547 84.69787385385997 6.347947295054742
  endloop
endfacet
facet normal -6.435116328695756e-12 5.4645637451449596e-12 1.0
  outer loop
    vertex 409.83503411386675 86.42184235971918 6.347947223338573
    vertex 409.7802245435547 84.69787385385997 6.347947295054742
    vertex 409.82076714609343 84.76867463510987 6.34794729505543
  endloop
endfacet
facet normal -6.435116328695756e-12 5.4645637451449596e-12 1.0
  outer loop
    vertex 409.83503411386675 86.42184235971918 6.347947223338573
    vertex 409.82076714609343 84.76867463510987 6.34794729505543
    vertex 409.86805413339835 84.83419587534436 6.347947295054167
  endloop
endfacet
facet normal -6.435116328695756e-12 5.4645637451449596e-12 1.0
  outer loop
    vertex 409.83503411386675 86.42184235971918 6.347947223338573
    vertex 409.86805413339835 84.83419587534436 6.347947295054167
    vertex 409.8946502027344 86.41860749643806 6.347947225439053
  endloop
endfacet
facet normal -6.435116328695756e-12 5.4645637451449596e-12 1.0
  outer loop
    vertex 409.8946502027344 86.41860749643806 6.347947225439053
    vertex 409.86805413339835 84.83419587534436 6.347947295054167
    vertex 409.9217803296863 84.89404084604743 6.347947295054957
  endloop
endfacet
facet normal -6.435116328695756e-12 5.4645637451449596e-12 1.0
  outer loop
    vertex 409.8946502027344 86.41860749643806 6.347947225439053
    vertex 409.9217803296863 84.89404084604743 6.347947295054957
    vertex 409.95847771738255 86.41778352182851 6.347947227161985
  endloop
endfacet
facet normal -6.435116328695756e-12 5.4645637451449596e-12 1.0
  outer loop
    vertex 409.95847771738255 86.41778352182851 6.347947227161985
    vertex 409.9217803296863 84.89404084604743 6.347947295054957
    vertex 409.98161004160175 84.94775178354749 6.347947295054348
  endloop
endfacet
facet normal -6.435116328695756e-12 5.4645637451449596e-12 1.0
  outer loop
    vertex 409.95847771738255 86.41778352182851 6.347947227161985
    vertex 409.98161004160175 84.94775178354749 6.347947295054348
    vertex 410.02590630625053 86.41985871714122 6.347947228461572
  endloop
endfacet
facet normal -6.435116328695756e-12 5.4645637451449596e-12 1.0
  outer loop
    vertex 410.02590630625053 86.41985871714122 6.347947228461572
    vertex 409.98161004160175 84.94775178354749 6.347947295054348
    vertex 410.0471312818366 84.99505402964118 6.347947295054223
  endloop
endfacet
facet normal -6.435116328695756e-12 5.4645637451449596e-12 1.0
  outer loop
    vertex 410.02590630625053 86.41985871714122 6.347947228461572
    vertex 410.0471312818366 84.99505402964118 6.347947295054223
    vertex 410.0962340650386 86.42526032846925 6.3479472293003205
  endloop
endfacet
facet normal -6.435116328695756e-12 5.4645637451449596e-12 1.0
  outer loop
    vertex 410.0962340650386 86.42526032846925 6.3479472293003205
    vertex 410.0471312818366 84.99505402964118 6.347947295054223
    vertex 410.11794732187536 85.03561189096926 6.34794729505402
  endloop
endfacet
facet normal -6.435116328695756e-12 5.4645637451449596e-12 1.0
  outer loop
    vertex 410.0962340650386 86.42526032846925 6.3479472293003205
    vertex 410.11794732187536 85.03561189096926 6.34794729505402
    vertex 410.16871331308624 86.43432404917236 6.34794722965038
  endloop
endfacet
facet normal -6.435116328695756e-12 5.4645637451449596e-12 1.0
  outer loop
    vertex 410.16871331308624 86.43432404917236 6.34794722965038
    vertex 410.11794732187536 85.03561189096926 6.34794729505402
    vertex 410.1936003980463 85.0691507093286 6.34794729505428
  endloop
endfacet
facet normal -6.435116328695756e-12 5.4645637451449596e-12 1.0
  outer loop
    vertex 410.16871331308624 86.43432404917236 6.34794722965038
    vertex 410.1936003980463 85.0691507093286 6.34794729505428
    vertex 410.24256585214846 86.44729401987554 6.347947229489405
  endloop
endfacet
facet normal -6.435116328695756e-12 5.4645637451449596e-12 1.0
  outer loop
    vertex 410.24256585214846 86.44729401987554 6.347947229489405
    vertex 410.1936003980463 85.0691507093286 6.34794729505428
    vertex 410.27357171152266 85.09542634409434 6.347947295055035
  endloop
endfacet
facet normal -6.435116328695756e-12 5.4645637451449596e-12 1.0
  outer loop
    vertex 410.24256585214846 86.44729401987554 6.347947229489405
    vertex 410.27357171152266 85.09542634409434 6.347947295055035
    vertex 410.2674681958992 86.45254304331297 6.34794722928384
  endloop
endfacet
facet normal -6.435116328695756e-12 5.4645637451449596e-12 1.0
  outer loop
    vertex 410.2674681958992 86.45254304331297 6.34794722928384
    vertex 410.27357171152266 85.09542634409434 6.347947295055035
    vertex 410.2922637281257 86.45818879526601 6.3479472290568335
  endloop
endfacet
facet normal -6.435116328695756e-12 5.4645637451449596e-12 1.0
  outer loop
    vertex 410.2922637281257 86.45818879526601 6.3479472290568335
    vertex 410.27357171152266 85.09542634409434 6.347947295055035
    vertex 410.3573729810544 85.11434724253172 6.3479472950541105
  endloop
endfacet
facet normal -6.435116328695756e-12 5.4645637451449596e-12 1.0
  outer loop
    vertex 410.2922637281257 86.45818879526601 6.3479472290568335
    vertex 410.3573729810544 85.11434724253172 6.3479472950541105
    vertex 410.3169677076169 86.46429231089101 6.347947228808315
  endloop
endfacet
facet normal -6.435116328695756e-12 5.4645637451449596e-12 1.0
  outer loop
    vertex 410.3169677076169 86.46429231089101 6.347947228808315
    vertex 410.3573729810544 85.11434724253172 6.3479472950541105
    vertex 410.5635344800782 86.550657056985 6.34794722452103
  endloop
endfacet
facet normal -6.435116328695756e-12 5.4645637451449596e-12 1.0
  outer loop
    vertex 410.5635344800782 86.550657056985 6.34794722452103
    vertex 410.3573729810544 85.11434724253172 6.3479472950541105
    vertex 410.44445489023457 85.12573029917236 6.347947295054257
  endloop
endfacet
facet normal -6.435116328695756e-12 5.4645637451449596e-12 1.0
  outer loop
    vertex 410.5635344800782 86.550657056985 6.34794722452103
    vertex 410.44445489023457 85.12573029917236 6.347947295054257
    vertex 410.5342681226555 85.12957551401605 6.347947295054178
  endloop
endfacet
facet normal -6.435116328695756e-12 5.4645637451449596e-12 1.0
  outer loop
    vertex 410.5635344800782 86.550657056985 6.34794722452103
    vertex 410.5342681226555 85.12957551401605 6.347947295054178
    vertex 432.8382842359368 85.1295755140161 6.347947295054302
  endloop
endfacet
facet normal -6.435116328695756e-12 5.4645637451449596e-12 1.0
  outer loop
    vertex 410.5635344800782 86.550657056985 6.34794722452103
    vertex 432.8382842359368 85.1295755140161 6.347947295054302
    vertex 410.79137871836 86.67852570932868 6.347947218174142
  endloop
endfacet
facet normal -6.435116328695756e-12 5.4645637451449596e-12 1.0
  outer loop
    vertex 410.79137871836 86.67852570932868 6.347947218174142
    vertex 432.8382842359368 85.1295755140161 6.347947295054302
    vertex 410.9935729322272 86.84399201792235 6.347947209962615
  endloop
endfacet
facet normal -6.435116328695756e-12 5.4645637451449596e-12 1.0
  outer loop
    vertex 410.9935729322272 86.84399201792235 6.347947209962615
    vertex 432.8382842359368 85.1295755140161 6.347947295054302
    vertex 411.163998347265 87.04202058237557 6.3479472001331585
  endloop
endfacet
facet normal -6.435116328695756e-12 5.4645637451449596e-12 1.0
  outer loop
    vertex 411.163998347265 87.04202058237557 6.3479472001331585
    vertex 432.8382842359368 85.1295755140161 6.347947295054302
    vertex 411.2974669751953 87.26662995737553 6.347947188986068
  endloop
endfacet
facet normal -6.435116328695756e-12 5.4645637451449596e-12 1.0
  outer loop
    vertex 411.2974669751953 87.26662995737553 6.347947188986068
    vertex 432.8382842359368 85.1295755140161 6.347947295054302
    vertex 411.38995049570264 87.51098420542243 6.347947176858701
  endloop
endfacet
facet normal -6.435116328695756e-12 5.4645637451449596e-12 1.0
  outer loop
    vertex 411.38995049570264 87.51098420542243 6.347947176858701
    vertex 432.8382842359368 85.1295755140161 6.347947295054302
    vertex 411.4386260328118 87.76766755503176 6.34794716411763
  endloop
endfacet
facet normal -6.435116328695756e-12 5.4645637451449596e-12 1.0
  outer loop
    vertex 411.4386260328118 87.76766755503176 6.34794716411763
    vertex 432.8382842359368 85.1295755140161 6.347947295054302
    vertex 411.4420287427728 88.02889802378174 6.347947151151886
  endloop
endfacet
facet normal -6.435116328695756e-12 5.4645637451449596e-12 1.0
  outer loop
    vertex 411.4420287427728 88.02889802378174 6.347947151151886
    vertex 432.8382842359368 85.1295755140161 6.347947295054302
    vertex 432.07941887949147 87.31310822886005 6.347947131668411
  endloop
endfacet
facet normal -6.435116328695756e-12 5.4645637451449596e-12 1.0
  outer loop
    vertex 411.4420287427728 88.02889802378174 6.347947151151886
    vertex 432.07941887949147 87.31310822886005 6.347947131668411
    vertex 431.99520562265604 87.55938508432871 6.347947113223822
  endloop
endfacet
facet normal -6.435116328695756e-12 5.4645637451449596e-12 1.0
  outer loop
    vertex 411.4420287427728 88.02889802378174 6.347947151151886
    vertex 431.99520562265604 87.55938508432871 6.347947113223822
    vertex 431.9548308667958 87.81652619760983 6.347947093443641
  endloop
endfacet
facet normal -6.435116328695756e-12 5.4645637451449596e-12 1.0
  outer loop
    vertex 432.07941887949147 87.31310822886005 6.347947131668411
    vertex 432.8382842359368 85.1295755140161 6.347947295054302
    vertex 432.20493767832033 87.08508088510983 6.347947148222483
  endloop
endfacet
facet normal -6.435116328695756e-12 5.4645637451449596e-12 1.0
  outer loop
    vertex 432.20493767832033 87.08508088510983 6.347947148222483
    vertex 432.8382842359368 85.1295755140161 6.347947295054302
    vertex 432.3679930982422 86.88216950815676 6.347947162386385
  endloop
endfacet
facet normal -6.435116328695756e-12 5.4645637451449596e-12 1.0
  outer loop
    vertex 432.3679930982422 86.88216950815676 6.347947162386385
    vertex 432.8382842359368 85.1295755140161 6.347947295054302
    vertex 432.5636718091793 86.71053864878189 6.3479471737353395
  endloop
endfacet
facet normal -6.435116328695756e-12 5.4645637451449596e-12 1.0
  outer loop
    vertex 432.5636718091793 86.71053864878189 6.3479471737353395
    vertex 432.8382842359368 85.1295755140161 6.347947295054302
    vertex 432.78608391855335 86.57528474253185 6.347947181926124
  endloop
endfacet
facet normal -6.435116328695756e-12 5.4645637451449596e-12 1.0
  outer loop
    vertex 432.78608391855335 86.57528474253185 6.347947181926124
    vertex 432.8382842359368 85.1295755140161 6.347947295054302
    vertex 433.0285155591796 86.48052766245371 6.347947186712848
  endloop
endfacet
facet normal -6.435116328695756e-12 5.4645637451449596e-12 1.0
  outer loop
    vertex 433.0285155591796 86.48052766245371 6.347947186712848
    vertex 432.8382842359368 85.1295755140161 6.347947295054302
    vertex 432.92808220956925 85.12573029917242 6.347947295053986
  endloop
endfacet
facet normal -6.435116328695756e-12 5.4645637451449596e-12 1.0
  outer loop
    vertex 433.0285155591796 86.48052766245371 6.347947186712848
    vertex 432.92808220956925 85.12573029917242 6.347947295053986
    vertex 433.01516411874985 85.11434724253178 6.347947295054212
  endloop
endfacet
facet normal -6.435116328695756e-12 5.4645637451449596e-12 1.0
  outer loop
    vertex 433.0285155591796 86.48052766245371 6.347947186712848
    vertex 433.01516411874985 85.11434724253178 6.347947295054212
    vertex 433.0989653882817 85.09542634409438 6.347947295054449
  endloop
endfacet
facet normal -6.435116328695756e-12 5.4645637451449596e-12 1.0
  outer loop
    vertex 433.0285155591796 86.48052766245371 6.347947186712848
    vertex 433.0989653882817 85.09542634409438 6.347947295054449
    vertex 433.2836882886718 86.42910554331299 6.347947187951975
  endloop
endfacet
facet normal -6.435116328695756e-12 5.4645637451449596e-12 1.0
  outer loop
    vertex 433.2836882886718 86.42910554331299 6.347947187951975
    vertex 433.0989653882817 85.09542634409438 6.347947295054449
    vertex 433.1789519605471 85.06915070932864 6.347947295054348
  endloop
endfacet
facet normal -6.435116328695756e-12 5.4645637451449596e-12 1.0
  outer loop
    vertex 433.2836882886718 86.42910554331299 6.347947187951975
    vertex 433.1789519605471 85.06915070932864 6.347947295054348
    vertex 433.25458977792886 85.03561189096932 6.34794729505384
  endloop
endfacet
facet normal -6.435116328695756e-12 5.4645637451449596e-12 1.0
  outer loop
    vertex 433.2836882886718 86.42910554331299 6.347947187951975
    vertex 433.25458977792886 85.03561189096932 6.34794729505384
    vertex 433.325405817968 84.99505402964122 6.347947295054708
  endloop
endfacet
facet normal -6.435116328695756e-12 5.4645637451449596e-12 1.0
  outer loop
    vertex 433.2836882886718 86.42910554331299 6.347947187951975
    vertex 433.325405817968 84.99505402964122 6.347947295054708
    vertex 433.54389641855505 86.42257478159438 6.347947185603981
  endloop
endfacet
facet normal -6.435116328695756e-12 5.4645637451449596e-12 1.0
  outer loop
    vertex 433.54389641855505 86.42257478159438 6.347947185603981
    vertex 433.325405817968 84.99505402964122 6.347947295054708
    vertex 433.39094231699244 84.94775178354755 6.347947295053863
  endloop
endfacet
facet normal -6.435116328695756e-12 5.4645637451449596e-12 1.0
  outer loop
    vertex 433.54389641855505 86.42257478159438 6.347947185603981
    vertex 433.39094231699244 84.94775178354755 6.347947295053863
    vertex 433.45075677011727 84.89404084604747 6.347947295054573
  endloop
endfacet
facet normal -6.435116328695756e-12 5.4645637451449596e-12 1.0
  outer loop
    vertex 433.54389641855505 86.42257478159438 6.347947185603981
    vertex 433.45075677011727 84.89404084604747 6.347947295054573
    vertex 433.50448296640616 84.8341958753444 6.3479472950543245
  endloop
endfacet
facet normal -6.435116328695756e-12 5.4645637451449596e-12 1.0
  outer loop
    vertex 433.54389641855505 86.42257478159438 6.347947185603981
    vertex 433.50448296640616 84.8341958753444 6.3479472950543245
    vertex 433.55176995371045 84.76867463510993 6.347947295053919
  endloop
endfacet
facet normal -6.435116328695756e-12 5.4645637451449596e-12 1.0
  outer loop
    vertex 433.54389641855505 86.42257478159438 6.347947185603981
    vertex 433.55176995371045 84.76867463510993 6.347947295053919
    vertex 433.8013121900384 86.46114900034434 6.347947179742432
  endloop
endfacet
facet normal -6.435116328695756e-12 5.4645637451449596e-12 1.0
  outer loop
    vertex 433.8013121900384 86.46114900034434 6.347947179742432
    vertex 433.55176995371045 84.76867463510993 6.347947295053919
    vertex 433.5923125562496 84.69787385386 6.347947295054167
  endloop
endfacet
facet normal -6.435116328695756e-12 5.4645637451449596e-12 1.0
  outer loop
    vertex 433.8013121900384 86.46114900034434 6.347947179742432
    vertex 433.5923125562496 84.69787385386 6.347947295054167
    vertex 433.62585137460877 84.62225129526607 6.3479472950540545
  endloop
endfacet
facet normal -6.435116328695756e-12 5.4645637451449596e-12 1.0
  outer loop
    vertex 433.8013121900384 86.46114900034434 6.347947179742432
    vertex 433.62585137460877 84.62225129526607 6.3479472950540545
    vertex 433.652157526953 84.54223420542243 6.3479472950539755
  endloop
endfacet
facet normal -6.435116328695756e-12 5.4645637451449596e-12 1.0
  outer loop
    vertex 433.8013121900384 86.46114900034434 6.347947179742432
    vertex 433.652157526953 84.54223420542243 6.3479472950539755
    vertex 433.67106316660175 84.45843293589132 6.347947295054358
  endloop
endfacet
facet normal -6.435116328695756e-12 5.4645637451449596e-12 1.0
  outer loop
    vertex 433.8013121900384 86.46114900034434 6.347947179742432
    vertex 433.67106316660175 84.45843293589132 6.347947295054358
    vertex 433.6824614820311 84.37139680307855 6.347947295054595
  endloop
endfacet
facet normal -6.435116328695756e-12 5.4645637451449596e-12 1.0
  outer loop
    vertex 433.8013121900384 86.46114900034434 6.347947179742432
    vertex 433.6824614820311 84.37139680307855 6.347947295054595
    vertex 433.6862761792959 84.28155305307864 6.347947295054415
  endloop
endfacet
facet normal -6.435116328695756e-12 5.4645637451449596e-12 1.0
  outer loop
    vertex 433.8013121900384 86.46114900034434 6.347947179742432
    vertex 433.6862761792959 84.28155305307864 6.347947295054415
    vertex 433.68627617929604 71.97759797495367 6.347947295054562
  endloop
endfacet
facet normal -6.435116328695756e-12 5.4645637451449596e-12 1.0
  outer loop
    vertex 433.8013121900384 86.46114900034434 6.347947179742432
    vertex 433.68627617929604 71.97759797495367 6.347947295054562
    vertex 433.69599602792994 65.90206696909422 6.347947065716715
  endloop
endfacet
facet normal -6.435116328695756e-12 5.4645637451449596e-12 1.0
  outer loop
    vertex 433.8013121900384 86.46114900034434 6.347947179742432
    vertex 433.69599602792994 65.90206696909422 6.347947065716715
    vertex 433.9485595044916 65.8344094983912 6.347947062747731
  endloop
endfacet
facet normal -6.435116328695756e-12 5.4645637451449596e-12 1.0
  outer loop
    vertex 433.8013121900384 86.46114900034434 6.347947179742432
    vertex 433.9485595044916 65.8344094983912 6.347947062747731
    vertex 433.83228753183585 86.46890046518809 6.347947176363019
  endloop
endfacet
facet normal -6.435116328695756e-12 5.4645637451449596e-12 1.0
  outer loop
    vertex 433.83228753183585 86.46890046518809 6.347947176363019
    vertex 433.9485595044916 65.8344094983912 6.347947062747731
    vertex 433.863064509376 86.47735383432862 6.347947172995223
  endloop
endfacet
facet normal -6.435116328695756e-12 5.4645637451449596e-12 1.0
  outer loop
    vertex 433.863064509376 86.47735383432862 6.347947172995223
    vertex 433.9485595044916 65.8344094983912 6.347947062747731
    vertex 433.8936736402346 86.48644807260993 6.347947169641312
  endloop
endfacet
facet normal -6.435116328695756e-12 5.4645637451449596e-12 1.0
  outer loop
    vertex 433.8936736402346 86.48644807260993 6.347947169641312
    vertex 433.9485595044916 65.8344094983912 6.347947062747731
    vertex 433.9421965894532 86.502317213235 6.3479471649756105
  endloop
endfacet
facet normal -6.435116328695756e-12 5.4645637451449596e-12 1.0
  outer loop
    vertex 433.9421965894532 86.502317213235 6.3479471649756105
    vertex 433.9485595044916 65.8344094983912 6.347947062747731
    vertex 433.99015496347664 86.51986482065685 6.347947160322079
  endloop
endfacet
facet normal -6.435116328695756e-12 5.4645637451449596e-12 1.0
  outer loop
    vertex 433.99015496347664 86.51986482065685 6.347947160322079
    vertex 433.9485595044916 65.8344094983912 6.347947062747731
    vertex 434.1855284986323 65.72390534800056 6.347947057900253
  endloop
endfacet
facet normal -6.435116328695756e-12 5.4645637451449596e-12 1.0
  outer loop
    vertex 433.99015496347664 86.51986482065685 6.347947160322079
    vertex 434.1855284986323 65.72390534800056 6.347947057900253
    vertex 434.03748772714835 86.53899934214122 6.347947155685377
  endloop
endfacet
facet normal -6.435116328695756e-12 5.4645637451449596e-12 1.0
  outer loop
    vertex 434.03748772714835 86.53899934214122 6.347947155685377
    vertex 434.1855284986323 65.72390534800056 6.347947057900253
    vertex 434.13164971445275 86.58288361948483 6.347947147079201
  endloop
endfacet
facet normal -6.435116328695756e-12 5.4645637451449596e-12 1.0
  outer loop
    vertex 434.13164971445275 86.58288361948483 6.347947147079201
    vertex 434.1855284986323 65.72390534800056 6.347947057900253
    vertex 434.22254632089755 86.63320710581318 6.3479471384961705
  endloop
endfacet
facet normal -6.435116328695756e-12 5.4645637451449596e-12 1.0
  outer loop
    vertex 434.22254632089755 86.63320710581318 6.3479471384961705
    vertex 434.1855284986323 65.72390534800056 6.347947057900253
    vertex 434.3997161207036 65.57394196909438 6.3479470513206735
  endloop
endfacet
facet normal -6.435116328695756e-12 5.4645637451449596e-12 1.0
  outer loop
    vertex 434.22254632089755 86.63320710581318 6.3479471384961705
    vertex 434.3997161207036 65.57394196909438 6.3479470513206735
    vertex 434.30973504160136 86.68966462534418 6.347947129973171
  endloop
endfacet
facet normal -6.435116328695756e-12 5.4645637451449596e-12 1.0
  outer loop
    vertex 434.30973504160136 86.68966462534418 6.347947129973171
    vertex 434.3997161207036 65.57394196909438 6.3479470513206735
    vertex 434.4695555982416 86.81829621714121 6.347947113882961
  endloop
endfacet
facet normal -6.435116328695756e-12 5.4645637451449596e-12 1.0
  outer loop
    vertex 434.4695555982416 86.81829621714121 6.347947113882961
    vertex 434.3997161207036 65.57394196909438 6.3479470513206735
    vertex 434.5845916089834 65.38903596323495 6.3479470432094125
  endloop
endfacet
facet normal -6.435116328695756e-12 5.4645637451449596e-12 1.0
  outer loop
    vertex 434.4695555982416 86.81829621714121 6.347947113882961
    vertex 434.5845916089834 65.38903596323495 6.3479470432094125
    vertex 434.6103179273438 86.96755769175059 6.347947098090991
  endloop
endfacet
facet normal -6.435116328695756e-12 5.4645637451449596e-12 1.0
  outer loop
    vertex 434.6103179273438 86.96755769175059 6.347947098090991
    vertex 434.5845916089834 65.38903596323495 6.3479470432094125
    vertex 434.73457024667965 65.17486359995365 6.347947033812686
  endloop
endfacet
facet normal -6.435116328695756e-12 5.4645637451449596e-12 1.0
  outer loop
    vertex 434.6103179273438 86.96755769175059 6.347947098090991
    vertex 434.73457024667965 65.17486359995365 6.347947033812686
    vertex 434.72939751718616 87.1346109144068 6.3479470828919355
  endloop
endfacet
facet normal -6.435116328695756e-12 5.4645637451449596e-12 1.0
  outer loop
    vertex 434.72939751718616 87.1346109144068 6.3479470828919355
    vertex 434.73457024667965 65.17486359995365 6.347947033812686
    vertex 434.80360100839806 87.27071931284422 6.347947072555901
  endloop
endfacet
facet normal -6.435116328695756e-12 5.4645637451449596e-12 1.0
  outer loop
    vertex 434.80360100839806 87.27071931284422 6.347947072555901
    vertex 434.73457024667965 65.17486359995365 6.347947033812686
    vertex 434.8450743970707 64.9378946058131 6.347947023416778
  endloop
endfacet
facet normal -6.435116328695756e-12 5.4645637451449596e-12 1.0
  outer loop
    vertex 434.80360100839806 87.27071931284422 6.347947072555901
    vertex 434.8450743970707 64.9378946058131 6.347947023416778
    vertex 434.86336968515496 87.4137552015162 6.347947063062303
  endloop
endfacet
facet normal -6.435116328695756e-12 5.4645637451449596e-12 1.0
  outer loop
    vertex 434.86336968515496 87.4137552015162 6.347947063062303
    vertex 434.8450743970707 64.9378946058131 6.347947023416778
    vertex 434.91274712656235 64.68533112925063 6.347947012337728
  endloop
endfacet
facet normal -6.435116328695756e-12 5.4645637451449596e-12 1.0
  outer loop
    vertex 434.86336968515496 87.4137552015162 6.347947063062303
    vertex 434.91274712656235 64.68533112925063 6.347947012337728
    vertex 434.90804741953116 87.56219270151621 6.347947054510801
  endloop
endfacet
facet normal -6.435116328695756e-12 5.4645637451449596e-12 1.0
  outer loop
    vertex 434.90804741953116 87.56219270151621 6.347947054510801
    vertex 434.91274712656235 64.68533112925063 6.347947012337728
    vertex 434.927746516211 87.65508820932862 6.3479470505700215
  endloop
endfacet
facet normal -6.435116328695756e-12 5.4645637451449596e-12 1.0
  outer loop
    vertex 434.927746516211 87.65508820932862 6.3479470505700215
    vertex 434.91274712656235 64.68533112925063 6.347947012337728
    vertex 434.93552849863266 64.42486359995365 6.3479475196961035
  endloop
endfacet
facet normal -6.435116328695756e-12 5.4645637451449596e-12 1.0
  outer loop
    vertex 434.927746516211 87.65508820932862 6.3479470505700215
    vertex 434.93552849863266 64.42486359995365 6.3479475196961035
    vertex 434.9415404615245 87.74905183237559 6.347947047125455
  endloop
endfacet
facet normal 0.5735418203778709 -0.8191703838645257 0.0031084524901668345
  outer loop
    vertex 410.9103362378896 86.76864411753171 8.14794858847515
    vertex 410.6961486158209 86.61868073862554 8.147948588475128
    vertex 410.79137871836 86.67852570932868 6.347947218174142
  endloop
endfacet
facet normal -0.4053512108988648 0.9141610338571777 -1.2827933160153293e-13
  outer loop
    vertex 433.1789519605469 71.19000031870367 6.347947295054065
    vertex 433.25458977792914 71.22353913706299 5.4419067755780475
    vertex 433.178951960547 71.19000031870367 5.408373858078134
  endloop
endfacet
facet normal -0.4053512108988648 0.9141610338571777 -1.2827933160153293e-13
  outer loop
    vertex 433.25458977792914 71.22353913706299 5.4419067755780475
    vertex 433.1789519605469 71.19000031870367 6.347947295054065
    vertex 433.25458977792914 71.22353913706299 6.3479472950536255
  endloop
endfacet
facet normal -0.85807805802983 0.5135103008987345 -0.0030359839668177005
  outer loop
    vertex 432.2358519849608 88.79876496714115 6.347947013104917
    vertex 432.1021849927732 88.57540681284435 6.347947032140931
    vertex 432.1522490796887 88.66970612925049 8.14794858847505
  endloop
endfacet
facet normal -0.7071067811865471 -0.707106781186548 -6.131206653492427e-14
  outer loop
    vertex 432.85702202890593 63.735440992531565 11.347947324856252
    vertex 432.74609063242144 63.846372389016096 8.14794751559147
    vertex 432.85702202890684 63.735440992531665 8.147947515590838
  endloop
endfacet
facet normal -0.7071067811865471 -0.707106781186548 -6.131206653492427e-14
  outer loop
    vertex 432.74609063242144 63.846372389016096 8.14794751559147
    vertex 432.85702202890593 63.735440992531565 11.347947324856252
    vertex 432.74609063242144 63.84637238901598 11.347947324856376
  endloop
endfacet
facet normal 0.8726392480239129 0.4883556009678548 -0.003090276943167284
  outer loop
    vertex 411.1863677320307 88.7614419690943 6.347947114793743
    vertex 411.2451903638675 88.66772248667228 8.147948588475794
    vertex 411.313961726172 88.53344514292229 6.347947126109602
  endloop
endfacet
facet normal -0.933923272045082 0.35746071484892306 -0.003026428969089376
  outer loop
    vertex 432.1021849927732 88.57540681284435 6.347947032140931
    vertex 432.0091368970688 88.33230378550059 6.347947052282869
    vertex 432.0417449292969 88.43273713510992 8.147948588475703
  endloop
endfacet
facet normal -0.08707241182356634 0.9961970977392582 0.003120505585025482
  outer loop
    vertex 433.19080803964744 89.39694001596922 8.147948707684575
    vertex 433.45127556894454 89.41970612925047 8.147948707684495
    vertex 433.3375365552731 89.41540315073505 6.347946952496787
  endloop
endfacet
facet normal 0.08715005810309233 -0.9961951954173578 -3.2421981766006525e-14
  outer loop
    vertex 410.103100520117 63.525419019875436 11.34794732485641
    vertex 409.9468200025384 63.51174714487556 8.147947515591515
    vertex 410.1031005201168 63.52541901987552 8.147947515590905
  endloop
endfacet
facet normal 0.08715005810309233 -0.9961951954173578 -3.2421981766006525e-14
  outer loop
    vertex 409.9468200025384 63.51174714487556 8.147947515591515
    vertex 410.103100520117 63.525419019875436 11.34794732485641
    vertex 409.9468200025392 63.511747144875486 11.347947324856083
  endloop
endfacet
facet normal 0.5736229056210248 -0.819119504191478 -2.4494295480792516e-14
  outer loop
    vertex 434.3997161207028 63.27581574839129 6.347946950498954
    vertex 434.18552849863215 63.12582185190687 8.147947515590692
    vertex 434.18552849863215 63.125821851906935 6.347946943918844
  endloop
endfacet
facet normal 0.5736229056210248 -0.819119504191478 -2.4494295480792516e-14
  outer loop
    vertex 434.18552849863215 63.12582185190687 8.147947515590692
    vertex 434.3997161207028 63.27581574839129 6.347946950498954
    vertex 434.3997161207024 63.27581574839123 8.147947515589992
  endloop
endfacet
facet normal -0.8191588025422778 0.5735667844440626 4.092559624524484e-14
  outer loop
    vertex 432.74609063242144 65.00338532846907 11.347947324856376
    vertex 432.6561095533207 64.87487580698492 8.147947515591424
    vertex 432.6561095533201 64.8748758069848 11.347947324855552
  endloop
endfacet
facet normal -0.8191588025422778 0.5735667844440626 4.092559624524484e-14
  outer loop
    vertex 432.6561095533207 64.87487580698492 8.147947515591424
    vertex 432.74609063242144 65.00338532846907 11.347947324856376
    vertex 432.74609063242144 65.00338532846918 8.14794751559147
  endloop
endfacet
facet normal -0.7071327640798309 0.7070744101632275 0.003005404655293975
  outer loop
    vertex 408.9819762525385 89.06680085581299 8.1479485884754
    vertex 408.9066741285155 88.99914338510986 6.347947080519306
    vertex 408.7970855054688 88.88189484995358 8.147948588475828
  endloop
endfacet
facet normal 0.01102114590151234 0.9999345008841524 -0.003086791955891523
  outer loop
    vertex 433.45127556894454 89.41970612925047 8.147948707684495
    vertex 433.59780572031235 89.41253449839115 6.347946949860242
    vertex 433.3375365552731 89.41540315073505 6.347946952496787
  endloop
endfacet
facet normal -0.6593977682365396 -0.7517884941367143 -0.002939953795991158
  outer loop
    vertex 432.4871032056635 86.77065827768794 8.147948588474959
    vertex 432.3679930982422 86.88216950815676 6.347947162386385
    vertex 432.5636718091793 86.71053864878189 6.3479471737353395
  endloop
endfacet
facet normal -0.19754676466548093 -0.9802891827096193 -0.002897245710703666
  outer loop
    vertex 433.1908080396483 86.44250276010989 8.147948469265557
    vertex 433.0285155591796 86.48052766245371 6.347947186712848
    vertex 433.2836882886718 86.42910554331299 6.347947187951975
  endloop
endfacet
facet normal 2.0759468738210536e-16 1.0 2.631968717044817e-14
  outer loop
    vertex 373.38627617929626 127.95914800438665 7.347947071094142
    vertex 469.986276179296 127.9591480043868 4.347947071094655
    vertex 373.3862761792965 127.95914800438672 4.347947071094508
  endloop
endfacet
facet normal 2.0759468738210536e-16 1.0 2.631968717044817e-14
  outer loop
    vertex 469.986276179296 127.9591480043868 4.347947071094655
    vertex 373.38627617929626 127.95914800438665 7.347947071094142
    vertex 469.9862761792961 127.95914800438673 7.347947071094728
  endloop
endfacet
facet normal 0.9659193933572239 -0.2588430519376802 -3.515243651719402e-14
  outer loop
    vertex 410.79253838632775 64.1039407483911 8.14794751559121
    vertex 410.83314202402363 64.25546052378151 11.34794732485615
    vertex 410.7925383863283 64.10394074839098 11.347947324856467
  endloop
endfacet
facet normal 0.9659193933572239 -0.2588430519376802 -3.515243651719402e-14
  outer loop
    vertex 410.83314202402363 64.25546052378151 11.34794732485615
    vertex 410.79253838632775 64.1039407483911 8.14794751559121
    vertex 410.8331420240232 64.25546052378162 8.147947515591369
  endloop
endfacet
facet normal 0.9141990747299089 -0.4052654090382975 6.146888553715257e-13
  outer loop
    vertex 409.746700983984 84.62225129526607 5.4083720699398015
    vertex 409.7802245435547 84.69787385385997 6.347947295054742
    vertex 409.7467009839834 84.62225129526603 6.347947295054506
  endloop
endfacet
facet normal 0.9141990747299089 -0.4052654090382975 6.146888553715257e-13
  outer loop
    vertex 409.7802245435547 84.69787385385997 6.347947295054742
    vertex 409.746700983984 84.62225129526607 5.4083720699398015
    vertex 409.78022454355516 84.69787385385999 5.441905345066928
  endloop
endfacet
facet normal -0.4225339892586236 -0.9063470791706637 8.840150833577807e-15
  outer loop
    vertex 433.1434600171864 87.07400300425054 8.14794858847542
    vertex 433.00127862070315 87.1402871839379 11.34794875536886
    vertex 433.0012786207028 87.140287183938 8.147948588474982
  endloop
endfacet
facet normal -0.4225339892586236 -0.9063470791706637 8.840150833577807e-15
  outer loop
    vertex 433.00127862070315 87.1402871839379 11.34794875536886
    vertex 433.1434600171864 87.07400300425054 8.14794858847542
    vertex 433.1434600171879 87.07400300425044 11.347948755368297
  endloop
endfacet
facet normal 0.7933533402912806 -0.6087614290086617 -1.8415824420969784e-14
  outer loop
    vertex 403.2754437712033 33.925212828032635 4.347947071090943
    vertex 403.89522639933523 34.732929274660094 7.347947071091942
    vertex 403.27544377120296 33.92521282803254 7.3479470710913555
  endloop
endfacet
facet normal 0.7933533402912806 -0.6087614290086617 -1.8415824420969784e-14
  outer loop
    vertex 403.89522639933523 34.732929274660094 7.347947071091942
    vertex 403.2754437712033 33.925212828032635 4.347947071090943
    vertex 403.89522639933455 34.732929274660215 4.347947071091305
  endloop
endfacet
facet normal 0.9063098270295572 0.42261388693422536 1.4049872376631356e-13
  outer loop
    vertex 434.2812468824221 64.73269441050046 8.147947515590952
    vertex 434.21494744394477 64.87487580698479 11.347947324855665
    vertex 434.28124688242116 64.73269441050037 11.347947324855777
  endloop
endfacet
facet normal 0.9063098270295572 0.42261388693422536 1.4049872376631356e-13
  outer loop
    vertex 434.21494744394477 64.87487580698479 11.347947324855665
    vertex 434.2812468824221 64.73269441050046 8.147947515590952
    vertex 434.2149474439454 64.87487580698487 8.147947515590815
  endloop
endfacet
facet normal 0.9961951954173122 -0.08715005810361406 -3.060052211623088e-14
  outer loop
    vertex 410.8331420240232 64.25546052378162 8.147947515591369
    vertex 410.8468138990236 64.41174104135968 11.34794732485632
    vertex 410.83314202402363 64.25546052378151 11.34794732485615
  endloop
endfacet
facet normal 0.9961951954173122 -0.08715005810361406 -3.060052211623088e-14
  outer loop
    vertex 410.8468138990236 64.41174104135968 11.34794732485632
    vertex 410.8331420240232 64.25546052378162 8.147947515591369
    vertex 410.8468138990239 64.41174104135978 8.14794751559077
  endloop
endfacet
facet normal 0.0871500581030923 -0.9961951954173578 -3.7300024180453306e-14
  outer loop
    vertex 433.59180901621045 63.538541578469115 11.347947324854989
    vertex 433.4355284986323 63.52486970346923 8.147947515590793
    vertex 433.5918090162103 63.53854157846919 8.1479475155905
  endloop
endfacet
facet normal 0.0871500581030923 -0.9961951954173578 -3.7300024180453306e-14
  outer loop
    vertex 433.4355284986323 63.52486970346923 8.147947515590793
    vertex 433.59180901621045 63.538541578469115 11.347947324854989
    vertex 433.43552849863266 63.52486970346915 11.347947324856161
  endloop
endfacet
facet normal -0.9914448613738079 -0.13052619222007147 -3.524958103184872e-15
  outer loop
    vertex 425.4533869018234 32.98460710393249 7.347947071091141
    vertex 425.58627617929653 31.975212828032777 4.347947071091485
    vertex 425.58627617929574 31.9752128280327 7.347947071091186
  endloop
endfacet
facet normal -0.9914448613738079 -0.13052619222007147 -3.524958103184872e-15
  outer loop
    vertex 425.58627617929653 31.975212828032777 4.347947071091485
    vertex 425.4533869018234 32.98460710393249 7.347947071091141
    vertex 425.4533869018232 32.984607103932575 4.347947071091226
  endloop
endfacet
facet normal 1.0 -4.092742636590781e-16 -3.885780586188048e-16
  outer loop
    vertex 469.9862761792954 -1.1408519956138115 4.347947071090887
    vertex 469.9862761792961 127.95914800438673 7.347947071094728
    vertex 469.9862761792957 -1.1408519956139023 7.347947071091108
  endloop
endfacet
facet normal 1.0 -4.092742636590781e-16 -3.885780586188048e-16
  outer loop
    vertex 469.9862761792961 127.95914800438673 7.347947071094728
    vertex 469.9862761792954 -1.1408519956138115 4.347947071090887
    vertex 469.986276179296 127.9591480043868 4.347947071094655
  endloop
endfacet
facet normal 0.08718866868480327 -0.9961918168972137 -1.6854573292590658e-14
  outer loop
    vertex 410.20728753183573 62.93453767221928 6.347946988390685
    vertex 409.9468200025392 62.911741041359726 8.147947396381289
    vertex 409.9468200025392 62.91174104135982 6.3479469880111745
  endloop
endfacet
facet normal 0.08718866868480327 -0.9961918168972137 -1.6854573292590658e-14
  outer loop
    vertex 409.9468200025392 62.911741041359726 8.147947396381289
    vertex 410.20728753183573 62.93453767221928 6.347946988390685
    vertex 410.20728753183573 62.93453767221921 8.147947396381639
  endloop
endfacet
facet normal -4.092742636590943e-16 -1.0 -3.0079642480512726e-14
  outer loop
    vertex 432.8382842359368 85.1295755140161 6.347947295054302
    vertex 410.53426812265656 85.12957551401607 5.347946848019919
    vertex 432.8382842359366 85.1295755140161 5.347946848019919
  endloop
endfacet
facet normal -4.092742636590943e-16 -1.0 -3.0079642480512726e-14
  outer loop
    vertex 410.53426812265656 85.12957551401607 5.347946848019919
    vertex 432.8382842359368 85.1295755140161 6.347947295054302
    vertex 410.5342681226555 85.12957551401605 6.347947295054178
  endloop
endfacet
facet normal 2.19824158875781e-14 -3.0080009744854585e-14 1.0
  outer loop
    vertex 409.0604827222653 64.2554605237815 11.347947324856387
    vertex 409.0604827222653 64.56805207651581 11.347947324856387
    vertex 409.0468108472646 64.41174104135965 11.34794732485642
  endloop
endfacet
facet normal 2.19824158875781e-14 -3.0080009744854585e-14 1.0
  outer loop
    vertex 409.0604827222653 64.56805207651581 11.347947324856387
    vertex 409.0604827222653 64.2554605237815 11.347947324856387
    vertex 409.10108635996096 64.10394074839097 11.347947324855935
  endloop
endfacet
facet normal 2.19824158875781e-14 -3.0080009744854585e-14 1.0
  outer loop
    vertex 409.0604827222653 64.56805207651581 11.347947324856387
    vertex 409.10108635996096 64.10394074839097 11.347947324855935
    vertex 409.10108635996096 64.71957185190652 11.347947324855935
  endloop
endfacet
facet normal 2.19824158875781e-14 -3.0080009744854585e-14 1.0
  outer loop
    vertex 409.10108635996096 64.71957185190652 11.347947324855935
    vertex 409.10108635996096 64.10394074839097 11.347947324855935
    vertex 409.1674010572259 63.96175935190656 11.34794732485615
  endloop
endfacet
facet normal 2.19824158875781e-14 -3.0080009744854585e-14 1.0
  outer loop
    vertex 409.10108635996096 64.71957185190652 11.347947324855935
    vertex 409.1674010572259 63.96175935190656 11.34794732485615
    vertex 409.1674010572259 64.86175324839093 11.34794732485615
  endloop
endfacet
facet normal 2.19824158875781e-14 -3.0080009744854585e-14 1.0
  outer loop
    vertex 409.1674010572259 64.86175324839093 11.34794732485615
    vertex 409.1674010572259 63.96175935190656 11.34794732485615
    vertex 409.25738213632786 63.8332498304223 11.347947324856397
  endloop
endfacet
facet normal 2.19824158875781e-14 -3.0080009744854585e-14 1.0
  outer loop
    vertex 409.1674010572259 64.86175324839093 11.34794732485615
    vertex 409.25738213632786 63.8332498304223 11.347947324856397
    vertex 409.25738213632786 64.99026276987539 11.347947324856397
  endloop
endfacet
facet normal 2.19824158875781e-14 -3.0080009744854585e-14 1.0
  outer loop
    vertex 409.25738213632786 64.99026276987539 11.347947324856397
    vertex 409.25738213632786 63.8332498304223 11.347947324856397
    vertex 409.36831353281264 63.72231843393789 11.347947324856568
  endloop
endfacet
facet normal 2.19824158875781e-14 -3.0080009744854585e-14 1.0
  outer loop
    vertex 409.25738213632786 64.99026276987539 11.347947324856397
    vertex 409.36831353281264 63.72231843393789 11.347947324856568
    vertex 409.36831353281264 65.10119416635982 11.347947324856568
  endloop
endfacet
facet normal 2.19824158875781e-14 -3.0080009744854585e-14 1.0
  outer loop
    vertex 409.36831353281264 65.10119416635982 11.347947324856568
    vertex 409.36831353281264 63.72231843393789 11.347947324856568
    vertex 409.4968230542972 63.632322096047204 11.347947324856104
  endloop
endfacet
facet normal 2.19824158875781e-14 -3.0080009744854585e-14 1.0
  outer loop
    vertex 409.36831353281264 65.10119416635982 11.347947324856568
    vertex 409.4968230542972 63.632322096047204 11.347947324856104
    vertex 409.4968230542972 65.19119050425033 11.347947324856275
  endloop
endfacet
facet normal 2.19824158875781e-14 -3.0080009744854585e-14 1.0
  outer loop
    vertex 409.4968230542972 65.19119050425033 11.347947324856275
    vertex 409.4968230542972 63.632322096047204 11.347947324856104
    vertex 409.6390044507807 63.56603791635974 11.34794732485562
  endloop
endfacet
facet normal 2.19824158875781e-14 -3.0080009744854585e-14 1.0
  outer loop
    vertex 409.4968230542972 65.19119050425033 11.347947324856275
    vertex 409.6390044507807 63.56603791635974 11.34794732485562
    vertex 409.6390044507807 65.25747468393797 11.347947324855824
  endloop
endfacet
facet normal 2.19824158875781e-14 -3.0080009744854585e-14 1.0
  outer loop
    vertex 409.6390044507807 65.25747468393797 11.347947324855824
    vertex 409.6390044507807 63.56603791635974 11.34794732485562
    vertex 409.79053948496113 63.525419019875436 11.347947324856037
  endloop
endfacet
facet normal 2.19824158875781e-14 -3.0080009744854585e-14 1.0
  outer loop
    vertex 409.6390044507807 65.25747468393797 11.347947324855824
    vertex 409.79053948496113 63.525419019875436 11.347947324856037
    vertex 409.79053948496096 65.29809358042228 11.347947324856026
  endloop
endfacet
facet normal 2.19824158875781e-14 -3.0080009744854585e-14 1.0
  outer loop
    vertex 409.79053948496096 65.29809358042228 11.347947324856026
    vertex 409.79053948496113 63.525419019875436 11.347947324856037
    vertex 409.9468200025392 65.31176545542225 11.347947324856218
  endloop
endfacet
facet normal 2.19824158875781e-14 -3.0080009744854585e-14 1.0
  outer loop
    vertex 409.9468200025392 65.31176545542225 11.347947324856218
    vertex 409.79053948496113 63.525419019875436 11.347947324856037
    vertex 409.9468200025392 63.511747144875486 11.347947324856083
  endloop
endfacet
facet normal 2.19824158875781e-14 -3.0080009744854585e-14 1.0
  outer loop
    vertex 409.9468200025392 65.31176545542225 11.347947324856218
    vertex 409.9468200025392 63.511747144875486 11.347947324856083
    vertex 410.103100520117 63.525419019875436 11.34794732485641
  endloop
endfacet
facet normal 2.19824158875781e-14 -3.0080009744854585e-14 1.0
  outer loop
    vertex 409.9468200025392 65.31176545542225 11.347947324856218
    vertex 410.103100520117 63.525419019875436 11.34794732485641
    vertex 410.103100520117 65.29809358042228 11.347947324856623
  endloop
endfacet
facet normal 2.19824158875781e-14 -3.0080009744854585e-14 1.0
  outer loop
    vertex 410.103100520117 65.29809358042228 11.347947324856623
    vertex 410.103100520117 63.525419019875436 11.34794732485641
    vertex 410.2546355542975 63.56603791635974 11.347947324855552
  endloop
endfacet
facet normal 2.19824158875781e-14 -3.0080009744854585e-14 1.0
  outer loop
    vertex 410.103100520117 65.29809358042228 11.347947324856623
    vertex 410.2546355542975 63.56603791635974 11.347947324855552
    vertex 410.2546355542974 65.25747468393797 11.347947324855767
  endloop
endfacet
facet normal 2.19824158875781e-14 -3.0080009744854585e-14 1.0
  outer loop
    vertex 410.2546355542974 65.25747468393797 11.347947324855767
    vertex 410.2546355542975 63.56603791635974 11.347947324855552
    vertex 410.39681695078093 65.19119050425033 11.347947324856026
  endloop
endfacet
facet normal 2.19824158875781e-14 -3.0080009744854585e-14 1.0
  outer loop
    vertex 410.39681695078093 65.19119050425033 11.347947324856026
    vertex 410.2546355542975 63.56603791635974 11.347947324855552
    vertex 410.39681695078104 63.632322096047204 11.347947324855857
  endloop
endfacet
facet normal 2.19824158875781e-14 -3.0080009744854585e-14 1.0
  outer loop
    vertex 410.39681695078093 65.19119050425033 11.347947324856026
    vertex 410.39681695078104 63.632322096047204 11.347947324855857
    vertex 410.525326472265 65.10119416635982 11.347947324856026
  endloop
endfacet
facet normal 2.19824158875781e-14 -3.0080009744854585e-14 1.0
  outer loop
    vertex 410.525326472265 65.10119416635982 11.347947324856026
    vertex 410.39681695078104 63.632322096047204 11.347947324855857
    vertex 410.525326472265 63.72231843393789 11.347947324856026
  endloop
endfacet
facet normal 2.19824158875781e-14 -3.0080009744854585e-14 1.0
  outer loop
    vertex 410.525326472265 65.10119416635982 11.347947324856026
    vertex 410.525326472265 63.72231843393789 11.347947324856026
    vertex 410.6362578687498 63.83324983042231 11.347947324855925
  endloop
endfacet
facet normal 2.19824158875781e-14 -3.0080009744854585e-14 1.0
  outer loop
    vertex 410.525326472265 65.10119416635982 11.347947324856026
    vertex 410.6362578687498 63.83324983042231 11.347947324855925
    vertex 410.6362578687498 64.9902627698754 11.347947324855925
  endloop
endfacet
facet normal 2.19824158875781e-14 -3.0080009744854585e-14 1.0
  outer loop
    vertex 410.6362578687498 64.9902627698754 11.347947324855925
    vertex 410.6362578687498 63.83324983042231 11.347947324855925
    vertex 410.7262389478516 63.96175935190658 11.347947324856026
  endloop
endfacet
facet normal 2.19824158875781e-14 -3.0080009744854585e-14 1.0
  outer loop
    vertex 410.6362578687498 64.9902627698754 11.347947324855925
    vertex 410.7262389478516 63.96175935190658 11.347947324856026
    vertex 410.7262389478516 64.86175324839095 11.347947324856026
  endloop
endfacet
facet normal 2.19824158875781e-14 -3.0080009744854585e-14 1.0
  outer loop
    vertex 410.7262389478516 64.86175324839095 11.347947324856026
    vertex 410.7262389478516 63.96175935190658 11.347947324856026
    vertex 410.7925383863283 64.10394074839098 11.347947324856467
  endloop
endfacet
facet normal 2.19824158875781e-14 -3.0080009744854585e-14 1.0
  outer loop
    vertex 410.7262389478516 64.86175324839095 11.347947324856026
    vertex 410.7925383863283 64.10394074839098 11.347947324856467
    vertex 410.7925383863283 64.71957185190654 11.347947324856467
  endloop
endfacet
facet normal 2.19824158875781e-14 -3.0080009744854585e-14 1.0
  outer loop
    vertex 410.7925383863283 64.71957185190654 11.347947324856467
    vertex 410.7925383863283 64.10394074839098 11.347947324856467
    vertex 410.83314202402363 64.25546052378151 11.34794732485615
  endloop
endfacet
facet normal 2.19824158875781e-14 -3.0080009744854585e-14 1.0
  outer loop
    vertex 410.7925383863283 64.71957185190654 11.347947324856467
    vertex 410.83314202402363 64.25546052378151 11.34794732485615
    vertex 410.83314202402363 64.56805207651584 11.34794732485615
  endloop
endfacet
facet normal 2.19824158875781e-14 -3.0080009744854585e-14 1.0
  outer loop
    vertex 410.83314202402363 64.56805207651584 11.34794732485615
    vertex 410.83314202402363 64.25546052378151 11.34794732485615
    vertex 410.8468138990236 64.41174104135968 11.34794732485632
  endloop
endfacet
facet normal -0.7071345893342204 -0.7070762352669925 0.001967253867823593
  outer loop
    vertex 408.7970855054688 86.95355012339117 8.147948588475828
    vertex 408.9438292798831 86.80178620737553 6.347947182718896
    vertex 408.9819762525385 86.76864411753171 8.1479485884754
  endloop
endfacet
facet normal -0.08718823195019346 0.996186826897002 0.003165142379442822
  outer loop
    vertex 409.94614861582005 89.41772248667225 8.147948707685151
    vertex 409.82117913339783 89.4125039808131 6.347947082446618
    vertex 409.6856810865235 89.39492585581282 8.147948707684677
  endloop
endfacet
facet normal 0.3305751569705332 -0.9437745516536039 -0.0031082543245812
  outer loop
    vertex 410.45917962168005 86.50817658823472 8.14794846926629
    vertex 410.3169677076169 86.46429231089101 6.347947228808315
    vertex 410.5635344800782 86.550657056985 6.34794722452103
  endloop
endfacet
facet normal 0.9961951954178115 -0.0871500580979056 2.590982983718959e-14
  outer loop
    vertex 410.832485896094 87.76144196909429 8.147948588475128
    vertex 410.84615777109315 87.91772248667233 11.347948755368556
    vertex 410.8324858960946 87.76144196909418 11.347948755368263
  endloop
endfacet
facet normal 0.9961951954178115 -0.0871500580979056 2.590982983718959e-14
  outer loop
    vertex 410.84615777109315 87.91772248667233 11.347948755368556
    vertex 410.832485896094 87.76144196909429 8.147948588475128
    vertex 410.8461577710934 87.91772248667245 8.147948588474993
  endloop
endfacet
facet normal -0.31527893941355595 -0.9489958020266169 -0.0024815515552565615
  outer loop
    vertex 409.4331176099596 86.5081765882347 8.14794846926646
    vertex 409.357907038672 86.53787019175063 6.347947205617633
    vertex 409.59168694589874 86.46020295542235 6.347947215259696
  endloop
endfacet
facet normal 0.0 1.0 0.0
  outer loop
    vertex 417.6862761792861 49.300212828041104 43.9979470712951
    vertex 425.68627617928604 49.300212828041104 7.347947071295098
    vertex 417.6862761792861 49.300212828041104 7.347947071295098
  endloop
endfacet
facet normal 0.0 1.0 0.0
  outer loop
    vertex 425.68627617928604 49.300212828041104 7.347947071295098
    vertex 417.6862761792861 49.300212828041104 43.9979470712951
    vertex 425.68627617928604 49.300212828041104 43.9979470712951
  endloop
endfacet
facet normal -1.0 -0.0 -0.0
  outer loop
    vertex 417.6862761792861 49.300212828041104 43.9979470712951
    vertex 417.6862761792861 41.30021282804111 7.347947071295098
    vertex 417.6862761792861 41.30021282804111 43.9979470712951
  endloop
endfacet
facet normal -1.0 -0.0 -0.0
  outer loop
    vertex 417.6862761792861 41.30021282804111 7.347947071295098
    vertex 417.6862761792861 49.300212828041104 43.9979470712951
    vertex 417.6862761792861 49.300212828041104 7.347947071295098
  endloop
endfacet
facet normal 1.0 -0.0 0.0
  outer loop
    vertex 425.68627617928604 49.300212828041104 7.347947071295098
    vertex 425.68627617928604 41.30021282804111 43.9979470712951
    vertex 425.68627617928604 41.30021282804111 7.347947071295098
  endloop
endfacet
facet normal 1.0 -0.0 0.0
  outer loop
    vertex 425.68627617928604 41.30021282804111 43.9979470712951
    vertex 425.68627617928604 49.300212828041104 7.347947071295098
    vertex 425.68627617928604 49.300212828041104 43.9979470712951
  endloop
endfacet
facet normal 0.0 -1.0 0.0
  outer loop
    vertex 425.68627617928604 41.30021282804111 43.9979470712951
    vertex 417.6862761792861 41.30021282804111 7.347947071295098
    vertex 425.68627617928604 41.30021282804111 7.347947071295098
  endloop
endfacet
facet normal 0.0 -1.0 0.0
  outer loop
    vertex 417.6862761792861 41.30021282804111 7.347947071295098
    vertex 425.68627617928604 41.30021282804111 43.9979470712951
    vertex 417.6862761792861 41.30021282804111 43.9979470712951
  endloop
endfacet
facet normal 0.0 0.0 1.0
  outer loop
    vertex 425.68627617928604 41.30021282804111 43.9979470712951
    vertex 417.6862761792861 49.300212828041104 43.9979470712951
    vertex 417.6862761792861 41.30021282804111 43.9979470712951
  endloop
endfacet
facet normal 0.0 0.0 1.0
  outer loop
    vertex 417.6862761792861 49.300212828041104 43.9979470712951
    vertex 425.68627617928604 41.30021282804111 43.9979470712951
    vertex 425.68627617928604 49.300212828041104 43.9979470712951
  endloop
endfacet
facet normal -0.7933533402912439 -0.6087614290087096 -1.817990202823694e-14
  outer loop
    vertex 393.71764702919455 126.29051885428514 7.347947071094604
    vertex 393.9719168253513 125.95914800438679 4.347947071094485
    vertex 393.9719168253515 125.95914800438668 7.347947071094006
  endloop
endfacet
facet normal -0.7933533402912439 -0.6087614290087096 -1.817990202823694e-14
  outer loop
    vertex 393.9719168253513 125.95914800438679 4.347947071094485
    vertex 393.71764702919455 126.29051885428514 7.347947071094604
    vertex 393.7176470291946 126.29051885428524 4.347947071094147
  endloop
endfacet
facet normal 0.9238795325112513 -0.38268343236517544 -7.813194535799539e-15
  outer loop
    vertex 449.2407948572341 125.57325847655113 4.347947071094485
    vertex 449.4006355332415 125.95914800438699 7.347947071093995
    vertex 449.240794857234 125.57325847655105 7.347947071094401
  endloop
endfacet
facet normal 0.9238795325112513 -0.38268343236517544 -7.813194535799539e-15
  outer loop
    vertex 449.4006355332415 125.95914800438699 7.347947071093995
    vertex 449.2407948572341 125.57325847655113 4.347947071094485
    vertex 449.4006355332417 125.95914800438707 4.347947071094474
  endloop
endfacet
facet normal 0.9914448613738169 -0.1305261922200028 -3.4555691641457997e-15
  outer loop
    vertex 390.9862761792962 125.15914800438676 4.347947071093967
    vertex 391.04079485723435 125.5732584765507 7.347947071094266
    vertex 390.98627617929657 125.15914800438665 7.347947071094694
  endloop
endfacet
facet normal 0.9914448613738169 -0.1305261922200028 -3.4555691641457997e-15
  outer loop
    vertex 391.04079485723435 125.5732584765507 7.347947071094266
    vertex 390.9862761792962 125.15914800438676 4.347947071093967
    vertex 391.04079485723366 125.57325847655083 4.347947071094046
  endloop
endfacet
facet normal -0.13052619222001624 0.991444861373815 2.9880611873700496e-14
  outer loop
    vertex 392.5862761792965 123.55914800438667 7.347947071094209
    vertex 393.0003866514606 123.61366668232426 4.347947071094181
    vertex 392.58627617929693 123.55914800438678 4.347947071094147
  endloop
endfacet
facet normal -0.13052619222001624 0.991444861373815 2.9880611873700496e-14
  outer loop
    vertex 393.0003866514606 123.61366668232426 4.347947071094181
    vertex 392.5862761792965 123.55914800438667 7.347947071094209
    vertex 393.0003866514608 123.61366668232415 7.347947071094288
  endloop
endfacet
facet normal 0.6087614290087092 0.7933533402912439 2.3744894939170536e-14
  outer loop
    vertex 391.4549053293983 124.02777715448832 4.34794707109461
    vertex 391.7862761792969 123.77350735833161 7.347947071094852
    vertex 391.78627617929646 123.7735073583317 4.347947071094147
  endloop
endfacet
facet normal 0.6087614290087092 0.7933533402912439 2.3744894939170536e-14
  outer loop
    vertex 391.7862761792969 123.77350735833161 7.347947071094852
    vertex 391.4549053293983 124.02777715448832 4.34794707109461
    vertex 391.4549053293981 124.02777715448818 7.347947071094841
  endloop
endfacet
facet normal 0.9238795325112518 0.38268343236517444 1.1393663790215669e-14
  outer loop
    vertex 391.20063553324127 124.35914800438678 4.3479470710940795
    vertex 391.04079485723435 124.7450375322226 7.347947071094266
    vertex 391.2006355332413 124.35914800438665 7.347947071094649
  endloop
endfacet
facet normal 0.9238795325112518 0.38268343236517444 1.1393663790215669e-14
  outer loop
    vertex 391.04079485723435 124.7450375322226 7.347947071094266
    vertex 391.20063553324127 124.35914800438678 4.3479470710940795
    vertex 391.04079485723366 124.74503753222272 4.347947071094046
  endloop
endfacet
facet normal 0.7933533402912439 0.6087614290087096 1.817990202823694e-14
  outer loop
    vertex 391.4549053293983 124.02777715448832 4.34794707109461
    vertex 391.2006355332413 124.35914800438665 7.347947071094649
    vertex 391.4549053293981 124.02777715448818 7.347947071094841
  endloop
endfacet
facet normal 0.7933533402912439 0.6087614290087096 1.817990202823694e-14
  outer loop
    vertex 391.2006355332413 124.35914800438665 7.347947071094649
    vertex 391.4549053293983 124.02777715448832 4.34794707109461
    vertex 391.20063553324127 124.35914800438678 4.3479470710940795
  endloop
endfacet
facet normal -0.3826834323651748 -0.9238795325112517 -2.7644553313166398e-14
  outer loop
    vertex 393.3862761792962 126.54478865044176 7.3479470710944685
    vertex 393.0003866514606 126.70462932644931 4.347947071094204
    vertex 393.38627617929683 126.54478865044184 4.347947071094147
  endloop
endfacet
facet normal -0.3826834323651748 -0.9238795325112517 -2.7644553313166398e-14
  outer loop
    vertex 393.0003866514606 126.70462932644931 4.347947071094204
    vertex 393.3862761792962 126.54478865044176 7.3479470710944685
    vertex 393.0003866514608 126.7046293264492 7.347947071094277
  endloop
endfacet
facet normal 0.6087614290087096 -0.7933533402912437 -2.3772650514786164e-14
  outer loop
    vertex 391.786276179297 126.54478865044177 7.347947071094886
    vertex 391.4549053293983 126.29051885428525 4.34794707109462
    vertex 391.7862761792965 126.54478865044187 4.347947071094169
  endloop
endfacet
facet normal 0.6087614290087096 -0.7933533402912437 -2.3772650514786164e-14
  outer loop
    vertex 391.4549053293983 126.29051885428525 4.34794707109462
    vertex 391.786276179297 126.54478865044177 7.347947071094886
    vertex 391.4549053293981 126.29051885428512 7.347947071094852
  endloop
endfacet
facet normal -0.9238795325112675 -0.3826834323651366 -1.1407541578023487e-14
  outer loop
    vertex 393.9719168253515 125.95914800438668 7.347947071094006
    vertex 394.13175750135895 125.57325847655079 4.347947071094395
    vertex 394.1317575013591 125.57325847655066 7.347947071094446
  endloop
endfacet
facet normal -0.9238795325112675 -0.3826834323651366 -1.1407541578023487e-14
  outer loop
    vertex 394.13175750135895 125.57325847655079 4.347947071094395
    vertex 393.9719168253515 125.95914800438668 7.347947071094006
    vertex 393.9719168253513 125.95914800438679 4.347947071094485
  endloop
endfacet
facet normal 0.9914448613738169 0.13052619222000286 3.2612801348363973e-15
  outer loop
    vertex 391.04079485723366 124.74503753222272 4.347947071094046
    vertex 390.98627617929657 125.15914800438665 7.347947071094694
    vertex 391.04079485723435 124.7450375322226 7.347947071094266
  endloop
endfacet
facet normal 0.9914448613738169 0.13052619222000286 3.2612801348363973e-15
  outer loop
    vertex 390.98627617929657 125.15914800438665 7.347947071094694
    vertex 391.04079485723366 124.74503753222272 4.347947071094046
    vertex 390.9862761792962 125.15914800438676 4.347947071093967
  endloop
endfacet
facet normal 0.38268343236517427 -0.9238795325112519 -2.7658431100974212e-14
  outer loop
    vertex 392.1721657071327 126.70462932644931 4.347947071094238
    vertex 391.786276179297 126.54478865044177 7.347947071094886
    vertex 391.7862761792965 126.54478865044187 4.347947071094169
  endloop
endfacet
facet normal 0.38268343236517427 -0.9238795325112519 -2.7658431100974212e-14
  outer loop
    vertex 391.786276179297 126.54478865044177 7.347947071094886
    vertex 392.1721657071327 126.70462932644931 4.347947071094238
    vertex 392.1721657071323 126.70462932644922 7.347947071094085
  endloop
endfacet
facet normal 0.1305261922200029 0.9914448613738169 2.99257146840759e-14
  outer loop
    vertex 392.17216570713265 123.61366668232426 4.3479470710942145
    vertex 392.5862761792965 123.55914800438667 7.347947071094209
    vertex 392.58627617929693 123.55914800438678 4.347947071094147
  endloop
endfacet
facet normal 0.1305261922200029 0.9914448613738169 2.99257146840759e-14
  outer loop
    vertex 392.5862761792965 123.55914800438667 7.347947071094209
    vertex 392.17216570713265 123.61366668232426 4.3479470710942145
    vertex 392.1721657071323 123.61366668232417 7.347947071094063
  endloop
endfacet
facet normal 0.3826834323651748 0.9238795325112517 2.7644553313166398e-14
  outer loop
    vertex 391.7862761792969 123.77350735833161 7.347947071094852
    vertex 392.17216570713265 123.61366668232426 4.3479470710942145
    vertex 391.78627617929646 123.7735073583317 4.347947071094147
  endloop
endfacet
facet normal 0.3826834323651748 0.9238795325112517 2.7644553313166398e-14
  outer loop
    vertex 392.17216570713265 123.61366668232426 4.3479470710942145
    vertex 391.7862761792969 123.77350735833161 7.347947071094852
    vertex 392.1721657071323 123.61366668232417 7.347947071094063
  endloop
endfacet
facet normal -0.1305261922200029 -0.9914448613738169 -2.99257146840759e-14
  outer loop
    vertex 393.0003866514606 126.70462932644931 4.347947071094204
    vertex 392.5862761792965 126.75914800438667 7.347947071094209
    vertex 392.586276179297 126.75914800438679 4.347947071094159
  endloop
endfacet
facet normal -0.1305261922200029 -0.9914448613738169 -2.99257146840759e-14
  outer loop
    vertex 392.5862761792965 126.75914800438667 7.347947071094209
    vertex 393.0003866514606 126.70462932644931 4.347947071094204
    vertex 393.0003866514608 126.7046293264492 7.347947071094277
  endloop
endfacet
facet normal -0.9659193933575116 -0.25884305193660645 1.8321455463876646e-13
  outer loop
    vertex 432.56495354746096 87.76342561167222 11.347948755368364
    vertex 432.6055571851557 87.6119058362818 8.14794858847533
    vertex 432.605557185157 87.6119058362817 11.347948755368161
  endloop
endfacet
facet normal -0.9659193933575116 -0.25884305193660645 1.8321455463876646e-13
  outer loop
    vertex 432.6055571851557 87.6119058362818 8.14794858847533
    vertex 432.56495354746096 87.76342561167222 11.347948755368364
    vertex 432.5649535474607 87.76342561167233 8.147948588474689
  endloop
endfacet
facet normal 0.5735720109211148 -0.8191551429905745 -1.1077250228197497e-13
  outer loop
    vertex 410.9109923658204 63.262693189797304 6.347946999410156
    vertex 410.69682000253874 63.112729810891075 8.147947515590747
    vertex 410.69682000253874 63.11272981089113 6.347946994178125
  endloop
endfacet
facet normal 0.5735720109211148 -0.8191551429905745 -1.1077250228197497e-13
  outer loop
    vertex 410.69682000253874 63.112729810891075 8.147947515590747
    vertex 410.9109923658204 63.262693189797304 6.347946999410156
    vertex 410.91099236582096 63.26269318979723 8.147947515591053
  endloop
endfacet
facet normal -0.9914448613738152 -0.1305261922200168 -3.261280134836398e-15
  outer loop
    vertex 394.1317575013591 125.57325847655066 7.347947071094446
    vertex 394.18627617929644 125.15914800438678 4.347947071094238
    vertex 394.1862761792964 125.15914800438665 7.347947071094492
  endloop
endfacet
facet normal -0.9914448613738152 -0.1305261922200168 -3.261280134836398e-15
  outer loop
    vertex 394.18627617929644 125.15914800438678 4.347947071094238
    vertex 394.1317575013591 125.57325847655066 7.347947071094446
    vertex 394.13175750135895 125.57325847655079 4.347947071094395
  endloop
endfacet
facet normal -0.5735694966388499 -0.819151552180359 0.0029609265383239445
  outer loop
    vertex 432.7012755689444 86.62069489878178 8.14794858847506
    vertex 432.4871032056635 86.77065827768794 8.147948588474959
    vertex 432.5636718091793 86.71053864878189 6.3479471737353395
  endloop
endfacet
facet normal -0.9914448613738169 0.1305261922200028 3.4555691641457997e-15
  outer loop
    vertex 394.1862761792964 125.15914800438665 7.347947071094492
    vertex 394.13175750135895 124.74503753222272 4.347947071094395
    vertex 394.1317575013591 124.7450375322226 7.347947071094446
  endloop
endfacet
facet normal -0.9914448613738169 0.1305261922200028 3.4555691641457997e-15
  outer loop
    vertex 394.13175750135895 124.74503753222272 4.347947071094395
    vertex 394.1862761792964 125.15914800438665 7.347947071094492
    vertex 394.18627617929644 125.15914800438678 4.347947071094238
  endloop
endfacet
facet normal -0.3826834323651362 0.9238795325112675 2.737393645091401e-14
  outer loop
    vertex 393.0003866514606 123.61366668232426 4.347947071094181
    vertex 393.38627617929615 123.77350735833159 7.347947071094435
    vertex 393.3862761792968 123.77350735833168 4.347947071094113
  endloop
endfacet
facet normal -0.3826834323651362 0.9238795325112675 2.737393645091401e-14
  outer loop
    vertex 393.38627617929615 123.77350735833159 7.347947071094435
    vertex 393.0003866514606 123.61366668232426 4.347947071094181
    vertex 393.0003866514608 123.61366668232415 7.347947071094288
  endloop
endfacet
facet normal -0.6087614290087096 0.7933533402912437 2.3772650514786164e-14
  outer loop
    vertex 393.38627617929615 123.77350735833159 7.347947071094435
    vertex 393.7176470291946 124.02777715448829 4.347947071094125
    vertex 393.3862761792968 123.77350735833168 4.347947071094113
  endloop
endfacet
facet normal -0.6087614290087096 0.7933533402912437 2.3772650514786164e-14
  outer loop
    vertex 393.7176470291946 124.02777715448829 4.347947071094125
    vertex 393.38627617929615 123.77350735833159 7.347947071094435
    vertex 393.71764702919455 124.0277771544882 7.347947071094604
  endloop
endfacet
facet normal -0.6087614290087092 -0.7933533402912439 -2.3744894939170536e-14
  outer loop
    vertex 393.71764702919455 126.29051885428514 7.347947071094604
    vertex 393.38627617929683 126.54478865044184 4.347947071094147
    vertex 393.7176470291946 126.29051885428524 4.347947071094147
  endloop
endfacet
facet normal -0.6087614290087092 -0.7933533402912439 -2.3744894939170536e-14
  outer loop
    vertex 393.38627617929683 126.54478865044184 4.347947071094147
    vertex 393.71764702919455 126.29051885428514 7.347947071094604
    vertex 393.3862761792962 126.54478865044176 7.3479470710944685
  endloop
endfacet
facet normal 0.9238795325112515 -0.3826834323651752 -1.1060596882828125e-14
  outer loop
    vertex 391.04079485723366 125.57325847655083 4.347947071094046
    vertex 391.2006355332413 125.95914800438665 7.347947071094649
    vertex 391.04079485723435 125.5732584765507 7.347947071094266
  endloop
endfacet
facet normal 0.9238795325112515 -0.3826834323651752 -1.1060596882828125e-14
  outer loop
    vertex 391.2006355332413 125.95914800438665 7.347947071094649
    vertex 391.04079485723366 125.57325847655083 4.347947071094046
    vertex 391.20063553324127 125.95914800438679 4.3479470710940795
  endloop
endfacet
facet normal -0.9238795325112515 0.3826834323651752 1.1060596882828125e-14
  outer loop
    vertex 394.1317575013591 124.7450375322226 7.347947071094446
    vertex 393.9719168253513 124.35914800438678 4.347947071094485
    vertex 393.9719168253515 124.35914800438667 7.347947071094006
  endloop
endfacet
facet normal -0.9238795325112515 0.3826834323651752 1.1060596882828125e-14
  outer loop
    vertex 393.9719168253513 124.35914800438678 4.347947071094485
    vertex 394.1317575013591 124.7450375322226 7.347947071094446
    vertex 394.13175750135895 124.74503753222272 4.347947071094395
  endloop
endfacet
facet normal 0.1305261922200021 -0.9914448613738169 -2.9889285491080386e-14
  outer loop
    vertex 392.5862761792965 126.75914800438667 7.347947071094209
    vertex 392.1721657071327 126.70462932644931 4.347947071094238
    vertex 392.586276179297 126.75914800438679 4.347947071094159
  endloop
endfacet
facet normal 0.1305261922200021 -0.9914448613738169 -2.9889285491080386e-14
  outer loop
    vertex 392.1721657071327 126.70462932644931 4.347947071094238
    vertex 392.5862761792965 126.75914800438667 7.347947071094209
    vertex 392.1721657071323 126.70462932644922 7.347947071094085
  endloop
endfacet
endsolid oleander_2
